# Blender 4.3.2
# www.blender.org
o vlkjbj1_LOD0_TIER1_000
v 0.737431 1.278198 1.453064
v 0.778297 1.307514 1.409973
v 0.702114 1.322472 1.436279
v -1.650497 -0.454124 1.137939
v -1.620621 -0.351467 1.236328
v -1.683020 -0.315380 1.140564
v -1.370424 1.211040 0.205261
v -1.301081 1.306149 0.270447
v -1.287571 1.310516 0.152038
v -1.804445 -0.719925 -0.465210
v -1.720776 -0.801106 -0.691711
v -1.713139 -0.892540 -0.593872
v 0.999987 1.304214 -0.743530
v 0.979254 1.284515 -0.888123
v 0.897278 1.362473 -0.781250
v 0.693766 1.449856 -0.898560
v 0.820805 1.377331 -0.904968
v 0.675787 1.426632 -1.011414
v 0.057224 1.527614 -1.157044
v -0.000616 1.566723 -1.090759
v 0.056253 1.584171 -1.031983
v 1.558710 -0.741764 -1.052307
v 1.569851 -0.646248 -1.098022
v 1.579483 -0.756252 -1.024414
v -1.033564 0.544758 -1.604919
v -1.119658 0.696358 -1.479736
v -0.974377 0.719334 -1.562683
v 1.178169 -0.080124 -1.565186
v 1.060137 -0.048386 -1.628174
v 1.187302 -0.024014 -1.550110
v -0.465523 1.363785 1.447266
v -0.559933 1.378784 1.407349
v -0.526190 1.322674 1.452148
v -0.455807 -0.720383 1.671509
v -0.588331 -0.792824 1.639893
v -0.451834 -0.861240 1.617249
v -0.671679 0.211552 -1.781799
v -0.522179 0.243397 -1.806030
v -0.556122 0.144501 -1.806763
v -1.098358 -1.323219 -0.942078
v -1.054951 -1.300350 -1.008606
v -0.968460 -1.419018 -0.914429
v 1.731560 -0.320026 0.768433
v 1.687233 -0.413235 0.889038
v 1.731236 -0.437084 0.736694
v -0.251377 1.714752 1.110596
v -0.304409 1.713844 1.018066
v -0.305763 1.705090 1.106933
v 1.204231 1.242161 1.058105
v 1.199036 1.194916 1.130615
v 1.227007 1.177788 1.075256
v 0.752316 -1.329121 1.253601
v 0.682253 -1.306148 1.294434
v 0.582602 -1.388241 1.232239
v 1.503727 -1.213947 0.684570
v 1.451090 -1.194206 0.829895
v 1.362186 -1.338963 0.763123
v -1.147482 1.350872 1.264038
v -1.145956 1.371483 1.214599
v -1.197945 1.401508 1.204834
v -0.097614 1.756527 0.990784
v -0.226841 1.724606 0.987366
v -0.201029 1.707432 0.996643
v -1.535898 -1.265369 0.278748
v -1.431944 -1.405666 0.084534
v -1.428335 -1.377480 0.250916
v 0.797483 -1.580006 0.861145
v 0.917076 -1.500294 0.920532
v 0.785915 -1.514408 0.990845
v -1.078358 -0.694321 1.555176
v -1.130999 -0.661873 1.533142
v -1.101027 -0.832054 1.470825
v -1.441355 -0.182072 1.478821
v -1.484030 -0.201240 1.439514
v -1.479895 -0.226765 1.452454
v -1.035439 1.633431 1.125427
v -1.111626 1.568508 1.145935
v -1.056898 1.557358 1.147766
v -1.371254 1.242298 0.679809
v -1.438017 1.137833 0.673279
v -1.354197 1.259808 0.801697
v -0.157036 1.319508 1.481567
v -0.106037 1.271034 1.507263
v -0.061701 1.322617 1.455200
v -0.350626 1.684872 1.128296
v -0.374489 1.701687 1.140930
v -0.335623 1.618763 1.137573
v -1.658125 -0.895035 -0.747864
v -1.834145 -0.764565 -0.143799
v -1.758245 -0.946938 -0.204468
v -1.748491 -0.987911 -0.072021
v -1.680185 0.599316 0.588501
v -1.684240 0.608536 0.410217
v -1.747063 0.412659 0.452820
v -1.475063 0.621075 -1.010803
v -1.418501 0.583042 -1.155823
v -1.519222 0.516483 -1.012451
v 1.820421 -0.603550 -0.450622
v 1.785250 -0.710388 -0.559387
v 1.803976 -0.607899 -0.599426
v 1.011414 1.159923 -1.413818
v 1.083385 1.082024 -1.428101
v 0.985125 1.109455 -1.428040
v -0.975248 -1.305481 -1.072815
v -0.909836 -1.343861 -1.062988
v -0.934408 -1.382713 -0.991455
v 0.686255 0.455852 -1.727600
v 0.891666 0.477371 -1.669739
v 0.745073 0.365250 -1.726501
v 1.692553 0.422024 -0.610779
v 1.684540 0.533566 -0.351135
v 1.741722 0.375751 -0.432068
v 1.583183 -0.102459 1.139404
v 1.642126 -0.213135 1.025757
v 1.637453 -0.051456 1.020569
v -0.183374 1.013382 1.715515
v -0.313358 0.939152 1.715820
v -0.246044 0.867802 1.738586
v 0.605024 -1.333523 1.283692
v 0.635725 -1.195942 1.394898
v -1.823511 -0.062405 0.642944
v -1.835445 -0.090904 0.531372
v -1.820473 -0.180031 0.708618
v -0.529449 1.044487 1.657287
v -0.611586 1.088032 1.621399
v -0.552095 0.949505 1.667602
v 0.467756 -1.233078 -1.317016
v 0.610065 -1.054127 -1.437195
v 0.617750 -1.177689 -1.345459
v -0.196657 -1.018166 -1.497436
v -0.525307 -1.065601 -1.441345
v -0.438534 -0.943440 -1.534790
v 1.188971 -0.467186 -1.462341
v 1.258497 -0.412819 -1.447510
v 1.259296 -0.440830 -1.417725
v -0.241604 1.506981 1.386352
v -0.322954 1.482411 1.388061
v -0.273823 1.465012 1.358826
v -0.110266 1.365017 1.464355
v -0.051559 1.352421 1.436584
v -0.051044 1.402031 1.385864
v -1.112347 -0.516277 -1.520447
v -1.146818 -0.326485 -1.542053
v -1.007441 -0.356770 -1.622437
v -0.711800 1.442524 1.381103
v -0.653130 1.383007 1.439514
v -0.643797 1.394547 1.364258
v 1.464733 0.847145 -0.622681
v 1.563091 0.720219 -0.524719
v 1.526588 0.680443 -0.774780
v -0.459383 1.610962 1.312500
v -0.480844 1.663609 1.281189
v -0.571800 1.613396 1.283325
v 0.456074 1.718334 0.854492
v 0.377110 1.744946 0.814087
v 0.361383 1.758495 1.004883
v 1.652510 0.321068 0.851868
v 1.642460 0.189797 0.950439
v 1.685272 0.188431 0.806091
v -0.162613 0.917687 1.731323
v -1.450495 -1.084541 1.019714
v -1.559862 -1.033127 0.876648
v -1.433430 -1.136421 0.984070
v -1.657509 -0.850544 0.862305
v -1.692841 -0.874775 0.745056
v -1.658373 -0.942848 0.762573
v 1.023317 1.472538 0.827637
v 1.078911 1.425480 0.886474
v 1.148518 1.387852 0.740356
v -1.077497 1.372322 1.366699
v -1.120041 1.332955 1.362732
v -1.057211 1.296558 1.409485
v -1.227068 1.061882 1.466675
v -1.281778 1.094113 1.380737
v -1.301584 1.051746 1.381409
v 0.186796 -1.636776 -0.754578
v 0.120378 -1.529453 -0.960876
v 0.258505 -1.603974 -0.827392
v 1.127279 -1.208973 -1.070679
v 1.027937 -1.259712 -1.096191
v 1.142405 -1.166569 -1.114746
v -1.292923 0.324959 1.574707
v -1.232670 0.404678 1.619629
v -1.416279 0.432293 1.498840
v 0.790934 -1.319748 -1.174499
v 0.899281 -1.091812 -1.325989
v 0.887033 -1.242020 -1.205749
v -0.413004 1.148262 1.475220
v -0.529774 1.219265 1.464355
v -0.473892 1.112270 1.479492
v -0.860590 0.182999 1.771851
v -0.959293 0.314560 1.743347
v -1.047499 0.270237 1.728455
v -1.259373 -1.533951 -0.133301
v -1.219376 -1.601219 -0.042724
v -1.320602 -1.494633 -0.142456
v -1.144203 -1.579281 0.311218
v -1.087690 -1.599110 0.310120
v -1.083954 -1.601513 0.419006
v 1.776711 0.050003 -0.761719
v 1.793049 0.096138 -0.645813
v 1.804491 -0.039230 -0.711975
v -1.094601 -1.639744 -0.069031
v -1.016500 -1.653503 -0.043335
v -1.015091 -1.643425 0.005798
v -0.946796 1.208919 -1.228211
v -1.055874 1.153389 -1.194031
v -1.043713 1.198868 -1.152954
v 1.150648 -1.225224 -1.060669
v 1.190413 -1.229244 -1.029785
v 1.097454 -1.305473 -1.021484
v 1.289772 -1.187428 -0.988708
v 1.397854 -1.159294 -0.916809
v 1.400721 -1.190243 -0.898743
v 0.912714 1.131817 -1.415833
v 0.963091 1.093090 -1.443909
v 0.900843 1.079403 -1.465637
v -1.110376 -1.512726 0.616821
v -1.092964 -1.512821 0.670715
v -1.133989 -1.488388 0.619568
v 0.975967 1.070892 -1.458984
v 0.867157 1.046852 -1.447327
v -0.536600 1.761261 1.021728
v -0.454473 1.809662 1.010559
v -0.606798 1.793438 1.032349
v 1.055813 0.990787 -1.431397
v 1.088871 1.047550 -1.438843
v 1.120337 0.992321 -1.395264
v -0.487503 1.604691 1.196472
v -0.497044 1.545509 1.190552
v -0.470953 1.574570 1.173889
v -0.863907 1.728981 0.986145
v -0.977972 1.657356 0.920776
v -0.940351 1.707726 1.081787
v 0.952608 -1.374744 1.105225
v 1.059290 -1.307365 1.107056
v 1.009350 -1.279369 1.165527
v 1.317131 -1.297550 0.855652
v 1.341825 -1.265480 0.884033
v 1.253002 -1.359154 0.867859
v -1.255995 1.379887 1.147217
v -1.272343 1.328068 1.198486
v -1.232040 1.431667 1.198669
v -0.932856 -1.687088 0.405335
v -0.796326 -1.754448 0.231201
v -0.770651 -1.761993 0.429810
v 0.450699 1.646172 1.241150
v 0.416168 1.668205 1.133362
v 0.376635 1.613228 1.195923
v 1.306307 -1.356663 0.709961
v 1.404835 -1.323185 0.703369
v 1.290131 -1.410366 0.772461
v -0.974482 -0.724670 1.593201
v -0.890839 -0.802112 1.587891
v -0.968346 -0.598316 1.643066
v -0.814875 1.692795 1.080444
v -0.837183 1.569786 1.081726
v -0.788805 1.569348 1.073791
v -1.362053 0.814331 1.428467
v -1.378141 0.869747 1.373535
v -1.390839 0.803909 1.394592
v -0.987892 1.413498 1.174316
v -1.012094 1.369805 1.220215
v -0.965460 1.408321 1.229248
v -1.046589 1.446022 1.164062
v -1.124035 1.424175 1.177917
v 1.604759 0.698067 0.631592
v 1.538813 0.795166 0.797974
v 1.594454 0.650219 0.761169
v -1.073429 -1.613483 0.307373
v -1.161736 -1.606323 0.243836
v -1.084112 -1.653633 0.231079
v -1.064234 1.447262 1.222534
v -1.064287 1.470608 1.253662
v -0.229620 1.328091 1.460144
v -0.210863 1.353710 1.405273
v -0.328133 1.340313 1.389282
v -0.125519 1.707851 -0.523682
v -0.303457 1.708878 -0.430298
v -0.175047 1.721294 -0.388489
v 1.736622 0.102474 -0.849304
v 1.156065 -0.973301 1.307007
v 1.134216 -1.007313 1.273377
v 1.166464 -0.994217 1.268799
v 0.883526 1.232525 -1.375061
v 0.791718 1.288914 -1.349487
v 0.894619 1.270138 -1.360657
v 1.097851 -1.570648 0.369812
v 0.994230 -1.627968 0.411621
v 1.103842 -1.590786 0.333008
v 1.306355 -0.799751 -1.265808
v 1.199764 -0.816490 -1.330200
v 1.328632 -0.759056 -1.293884
v 1.315916 -0.964260 1.176026
v 1.282398 -0.932934 1.222656
v 1.225090 -0.996597 1.186401
v 0.433542 -1.112228 1.471130
v 0.400753 -1.262512 1.365173
v -1.689144 -0.035912 -0.945862
v -1.673954 -0.046421 -0.976257
v -1.706587 -0.152153 -0.926270
v -1.070232 1.222595 1.475159
v -1.092367 1.218895 1.453003
v -1.181490 1.258213 1.453064
v -1.090532 1.139668 1.459961
v -1.165503 1.179592 1.478210
v -1.209831 1.184128 1.418335
v -1.090469 1.501923 1.159790
v -1.140057 1.489025 1.185303
v -1.082233 1.516510 1.227173
v 1.846458 -0.286552 0.129028
v 1.841755 -0.388931 0.133911
v 1.847994 -0.292233 0.056274
v -1.471220 0.028126 1.490173
v -1.435589 0.125015 1.506958
v -1.515039 0.098419 1.426514
v -1.294052 -1.019604 1.266663
v -1.343109 -1.029499 1.227966
v -1.332624 -1.077042 1.161499
v -1.342764 0.337738 1.535095
v -1.183662 1.499294 1.192749
v -1.207964 1.458172 1.126892
v -1.235947 1.514107 1.195801
v -1.806522 -0.559410 0.629334
v -1.827938 -0.625076 0.418945
v -1.794437 -0.663986 0.592041
v -1.177324 -0.233189 1.653381
v -1.317833 -0.253033 1.562439
v -1.105663 -0.349701 1.658630
v -1.082785 1.119824 1.509460
v -1.336552 -1.312717 -0.709839
v -1.321898 -1.325558 -0.695129
v -1.375753 -1.278763 -0.671387
v 0.099535 1.277050 1.424194
v 0.031239 1.318901 1.435486
v 0.110142 1.336453 1.439880
v -1.083454 -1.550282 -0.504700
v -1.144491 -1.486938 -0.560669
v -1.120859 -1.482327 -0.567261
v 0.093269 1.447109 -1.273743
v 0.122002 1.410000 -1.320130
v 0.117599 1.375912 -1.347962
v 0.051105 1.474476 -1.273926
v -0.962303 1.479443 1.352478
v -0.933958 1.454170 1.371094
v -0.853174 1.462891 1.386291
v 0.836819 1.624512 1.064209
v 0.889721 1.600929 1.037292
v 0.772369 1.662682 1.029236
v 1.186954 -1.603607 -0.110657
v 1.120770 -1.622025 -0.109497
v 1.149403 -1.640041 -0.198547
v -1.732550 -0.901474 0.566773
v -1.725414 -0.968330 0.439758
v -1.671377 -1.005146 0.632263
v 1.168575 -1.614204 -0.071289
v 1.127537 -1.653156 -0.047058
v -1.295858 -1.001545 -1.159241
v -1.292225 -0.938591 -1.182678
v -1.177900 -0.925221 -1.282776
v -1.079493 -1.597656 -0.343201
v -1.128605 -1.537327 -0.361389
v -1.089972 -1.584393 -0.400452
v -0.457903 1.214336 -1.466065
v -0.321039 1.313091 -1.393494
v -0.296356 1.236687 -1.467407
v -1.460831 0.748673 1.249329
v -1.464458 0.795818 1.210876
v -1.519133 0.749432 1.090759
v -0.709705 -1.529262 1.053589
v -0.856792 -1.516090 0.997559
v -0.815834 -1.597023 0.900635
v -0.073591 1.484200 1.340149
v -0.046700 1.501000 1.333862
v -0.083771 1.544495 1.265076
v -1.678072 0.564831 -0.191162
v -1.577534 0.836712 -0.037598
v -1.610937 0.721424 -0.224121
v -0.490044 1.589352 1.282349
v -1.764814 0.237690 0.755554
v -1.745947 0.313404 0.756226
v -1.758926 0.334187 0.614136
v 1.067520 -1.343571 -0.981811
v 1.224089 -1.304878 -0.944397
v 1.108973 -1.343674 -0.923889
v -0.476093 0.991192 -1.609192
v -0.480766 1.098095 -1.549805
v -0.295200 0.987289 -1.634033
v 1.298523 -1.530190 0.210693
v 1.338867 -1.495155 0.140198
v 1.394661 -1.452171 0.255432
v -1.298927 1.023678 1.296326
v -1.264769 0.999195 1.323059
v -1.316309 1.038128 1.339294
v 0.075056 -0.447224 1.749084
v -0.031895 -0.451755 1.747742
v -0.007452 -0.559143 1.724487
v -0.128519 1.546581 -1.091919
v -0.204979 1.524402 -1.146973
v -0.098145 1.575848 -1.039734
v -0.758537 1.047363 1.584167
v -0.852947 1.051361 1.552307
v -0.873524 1.008938 1.557190
v -0.137239 -0.727009 1.673706
v -0.118383 -0.832397 1.631165
v 0.137333 -0.798363 1.642029
v -1.019054 1.361046 1.174621
v -1.050615 1.377831 1.180237
v 1.282522 -0.217670 1.477661
v 1.337370 -0.239258 1.459351
v 1.382763 -0.182964 1.424255
v -0.002069 1.696316 1.105713
v -0.027954 1.704250 1.066040
v -0.038002 1.737961 1.099670
v -1.727385 -0.087810 1.079834
v -1.706331 -0.192139 1.119812
v -1.637852 -0.085812 1.259216
v -0.769489 1.619434 1.131958
v -0.776388 1.618977 1.071472
v 1.351080 -0.784447 -1.209839
v 1.366693 -0.901238 -1.195129
v 1.250355 -0.918324 -1.257141
v -1.228262 0.924663 -1.142517
v -1.205738 0.933678 -1.190918
v -1.211948 0.821495 -1.273255
v -0.705046 1.243576 1.566406
v -0.611149 1.200691 1.586304
v -0.673882 1.265297 1.523804
v 0.715874 1.684048 1.039062
v 0.670576 1.664387 1.048096
v 0.762573 1.640549 1.069214
v 1.654684 -0.570049 -1.010803
v 1.455391 -0.322407 1.340088
v 1.463306 -0.365925 1.332825
v 1.473957 -0.347904 1.284729
v 1.268370 -0.584297 1.387573
v 1.378828 -0.518432 1.390808
v 1.306459 -0.509506 1.415833
v 1.379295 -0.405548 1.391724
v 1.348068 -0.447624 1.412109
v -1.433216 1.058148 1.106079
v -1.415674 1.026775 1.076660
v -1.443726 1.013649 1.189636
v -1.311729 -0.166599 1.580383
v -1.388607 -0.126114 1.534241
v -1.404959 -0.166832 1.523987
v -1.431208 1.065891 1.235046
v -1.387606 1.092888 1.298889
v -1.332775 1.117806 1.311035
v -1.566832 -0.003036 1.338745
v -1.568840 0.071865 1.339478
v -1.620371 -0.029957 1.278015
v 1.390255 -0.069240 1.491150
v 1.354832 -0.082344 1.481995
v 1.388241 -0.132084 1.446594
v -1.395611 0.744587 1.414490
v -1.404823 0.651173 1.387024
v -1.404068 0.635430 1.447632
v -0.744654 1.751595 1.125488
v -0.666721 1.716278 1.079712
v -0.715389 1.685959 1.125366
v -1.223442 -0.608147 -1.413940
v -1.197529 -0.547341 -1.441406
v -1.115068 -0.576565 -1.496765
v -0.494831 1.707302 1.117370
v -0.431408 1.740894 1.117065
v -0.502388 1.726124 1.095825
v -0.460726 1.614891 1.103332
v -0.684078 1.694618 1.167358
v -0.649900 1.583058 1.203186
v -0.640394 1.655804 1.279175
v -1.365717 -0.979607 -1.135315
v -1.297424 -1.055905 -1.089966
v -1.223234 -1.572140 -0.175720
v -1.257345 -1.559853 -0.252930
v -1.192596 -1.605087 -0.199829
v -0.417587 1.512497 1.196716
v -0.007017 1.468166 1.292541
v 0.007402 1.515747 1.276489
v -0.019661 1.504173 1.288330
v 0.566628 1.711640 0.986999
v 0.547556 1.747032 0.954895
v 0.499784 1.716240 0.913391
v -1.098879 -1.613060 0.117615
v -1.063398 -1.635498 0.198364
v 0.959658 1.500084 0.480347
v 0.852419 1.537643 0.393249
v 0.778948 1.586647 0.528137
v 0.566916 1.272896 -1.353882
v 0.564104 1.294227 -1.392517
v 0.532021 1.342461 -1.296936
v 0.626493 1.323696 -1.326050
v 0.607285 1.312027 -1.311707
v 1.109409 -1.523819 0.661926
v 0.850809 -1.607529 0.752258
v 1.039040 -1.552574 0.667664
v 1.420790 0.127888 -1.428528
v 1.388487 0.198223 -1.441528
v 1.401154 0.242298 -1.447205
v 1.301456 0.216850 -1.499207
v 1.306078 0.279861 -1.506287
v 1.321072 0.262054 -1.466003
v 1.200089 -1.020416 -1.190857
v 1.068066 -1.022312 -1.288696
v 1.199467 -1.003960 -1.197876
v 1.844501 -0.031769 -0.324463
v 1.855404 -0.150154 -0.251648
v 1.854395 -0.175728 -0.409546
v 1.200701 -1.493572 0.647766
v 1.277452 -1.409454 0.692810
v 1.242489 -1.443729 0.710571
v 1.187046 0.852871 1.381897
v 1.250338 0.768578 1.353149
v 1.233202 0.887970 1.312988
v -1.267828 1.415817 1.119079
v -1.285387 1.439816 1.102173
v -1.243694 1.423462 1.074524
v 0.575836 1.581471 1.212219
v 0.622572 1.600781 1.136658
v 0.592762 1.554440 1.135315
v -1.487026 -0.709717 1.209412
v -1.529554 -0.513912 1.266846
v -1.573029 -0.570320 1.184692
v -1.143185 1.272812 1.349365
v -1.100321 1.240204 1.402161
v -1.207121 1.217922 1.484985
v -1.268650 1.156273 1.405456
v -1.268795 1.263542 1.251892
v -1.219595 1.275967 1.218445
v -1.266512 1.292179 1.299621
v 0.120934 -1.830833 0.011353
v 0.006954 -1.840694 0.141297
v -0.155437 -1.842979 0.183228
v -1.710772 0.301784 -0.614624
v -1.676249 0.338066 -0.728149
v -1.756117 0.112991 -0.620117
v 0.012699 1.026195 -1.634766
v -0.117050 1.096092 -1.595459
v 0.041916 1.135410 -1.580383
v -0.142179 1.240395 1.629028
v -0.117208 1.162651 1.686279
v -0.120525 1.258259 1.607971
v 1.098873 -1.221882 1.135620
v 1.187363 -1.202251 1.073303
v 1.142086 -1.180542 1.159668
v -0.867867 0.057400 1.773010
v -1.050131 0.145302 1.740479
v -0.935579 -0.026008 1.762451
v -0.762835 1.584477 1.340637
v -0.807217 1.605126 1.303833
v -0.761343 1.513184 1.374634
v -1.421797 -1.054691 1.082764
v -1.417953 -1.015823 1.139588
v 0.068048 1.614193 1.155762
v 0.083529 1.667503 1.197327
v 0.067438 1.666546 1.137634
v 1.158281 -1.586346 -0.366150
v 1.112772 -1.591053 -0.444946
v 1.224014 -1.564186 -0.317505
v -0.402519 1.540115 1.398559
v -0.458345 1.539562 1.389404
v -0.438276 1.565964 1.405212
v 0.519779 1.093350 1.628052
v 0.454878 1.170647 1.614014
v 0.461674 1.058262 1.652099
v -1.236284 0.985893 -1.111572
v -1.189741 0.972225 -1.201355
v 0.524927 1.592625 1.335754
v 0.493204 1.577217 1.314697
v 0.542030 1.557350 1.287720
v 1.466751 0.470844 -1.199524
v 1.421431 0.352425 -1.341125
v 1.415005 0.421104 -1.324402
v -1.045082 0.762569 -1.472046
v -1.217239 0.720268 -1.377258
v -1.707052 -0.634369 -0.840759
v -1.599888 -0.537933 -1.041992
v -1.648380 -0.670124 -0.939941
v 1.247587 -0.366096 1.519531
v 1.282278 -0.326794 1.495789
v 1.192867 -0.206798 1.559998
v 0.895077 1.117420 -1.454468
v 0.826704 1.103554 -1.448486
v 0.834265 1.122509 -1.471253
v 0.841894 1.174686 -1.451233
v -0.319345 1.816628 0.934082
v -0.331181 1.806248 0.780640
v -0.446236 1.809178 0.906250
v -1.804768 0.042095 0.733521
v -1.794289 -0.133015 0.853333
v -1.478971 0.851170 1.094665
v -1.452036 0.911762 1.119812
v -1.488752 0.915695 0.998840
v 0.809145 1.470612 1.192261
v 0.819834 1.494587 1.176330
v 0.786509 1.495083 1.150391
v -0.532417 -1.826225 0.200501
v -0.605001 -1.811687 0.128113
v -0.535418 -1.818890 0.067383
v -1.088106 -1.604137 0.532288
v -1.013775 -1.613323 0.494690
v -0.945862 -1.658325 0.568054
v -0.626694 1.518849 1.273498
v -0.682819 1.498100 1.295349
v -0.652382 1.428284 1.316528
v -1.573446 -0.403874 -1.106262
v -1.545258 -0.337521 -1.178284
v -1.554398 -0.384796 -1.154358
v -1.031666 -0.742226 -1.491150
v -0.965069 -0.723503 -1.527405
v -0.943766 -0.828697 -1.494873
v -1.150145 -1.447754 0.860108
v -1.119177 -1.415771 0.885132
v -1.150007 -1.404720 0.899170
v -1.382771 -0.706036 -1.279053
v -1.471231 -0.745632 -1.185852
v -1.370953 -0.653717 -1.285767
v -1.702225 -0.735031 0.850281
v -1.710436 -0.503506 0.990906
v -1.740866 -0.597477 0.850037
v -1.336981 -1.375515 -0.615234
v -1.279255 -1.419052 -0.568237
v -1.401102 -1.361366 -0.527405
v -0.561539 1.448448 1.306152
v -0.585323 1.509781 1.380188
v -0.600491 1.498901 1.319519
v -0.520721 1.479225 1.395691
v -0.481575 1.530884 1.354248
v -0.538950 1.526646 1.350525
v -0.522034 1.455181 1.387512
v 0.394567 1.574692 1.429870
v 0.357727 1.532795 1.463928
v 0.398598 1.503285 1.474853
v 1.316010 -0.152451 -1.458069
v 1.296751 -0.236324 -1.467407
v 1.261456 -0.206219 -1.478882
v -1.341024 0.317436 1.558472
v -1.376381 0.284981 1.520691
v -1.337711 0.235523 1.576660
v -1.382399 -1.190804 -0.863220
v -1.366161 -1.207447 -0.922058
v -1.307268 -1.246857 -0.893310
v 0.721699 1.658463 1.008179
v 0.717211 1.668759 0.958557
v 0.677803 1.673264 0.973694
v 0.780264 1.659077 0.960571
v 0.743467 1.683449 0.976135
v 0.827488 1.618515 0.972168
v -0.594219 -1.817200 0.345703
v -0.481787 -1.832104 0.432861
v -0.646158 -1.794144 0.484253
v -0.361938 -0.306484 1.772034
v -0.529434 -0.260773 1.776672
v -0.549356 -0.362488 1.760193
v -1.081375 0.584908 1.637756
v -1.202833 0.575745 1.584351
v -1.189150 0.515068 1.610413
v -0.682291 0.365845 1.771240
v -0.730211 0.443421 1.752136
v -0.801159 0.439926 1.746704
v -0.769621 1.289082 1.544189
v -0.710556 1.285614 1.470154
v -0.769468 1.306454 1.479675
v 1.819197 0.161392 -0.213928
v 1.828064 0.068661 -0.024170
v 1.842001 0.009346 -0.196045
v 1.296494 -0.599808 1.358032
v 1.371054 -0.584125 1.344177
v 0.540888 1.416717 -1.173462
v 0.468290 1.465195 -1.141480
v 0.471098 1.497593 -1.039795
v -0.952120 -1.685223 -0.041321
v 0.401857 0.659695 1.758179
v 0.254093 0.626572 1.776123
v 0.240700 0.563698 1.787659
v -0.136049 1.590938 -1.009155
v -0.240911 1.571945 -1.034058
v -0.222826 1.611229 -0.958435
v 0.449280 1.642643 1.266968
v 0.517683 1.654240 1.292114
v 0.495001 1.666905 1.236877
v 0.333658 1.712589 0.509582
v 0.253031 1.727253 0.496826
v 0.249472 1.747524 0.679199
v 1.448631 0.316410 -1.269592
v 1.424767 0.351383 -1.388489
v -1.479908 -0.203785 -1.266235
v -1.461376 -0.182636 -1.307373
v -1.426991 -0.238838 -1.309509
v 1.285976 -1.281395 -0.921814
v 1.336744 -1.251400 -0.911621
v 1.326612 -1.276100 -0.858398
v 1.775192 0.318539 -0.020691
v 1.737329 0.435162 0.096497
v 1.775009 0.297779 0.087524
v 0.176764 1.464523 1.438171
v 0.146938 1.436054 1.414368
v 0.136871 1.422680 1.447143
v -0.401802 1.608452 1.101990
v 0.795671 1.307720 -1.329834
v 0.802702 1.299354 -1.261475
v 0.320215 -1.301723 1.337586
v 0.201996 -1.397396 1.252625
v 0.225834 -1.446312 1.200012
v -1.292616 0.204613 1.611755
v -1.319027 0.221798 1.599731
v -1.336460 0.115963 1.571167
v -1.478195 -0.372414 1.431030
v -1.522476 -0.429237 1.350098
v 1.185991 -1.099384 -1.160583
v 1.316502 -1.128521 -1.055359
v 1.084730 -1.133106 -1.183472
v -0.604601 1.377289 -1.272278
v -0.557520 1.276836 -1.401123
v -0.658243 1.320057 -1.293030
v -0.018879 1.324737 -1.423645
v -0.070200 1.429817 -1.323914
v -0.041903 1.415279 -1.330628
v -0.181087 1.443627 1.380798
v -0.142954 1.477516 1.392578
v -0.127508 1.435852 1.336120
v -0.941956 -0.589810 -1.607849
v -0.901821 -0.693829 -1.572693
v -1.081964 -1.623432 0.363220
v -0.967405 -1.674946 0.372559
v -0.933661 -1.673565 0.428772
v 0.143358 1.418850 -1.285645
v 0.122826 1.433704 -1.256226
v 0.266048 1.453327 -1.272156
v 0.663506 1.220074 -1.357971
v 0.633778 1.239811 -1.403565
v 0.632547 1.260891 -1.346069
v 0.473181 1.551536 -0.852173
v 0.526945 1.554081 -0.712463
v 0.617056 1.511238 -0.747498
v -1.064699 1.352570 1.295654
v -1.002975 1.397526 1.272583
v -1.011703 1.351669 1.260132
v 1.095573 1.058029 -1.399597
v 0.168493 1.699776 -0.359253
v -0.018782 1.716152 -0.402039
v 0.143908 1.712666 -0.231995
v 1.183001 -1.338974 0.888245
v 1.179474 -1.311676 0.925781
v 1.142159 -1.368259 0.924255
v -0.594149 1.553070 -0.927368
v -0.813799 1.483509 -0.875305
v -0.650412 1.571918 -0.818848
v 1.272449 -0.906032 1.275208
v 1.566246 -1.254177 0.324890
v 1.529694 -1.319874 0.228638
v 1.636799 -1.158951 0.215637
v -0.245331 1.611050 1.196899
v -0.143753 1.612957 1.220337
v -0.161129 1.664009 1.138306
v 1.322803 -0.851574 1.259155
v 1.363583 -0.837444 1.237427
v -0.565664 -0.924499 1.580505
v -0.658230 -1.050724 1.504456
v -0.538641 -1.049396 1.515137
v -0.351360 -1.841076 0.274048
v -0.449602 -1.833511 0.344483
v 1.465021 -0.246941 1.367676
v 1.430376 -0.308651 1.416687
v 1.422476 -0.235252 1.438538
v 1.391212 -0.286800 1.435608
v -1.445734 0.024898 -1.292786
v -1.481709 0.135544 -1.239319
v -1.399872 0.046448 -1.347229
v -1.334711 -0.644539 1.338013
v -1.264959 -0.732170 1.356689
v -1.206383 -0.683254 1.471802
v -1.254654 -0.588879 1.443665
v -1.315840 -0.605305 1.374573
v 0.169535 1.678513 1.327148
v 0.219517 1.675957 1.283142
v 0.214636 1.698990 1.260193
v 1.024143 1.160824 -1.330872
v 1.082233 1.144245 -1.326538
v 1.023266 1.170013 -1.391907
v -1.195265 -0.927410 1.348206
v -1.197727 -0.826347 1.406006
v -1.268723 -0.904148 1.314392
v 1.167280 1.040768 -1.169983
v 1.215378 0.964508 -1.165405
v 1.207598 1.023353 -1.196289
v -1.379683 -0.770462 1.260803
v -1.429274 -0.720497 1.216003
v -1.490997 -0.752193 1.178345
v 0.345221 1.612927 1.186706
v 0.915348 1.491543 1.141479
v 0.880526 1.523983 1.192383
v 0.909397 1.398743 1.288147
v 0.919666 1.414337 1.248230
v 0.905905 1.438778 1.194702
v 0.740847 -1.264130 -1.243591
v 0.750372 -1.145706 -1.338806
v 0.430956 1.517342 1.457580
v 0.486937 1.407959 1.500854
v 0.500544 1.411591 1.468628
v -1.180620 1.162083 1.405884
v -1.159719 1.047878 1.454407
v -0.739208 1.383457 1.440124
v -0.719460 1.423138 1.438476
v -0.786308 1.432301 1.373230
v -1.652832 0.547295 -0.466675
v -1.597496 0.660446 -0.530701
v -1.669121 0.468285 -0.541504
v -1.116129 -0.134243 1.701904
v -1.218325 -0.176063 1.640686
v -1.429026 1.126419 0.184326
v -1.472635 1.067406 0.296753
v -1.417948 1.150002 0.293762
v -1.710592 -1.049297 -0.126404
v -1.703302 -1.055035 -0.226318
v -1.638618 -1.172298 -0.110718
v 1.412661 -1.110481 -0.893494
v 1.386089 -1.123604 -0.961365
v 1.481623 -1.077698 -0.886475
v -1.388029 1.246513 1.126099
v -1.370314 1.255268 1.073486
v -1.345421 1.227673 1.074036
v 1.092169 0.571796 -1.581848
v 1.037010 0.482395 -1.616455
v -1.617651 -1.049522 -0.643799
v -1.558262 -1.055149 -0.772522
v 1.636877 -0.161556 -1.129639
v 1.683357 0.090576 -1.009033
v 1.717388 -0.098110 -0.979797
v 1.025896 1.284508 1.226074
v 1.069599 1.279888 1.202698
v 1.065140 1.340599 1.154968
v 0.510553 1.398968 -1.225830
v 0.418547 1.446613 -1.175720
v -1.520470 0.594883 1.183350
v -1.538363 0.583092 1.173889
v -1.511406 0.579582 1.190063
v 0.551399 1.424534 -1.219483
v 0.981804 -1.635384 0.363648
v -1.090631 1.329552 1.247986
v -1.134747 1.305782 1.247864
v -0.345507 1.409260 1.393127
v -0.224884 1.279251 -1.444092
v -0.230219 1.314285 -1.371094
v -0.263597 1.390476 -1.316834
v -0.201723 1.314606 -1.417664
v 1.091845 0.764339 -1.529785
v 1.080589 0.684646 -1.547424
v 0.991863 0.764023 -1.558899
v -1.250853 1.453095 1.257568
v -1.289204 1.498692 1.170349
v -1.295361 1.466919 1.210998
v 0.820217 0.926086 -1.555603
v 0.875677 0.943901 -1.523071
v 0.949764 0.886978 -1.514649
v -0.230619 1.532295 1.274109
v -0.278366 1.514145 1.240295
v -0.278816 1.510307 1.302795
v -0.224617 1.558743 1.244202
v -0.798218 1.224666 -1.333557
v -0.781673 1.295795 -1.267456
v -0.765326 1.219074 -1.356995
v -1.409132 0.957657 -0.700684
v -1.481642 0.899216 -0.535889
v -1.337351 1.072449 -0.692444
v -0.544420 1.737560 1.064453
v -0.665472 1.730641 1.039307
v -1.536877 -0.783665 -1.030884
v -1.597630 -0.843567 -0.905762
v -0.685095 1.743000 1.159241
v -0.739830 1.751351 1.168030
v -1.521578 -0.797127 -1.016968
v 0.844879 1.590725 1.063537
v 0.938583 1.542275 1.099975
v 0.959547 1.529392 1.075989
v 0.852982 1.373810 1.311951
v 0.858862 1.456844 1.233276
v 0.829300 1.435417 1.218750
v 1.141296 -1.611282 -0.352295
v 1.116255 -1.602779 -0.305847
v 1.006855 -1.643002 -0.311523
v -1.703049 -0.232937 1.122314
v -0.887177 -1.695831 0.005127
v -0.842138 -1.730495 -0.036499
v -0.816488 -1.740955 0.011658
v -0.964851 1.463455 1.269897
v -0.798388 1.435574 1.225037
v -0.860090 1.399418 1.231933
v -0.663456 1.253815 1.489136
v -0.664944 1.276966 1.426636
v -0.643082 1.280434 1.493896
v -0.049129 1.025799 1.714661
v -0.051224 0.861950 1.744751
v -0.048569 1.572319 1.159119
v 0.000460 1.617458 1.095947
v -0.065176 1.594982 1.135742
v 1.152351 0.628902 -1.545532
v 1.142946 0.763157 -1.495056
v 1.208595 0.716808 -1.476746
v -1.423943 -1.139012 -0.924988
v -1.490614 -1.122738 -0.810364
v 0.780737 -0.438965 -1.683411
v 0.822010 -0.349739 -1.689514
v 0.929676 -0.487023 -1.624268
v -1.052797 1.621071 0.933899
v -1.043898 1.603512 0.875122
v -1.174688 1.491947 0.871643
v -1.328266 1.341099 1.185913
v -1.323610 1.322838 1.240784
v -1.283533 1.327538 1.156067
v -1.377026 -0.198677 1.540710
v 0.004128 1.353020 1.410522
v -0.008636 1.333489 1.456726
v -1.015360 1.604794 1.124023
v -1.147463 -1.632801 -0.000671
v -1.121618 -1.614742 -0.080627
v -0.826294 1.502667 1.218201
v -0.836113 1.539002 1.133240
v -0.856913 1.460827 1.194458
v 0.308058 -1.269253 -1.294861
v 0.391706 -1.183849 -1.366577
v 1.082163 1.356461 1.101990
v 1.085762 1.342034 1.052246
v 1.059565 1.390503 1.068481
v 0.256458 1.688923 1.272217
v 0.255552 1.759091 1.260254
v 0.238691 1.758553 1.196411
v 1.276873 1.102661 1.121704
v 1.212271 1.082947 1.244446
v 1.218103 1.027828 1.270752
v 1.203112 0.975132 1.275268
v 1.155254 -1.452599 0.728455
v -1.190701 -1.311207 0.992798
v -1.181507 -1.309894 0.947510
v -1.147875 -1.406757 0.922424
v -1.066544 -1.381687 1.028137
v -1.397190 0.666611 1.466736
v 1.399864 0.078190 -1.421936
v 1.466137 0.034157 -1.349182
v -0.044933 1.695042 1.138672
v -0.091265 1.674259 1.127441
v -0.063061 1.616654 1.118896
v -0.736031 1.160469 -1.426148
v -0.592861 1.221760 -1.430603
v -0.560192 1.169453 -1.486755
v -1.703817 -0.678883 -0.829956
v -1.676538 -0.789524 -0.804260
v -0.831514 -1.271378 -1.192749
v -0.705790 -1.274235 -1.228516
v -0.811579 -1.355484 -1.099670
v -1.142162 -1.622486 -0.194580
v -1.107016 -1.600891 -0.209045
v -1.091949 -1.604107 -0.145325
v -1.271765 -1.078686 -1.106628
v -1.399948 0.374824 -1.285522
v -1.381367 0.314999 -1.350342
v -1.449560 0.283829 -1.266541
v -1.458723 0.253349 -1.241455
v -1.407675 0.211918 -1.335632
v -1.443184 0.161755 -1.269653
v 1.269983 0.914364 -1.146179
v 1.230331 0.934097 -1.233399
v 0.834984 -0.904713 -1.474548
v 0.791456 -0.726421 -1.581604
v 0.941828 -0.652741 -1.564758
v -1.140652 0.343228 1.681641
v 1.092947 1.166679 -1.119324
v 1.097750 1.140770 -1.185547
v 1.116577 1.165275 -1.164246
v -1.506733 -1.328140 -0.217773
v -1.329775 -1.484833 -0.240845
v -1.352316 -1.479931 -0.132934
v -0.636850 1.622856 1.268738
v 0.018320 1.646580 1.093262
v 0.047403 1.692860 1.108765
v -0.240353 1.679733 1.065735
v -0.222147 1.675545 1.141907
v 0.600723 1.630814 1.127624
v 0.813662 1.573967 1.166016
v 0.654364 1.633579 1.115723
v 1.395113 0.385449 1.367737
v 1.348387 0.312859 1.408752
v 1.400890 0.327736 1.355347
v -1.244371 -0.335800 1.570618
v 1.311428 0.605080 -1.436462
v 1.279755 0.630630 -1.425415
v 1.255404 0.715347 -1.415527
v 1.403765 -0.705391 -1.280457
v 1.378019 -0.590927 -1.295471
v 1.453001 -0.606377 -1.253113
v -1.153494 -1.613010 -0.106445
v -0.983490 0.631504 1.658997
v -1.102749 0.678791 1.592102
v -1.247709 0.722916 1.522644
v -1.288303 0.770493 1.505371
v -1.307917 0.741802 1.485291
v -1.227848 1.160286 1.388489
v 1.300003 0.255844 1.444702
v 1.175175 0.254154 1.596313
v 1.295088 0.204121 1.473816
v -0.672831 1.363468 1.482300
v -0.909363 -1.661442 0.623291
v -0.982256 -1.626328 0.642822
v -0.983149 -1.651989 0.583679
v -1.235231 1.366726 1.232178
v 1.214622 0.314419 1.551147
v 1.232931 0.292824 1.512939
v 1.270967 0.301258 1.474304
v -0.949444 -1.651054 0.473572
v -0.855644 -1.703342 0.456970
v -1.241333 1.480557 1.117493
v -1.529964 -0.534302 -1.139282
v -1.504084 -0.491917 -1.175354
v -1.438208 -0.586990 -1.232361
v 0.105356 1.794190 0.992432
v 0.155300 1.775833 0.874634
v 0.080961 1.780472 0.820557
v 1.027552 -1.657982 -0.103943
v 0.887197 -1.691654 -0.062317
v 0.822432 -1.747845 -0.079101
v -1.824892 0.093143 0.062500
v -1.846025 -0.085621 -0.081177
v -1.852833 -0.109428 0.026245
v 0.574318 1.211521 -1.431152
v 0.544989 1.277161 -1.421570
v 1.452822 -0.944897 1.038757
v 1.436701 -0.897774 1.091736
v 1.416168 -0.900448 1.064942
v -1.603182 0.154862 1.261353
v -1.556974 0.128193 1.305298
v -1.522932 0.136330 1.392944
v -1.527699 0.136711 1.428589
v -0.796328 1.436207 -1.008972
v -0.862152 1.322555 -1.177429
v -0.888981 1.324585 -1.131043
v -1.286461 -1.111217 1.175903
v -1.185072 -1.121590 1.213257
v -1.242300 -1.110195 1.198486
v -0.977526 1.407940 -0.810669
v -0.910545 1.433224 -0.866699
v -0.920113 1.357017 -1.040588
v -0.006248 0.877941 1.787720
v -0.011442 0.906288 1.756164
v 1.536818 -1.217632 0.578491
v 1.497223 -1.314236 0.427246
v 0.031620 0.858643 1.754944
v -0.032240 0.848000 1.754883
v 0.060402 0.865811 1.747497
v 1.569950 -1.117386 0.668518
v 1.537699 -1.095074 0.772156
v -1.245302 -1.309403 -0.864685
v -1.331165 -1.257984 -0.839111
v 0.315681 1.334709 1.579468
v 0.294508 1.398811 1.552368
v 0.166882 1.345451 1.580444
v -1.260771 -1.050964 1.230713
v 1.322039 -0.953560 -1.192200
v 1.283421 -1.311073 0.909485
v 1.196545 -1.402321 0.863159
v -1.170515 -0.281410 -1.536194
v -1.198715 -0.183270 -1.532898
v -1.154516 -0.079270 -1.572998
v 1.177496 -1.433143 0.826355
v 1.185575 -1.404091 0.883606
v 1.097204 -1.442081 0.858582
v 0.306858 1.512264 1.425903
v 0.242968 1.481674 1.465027
v 0.320297 1.540268 1.478149
v 1.234718 -0.896942 -1.275085
v 1.140074 -0.880783 -1.317566
v 1.212362 -0.859070 -1.284851
v 0.700348 1.688187 0.910889
v 0.715935 1.677136 0.858276
v 0.787731 1.637043 0.932861
v 0.725714 1.635922 0.881103
v -0.352495 1.763546 0.398559
v -0.479242 1.754761 0.432007
v -0.330841 1.774990 0.531189
v 0.158041 1.618534 1.312866
v 0.123829 1.621105 1.363098
v 0.174223 1.641159 1.312317
v 0.677866 0.702911 -1.669067
v 0.827589 0.694427 -1.633545
v 0.663830 0.572666 -1.708069
v 0.671007 1.608253 0.399170
v -0.292957 -0.925038 -1.559814
v -1.420876 -0.416535 -1.289856
v -1.488789 -0.352654 -1.267029
v -1.402296 -0.348854 -1.332886
v 1.021414 0.831074 -1.518738
v 0.580667 1.502449 1.338013
v 0.581171 1.518803 1.287353
v -0.965204 1.309071 1.514709
v -0.917854 1.324780 1.427246
v -0.981840 1.273354 1.450806
v -1.108103 1.205734 1.427063
v -1.084183 1.249207 1.426269
v -1.507595 0.793709 1.083618
v 1.466997 0.284695 -1.316040
v -0.120440 -0.859715 -1.606384
v -0.032436 -1.053753 -1.479614
v -0.194099 -0.940708 -1.552429
v 0.160337 -1.826992 0.410217
v 0.207539 -1.837215 0.242005
v 0.334360 -1.814465 0.426941
v 1.060852 1.069607 -1.417175
v 0.345558 1.413803 -1.254395
v 0.395103 1.467998 -1.192383
v 0.359522 1.489273 -1.109497
v 0.406145 1.478119 -1.105652
v 0.402338 1.490150 -1.126465
v -1.174698 -0.794006 1.425964
v -1.110615 -0.832722 1.441895
v 1.476637 0.064892 -1.244385
v 1.490200 0.088119 -1.286743
v 1.523050 0.086361 -1.206604
v 0.084888 0.998657 1.720093
v 0.028633 1.078648 1.693909
v 0.010841 0.973026 1.746033
v -1.643171 0.482616 -0.656067
v -1.686890 0.351009 -0.651733
v 0.310785 1.686501 1.062622
v 0.317900 1.709484 1.123230
v 0.316196 1.690212 1.091675
v 1.014450 1.363674 1.149658
v 1.042753 1.369717 1.101135
v -0.095707 1.425202 1.435791
v -0.081425 1.431183 1.344849
v -0.099325 1.462132 1.382751
v -1.443878 -1.323997 0.483826
v -1.514206 -1.267399 0.391968
v 1.281380 -1.562744 0.007874
v 1.472719 -1.059464 -0.939941
v 0.627085 1.115765 1.589966
v 0.603731 1.260346 1.525879
v 0.566917 1.075131 1.628296
v -0.531168 1.475826 -1.102539
v -0.511059 1.467430 -1.159668
v -0.538776 1.437881 -1.140503
v 1.216667 0.174164 -1.540283
v 1.260782 0.158287 -1.542786
v 1.195732 0.156021 -1.558289
v -0.514765 1.516220 -1.038574
v -0.472658 1.498367 -1.023865
v -0.464304 1.487564 1.414551
v 0.894745 1.521740 1.112610
v 0.853611 1.556786 1.139709
v 1.374027 -0.745998 1.307556
v 1.363113 -0.795471 1.271423
v 1.430016 -0.738274 1.200439
v 1.829029 -0.558014 -0.029968
v 1.817625 -0.629124 -0.091309
v 1.838333 -0.503654 -0.120728
v -0.550766 1.665882 1.283752
v -0.381805 1.425434 1.437927
v -0.329500 1.512589 1.372497
v -1.799118 -0.840134 0.246399
v -1.772078 -0.923351 0.134155
v -1.767620 -0.905083 0.317383
v -1.358263 0.651325 -1.201233
v -1.372791 0.566639 -1.249084
v -1.443638 -1.280067 -0.597290
v -1.384718 -1.276646 -0.709045
v 1.718836 -0.529152 -0.911926
v 1.675728 -0.429226 -1.025269
v 1.765402 -0.367275 -0.866272
v -1.039597 1.493992 1.231750
v 1.213015 -1.584030 -0.106995
v 1.200117 -1.609783 -0.211304
v 1.190966 0.834934 -1.453735
v 1.225424 0.794414 -1.452088
v 1.182882 0.771953 -1.447327
v 1.425573 -0.722137 1.148560
v 1.415443 -0.782387 1.191650
v 1.440086 -0.717926 1.230713
v 1.148314 -0.619740 -1.463562
v 1.182032 -0.675655 -1.402283
v 1.201967 -0.713978 -1.389160
v 1.562387 -0.656406 1.062012
v 1.500443 -0.648800 1.176453
v 1.490784 -0.701626 1.156311
v -0.308222 1.789780 0.786133
v -0.287977 1.801300 0.823242
v -0.574953 1.537022 1.361328
v -0.508137 1.705773 1.242615
v -0.409056 1.463398 -1.199402
v -0.307087 1.523270 -1.105774
v -0.299723 1.528614 -1.157105
v -0.254202 1.190128 1.681885
v -0.184305 1.215393 1.684570
v -0.217306 1.253773 1.650696
v 0.963634 -1.665382 0.327149
v 0.865572 -1.702297 0.375488
v -1.777319 -0.050381 -0.673157
v -1.797812 -0.011845 -0.506348
v -0.635624 0.161816 1.791687
v -0.746658 0.076252 1.787476
v -0.702160 0.003830 1.789551
v 0.177404 1.756611 0.735412
v 0.246738 1.746643 0.707947
v 0.243061 1.770947 0.688415
v 0.687481 1.313877 -1.361878
v 0.683834 1.317119 -1.315918
v 0.706282 1.337913 -1.338257
v 0.118979 0.418236 1.797668
v 0.026224 0.378632 1.798706
v 0.041702 0.260258 1.805237
v -0.961964 -1.453766 1.005798
v -0.914841 -1.532848 0.910584
v -0.639105 1.776283 0.829224
v -0.750975 1.740276 0.802612
v -0.709230 1.772591 0.940124
v 0.301584 1.652264 1.273682
v 0.349258 1.698067 1.196960
v 0.353075 1.731182 1.196777
v 1.021500 1.239891 -1.142944
v 1.053314 1.218792 -1.183533
v 0.994030 1.218258 -1.159058
v 0.616859 1.369686 -1.205322
v 0.616297 1.367779 -1.238709
v 0.586739 1.402069 -1.246521
v 1.155525 0.405094 -1.556396
v 1.155598 0.481495 -1.554199
v 1.189306 0.396286 -1.567261
v -1.353889 -0.928387 1.231140
v -1.441023 -0.885605 1.157837
v 0.569536 1.439445 -1.178772
v -1.384090 -1.022602 1.225159
v 1.038967 -1.021114 1.372864
v 1.071289 -1.035736 1.325989
v 0.595470 1.429100 -1.087830
v 0.573128 1.432548 -1.109314
v 0.555557 1.484840 -1.006287
v 1.094454 -1.037231 1.272705
v 1.174032 -1.072033 1.215515
v 1.172625 0.549995 -1.548889
v 1.210157 0.516483 -1.519104
v -1.338255 1.188339 -0.209595
v -1.349049 1.203568 -0.063599
v -1.253796 1.285625 -0.213135
v -1.064983 -1.612732 -0.161316
v -1.058033 -1.625843 0.063172
v -0.693750 -1.370930 -1.121399
v -0.762243 -1.466183 -0.973633
v -1.299074 -0.504837 -1.365417
v -1.244310 -0.521107 -1.393250
v -1.281309 -0.604862 -1.379944
v 0.349548 1.346680 1.597839
v 0.312632 1.271916 1.621765
v 0.334646 1.222992 1.628418
v 0.260580 1.286919 1.637268
v 0.137783 1.265637 1.654175
v 0.239010 1.274418 1.655029
v 0.090731 0.897820 1.754028
v 0.126143 0.828030 1.748169
v 0.106394 0.926296 1.729614
v 1.222410 1.004440 -1.222107
v -0.482748 1.554138 1.286743
v -1.379906 0.751923 1.384338
v -1.413052 0.797238 1.326294
v -1.422485 0.744137 1.334351
v 1.487747 0.109688 -1.300659
v 1.201424 -1.551102 0.440796
v 1.367210 -1.413467 0.495606
v 1.264177 -1.458801 0.518921
v -0.793631 1.701870 0.817261
v -0.839052 1.727718 0.887939
v -0.783255 1.736004 0.861633
v 1.148848 1.361328 0.299194
v 1.055164 1.427624 0.307312
v 1.027245 1.460068 0.446472
v 1.057547 -1.469776 0.842957
v 1.049570 -1.449707 0.900879
v 0.927212 -1.518112 0.875855
v -1.486464 -0.685082 -1.155334
v -1.458942 -0.800911 -1.176697
v -1.490341 -0.790443 -1.113281
v -1.031424 -0.677303 -1.554321
v -1.071463 -1.401768 1.013794
v -0.394209 1.372814 1.447388
v -0.401760 1.334438 1.447388
v -0.339781 1.329685 1.416321
v -0.038994 1.570289 -1.022766
v -0.050388 1.605579 -0.992920
v -0.080315 1.592163 -1.026734
v 0.250803 1.770901 0.952026
v 0.267372 1.788418 0.995911
v 0.312149 1.787537 0.977783
v 0.081923 1.466087 -1.243897
v -0.775869 1.569626 -0.601074
v -0.800062 1.522556 -0.763611
v -0.942652 1.470119 -0.641785
v -0.687950 1.620193 -0.516235
v -0.793613 1.585854 -0.454590
v -0.778046 1.621101 -0.295105
v -1.285402 0.845047 -1.178528
v -0.883101 1.492466 1.148559
v -0.939981 1.431233 1.169739
v -0.935875 1.455242 1.210022
v -0.818317 1.442936 1.189392
v -0.903521 1.395764 1.210754
v 0.694775 1.518463 1.187805
v 0.769562 1.475971 1.180908
v 0.703718 1.555920 1.160217
v 0.948338 0.180332 1.727722
v 0.881409 0.366154 1.730652
v 0.882227 0.236168 1.745239
v 0.697628 1.398735 1.395691
v 0.713394 1.408619 1.360107
v 0.712559 1.443508 1.312012
v 1.345490 -1.471321 -0.255371
v 1.295425 -1.492355 -0.257690
v 1.311438 -0.429787 -1.407654
v 1.310667 -0.468533 -1.423645
v -0.397270 1.298317 1.462829
v -0.447931 1.299137 1.457580
v 1.283459 -1.521767 -0.372497
v 1.295006 -1.491020 -0.407104
v 1.407946 -1.422596 -0.309997
v 1.393349 0.350696 -1.433533
v 1.394094 0.303173 -1.422363
v 1.337999 0.334301 -1.464233
v 1.290609 -1.456852 -0.406311
v 1.375763 -1.423115 -0.424194
v 0.704552 -1.771790 -0.216980
v 0.699503 -1.757427 -0.330627
v 0.810421 -1.746933 -0.184021
v 0.634262 -1.788170 -0.142700
v 0.698486 -1.783619 -0.221802
v -1.276184 -1.481232 -0.474365
v -1.221767 -1.515869 -0.438843
v -1.280899 -1.496483 -0.422424
v -1.610220 0.780258 0.580383
v -1.602867 0.755760 0.756103
v -1.579639 0.847603 0.627014
v -0.119654 1.456196 -1.312561
v -0.077597 1.448978 -1.259705
v 1.432634 0.275383 1.323975
v 1.451982 0.354908 1.219910
v 1.456293 0.348625 1.285950
v 1.378719 0.237511 1.389404
v 1.427668 0.293236 1.338440
v -1.310310 0.342853 -1.405334
v -1.213015 0.388279 -1.483887
v -1.262253 0.330120 -1.438660
v 1.449286 0.369297 1.260315
v 1.193457 0.785996 1.425537
v 1.170298 0.728077 1.441895
v 1.091417 0.889137 1.441162
v 1.153591 0.888672 1.359924
v 0.134333 1.619576 1.017456
v 0.093449 1.716652 1.097290
v 0.153049 1.685921 1.095886
v 1.357460 -1.418957 -0.418823
v -1.454924 0.214252 -1.234070
v -1.186802 -0.399387 1.587280
v -1.122755 -0.492966 1.607422
v -0.218426 1.550087 -1.101502
v -0.257883 1.526249 -1.049805
v -0.284187 1.533142 -1.080322
v -0.285336 1.567818 -1.023987
v -0.246201 1.551205 -1.021912
v 0.691553 1.584320 1.079407
v 0.719223 1.590408 1.117676
v 0.725855 1.628037 1.088623
v 1.315880 0.505127 -1.433960
v 1.335699 0.425175 -1.433594
v 1.349096 0.388485 -1.476318
v -1.202927 0.719338 1.516296
v -1.229191 0.819176 1.493347
v 0.023884 -1.841801 0.261597
v 0.162430 -1.838345 0.293213
v 0.112095 -1.828369 0.420349
v -0.697767 1.725243 0.570801
v -0.809872 1.676735 0.432495
v -0.842323 1.683273 0.613953
v -0.564945 1.739079 0.364258
v -0.679098 1.711510 0.334839
v 1.377657 -0.968308 -1.130554
v 1.439039 -0.869347 -1.138428
v 1.486759 -0.883659 -1.067261
v -1.349680 -1.356209 0.674439
v -1.250425 -1.410061 0.756653
v -1.436460 -1.271282 0.725464
v -1.028028 1.227863 1.482666
v -0.999353 1.238125 1.449707
v -0.624647 1.198635 1.526001
v -0.626381 1.212792 1.557190
v 0.114222 1.697041 1.135925
v 0.129446 1.701134 1.199951
v 1.515446 0.033855 -1.291382
v 0.935186 1.012268 -1.432800
v 0.917749 0.981216 -1.491089
v 0.898689 1.033562 -1.423401
v -0.356752 1.362198 1.442078
v 0.818373 0.996124 -1.524414
v 0.724871 1.052711 -1.531983
v 0.749882 1.064941 -1.480164
v 1.463366 0.618896 -1.061951
v 1.429180 0.704544 -1.041626
v 1.521708 0.601150 -0.928894
v 1.080751 0.866753 -1.478455
v 0.992466 0.875248 -1.528870
v 1.025467 0.920017 -1.488709
v 0.688471 -0.438549 1.719604
v 0.849604 -0.495571 1.672180
v 0.827024 -0.309894 1.718994
v 0.637056 0.938721 1.654602
v 0.714685 1.148296 1.543701
v 1.460592 0.238796 -1.346741
v -0.654224 -1.190277 1.409729
v -0.788731 -1.203251 1.372864
v -0.583057 -1.263157 1.359924
v -1.030405 -1.629898 0.470093
v -1.084206 -1.633995 0.128601
v -0.956474 -1.670586 0.054382
v -1.008551 -1.665333 0.143372
v -1.242937 0.489281 -1.455444
v -1.212248 0.543873 -1.443237
v -1.104420 0.551464 -1.554504
v 0.120802 0.143947 -1.828369
v 0.256994 0.134880 -1.818481
v 0.100475 0.016609 -1.827026
v -0.214354 1.227760 1.614258
v -0.254158 1.218479 1.587097
v 1.422932 0.575832 1.218323
v 1.413698 0.572414 1.177856
v 1.442621 0.634133 1.186096
v 0.040430 1.257706 1.619751
v 0.076672 1.260761 1.607483
v -0.010595 1.283680 1.583313
v 1.062862 -1.208446 1.161926
v 0.506002 1.170936 -1.479553
v 0.516596 1.235157 -1.428955
v 0.524658 1.183002 -1.447266
v 1.028883 -1.232372 1.201782
v 1.649174 -0.374718 0.993713
v 1.668190 -0.531227 0.902039
v 1.054773 -1.561317 0.548157
v 1.063993 -1.558018 0.547852
v 1.055338 -1.534016 0.590759
v 0.907299 -1.618145 0.632507
v 1.002714 -1.564190 0.617920
v 0.890156 -1.353386 -1.094116
v 1.076569 1.154377 -1.215027
v 1.111294 1.097668 -1.266907
v 1.041168 1.147060 -1.292847
v 0.140270 1.740601 0.373047
v 0.030499 1.755161 0.310242
v 0.104553 1.753349 0.449097
v 0.830942 1.611435 1.021606
v 0.825499 1.576477 1.000549
v 0.836624 1.579506 0.971130
v 0.877163 1.565868 0.999573
v -1.019176 -1.472572 0.900330
v -0.925077 -1.515934 0.893799
v -0.963678 -1.493503 0.931641
v 0.147253 1.714096 1.271240
v 1.001518 1.261551 1.281433
v -1.214930 -0.080494 1.656067
v -1.297577 -0.119095 1.574219
v -0.382648 1.687019 -0.531738
v -0.509527 1.651707 -0.624146
v -0.470287 1.681911 -0.466858
v -0.928196 1.261849 1.529663
v -0.915012 1.313336 1.492370
v -0.879969 1.318314 1.456055
v -0.850473 1.322117 1.482666
v -0.812204 1.328667 1.446411
v 0.892002 -1.353363 1.171265
v 0.830845 -1.395107 1.150452
v -0.032223 1.310848 -1.391602
v -0.066612 1.301662 -1.449585
v -0.091206 1.375683 -1.363770
v 0.490221 1.604195 1.087402
v 0.466055 1.659111 1.079712
v 0.485102 1.629170 1.122375
v 1.204330 0.313263 -1.561096
v 1.287565 0.331226 -1.515686
v 1.281824 0.297588 -1.501709
v 1.272062 0.245571 -1.524902
v -1.510201 0.010075 1.417358
v -1.526731 -0.044586 1.368408
v -1.502472 -0.069824 1.421692
v -1.281404 1.372852 1.099182
v -1.335438 1.382031 1.117493
v -1.319056 1.388874 1.138672
v 1.544733 -0.073582 1.195801
v 1.486944 -0.170177 1.304138
v 1.568104 -0.249882 1.174683
v 1.241375 0.833496 -1.284607
v 1.295269 0.790123 -1.284424
v 1.203838 0.852207 -1.346130
v -1.418329 1.011494 1.133728
v -1.367142 0.769562 1.432739
v 1.193043 -1.621006 0.057617
v 1.116827 -1.659306 0.030701
v 0.610962 1.689404 0.954162
v 0.662128 1.654366 0.939880
v 0.652205 1.661137 0.872620
v 1.015095 -1.390381 -0.889587
v 1.109648 -1.387402 -0.885315
v 1.061895 -1.429478 -0.873779
v -1.305056 -0.719139 1.304077
v -1.288933 -0.799515 1.283386
v 0.989470 1.499317 0.707031
v 0.894962 1.552544 0.750183
v 0.897972 1.549690 0.823181
v -1.122723 1.297527 -0.778626
v -1.163029 1.311600 -0.550781
v -1.043510 1.420799 -0.529175
v 0.875404 1.543533 0.882385
v 0.850332 1.572121 0.843140
v -1.359552 0.746204 -1.140808
v -1.326899 0.692715 -1.146912
v -1.361139 0.704048 -1.144836
v -1.139116 1.306584 1.313293
v -1.205935 1.298264 1.310608
v -1.169909 1.219498 1.306641
v -1.236267 1.420723 1.040832
v -1.248531 1.400009 1.106140
v 1.308737 -1.005463 -1.120972
v 1.373173 -1.011604 -1.085022
v 1.320257 -1.100582 -1.081909
v -1.219606 -1.182926 1.160339
v -1.278282 -1.156803 1.148743
v -1.302065 -1.207130 1.052673
v -0.574448 1.197502 1.515198
v -0.513050 1.163105 1.529053
v 1.282154 0.476418 1.420715
v 1.336769 0.476082 1.362122
v 1.273788 0.503948 1.441223
v -1.356529 1.115284 1.233765
v -1.327620 1.133751 1.284302
v -1.262545 -0.758865 1.384033
v -0.187363 1.487438 -1.261597
v -0.235411 1.459366 -1.274658
v -0.214098 1.483974 -1.242493
v -0.268990 1.479092 -1.211060
v 0.156462 1.384754 1.253052
v 0.131142 1.457646 1.255249
v 0.065178 1.466766 1.213928
v -1.227518 -1.590042 -0.003906
v -1.772268 -0.761681 0.580017
v -1.752024 -0.759186 0.672485
v 1.466063 -1.394714 -0.120239
v 1.519966 -1.319164 -0.247314
v 1.566601 -1.279694 -0.070007
v -0.728319 1.012577 -1.528076
v -0.874340 1.008457 -1.459839
v -0.743706 1.086208 -1.477051
v -0.252556 -1.772511 -0.359192
v -0.139341 -1.804684 -0.199707
v -0.268513 -1.798885 -0.235351
v -0.717966 1.198578 1.562744
v -0.713037 1.135338 1.617370
v -0.706848 1.166283 1.620300
v 1.491800 0.387878 -1.197388
v -0.140617 1.364266 1.470398
v -0.172501 1.338200 1.433960
v 0.335016 1.663639 1.210632
v -1.357628 0.870563 -1.016358
v -1.330877 0.852768 -1.093201
v -1.427330 0.711224 -1.034607
v -1.245403 0.618832 -1.370300
v -1.241035 0.684425 -1.360474
v -1.178757 0.624905 -1.438904
v 1.363621 -1.262695 -0.765320
v 1.385866 -1.249969 -0.744751
v 1.448685 -1.242691 -0.724426
v 1.379339 -1.250881 -0.829651
v 1.461803 -1.203403 -0.754700
v 0.392023 1.716808 1.024292
v 0.404766 1.670376 1.029968
v 0.469952 1.714707 1.031982
v 0.360638 1.670094 1.036987
v -0.952099 -1.696922 0.176514
v -1.027147 -1.632305 0.229920
v 0.665735 1.700947 0.993103
v 0.660814 1.726006 1.012024
v 0.670950 1.685078 1.064575
v -1.198690 -0.565227 1.502258
v -1.115261 -0.599434 1.566650
v -1.261089 -0.508415 1.483215
v -0.125822 1.689488 1.066040
v -0.151091 1.738621 1.036682
v 0.325809 1.694332 1.164245
v 0.364218 1.703526 1.129822
v -1.412176 0.467892 -1.240906
v -1.423250 0.496483 -1.144958
v -1.392441 0.503624 -1.240356
v -1.278347 -0.422970 1.532593
v -1.365702 -0.402786 1.465210
v -1.277290 -0.480034 1.499878
v -1.274199 -0.387627 1.547119
v -1.318516 -0.316112 1.511047
v -1.353678 -0.357326 1.476562
v -1.212917 0.158134 -1.516418
v -1.132650 0.145466 -1.598389
v -1.149309 0.075043 -1.582031
v -1.306322 -0.547951 1.419556
v -1.399879 0.313259 1.467468
v -1.412128 0.350941 1.458130
v -1.453320 0.297859 1.445374
v -1.485392 0.348522 1.412170
v -1.538124 0.317139 1.348328
v -1.472313 0.331242 1.388123
v -1.220026 -0.607834 1.477112
v -1.153084 -0.610657 1.497986
v 0.663900 1.413746 1.380615
v 0.619255 1.458271 1.373535
v 0.603809 1.444752 1.395874
v -1.229630 1.490120 0.738220
v -1.224222 1.437637 0.737121
v -1.220720 1.457802 0.773804
v -1.509476 0.357418 1.311035
v -1.547466 0.293758 1.316223
v 1.115051 -1.566231 -0.507019
v 1.086185 -1.574013 -0.477051
v 1.004837 -1.601372 -0.512512
v -1.328659 0.034020 1.590393
v -1.359379 0.060177 1.556702
v -1.346777 -0.022995 1.572998
v -0.343201 1.531746 1.382263
v 1.401775 -0.101380 -1.431396
v 1.283575 -0.088287 -1.512390
v 1.181734 -1.335804 -0.910522
v 1.249481 -1.308327 -0.888794
v 1.246420 -1.316525 -0.855041
v 1.374376 -1.278652 -0.799011
v 1.285667 -1.344288 -0.812317
v -0.203476 1.503883 1.336365
v -0.163843 1.529167 1.330078
v 1.390810 -0.359604 -1.348877
v 1.482857 -0.393112 -1.279724
v 1.405209 -0.408867 -1.346375
v 1.407116 -0.848324 1.178528
v 1.474192 0.769138 -0.782349
v 1.359142 0.813286 -1.072327
v 1.370258 0.899136 -0.876526
v -1.490469 -0.271587 -1.231079
v -1.477877 -0.428063 -1.232727
v -0.777271 0.608246 1.707031
v -0.827335 0.665657 1.677795
v -0.883286 0.611046 1.685730
v 1.371552 0.803825 1.140137
v 1.363747 0.733887 1.219299
v 1.423813 0.777523 1.101807
v -0.489510 1.474774 1.445801
v -0.512199 1.441273 1.446289
v 0.541775 -0.641853 1.692749
v 0.499996 -0.582863 1.703369
v 0.430893 -0.742267 1.650208
v -0.285818 1.709980 1.155151
v 0.497972 1.284340 -1.403809
v 0.497713 1.303791 -1.355103
v 0.511889 1.317818 -1.381531
v 0.433113 1.366798 -1.340698
v 0.443068 1.311497 -1.390198
v 0.410683 1.357551 -1.332703
v -1.570240 -1.267960 -0.037903
v -1.671043 -1.121605 0.006409
v -0.966751 1.606808 1.131775
v -0.998480 1.651901 1.029358
v -1.072643 1.598816 0.995361
v -0.956619 1.683323 1.101990
v 1.581205 -0.140064 -1.203613
v 1.573847 -0.182385 -1.219238
v -0.986116 1.565331 1.120239
v -0.860125 1.542042 1.088806
v 1.394566 -0.793366 -1.195984
v -1.589209 0.477730 -0.865112
v -1.555927 0.403900 -1.011841
v -1.648241 0.320328 -0.845764
v 0.343105 1.370167 1.567749
v -1.327032 1.216553 1.230224
v 1.405741 -1.327065 -0.645691
v 1.505388 -1.275566 -0.512756
v 1.411423 -1.373489 -0.531738
v -1.793386 -0.492985 -0.659790
v -1.766314 -0.416878 -0.759033
v -1.782682 -0.587475 -0.662292
v -0.828424 1.309036 1.465820
v 0.757153 1.230480 1.477417
v -0.013727 1.797283 0.984131
v -0.017323 1.752049 0.996033
v 1.466703 0.180931 -1.356995
v 0.975359 -1.690849 -0.141540
v -0.014954 1.783058 1.004211
v -1.352066 1.214981 1.001282
v -1.365862 1.282803 1.027283
v -1.329786 1.241711 0.989502
v 1.537687 -0.088833 -1.256287
v 1.513935 -0.123493 -1.266235
v 1.504894 -0.124561 -1.316284
v 1.401430 -0.032371 1.440430
v -1.384995 0.598309 1.469238
v 1.294941 0.490707 -1.455139
v 0.299959 1.764034 0.927185
v -1.369593 -1.226147 0.926575
v -1.349051 -1.208084 0.927429
v -1.400023 -1.192478 0.945923
v 0.426146 -1.803349 0.441895
v 0.518961 -1.804852 0.377258
v 0.492456 -1.764477 0.572327
v 0.149862 1.790939 1.141601
v 0.108364 1.760162 1.156250
v 0.163874 1.820866 1.161316
v -1.383976 0.350052 1.501587
v -1.434078 0.402062 1.480408
v -1.439646 0.222427 1.494995
v 0.235355 1.736637 1.105896
v 0.208645 1.814591 1.167175
v 0.245197 1.792030 1.097656
v 0.352736 1.262901 -1.425232
v 0.415848 1.283199 -1.429260
v 0.388731 1.229458 -1.467957
v 0.984219 1.348160 1.224914
v 1.036360 1.356938 1.172974
v 0.993053 1.384640 1.174621
v 0.668304 1.593380 1.105530
v 0.625044 1.628231 1.094543
v 0.615570 1.595177 1.204651
v 0.537733 1.568405 1.236206
v 1.126104 0.724930 1.515137
v 1.056158 0.887135 1.487121
v 0.152527 1.509880 1.325989
v 0.137825 1.504757 1.382568
v -0.757971 1.635819 1.200256
v -0.802704 1.621945 1.171326
v -0.831015 1.567371 1.165100
v -1.186686 1.371399 1.256470
v 0.543320 1.677376 1.070984
v 0.485044 1.652302 1.067444
v 0.598993 1.667976 1.067810
v -1.714880 0.311623 0.921082
v 1.425678 0.484661 1.260071
v 1.483353 0.435452 1.187134
v 0.918091 1.548786 1.054932
v 0.961098 1.505478 1.103577
v 0.499563 1.662201 1.161682
v 0.494705 1.641995 1.191345
v -0.426825 1.793110 1.011230
v -0.434746 1.845867 1.014770
v 0.245064 1.560490 -1.020691
v 0.210304 1.546104 -1.017639
v 0.168005 1.589176 -0.983582
v -0.778934 -1.703678 -0.430664
v -0.684977 -1.746628 -0.333008
v -0.808342 -1.708511 -0.348816
v 1.118834 1.149799 -1.315308
v 1.151745 1.104557 -1.287781
v 1.166843 1.069805 -1.320068
v 0.274981 1.536678 -1.081238
v 0.213003 1.521072 -1.103882
v -1.088354 1.351025 1.277832
v 1.343088 -1.344913 -0.756592
v 1.279915 -1.411434 -0.725220
v 1.147415 -1.437737 0.760498
v 0.695471 1.636215 0.815246
v 0.638538 1.661766 0.813293
v 0.849665 1.314205 1.363342
v 0.740959 1.423111 1.283081
v -1.501848 0.382393 1.325745
v -1.428099 0.419529 1.432678
v -1.441067 0.486027 1.388184
v 0.422087 1.508968 -1.026123
v 1.678125 0.384739 -0.739746
v 1.723175 0.290817 -0.702515
v -1.445263 1.052940 -0.141235
v -1.502546 0.951077 -0.164429
v -1.414597 1.117779 -0.038330
v -1.220549 -1.543194 -0.312195
v -1.297050 -1.503212 -0.291199
v 1.263897 -1.513535 0.138245
v 0.838379 -1.715748 -0.394470
v 0.885262 -1.717815 -0.246521
v -1.331743 1.292408 1.247681
v -1.262434 1.331837 1.295532
v -1.205410 1.122318 -0.989563
v -1.255581 1.135948 -0.823547
v -1.192514 1.178348 -0.912781
v 0.966038 0.982224 1.497253
v 1.117149 0.977295 1.384033
v 1.021530 1.040016 1.424866
v -0.469257 1.454834 -1.165772
v -0.505630 1.488552 -1.106384
v 1.251694 -0.304577 -1.494324
v 1.207594 -0.278565 -1.516602
v -1.327410 0.485859 1.542664
v -1.385729 0.512531 1.480347
v -1.415598 -0.246738 1.513306
v -1.324932 -0.514374 1.407349
v -1.408838 -0.491169 1.375000
v -1.385628 -0.562973 1.357544
v 0.960402 1.209694 1.370666
v 1.098595 1.223206 1.218262
v -1.487072 0.307541 -1.179138
v -1.453930 0.268040 -1.203796
v 1.313049 -1.476173 0.132568
v 1.252867 -1.549343 0.129028
v 1.426136 0.045315 1.396790
v 1.452147 0.093388 1.348572
v 1.390129 0.071228 1.400574
v 0.359716 1.384434 1.586731
v 0.379570 1.461197 1.511780
v 1.084419 1.310310 1.151611
v 1.134804 1.331715 1.007385
v 1.442795 -1.090347 0.957092
v 1.442745 -1.115925 0.925049
v 1.504492 -1.011879 0.910461
v -0.866264 -1.710072 0.430359
v -0.791687 -1.734684 0.518005
v -0.637323 -1.746578 -0.390625
v -0.409872 -1.769321 -0.378174
v -0.483164 -1.800621 -0.189209
v -0.784344 1.636009 1.308594
v -0.732864 1.646771 1.311523
v -0.731993 1.634770 1.260376
v 1.213287 -1.583778 -0.305725
v 1.261690 -1.538818 -0.258911
v 1.247252 -1.559811 0.160401
v 1.169722 1.029285 -1.326843
v 1.147749 1.044811 -1.357300
v 1.344681 0.602344 -1.361511
v 1.392433 0.584873 -1.351562
v 1.307215 0.672226 -1.357666
v -1.400688 -0.142506 -1.348145
v -1.346956 -0.202358 -1.370117
v 0.150919 1.529247 -1.128113
v 0.216646 1.527454 -1.065857
v 1.555981 -0.567356 -1.137451
v 1.533180 -0.550320 -1.132996
v 1.603817 -0.523171 -1.094055
v 1.502462 -0.503948 -1.229004
v 1.644859 -0.346439 -1.096130
v -0.733221 1.279285 -1.280213
v -0.691135 1.228058 -1.350281
v 0.341341 1.386757 -1.295471
v 0.262625 1.403076 -1.340881
v 0.224627 1.423252 -1.318482
v -1.224434 -0.986503 1.284180
v -1.262146 -0.962910 1.301941
v 1.331097 -0.355797 1.435364
v 1.339731 -0.414261 1.400818
v 0.838011 0.998852 -1.511475
v 0.872229 1.003414 -1.530884
v -0.266735 1.251141 1.651611
v -0.329264 1.200035 1.647705
v -0.287355 1.198723 1.679870
v -0.119511 -0.049076 1.797913
v -0.233444 -0.178631 1.787476
v -0.094110 -0.258182 1.779724
v 0.640976 1.293674 -1.367798
v 0.612276 1.312267 -1.389099
v 1.477438 0.581272 1.127380
v 1.420364 0.522778 1.228333
v 1.474106 0.539307 1.154602
v 1.279175 -1.196380 1.027344
v 1.321444 -1.106987 1.093384
v 1.219000 -1.167263 1.058899
v 1.258883 0.741123 -1.344971
v -1.362534 1.249088 1.138000
v 1.325781 0.678219 -1.299744
v -0.177544 1.438362 1.346680
v 1.035894 -1.599285 0.442261
v 0.903446 -1.671650 0.413330
v 0.967922 -1.642109 0.445435
v -1.232025 0.294037 1.617249
v -0.986042 -1.468994 -0.819336
v -0.902861 -1.513855 -0.813843
v -1.063379 -1.485558 -0.712463
v 1.052372 -1.567909 -0.538879
v 1.046057 -1.574512 -0.611877
v 1.103621 -1.545544 -0.614197
v 1.316547 0.723755 -1.315491
v 1.235218 0.621937 -1.491577
v 1.279537 0.605270 -1.445923
v 1.111076 -1.617809 0.159302
v 1.101673 -1.616352 0.111633
v 1.158552 -1.618858 0.170899
v -0.817287 1.128651 -1.397644
v -1.328505 -0.952064 1.276795
v -1.289198 -0.878586 1.298340
v -0.760242 1.074055 -1.445862
v -1.496624 -1.208187 -0.645630
v -1.546947 -1.208069 -0.501099
v -1.093912 1.264160 -0.948364
v -1.135170 0.930443 1.509888
v -1.116753 0.925362 1.494079
v -1.140318 0.972553 1.512573
v -1.365385 -1.115211 1.093994
v -1.325890 -1.113190 1.126160
v -0.917639 -1.706623 0.104126
v -0.701597 -1.791424 0.201172
v -1.372862 -0.894699 1.202820
v -1.411406 -0.887798 1.159241
v -1.464237 -0.318489 1.431519
v -1.484804 -0.296574 1.454773
v 0.913429 1.521435 0.970581
v 0.926929 1.530022 0.998657
v 0.956469 1.498104 1.003052
v -1.139795 1.221844 1.385132
v -1.491383 -0.199226 -1.243958
v 0.713530 1.079372 -1.462769
v 0.715370 1.117866 -1.435608
v -1.111551 0.820686 1.535522
v 1.394838 0.498993 -1.319214
v 1.414568 0.522648 -1.252014
v 1.552258 0.260281 -1.167603
v 1.113266 0.826900 -1.494507
v 1.140331 0.850101 -1.459473
v 1.071323 0.925072 -1.404602
v 1.181641 0.843845 -1.422363
v -1.287104 -0.209374 -1.440674
v -1.260403 -0.274391 -1.432251
v -1.335670 -0.247944 -1.361206
v 1.002377 1.126835 1.385559
v 1.012640 1.100590 1.354370
v 1.054573 1.142185 1.325256
v -0.688990 1.293014 -1.265076
v 0.208059 1.478974 1.483337
v -0.143646 1.261246 1.538147
v 0.983200 -1.657288 0.154175
v 0.948627 -1.650555 0.188538
v 0.917866 -1.678490 0.170838
v -1.394392 -0.690071 1.272156
v -1.320694 -0.761555 1.272705
v -1.343000 0.189205 -1.385315
v -1.416706 0.171329 -1.325684
v 0.136578 -1.836502 0.407166
v 0.197134 -1.851318 0.228821
v 1.588123 -0.981533 0.772461
v 1.648930 -0.983349 0.612854
v -1.350452 -1.379879 -0.522644
v 1.129698 -1.576675 0.435486
v 1.110197 -1.517815 0.515869
v 1.072321 -1.551796 0.522156
v -0.323734 1.530064 1.251587
v -0.351250 1.521511 1.315918
v 1.523510 -0.825161 1.015991
v -1.418715 -0.815052 1.217713
v -1.357170 0.039410 -1.396057
v -1.371210 0.113602 -1.375916
v -1.320318 0.101955 -1.404968
v 0.950207 -1.551918 0.602783
v 0.986656 -1.568226 0.584168
v -1.262264 1.394985 0.807678
v -1.147583 1.516815 0.778625
v 1.501717 -0.820751 -1.089661
v 1.472330 -0.761116 -1.132202
v 1.520533 -0.760742 -1.046570
v 1.085693 1.211765 -1.133362
v 1.005108 1.215511 -1.122803
v -1.318064 -1.267284 0.934265
v -1.279654 -1.249222 0.967224
v 0.085941 1.716286 0.997681
v -0.452826 1.750870 1.052368
v -0.513781 1.731556 1.057983
v -0.922829 1.516190 -0.459168
v -1.151730 -1.607594 -0.239136
v -1.279659 -1.528366 0.018860
v -1.213198 -1.568897 0.037476
v -0.236967 1.783936 1.001221
v -0.246340 1.811546 0.962646
v -0.324471 1.809429 1.003662
v 1.289175 0.961445 -1.003967
v 1.342512 0.911293 -0.948059
v -0.020494 1.687267 1.023376
v -0.018894 1.655193 1.009033
v -1.308165 1.247929 1.174133
v 1.779364 0.016750 0.471741
v 1.757444 0.022400 0.600769
v 1.799257 -0.053863 0.405151
v 1.789837 -0.197006 0.530029
v 1.792030 -0.399845 0.495605
v 1.813349 -0.291191 0.399170
v 0.149054 1.509255 1.435058
v 0.181870 1.512417 1.419983
v 0.174356 1.512543 1.386474
v 1.357838 0.716205 -1.209839
v 1.328253 0.733593 -1.235535
v 1.343470 0.744907 -1.181641
v 0.556868 -1.595356 -0.840454
v 0.600321 -1.546520 -0.924866
v 0.682194 -1.617138 -0.768921
v -0.891115 0.103760 -1.727905
v -0.983877 0.280891 -1.684937
v -0.856405 0.195419 -1.740295
v 1.522465 -0.488563 1.197449
v 1.493195 -0.527309 1.203125
v 1.549879 -0.569721 1.133179
v 0.455717 1.689057 1.170593
v 0.427454 1.681290 1.090942
v 1.026779 -1.504173 -0.724609
v 1.041723 -1.559044 -0.666016
v 0.981808 -1.548725 -0.699829
v -0.293839 1.639496 -0.829834
v -0.476788 1.626495 -0.796814
v -0.409962 1.661266 -0.681763
v 0.911451 1.184952 -1.398132
v 0.951113 1.181316 -1.387634
v 0.359306 1.648724 -0.388245
v 0.246628 1.669895 -0.469360
v -1.398968 -0.381790 1.481750
v -1.394361 -0.302959 1.479919
v -0.621746 0.883618 1.665161
v -0.746771 0.880585 1.634277
v -0.706387 0.845909 1.655640
v -0.046825 1.724823 1.042724
v -1.065851 1.071083 1.482239
v -1.125189 0.971413 1.485718
v -1.380344 0.958302 1.299805
v -1.382059 1.013931 1.245239
v -1.405077 0.942963 1.235168
v -1.282986 1.407879 0.660889
v -1.254622 1.414429 0.667786
v -1.272610 1.392673 0.629028
v -1.282177 1.372818 0.684387
v -1.251446 1.406506 0.758057
v -0.804190 1.584911 1.249695
v -0.788528 1.564190 1.201477
v -0.899921 1.496807 1.264709
v -0.851009 1.547424 1.275452
v 1.441061 -0.502075 1.324890
v 1.284271 0.825535 1.294678
v 1.268126 0.835152 1.320679
v 1.270153 0.734020 1.338257
v 1.309116 0.738670 1.294189
v 1.409035 -0.283226 -1.407166
v 1.355490 -0.197571 -1.435730
v 1.394365 -0.149471 -1.391479
v -0.661095 1.242268 1.440369
v -0.605974 1.256531 1.413574
v -0.585030 1.240357 1.449280
v -0.542660 1.300404 1.447082
v -0.875898 1.274704 1.502258
v -0.882206 1.251896 1.470825
v 1.219070 -0.261868 -1.479492
v 1.327383 0.783195 -1.169617
v 1.294659 0.786777 -1.228088
v 1.210949 0.451210 -1.553101
v 0.265537 1.721108 1.308899
v 0.271900 1.684765 1.306457
v 0.402004 -1.737259 0.705383
v 0.293766 -1.771557 0.635742
v 0.317059 -1.799839 0.515869
v -1.498924 -0.521469 1.273376
v -1.441456 -0.601459 1.306213
v 0.056688 0.145573 1.807617
v 0.072405 -0.039558 1.797363
v 0.213968 0.142014 1.803772
v -0.077381 0.236729 1.802002
v 0.042324 0.190830 1.811646
v 0.737179 1.363392 -1.269409
v 0.775223 1.371754 -1.244629
v -0.992676 -1.494457 0.876221
v -0.928995 -1.559318 0.860901
v 1.856482 -0.281513 -0.094055
v 1.854694 -0.339867 -0.139648
v 1.875271 -0.268238 -0.126831
v 1.306654 0.750549 -1.181763
v -0.108635 1.787804 0.627075
v -0.168549 1.779575 0.575317
v -0.170429 1.794498 0.601868
v 0.134174 1.453709 1.344971
v 0.157776 1.489201 1.273071
v -1.061470 1.517330 0.128418
v -1.159945 1.460667 0.313537
v -1.073343 1.539310 0.338684
v 1.361258 0.076721 1.430786
v 1.406691 0.120560 1.402100
v -1.118021 -1.315655 1.058838
v -1.060797 -1.333671 1.072998
v 0.300911 1.458286 -1.225586
v -0.563162 1.791367 0.861145
v -0.634317 1.796574 0.996765
v -0.807945 1.715073 0.769653
v -1.414249 -0.759674 -1.226318
v -1.424606 -0.827763 -1.190369
v 0.305201 1.745319 0.765564
v 0.221632 1.764954 0.827942
v -1.103649 -1.300339 1.068359
v -1.035301 -1.317070 1.118958
v -0.474014 1.247830 1.476074
v -0.514957 1.266483 1.461120
v -0.501471 1.783962 0.754150
v -0.381199 1.785130 0.630554
v -0.538250 1.774197 0.704040
v 1.224430 -1.281238 1.013855
v 1.574623 -0.392647 1.140991
v 1.536392 -0.313164 1.207214
v 0.489773 0.704369 1.742615
v -1.043165 -0.882469 1.486328
v -1.121956 -0.872799 1.440857
v -1.047932 -1.017860 1.404907
v 1.700964 0.264019 -0.819336
v 0.493921 1.690407 1.227295
v -1.022333 1.611649 0.910583
v -1.215876 1.342297 1.275085
v 1.395514 -0.453037 1.399231
v 1.424164 -0.444965 1.371521
v -0.437197 -1.396526 -1.131348
v -0.286360 -1.348889 -1.197693
v -0.300730 -1.442833 -1.084778
v -0.051849 1.769970 0.566040
v -0.044073 1.775490 0.617309
v 1.458771 -0.545009 1.248962
v 1.473204 -0.499443 1.208252
v 1.486523 -0.492241 1.262634
v -1.157368 -1.060940 -1.222656
v 1.404428 0.930592 -0.626831
v 1.323912 1.029057 -0.640686
v 1.409325 0.967209 -0.465698
v -1.111156 1.498959 1.253845
v -1.184652 1.531616 1.212829
v -0.820223 1.245865 1.505188
v 1.523693 -0.170120 -1.281921
v -1.581749 -0.918796 0.956055
v 1.609516 -1.132759 -0.511536
v 1.650539 -1.099220 -0.413391
v 1.604555 -1.188869 -0.358520
v -1.736019 -0.299393 1.025391
v 0.629004 -1.771473 -0.311767
v 0.698944 -1.775764 -0.325317
v -1.425995 0.133018 -1.316528
v 1.382278 0.059883 -1.419189
v 1.360956 0.079166 -1.439514
v 0.312536 1.434971 -1.264160
v -0.158499 -1.799664 0.604920
v -0.299953 -1.821243 0.538147
v -0.125050 -1.816204 0.532105
v 0.284752 1.572884 1.396484
v 0.238815 1.576260 1.306213
v 0.235491 1.518082 1.377014
v -0.380053 1.718823 1.114197
v 0.613285 1.733067 0.909607
v 0.568150 1.757744 0.885864
v 1.177275 -0.463829 -1.489868
v 1.085676 -0.524956 -1.540527
v 0.520432 1.742363 0.916992
v 0.591869 1.732689 0.961914
v 0.182558 0.224472 1.810852
v 0.135983 0.262123 1.812439
v -1.656231 -0.140510 1.243713
v -1.234890 -1.408653 -0.623169
v -1.218618 -1.374329 -0.718140
v -1.174526 -1.437618 -0.683899
v 0.537580 1.592774 1.147034
v 0.470684 1.572449 1.139709
v 0.509689 1.603451 1.191528
v -0.878782 -1.641788 0.670288
v -0.899055 -1.622997 0.756287
v -1.003208 -1.568489 0.703674
v 0.556679 1.510811 -0.885559
v 0.478909 1.528046 -0.935303
v -1.847198 -0.723167 -0.048523
v -1.808105 -0.844803 -0.021667
v 1.029079 1.452984 0.991699
v 1.048159 1.418156 0.999328
v 1.066076 1.416596 0.936706
v -1.584869 -0.695858 1.100647
v -1.673216 -0.592709 1.017334
v -0.517694 1.790199 0.830322
v -0.542671 1.779293 0.793274
v 0.796406 -1.487042 -0.956421
v 0.951754 -1.398583 -0.992432
v 0.867525 -1.513668 -0.874328
v -1.405752 0.152065 1.535522
v -0.049435 1.522720 -1.158325
v -0.091099 1.487118 -1.212769
v -0.145197 1.512390 -1.179993
v 0.751646 1.326786 -1.252686
v -0.092384 1.531132 -1.118836
v -1.168016 0.853664 -1.271851
v -1.215269 0.868080 -1.272339
v -1.519569 -0.303646 1.309814
v -1.510040 -0.298210 1.352417
v -1.599211 -0.302551 1.280273
v -0.504848 1.194859 1.618469
v -0.406805 1.195606 1.657043
v -0.478235 1.246475 1.585693
v -1.511906 -0.188549 -1.197815
v -1.497717 -0.105366 -1.247192
v -1.541023 -0.137596 -1.179016
v -1.508692 -0.076363 -1.260315
v 1.068539 -1.637543 0.116394
v 0.993671 -1.665516 0.187500
v -0.590883 1.669090 -0.410401
v -0.630650 1.668297 -0.400635
v -0.624493 1.669941 -0.301819
v -0.645645 1.639698 -0.472901
v -0.654102 1.668980 -0.276978
v 1.186819 -1.475262 -0.638000
v 1.253174 -1.484924 -0.564514
v 1.166859 -1.539165 -0.559143
v -1.248350 0.911556 1.464355
v -1.262924 0.924374 1.471985
v -1.336807 0.880516 1.429626
v 0.993778 0.910557 -1.511719
v 1.236965 -1.518551 -0.475159
v 1.332668 -1.448490 -0.473755
v 1.325027 -1.518917 0.065613
v -0.616627 -0.698799 -1.646118
v -0.460005 -0.781582 -1.634155
v -0.501400 -0.830334 -1.590637
v 1.032066 1.036335 -1.478394
v 1.072519 1.042484 -1.469422
v 1.057209 0.997021 -1.454407
v -0.089317 1.584160 1.233215
v -0.121496 1.569912 1.259460
v 0.432634 0.249031 -1.795837
v 0.368681 0.094437 -1.808044
v 1.648081 -1.149033 0.116882
v 1.670557 -1.092072 0.224670
v 1.226629 -0.016869 -1.503479
v 1.237753 0.024719 -1.519287
v -0.697262 1.457073 1.300232
v -0.625105 0.508690 -1.745544
v -0.374035 0.429104 -1.793640
v -0.619415 0.381115 -1.771973
v 0.013151 1.304493 1.498047
v -0.033899 1.293942 1.558288
v 1.268356 -0.685539 -1.364685
v 1.189764 -1.572060 0.396423
v -1.318296 -0.304989 -1.365540
v -0.073776 1.778042 0.677612
v -0.078306 1.795017 0.651733
v -0.374613 1.100067 1.482544
v -0.372919 1.104271 1.524963
v -0.353680 1.161698 1.525940
v -1.026793 -1.585243 -0.395630
v 1.079517 -1.010013 1.281067
v 1.065847 -1.084862 1.283142
v -0.734615 1.634232 1.093872
v -0.730497 1.648415 1.129761
v -0.703110 1.664169 1.068909
v -0.791838 1.721642 1.086059
v 0.432030 -0.509918 -1.724182
v 0.365181 -0.624260 -1.694824
v 0.226774 -0.572537 -1.722595
v -1.354313 -1.431793 -0.424316
v -1.325817 -1.454433 -0.357483
v 0.786720 1.364174 -1.202637
v -0.626362 1.263916 -1.374451
v -0.621889 1.196743 -1.404968
v 1.208336 1.078194 -0.949402
v 1.156311 1.091194 -1.080872
v 1.107460 1.141899 -1.079468
v 0.486948 1.405712 -1.243103
v -1.047182 -0.572056 -1.539246
v -1.029169 -0.563049 -1.563171
v 1.065586 -1.247364 -1.056335
v -0.611315 1.559036 1.262512
v -0.692579 1.543282 1.271850
v -1.114151 -1.466560 -0.668030
v -1.025539 -1.508415 -0.680420
v 0.957737 1.357876 1.273071
v 0.912968 1.389568 1.235718
v -0.937382 -1.168358 -1.273559
v -0.868837 -1.105534 -1.347717
v -0.264841 1.265247 1.559204
v -0.235250 1.295754 1.564392
v -0.258692 1.297691 1.529785
v -0.284641 1.423584 1.355896
v 1.217396 -1.166046 -1.057861
v 1.233961 -1.188282 -1.018066
v -1.079159 -1.486008 -0.643371
v -1.047085 -1.486866 -0.632995
v 1.828186 -0.368164 -0.651794
v 1.836702 -0.245586 -0.613586
v 1.850010 -0.362511 -0.477356
v -0.642996 1.361023 1.401245
v 0.554543 1.365063 -1.293518
v 0.524143 1.409908 -1.274719
v -1.057770 1.003082 -1.299683
v -1.016209 0.964924 -1.378052
v -1.076496 0.978157 -1.315552
v -1.094883 0.875393 -1.384888
v -1.048233 0.932167 -1.379517
v -1.354843 0.147015 -1.384338
v -1.337166 0.127777 -1.383850
v 1.015125 -0.763279 1.505859
v 1.057589 -0.836113 1.438477
v 1.125141 -0.725075 1.450684
v 1.116385 -0.808323 1.390686
v 1.193748 -0.746708 1.386597
v 0.661774 1.379013 1.454040
v 0.670254 1.357094 1.438537
v 0.671177 1.394680 1.407898
v 1.049288 -1.513245 -0.730469
v -1.232597 1.369770 1.269897
v -0.294239 1.667934 -0.705567
v -0.306957 1.693188 -0.550476
v -0.119337 1.692463 -0.626099
v -0.820732 1.380070 1.470825
v -0.834471 1.409145 1.425354
v -0.966745 -0.916679 1.506470
v -0.977510 -1.099419 1.386536
v -0.929842 -0.973225 1.490418
v 1.630703 -0.928764 -0.799927
v 1.552235 -0.929714 -0.933655
v 1.620422 -0.800274 -0.931580
v 1.601776 0.243019 1.031738
v 1.636915 0.066841 0.996277
v -1.277246 1.217262 1.436767
v -1.291330 1.179443 1.393555
v -1.281300 1.340538 1.028870
v -1.239714 1.433697 0.978516
v -1.249102 1.409237 0.956909
v 0.761278 -1.193706 1.371826
v 1.848743 -0.440289 -0.264160
v -1.417530 0.103359 1.501953
v 0.264349 1.811192 1.117554
v 1.737791 -0.311123 -0.941345
v 1.680706 -0.224842 -1.056946
v 1.778458 -0.234604 -0.849792
v -1.450525 0.458492 -1.170166
v -1.457329 0.495815 -1.139648
v -1.018167 -1.584103 -0.517090
v -0.978054 -1.531075 -0.701965
v -0.815182 -1.639343 -0.598694
v -1.432693 0.521603 -1.162170
v -1.179628 -0.985504 1.332825
v 0.512865 1.583496 1.258362
v 0.548258 1.605122 1.301330
v -1.399271 0.420555 -1.243103
v -1.380335 0.458813 -1.279907
v -1.407082 0.421715 -1.266357
v -1.331211 0.016933 -1.407898
v -1.374371 -0.051411 -1.343689
v 1.427858 1.062981 0.133301
v 1.381191 1.089008 -0.045471
v 1.356447 1.146137 0.109070
v 1.513699 0.212448 1.232971
v 1.582932 0.147438 1.101257
v 1.572533 0.273800 1.088806
v -1.570587 -0.085129 1.316162
v -1.196009 -1.538563 0.416748
v -1.149221 -1.552814 0.467896
v -1.205000 -1.502586 0.485474
v 1.468613 0.264385 1.266052
v -0.422600 1.247425 -1.431641
v -0.426926 1.261658 -1.379212
v -0.422419 1.321270 -1.354614
v 1.476944 0.397728 1.176147
v 1.287294 -1.437683 0.644287
v 1.251156 -1.471111 0.560852
v -1.619730 -0.076576 1.283691
v -1.640734 -0.068867 1.281921
v -1.238716 -0.022610 -1.501770
v -1.225410 -0.080162 -1.486877
v -1.441885 -0.007416 -1.293884
v -1.481413 0.014042 -1.304382
v 0.658855 1.163898 -1.394104
v 0.660074 1.144405 -1.455689
v 0.617725 1.200996 -1.424744
v -0.473225 1.477009 -1.052124
v 0.156981 1.750389 1.200622
v -0.112684 1.242603 -1.499817
v -0.152302 1.306698 -1.440735
v -1.258318 -0.799057 1.353455
v 0.738703 1.328647 -1.203186
v 0.761934 1.328621 -1.155640
v 1.283285 -1.442535 0.550964
v 1.234638 -1.494686 0.531983
v 1.037130 -1.483971 -0.784546
v 0.964680 -1.441754 -0.918213
v -1.133547 -1.629372 0.044617
v -1.095739 -1.634899 0.048523
v 0.169735 1.302544 -1.420288
v 0.188351 1.319496 -1.427246
v -1.261354 -0.747673 -1.348267
v -1.295805 -0.660751 -1.356140
v -1.276302 -0.646999 -1.392639
v -1.366625 -1.372379 0.573914
v -1.312773 -1.398655 0.604981
v -1.287996 1.265766 1.236511
v -0.708902 1.204739 1.594299
v 1.333029 -1.483562 0.313721
v 1.252476 -1.527802 0.319214
v 1.217110 -1.588516 0.222962
v 0.665892 1.525967 1.193787
v 0.748503 1.475678 1.230896
v -1.137701 0.437981 1.663757
v 1.030073 -1.418423 -0.884888
v -0.365307 -0.847645 -1.597839
v -0.333904 -0.797268 -1.649414
v -0.251144 -0.862236 -1.603699
v -1.695681 -1.079651 0.056702
v -1.697346 -1.104889 0.068665
v -1.777763 -0.957756 0.060913
v 1.122477 1.089710 1.289612
v 1.115314 1.164337 1.220703
v 0.537420 1.751969 0.833130
v 0.563526 1.711128 0.896667
v 1.593668 -1.152206 0.526123
v -0.947226 1.133484 -1.302124
v -1.085390 1.057545 -1.247559
v -1.353216 0.633968 1.501099
v -1.689411 0.225529 1.060852
v -1.736633 0.124794 0.981934
v -1.682039 0.090160 1.138123
v 0.114410 1.662338 1.231689
v 1.376982 -0.635399 1.330444
v 1.432676 -0.581417 1.300537
v 1.534927 0.877689 0.660583
v 1.581152 0.810783 0.512329
v -0.071737 1.292076 1.595398
v -0.074812 1.250694 1.580505
v -0.340811 1.299896 1.456604
v 1.422417 -0.996834 -1.049621
v -1.295019 -1.381207 -0.649780
v 1.305622 -0.286007 1.472412
v -0.490776 1.804222 0.979248
v 0.040155 -1.410675 1.246460
v -0.101883 -1.315052 1.333252
v -0.253145 -1.360931 1.290711
v -1.459810 0.953510 1.058349
v -1.418703 1.055916 1.039551
v -1.632717 0.639503 -0.349426
v -1.525883 0.883015 -0.296265
v 0.028778 1.587044 1.008423
v 0.036575 1.549137 1.003906
v 1.326351 -1.501198 -0.221802
v 0.462568 1.036655 -1.571228
v 0.384811 1.103760 -1.548462
v -1.234047 1.188065 1.347534
v -1.210405 1.258770 1.267761
v -1.218571 1.221390 1.245972
v 0.223753 1.402794 1.542908
v 0.144285 1.397213 1.547729
v 0.123596 1.361073 1.535889
v -1.357674 0.283062 -1.384094
v -0.307423 1.313755 1.524536
v -0.242401 1.324528 1.491028
v 0.625547 1.405174 -1.067322
v 1.769402 -0.603642 -0.739441
v 1.772404 -0.678925 -0.667297
v 1.734152 -0.706406 -0.765869
v -0.970995 1.230030 1.467224
v -0.984287 1.196736 1.475281
v -0.952942 1.181774 1.479126
v -0.149607 1.153500 1.697693
v -0.159369 1.198219 1.684753
v 0.616230 -1.803360 -0.140198
v 0.572201 -1.785236 -0.251160
v -1.301004 1.446056 1.141235
v 1.154892 -1.459507 -0.680237
v 1.107758 -1.490334 -0.720642
v 1.198095 -1.431824 -0.714966
v 0.115711 1.704346 1.016601
v 0.150898 1.661911 1.016785
v -1.138891 1.443573 1.194275
v 1.174461 -1.582966 0.290894
v 1.127054 -1.612911 0.257202
v 1.332689 0.941135 1.143677
v 1.363306 1.016827 1.020508
v 1.303497 1.014053 1.070373
v -0.699600 1.342796 1.472595
v -0.707062 1.384686 1.447082
v 0.280390 1.724556 1.005493
v 0.231150 1.687050 1.002258
v 0.276501 1.713143 1.030029
v -1.293270 -1.490795 -0.149170
v -0.038824 1.792278 0.865906
v -0.181313 1.824791 0.983093
v -0.416805 1.835522 0.970215
v -0.402927 1.828823 0.980896
v -0.878712 1.049694 -1.414673
v -0.882578 1.105739 -1.343018
v -1.214842 0.749123 -1.348694
v -1.288048 0.783165 -1.256836
v 1.232059 -1.514923 -0.441040
v 1.593504 -1.105488 -0.621155
v 1.658642 -0.967064 -0.680054
v 1.682993 -0.956299 -0.608032
v 0.346645 1.749832 1.021484
v 1.434340 -0.123360 1.397095
v 1.456995 -0.020065 1.369629
v 1.290422 -1.020615 1.151795
v 1.373220 -1.019379 1.099182
v -1.537018 -0.652424 -1.078613
v -1.489967 -0.631939 -1.147888
v 1.518442 -0.536465 -1.205994
v 1.675207 0.603714 -0.140747
v 1.656199 0.663521 -0.006653
v 1.707720 0.522610 -0.128784
v 0.511738 1.691933 0.723266
v 0.474804 1.721081 0.785034
v 1.672426 0.615330 -0.174683
v 1.687765 0.625698 -0.152954
v -1.705376 -0.011558 1.121033
v 1.662073 0.665707 -0.130066
v 0.193884 0.389988 1.804138
v 0.201139 0.333203 1.806335
v 0.268337 0.264874 1.806335
v 1.267242 -1.492245 0.148804
v 0.741726 1.282188 -1.402588
v 0.705544 1.303928 -1.408142
v 0.742636 1.293266 -1.376038
v 0.786699 1.534863 1.178284
v 0.948364 -1.311470 -1.106140
v -1.340487 0.848641 1.388183
v -1.325193 0.922821 1.367004
v -0.925003 -1.673409 -0.008179
v -0.873405 -1.710396 -0.039368
v -1.274025 -0.106751 -1.445923
v -0.624374 0.483391 1.755981
v -0.500517 0.380055 1.780457
v 0.932247 -1.670750 -0.278686
v 0.996046 -1.681152 -0.246704
v 0.879873 -1.709805 -0.322754
v -1.271152 0.965584 1.333862
v -1.282440 0.981560 1.296020
v 1.270174 -0.070766 1.538757
v 1.306761 -0.135670 1.489136
v -1.137936 -1.039196 1.339050
v -1.057646 -1.086223 1.351380
v -1.075157 -1.007175 1.350098
v 1.266047 -0.004951 1.531555
v -1.026922 1.596737 0.662170
v -1.030979 1.608044 0.830505
v -0.995419 1.628491 0.842468
v 0.773823 0.119305 1.769714
v 0.865541 0.015370 1.744995
v 0.987843 0.059342 1.710815
v 1.343529 -0.011955 1.471252
v -1.110764 1.166550 -1.097839
v -1.065580 1.241554 -1.050781
v 1.362839 0.218536 1.430420
v 1.351879 0.156185 1.446838
v -1.230755 1.227059 1.360168
v -1.233921 1.258389 1.449768
v 0.125153 1.503044 -1.144348
v 0.140638 1.563545 -1.042053
v 0.941872 -1.680645 -0.347351
v 1.067636 -1.626068 -0.405090
v -1.250326 1.225342 1.394714
v 0.714296 1.411324 1.329712
v -1.224125 0.164699 -1.473999
v -1.253050 0.167297 -1.470642
v 0.206659 -1.420185 -1.126404
v 0.322006 -1.392296 -1.164245
v 0.233856 -1.496868 -1.020080
v -0.578606 1.561165 1.265930
v 1.384106 0.271294 -1.443665
v 0.136837 1.787220 1.180481
v 0.961372 -1.703953 -0.000732
v 0.994350 -1.683666 -0.034973
v 1.015749 -1.675652 0.060242
v 1.387115 0.146221 -1.424438
v -1.383818 -1.024696 -1.075317
v -1.309454 -1.095432 -1.047119
v 0.816574 1.157410 -1.473145
v -1.175655 1.547234 0.767822
v -1.215887 1.511692 0.770996
v 0.378447 1.575112 1.277588
v 0.347942 1.593403 1.224426
v 0.343260 1.609684 1.248596
v -0.345568 1.779793 1.038513
v -0.268667 1.708187 0.997742
v 0.402380 1.335972 1.556030
v -1.278824 0.501057 1.558044
v 0.396200 1.415459 1.524292
v 0.473942 1.373547 1.509094
v 0.436010 1.426029 1.521240
v 1.149994 -0.874264 -1.285461
v -1.449856 -0.080070 1.458984
v -1.506248 -0.105331 1.413025
v -1.562918 -0.241253 -1.153015
v -1.048195 -0.206802 1.714355
v 1.696352 0.058388 -0.982788
v -1.233809 -0.002190 1.649719
v -1.239115 0.052128 1.638123
v -1.252050 0.064114 1.595764
v 0.958035 -1.505138 0.834961
v 1.002619 -1.495705 0.826843
v -1.732550 -0.966583 -0.349548
v -1.744823 -0.884754 -0.479736
v -1.698090 -0.995216 -0.464905
v -0.836851 0.647613 -1.651123
v -0.663818 0.740909 -1.669250
v -0.823612 0.497864 -1.702759
v -1.564135 -1.097115 -0.698120
v 0.274553 0.930351 1.733154
v 0.348595 0.960201 1.700256
v 0.257254 0.939533 1.716980
v 0.305044 0.881218 1.724060
v -1.863140 -0.320240 0.266907
v -1.865057 -0.375675 0.229309
v -1.851057 -0.492470 0.365051
v -1.222105 0.351593 -1.485046
v -1.175419 0.362751 -1.506775
v -0.549801 1.172390 1.576111
v -0.523542 1.165436 1.618530
v -0.515619 1.190445 1.583679
v -0.567320 1.174778 1.632080
v 0.160561 1.584335 1.374267
v 0.156282 1.569538 1.369690
v 1.170458 0.969391 -1.261109
v 1.170326 0.936428 -1.369507
v 1.150305 0.985924 -1.301087
v 0.432743 1.735283 0.963501
v 0.527617 1.732826 1.041077
v -1.229387 0.430328 -1.490479
v -1.094341 0.477646 -1.588440
v 0.649126 1.712135 1.067810
v 1.313408 0.311928 1.417175
v 1.331455 0.268887 1.413391
v -1.561550 0.373501 1.237793
v -1.532040 0.367428 1.237732
v 1.085217 1.214798 -1.172058
v -1.269634 1.144325 1.316406
v -0.632126 1.288708 1.407226
v -1.347261 -1.075870 1.090088
v -1.356684 -1.429829 0.322327
v -1.308411 -1.438519 0.466187
v 1.202200 1.136692 1.183655
v 1.150093 1.110314 1.266052
v 1.002609 -1.519306 0.802734
v 1.411253 1.006405 0.921631
v 1.317953 1.065243 1.067688
v -0.028221 1.474735 -1.257141
v -0.007986 1.495643 -1.223145
v 0.036659 1.482494 -1.249390
v 1.783901 0.201405 -0.558777
v 1.783009 0.239693 -0.462036
v 1.802515 0.190365 -0.398132
v 1.093309 -1.368606 0.946350
v 0.254421 1.685040 1.059692
v 0.048294 1.369755 1.476196
v 0.094320 1.415486 1.494751
v 0.073296 1.406654 1.460632
v 1.249178 -1.420151 0.826965
v 0.087725 -1.811848 0.526123
v 1.318012 -0.037209 -1.493530
v -1.346628 -0.575760 -1.327393
v -1.385254 1.226089 0.613647
v -1.425621 1.159702 0.610046
v -1.267429 -1.341675 0.820313
v -1.250761 -1.363403 0.828125
v 1.155352 -1.445877 -0.720337
v 1.221085 -1.416054 -0.772156
v 1.363070 -0.669353 1.344604
v -0.702087 -0.876763 -1.541443
v -0.673038 -0.688904 -1.632385
v -0.834185 -0.659813 -1.603271
v 1.273582 0.787865 -1.348816
v -1.618093 0.256866 -0.964233
v -1.704279 0.157009 -0.804749
v 0.156284 1.118248 1.684509
v 0.102901 1.092430 1.682556
v 0.907259 -1.634575 0.563110
v 0.347492 1.390930 -1.268860
v -0.432850 1.202633 1.577331
v -0.505167 1.169331 1.551025
v -0.432789 1.094101 1.536438
v 1.058426 -1.551010 0.531067
v 1.563389 0.863323 0.255615
v 1.549501 0.876606 0.105225
v 1.505558 0.961308 0.200439
v 1.109436 -1.072735 -1.192688
v 0.747036 -1.004215 -1.438354
v 0.939499 -0.949581 -1.407593
v -1.209431 0.926037 -1.113953
v -1.249004 0.958988 -1.110474
v 1.109777 0.410496 -1.588257
v 1.135439 0.248806 -1.602356
v 0.156326 1.451706 1.505615
v -0.878340 -1.713818 0.315918
v -0.359348 0.842941 1.721741
v -0.906460 1.487671 1.111938
v 0.949986 1.492733 1.047851
v -1.322004 1.344452 1.155273
v -1.333183 1.340378 1.113159
v -1.380684 1.303997 1.108093
v -0.924810 -1.645947 -0.220032
v -0.997868 -1.633724 -0.225281
v -0.958040 -1.659473 -0.281738
v 1.306807 1.238911 0.690369
v 1.272669 1.264702 0.783813
v 1.379681 1.139107 0.730835
v -0.568560 1.422848 1.366943
v 1.193779 -1.613754 -0.095337
v -1.265173 0.115417 -1.463196
v -1.800959 0.057213 -0.364868
v -1.814146 0.054222 -0.236572
v -1.787262 0.177567 -0.265259
v -0.587112 1.361134 1.370544
v -1.094242 -0.203022 -1.602234
v -1.200298 1.465870 1.019897
v -1.404825 0.565628 1.442749
v -1.288885 0.538220 1.554077
v -1.297285 0.566078 1.524597
v -1.341270 0.570858 1.494507
v -0.646524 -1.755985 0.630188
v 0.817808 1.210914 -1.352356
v 0.744898 1.237926 -1.385010
v 1.349745 -1.199322 0.994385
v 1.354046 -1.260258 0.936463
v -1.327913 -1.307919 -0.786743
v -1.296759 -1.329399 -0.759094
v 0.159292 1.658829 1.031372
v 0.771397 -1.711529 0.517395
v 0.992598 1.293579 1.249573
v -1.216360 1.364143 1.297851
v -0.325823 1.825943 0.980224
v -0.955870 1.450798 1.124023
v 0.071238 1.557747 1.142761
v -0.010262 1.589794 1.103882
v -0.000957 1.573643 1.156555
v -1.490988 1.021008 0.758728
v -1.486010 1.051010 0.648682
v -1.543341 0.880795 0.803039
v -0.052593 1.733242 1.115112
v 1.069485 -0.191425 1.646912
v 0.992126 -0.253067 1.672668
v 1.112389 -0.271809 1.611023
v 1.028404 -1.401001 0.968994
v 1.003014 -1.376888 1.010315
v 1.188377 0.175426 -1.527893
v 1.214128 0.237961 -1.540344
v -0.664141 1.591644 1.257385
v -0.701044 1.579338 1.293640
v 0.811886 1.560116 1.112976
v 0.767859 1.570984 1.136352
v -1.708487 -1.044853 0.140625
v 0.392113 1.678268 0.110412
v 0.320858 1.699478 0.250549
v 0.507502 1.645466 0.182983
v 0.418692 1.684177 0.429565
v 0.447460 1.669029 0.296326
v -0.088160 1.395042 -1.331726
v -0.132689 1.417782 -1.335571
v -0.107872 1.426224 -1.351868
v 1.206524 0.979610 -1.245056
v 1.202524 0.931591 -1.274780
v -1.107491 1.531998 0.518494
v -1.136402 1.517982 0.618652
v -1.066343 1.557224 0.479004
v 0.419304 1.563828 1.392151
v 0.394159 1.594490 1.342346
v 0.344604 1.596272 1.393982
v -0.352224 1.188595 1.642578
v -0.319311 1.179031 1.647827
v 1.423677 -0.550118 -1.318909
v 1.488684 -0.583466 -1.205750
v 1.394503 0.897633 1.071899
v 1.470392 0.936298 0.847290
v -1.041929 0.431980 1.707764
v 0.285114 1.780403 1.072571
v 0.104424 1.607117 1.031860
v 1.504904 0.150490 -1.276123
v 1.783525 -0.530125 0.486450
v 1.777416 -0.680645 0.371582
v 1.801479 -0.600243 0.314758
v -1.216850 -0.150890 1.599670
v 0.507530 -1.535904 -0.956726
v 0.418283 -1.632717 -0.772461
v 0.238449 1.471913 1.505127
v 1.348303 0.702011 -1.252075
v 1.384275 0.577999 -1.257935
v 0.782204 1.008213 -1.541016
v 0.540937 1.018047 -1.567810
v 0.390722 0.967277 -1.616272
v 0.543852 0.855732 -1.638733
v -1.481453 -0.030342 -1.233276
v -1.461676 -0.051827 -1.264771
v -1.433090 -0.091068 -1.324951
v 0.889297 -1.653278 -0.557434
v 0.914011 -1.654007 -0.510132
v 0.908184 -1.676167 -0.466736
v 1.587233 -0.640484 1.032715
v 1.600136 -0.711468 0.953125
v 1.228315 0.849850 -1.367249
v 1.159014 0.867145 -1.401245
v -1.571703 -0.171707 1.378418
v -1.540873 -0.122761 1.383789
v -1.571232 -0.131672 1.356934
v -1.445078 0.142521 1.474915
v -1.487713 0.246853 1.409363
v -1.496569 0.117977 1.457275
v 0.860348 1.348644 -1.212219
v 0.842953 1.370502 -1.198609
v -1.225317 0.968750 1.445373
v -0.638708 1.705517 1.127807
v -0.680452 1.756401 1.124695
v 1.408323 0.541786 -1.333496
v 1.376932 0.521072 -1.412170
v 1.615389 0.580170 -0.640564
v 1.614672 0.502537 -0.785461
v 1.476383 -0.000252 1.316772
v 1.447411 -0.088375 1.367920
v 1.097347 -1.636982 0.261414
v -0.366976 -0.654510 1.696045
v -0.272541 -0.776001 1.656372
v 1.319757 -0.361565 -1.428345
v 1.368177 -0.350502 -1.413208
v -0.477823 1.303573 -1.354614
v -0.505066 1.312225 -1.337463
v -1.201000 -1.095272 1.252747
v -1.243801 -1.079006 1.243897
v 1.154106 -0.267410 -1.553467
v -1.500011 0.026333 -1.200134
v -1.486307 0.038010 -1.231445
v 1.090818 0.907402 1.393371
v 1.133310 0.948528 1.376648
v -1.344090 0.538090 1.528564
v -1.064684 -1.582634 0.454041
v 1.478899 -0.438751 -1.286804
v 0.614525 1.333042 -1.365967
v -0.790125 1.608711 1.271301
v -1.346684 0.983303 1.318359
v -1.077576 0.913956 1.517029
v 1.670210 0.632874 0.117126
v 1.626659 0.735031 0.261169
v 1.672009 0.620567 0.247009
v 1.035492 -1.363331 1.002991
v 1.003633 -1.393047 1.035278
v 1.522202 0.006126 1.243408
v 1.509409 -0.048523 1.257141
v 0.474640 0.381508 -1.777222
v 0.389894 0.319340 -1.795959
v 1.804634 -0.013439 0.338196
v 1.748680 -0.466934 0.664917
v 1.687641 -0.579449 0.822632
v 1.724129 -0.656574 0.655029
v -0.116966 1.468044 -1.249817
v 0.886585 -1.558880 -0.779175
v 0.789909 -1.637859 -0.677612
v 1.338280 0.097309 1.444153
v 1.158184 -0.320598 1.575806
v 0.328533 0.305882 1.801086
v 0.349747 0.395424 1.794128
v 0.277605 0.385510 1.799438
v 1.211664 0.785934 -1.400208
v -1.224165 -1.398067 0.825073
v -1.136147 -1.595383 -0.252991
v -1.425184 -0.303005 -1.302917
v -1.711298 -1.026199 0.301025
v -1.666016 -1.090508 0.337891
v -1.700518 -1.030083 0.423096
v 1.230368 -0.376819 1.474731
v 1.251553 -0.358875 1.493469
v 1.212805 -0.370048 1.515625
v -1.346779 -0.086307 1.545654
v 0.804249 1.424496 1.250732
v -0.864780 -1.574947 -0.714477
v -0.707819 -1.616886 -0.726013
v -0.686235 -1.663219 -0.632995
v -0.868343 1.672825 1.081665
v -0.921747 1.706158 1.088562
v 1.114449 -1.643478 0.074402
v 1.163509 -1.617054 0.100586
v 0.684200 -1.780998 -0.037598
v 0.558523 -1.805962 -0.011658
v 0.158016 0.238987 -1.822388
v 0.112543 0.214142 -1.843384
v 0.034636 0.234814 -1.823547
v -0.723171 1.400967 -1.135986
v -0.765091 1.341061 -1.188233
v 1.514664 -0.936546 -0.971924
v 1.553820 -0.888111 -0.966492
v 1.850962 -0.149471 -0.009705
v 1.849493 -0.212475 0.044312
v 1.852625 -0.139778 -0.070068
v -1.432049 0.849659 1.198547
v -1.415668 0.939507 1.212952
v -1.454689 0.873940 1.164612
v -1.485092 -0.870075 1.128967
v -0.377285 1.830101 1.025452
v 0.106546 1.313919 1.598205
v 0.143314 1.310215 1.615295
v 0.208183 1.554512 1.295349
v 0.129595 1.617287 1.214111
v -1.516851 -1.181599 0.746338
v -1.572361 -1.158592 0.633423
v -1.475391 -1.258793 0.644165
v -0.062403 1.793450 1.013122
v -0.049442 1.806679 0.998230
v 1.379013 -0.687527 -1.287292
v 1.340614 -0.641758 -1.317078
v 0.782049 -1.068001 1.452820
v 0.926544 -1.041149 1.419983
v 0.726507 -0.967438 1.521118
v -1.051796 -1.545513 0.717713
v -1.044310 -1.579998 0.652649
v -1.416683 0.455284 1.443909
v -0.171375 1.255444 1.664184
v -0.206493 1.388168 1.414612
v -1.268621 -1.320202 -0.815246
v 0.926962 1.524468 1.134704
v -1.291037 1.324997 1.101318
v -1.304426 1.311108 1.051880
v -0.460400 -0.172863 -1.804138
v -0.335924 -0.182640 -1.815491
v -0.490728 -0.329544 -1.773071
v 0.064833 1.758900 0.668762
v 0.119358 1.764111 0.645813
v 1.827297 -0.195599 0.270630
v 1.830168 -0.377354 0.282349
v -0.668358 1.705254 0.189026
v -0.699265 1.689175 0.088013
v 1.027216 -1.484341 0.791260
v 1.857681 -0.243931 -0.149170
v 1.854231 -0.200077 -0.119812
v 0.612743 0.428081 -1.747009
v -0.909927 0.930488 -1.465759
v -0.904629 0.945530 -1.488953
v -0.871912 0.863674 -1.545471
v -1.054802 -1.440117 0.906372
v 1.490728 -0.095154 1.263062
v 0.648064 1.513989 1.262756
v 0.623499 1.546150 1.251709
v 0.626062 1.518585 1.254455
v -1.002131 -1.592651 -0.471863
v 1.338173 -1.131397 -1.021484
v 1.417618 -1.055618 -1.031921
v 0.503157 1.339237 1.519958
v -0.381714 1.745037 0.109131
v -0.534595 1.728279 0.137573
v -0.371796 1.756214 0.289368
v -1.634363 0.738342 0.317444
v -1.589245 0.842869 0.364868
v -1.597397 0.818554 0.187317
v -1.107891 0.974708 -1.273560
v -1.118544 0.923946 -1.290527
v -1.381445 -0.453438 1.441345
v 0.961935 -0.834877 1.499573
v 1.382629 1.128754 0.223938
v 1.346266 1.174309 0.250549
v 1.350626 1.187531 0.454590
v -0.789438 1.760063 1.052246
v -0.886412 1.738484 1.056457
v -1.328341 0.727302 -1.220703
v -1.206345 1.472702 1.250061
v -1.444307 -0.554104 1.320679
v -1.071365 1.164929 1.510193
v -1.022854 1.132004 1.498474
v -1.010729 1.170555 1.466431
v -1.048388 1.161984 1.544800
v 0.098001 0.188328 -1.829346
v 0.066254 0.171532 -1.829041
v 0.268509 -1.787739 -0.277405
v 0.346233 -1.775127 -0.344299
v 0.286982 -1.814690 -0.119995
v 1.336267 0.089615 -1.481384
v 1.386246 0.118099 -1.458984
v -1.005001 0.386795 1.725403
v -1.043629 0.362194 1.723145
v 1.014170 -1.629501 0.329041
v -1.006477 0.500424 1.697449
v -1.007692 0.452541 1.705078
v -1.773602 -0.921749 0.016113
v -1.774424 -0.966541 -0.013306
v 0.225130 -1.018989 1.535034
v 0.055298 -1.056450 1.517151
v 0.209415 -1.163334 1.447022
v 1.227346 0.030308 1.567871
v 1.294416 0.005859 1.495911
v 1.236897 0.061016 1.537109
v -1.532736 0.339424 1.254211
v 1.032698 1.188064 -1.172485
v 1.011814 1.187107 -1.265015
v -1.190605 0.372345 -1.528076
v -0.084715 1.639507 1.161438
v -0.125315 1.651619 1.165527
v -0.327324 1.232254 1.560120
v -0.356716 1.257485 1.550293
v -0.027744 0.829567 1.744934
v -1.230888 -1.339634 -0.789856
v 1.293316 -0.829212 1.267517
v 0.217319 0.976097 1.710144
v 0.154846 1.011418 1.703430
v 0.215143 1.424793 1.544922
v 0.315653 1.430199 1.547058
v 0.194901 1.145744 1.659302
v -1.146391 1.237747 1.495056
v 0.265137 1.214157 1.630432
v 0.376852 1.071365 1.664368
v -0.518267 1.368255 -1.250610
v -0.544449 1.383999 -1.273377
v -1.401478 -0.110275 1.514771
v -0.884689 -1.463684 -0.908935
v -0.851244 -1.539185 -0.807861
v -1.209015 -1.516266 -0.362915
v -1.423708 0.799484 1.287292
v -0.117073 1.518349 1.329040
v -0.723770 -1.776669 -0.010803
v -0.104296 0.779263 1.755005
v -0.754873 1.193615 1.526245
v -0.842037 1.205094 1.503845
v -1.115162 1.535667 0.667480
v 1.505404 -0.229008 -1.314209
v 1.242941 -1.010452 1.167908
v -1.392366 0.545521 1.423035
v 0.753431 1.609264 1.112305
v 0.056696 1.337784 1.325867
v 0.079941 1.265679 1.398254
v -1.524467 0.173145 1.352295
v 1.445206 0.580345 1.135559
v 1.253948 0.510170 -1.516541
v 1.282177 0.539837 -1.460083
v 1.134140 -0.953033 1.336731
v -0.863852 1.186996 -1.286194
v -0.878183 1.233269 -1.260620
v 1.076418 1.377941 0.963501
v 1.024248 1.477623 0.628418
v 0.128975 1.460003 1.398254
v 0.459492 1.523548 1.390259
v 0.401628 1.545513 1.413818
v 0.966227 -0.190407 1.692078
v 1.089573 -0.011890 1.660645
v 0.193281 -1.777447 -0.322998
v 0.169659 -1.792465 -0.255188
v 0.012968 -1.786739 -0.282471
v 0.175325 1.215561 1.641785
v -0.415545 1.744446 1.048401
v -0.366911 1.724957 1.025635
v -0.388531 1.755726 1.032959
v 1.231770 -1.126400 1.164612
v 1.240051 -1.149471 1.093506
v 1.254358 -1.100860 1.143860
v -1.180475 -1.451088 -0.561401
v -1.833376 -0.495674 -0.476929
v -1.828667 -0.652065 -0.451233
v -1.825026 -0.673145 -0.402771
v -1.530561 0.272755 1.349304
v -1.202019 1.089096 1.431579
v 1.614481 0.721165 0.510986
v -0.800617 -1.065601 -1.398132
v -0.688499 -1.169273 -1.333374
v -1.434273 -0.435558 1.440002
v -0.653704 1.288349 -1.316223
v -1.296207 0.573463 -1.359070
v -1.319191 0.502052 -1.363831
v -1.347530 0.476955 -1.300476
v -1.324381 0.336311 1.578186
v -0.449930 1.506897 -1.118652
v -0.363516 1.537605 -1.085022
v 1.820507 0.063023 -0.523499
v 1.840761 -0.035225 -0.449402
v -1.154354 -1.354073 -0.804748
v -1.060896 -1.372433 -0.844604
v -1.088160 -1.394352 -0.798950
v 1.305592 0.907219 1.199768
v 1.282877 0.939228 1.250427
v 1.283985 0.886734 1.270935
v 0.112192 1.237789 1.650268
v -1.176411 -1.466843 0.699646
v -1.141718 -1.493271 0.770691
v -1.169035 -1.477489 0.787476
v 1.347200 0.380261 1.414246
v 1.353128 0.339825 1.392761
v -0.329796 0.846664 -1.689758
v -0.160759 0.762668 -1.728638
v -0.336609 0.597679 -1.760986
v 0.323208 1.564606 -0.958374
v -0.173679 0.846535 1.753113
v -0.213625 1.483597 1.403015
v -0.215178 1.444767 1.394226
v -0.415073 0.038048 -1.823242
v -0.319998 -0.079918 -1.828918
v -0.486715 -0.039581 -1.813904
v -1.109692 0.249210 -1.614990
v -1.018900 0.077701 -1.668701
v -0.446341 1.797047 0.819153
v 1.004379 -1.657120 0.315369
v 0.856678 0.982342 1.557373
v 0.908642 0.843834 1.593872
v 1.015110 0.856156 1.532410
v 1.548042 -0.129974 -1.204773
v -0.939428 0.822254 1.596008
v -0.932560 0.731312 1.629028
v 1.609612 -1.216576 -0.128418
v -0.392563 1.494187 1.429932
v 0.779497 1.477039 1.244018
v 0.159391 0.255730 1.843628
v -1.293253 -0.778957 -1.309998
v -1.300869 -0.817753 -1.271118
v -1.346743 -0.768585 -1.268616
v 1.755884 -0.561733 0.591675
v 1.757011 -0.678822 0.506287
v 1.385660 -0.528767 -1.366638
v 1.406343 -0.507103 -1.355896
v 1.404278 -0.548950 -1.321106
v -0.099106 1.723026 1.014038
v 0.927319 1.235420 1.362427
v 0.976698 1.257271 1.301941
v 0.933432 1.286991 1.310303
v 1.047972 0.903770 -1.441651
v 0.202789 1.614113 1.341553
v -1.161022 -1.495987 0.583862
v -1.174761 -1.469955 0.640381
v 1.047281 0.955444 -1.472351
v -1.202116 1.460873 0.713684
v 0.189156 1.636753 1.341797
v -0.476196 -0.590016 -1.700989
v -0.404837 -0.696114 -1.671448
v -0.493404 -0.651882 -1.686401
v -0.878263 -1.682827 -0.234436
v 0.481157 1.353458 -1.363770
v 1.140392 0.934421 -1.406250
v -0.157076 0.838539 -1.704590
v -0.077557 0.861294 -1.705444
v -0.910141 1.224339 1.476074
v -1.524275 0.074017 1.409790
v -0.509937 -1.717030 -0.553406
v -0.386953 -1.734325 -0.509521
v -0.517328 -1.738838 -0.477356
v -0.720139 1.460362 1.388367
v -1.199766 -1.210037 1.113159
v -1.299721 -1.220016 0.977173
v 1.391613 -0.328644 1.449585
v 1.528936 0.674793 0.950928
v 1.531124 0.473473 1.083801
v 1.545328 0.391148 1.089600
v 1.616554 0.319023 0.966736
v 1.205631 -1.256702 1.062622
v 1.231821 -1.229206 1.032044
v 1.263279 -1.257820 1.022339
v -0.906349 1.637707 1.098022
v -1.276087 1.156296 1.389099
v 1.257973 0.937462 1.246582
v 1.265505 0.998291 1.207947
v 0.951233 -1.205971 1.286255
v 0.435692 -1.698158 0.789673
v 0.545187 -1.732430 0.648255
v 0.603039 -0.777351 1.624451
v 0.548889 -0.852425 1.600220
v -0.087551 1.796616 0.762756
v -0.106806 1.799946 0.836120
v 1.010313 -1.639355 -0.451294
v -1.072601 1.026230 1.544250
v -1.081306 0.932057 1.542541
v -1.033417 0.943859 1.549438
v 1.698839 -0.771076 -0.798889
v 1.741058 -0.755432 -0.698669
v -1.100370 1.035965 1.568054
v 0.613102 -1.057930 1.488953
v -0.899456 1.140659 -1.308167
v -1.531155 -0.321747 1.335388
v 0.621471 1.419399 -1.126587
v -1.860939 -0.541039 0.223511
v 1.143064 -1.510551 0.536865
v 1.084730 -1.498329 0.543640
v -1.011070 0.568028 1.669739
v -1.157967 -1.576221 -0.287475
v -1.481941 -1.011677 -0.911316
v -1.553774 -0.935661 -0.905395
v -1.502058 -0.971520 -0.935913
v -0.542633 1.696720 -0.243408
v -0.580650 1.689293 -0.235657
v -0.644541 -0.986019 -1.486450
v -0.835873 -0.949387 -1.463928
v 1.337944 -1.158886 1.006958
v 1.333303 -1.124573 1.056458
v 0.784813 1.459320 -0.557800
v 0.863426 1.404289 -0.672913
v 0.723894 1.479088 -0.623047
v -1.250462 -1.462326 0.435181
v -1.257025 -1.483986 0.411499
v -0.064190 1.192330 1.677917
v 0.001978 1.230126 1.626892
v -0.018867 1.261505 1.628906
v -0.362295 1.231888 1.592651
v -0.389496 1.206131 1.614136
v 1.514250 -0.343849 -1.247314
v 1.561840 -0.321156 -1.195312
v 1.552528 -0.337967 -1.181580
v 0.075964 -1.387947 -1.161865
v 0.057415 -1.434738 -1.100037
v -0.097683 -1.467945 -1.054077
v 0.840136 1.187282 -1.414307
v 0.792736 1.219326 -1.420838
v -0.914186 -0.545860 -1.612244
v 0.812918 1.168442 1.488647
v 0.963533 1.081665 1.447937
v 0.867218 1.269974 1.389953
v 1.554985 0.094986 -1.208252
v -0.577129 1.403824 -1.206604
v -0.651365 1.460983 -1.079651
v -0.582306 1.505947 -1.043640
v -1.010237 1.023334 -1.292908
v -1.662138 0.660896 0.225647
v 1.220100 1.192993 1.034119
v -0.253761 -1.835144 0.045899
v -0.275440 -1.843025 0.214539
v -0.865387 -1.724236 0.174561
v -1.389965 0.626507 1.415527
v 1.224297 0.687081 1.413757
v 1.316589 0.658745 1.374207
v 1.321459 0.697411 1.323425
v 0.061535 1.646420 1.001648
v -1.000071 1.528828 1.159180
v -0.554237 1.761124 0.766601
v -0.578918 1.780560 0.787964
v -0.697851 1.393825 -1.148132
v -0.681116 1.416878 -1.136597
v 1.640057 0.674526 -0.167053
v -0.459841 -1.508404 -0.981506
v -0.561714 -1.515659 -0.954468
v 1.683661 -0.663757 -0.909729
v -1.288622 0.071377 1.596252
v -1.365095 0.353264 -1.346069
v -1.316755 0.403862 -1.364258
v -1.182026 -1.164417 1.149414
v -0.588970 1.124771 1.613281
v -0.411610 1.522862 1.263855
v -0.436491 1.534695 1.319641
v -0.336435 -1.783264 -0.321350
v -1.345345 -1.466259 0.125733
v -0.356375 1.705319 1.064392
v 1.240267 -1.258507 -0.980896
v 0.448782 1.598545 1.309082
v 0.403345 1.581429 1.244751
v -0.980007 1.416668 1.368408
v -1.223587 -0.431946 -1.453003
v -1.185488 -0.322456 -1.513489
v 0.653814 1.628079 0.794311
v -1.356377 0.997337 -0.812378
v 0.387024 -1.669777 -0.683533
v 0.120058 -1.637939 -0.745544
v 0.132135 -1.700619 -0.583862
v -0.060148 -1.682697 -0.638550
v -1.357067 -1.481243 0.002197
v 1.151814 1.138554 1.231140
v -1.436089 -0.051765 1.516602
v -0.150311 -0.590000 1.718140
v -0.243509 -0.485062 1.740723
v -0.291950 -0.589416 1.715332
v -1.468191 0.951317 -0.429138
v 0.998652 0.775646 1.577881
v 0.773518 -0.556004 -1.652344
v 0.893398 1.373406 1.298218
v 0.895905 1.251351 1.354187
v 0.921127 1.331371 1.285461
v 1.158758 -1.532566 0.494202
v -1.305845 0.989792 1.390930
v -1.319729 0.932686 1.394043
v 1.333008 1.050365 -0.535828
v 1.284292 1.119041 -0.436035
v 0.621691 1.453728 -1.000488
v 1.302761 -1.465179 -0.538818
v -1.132690 0.374321 -1.586792
v -0.482399 1.425312 1.427490
v -0.574007 1.186665 1.555847
v -1.110943 -1.572800 0.597839
v -0.948668 0.875542 -1.504089
v -0.809912 0.770664 -1.611450
v 1.444839 -1.007630 -1.032104
v 0.155674 1.294510 -1.450989
v 0.775805 1.536366 0.023620
v 0.704042 1.564190 -0.014343
v 0.795681 1.535912 0.108826
v 1.063126 -0.932594 -1.352783
v 1.443920 -0.325745 -1.367310
v 1.281719 -1.383606 0.839050
v 1.273447 -1.307278 0.954834
v -0.202698 -0.305699 -1.799683
v 0.023590 -0.421288 -1.771240
v -0.258776 -0.448574 -1.764587
v -1.585394 -0.116749 1.320312
v 1.411503 -1.230636 0.829468
v 0.350624 -1.478665 -1.052307
v 0.278946 -1.507259 -1.009033
v 0.313229 1.757935 1.128723
v -1.214127 1.444763 1.265259
v 1.225832 -1.439312 0.743286
v 0.620430 1.554649 -0.414673
v 0.527344 1.599834 -0.343079
v 0.532066 1.619419 -0.165405
v 0.658220 0.911610 -1.596375
v 0.154028 1.462406 1.474853
v 0.060358 1.330246 1.552917
v 0.086592 1.366062 1.556518
v 0.075026 1.359009 1.520996
v -0.885096 1.554512 1.316772
v 0.833864 1.324673 -1.101929
v 0.828146 1.360947 -1.122009
v 1.704865 0.491775 -0.335266
v 1.741047 0.404240 -0.324829
v -0.920378 1.188869 -1.286743
v -0.895693 1.285374 -1.184815
v -1.326670 1.098774 1.362732
v -1.359421 1.062756 1.330627
v -1.332260 1.033981 1.309936
v -1.391785 1.229118 0.541321
v 1.077099 0.104328 -1.625854
v 1.253801 0.097904 -1.532104
v -0.020668 1.784813 0.780395
v -1.350473 -1.314362 0.786865
v 0.987186 -1.694942 -0.208191
v 1.673788 -0.882091 0.632446
v -0.069921 1.218189 1.647461
v -0.076691 1.137005 1.691955
v 1.426722 -1.046638 1.013794
v 1.390598 -0.930252 1.092896
v -0.649315 -1.486122 1.124329
v -0.556911 -1.524200 1.096619
v 1.188698 0.506230 1.547852
v 1.197668 0.601338 1.517822
v 1.146299 0.517948 1.580078
v -1.114048 0.563045 -1.521912
v -1.236202 -0.862831 -1.284668
v -1.327482 -0.869625 -1.193298
v -0.882931 -1.387138 -1.018127
v -1.359369 -1.185486 1.020874
v -1.190552 1.067379 -1.089111
v -1.254225 1.042114 -1.005737
v -1.291378 1.089047 1.366455
v -1.154392 0.870319 1.512329
v -1.210094 -1.080147 -1.125183
v -1.071293 -1.568230 -0.440857
v -0.493347 -1.807800 0.531922
v -0.430206 -1.816856 0.510925
v -0.333000 -1.805443 0.574341
v -0.564438 -0.692509 -1.665161
v -0.570433 -0.570397 -1.713013
v 0.640125 1.389992 -1.123718
v 1.522236 -0.406349 -1.248108
v -1.666248 0.008545 1.194641
v -1.678776 0.020351 -0.953552
v -1.684767 -0.025173 -0.981689
v 1.496681 -0.039246 -1.324280
v 0.175135 1.766441 0.696594
v 0.116121 1.780945 0.758362
v 1.808764 -0.669521 -0.003540
v 1.813074 -0.646828 0.032044
v 1.816847 -0.691284 0.053223
v 1.473701 -0.066223 -1.349854
v 1.430462 0.005512 -1.399414
v -1.273561 0.287308 1.581604
v -1.244301 0.259483 1.634033
v -1.372969 1.093414 1.177063
v -1.363808 1.133167 1.137146
v -1.395922 1.092548 1.112060
v -0.868101 -1.701359 0.210938
v -0.895630 -1.684273 0.244385
v 0.255774 -0.348637 -1.777832
v 0.280680 -0.100197 -1.808533
v 0.392712 -0.245743 -1.781982
v -1.435318 0.889935 1.253723
v -1.772755 -0.688103 -0.629700
v -1.366156 -0.908657 -1.150329
v 0.140339 1.234417 -1.509949
v -0.053617 1.196552 -1.539124
v -0.004505 1.284920 -1.475830
v 1.190012 -1.177666 1.090027
v 1.002567 0.970348 -1.478943
v 1.017759 0.998077 -1.485169
v 0.416260 -1.720062 -0.547241
v 0.472670 -1.748554 -0.457886
v 0.291599 -1.748058 -0.449890
v 0.383070 1.670200 1.111389
v -1.171551 -1.327782 -0.876343
v -1.248482 -1.235561 -0.913513
v 1.193048 -0.261521 -1.519470
v -0.754974 0.851040 -1.597595
v -0.580439 1.020519 -1.570435
v -0.545372 0.848057 -1.658630
v -1.158943 -0.776554 -1.390137
v -1.155760 -0.673046 -1.471252
v 0.637266 0.178322 -1.766785
v 0.610115 0.067558 -1.773376
v -1.511589 -0.153320 -1.265686
v -1.104345 1.055267 -1.193176
v -1.088713 1.004505 -1.281555
v 1.081600 -0.093822 1.656189
v -1.871752 -0.474079 0.118347
v -1.871935 -0.440853 -0.126892
v -1.871986 -0.512863 -0.067749
v 0.297926 1.671112 1.342956
v 0.291832 1.657894 1.320801
v -0.452702 -1.704563 0.830811
v -0.484270 -1.585239 1.024048
v -0.609221 -1.618084 0.956421
v -0.010778 0.113217 1.805847
v 1.359560 0.727585 1.268066
v 1.392151 0.644047 1.253235
v 1.599976 0.442635 0.937988
v -1.115662 1.313664 1.341919
v 1.097683 -1.346161 0.995667
v -0.132065 1.392368 1.424866
v -1.269579 1.177139 1.266357
v -1.265659 0.808758 1.500915
v -0.472574 1.092739 1.493164
v 0.459574 0.884975 -1.639832
v 0.179239 0.905231 -1.669617
v 0.228365 1.508942 1.427673
v 1.356352 0.806992 1.204285
v -1.480978 -0.951038 1.090759
v 1.167521 1.098499 -1.359192
v 1.244375 1.229160 0.976074
v -1.220425 -1.428585 0.668945
v -1.258244 -1.400608 0.625366
v 1.308783 1.163677 0.955994
v 1.268230 1.224800 0.937744
v -1.314226 0.655697 -1.308411
v -1.324654 0.709522 -1.269348
v -1.491137 -0.962215 -0.985046
v 0.827597 1.061069 -1.479675
v 1.068743 -0.477981 1.581665
v 1.208570 -0.515854 1.479614
v 1.165319 -0.424477 1.525757
v 1.403355 0.490608 1.314270
v 1.355354 0.541012 1.357666
v 0.835064 -0.560005 1.658875
v -1.457973 0.626877 1.278748
v 1.632263 -1.120636 0.418091
v 0.455231 1.638874 1.313293
v -1.067717 1.333462 -0.826172
v -0.383556 1.459484 -1.225525
v -0.338686 1.463959 -1.235779
v -0.315157 1.433521 -1.234375
v 1.515018 -0.398785 1.237976
v 1.160131 -1.534916 -0.506714
v -1.278774 -0.527840 1.459778
v 1.505911 -0.681496 -1.179688
v -0.199762 -0.502464 -1.752502
v -0.142591 -0.565796 -1.732666
v -0.221376 -0.542294 -1.744202
v -0.222776 0.817207 1.743896
v -0.322285 0.748726 1.740967
v -0.975180 1.263111 -1.118286
v -0.922359 1.311558 -1.091065
v 1.293449 0.375004 1.472229
v 1.251537 0.480827 1.461609
v -0.158392 0.161571 -1.834229
v -0.030193 0.264191 -1.823303
v 0.061691 0.092262 -1.830383
v 1.647217 0.619701 -0.323547
v 1.683931 0.570881 -0.218262
v -1.179581 1.532829 1.193909
v -1.145496 1.511730 1.166016
v -0.215591 -1.731129 0.786621
v -0.411415 -1.749607 0.728638
v -0.263998 -1.781292 0.659912
v -0.826082 -0.840599 1.587586
v -0.783043 -1.019569 1.502869
v 0.633070 0.139076 1.790466
v 0.550434 0.218861 1.790649
v 0.545401 0.105515 1.790771
v 0.011959 1.636315 1.157471
v -1.490372 -0.126824 -1.279846
v 1.202766 -1.067623 -1.160400
v 0.138756 1.089107 -1.597473
v 0.016090 1.575535 1.220215
v -1.534283 0.317585 -1.102234
v -1.500294 0.390629 -1.129150
v -1.506327 0.295532 -1.149902
v -0.947847 1.256538 -1.157166
v -0.943573 1.238308 -1.212463
v -0.999552 1.503597 1.131225
v -0.689297 1.654038 1.151611
v -0.715605 1.634258 1.186462
v 0.724323 1.222134 -1.385498
v 1.357523 -0.149609 1.453491
v 0.193874 -1.838364 0.142090
v 0.173998 -1.839951 0.214356
v -1.203520 -1.226215 1.050537
v -1.149748 -1.310608 1.023132
v -0.182690 1.748341 0.019714
v -0.234253 1.757000 0.214050
v -0.117014 1.751945 0.121948
v -1.126406 0.761818 -1.394836
v 0.787931 0.499046 1.734436
v 0.700741 0.658890 1.719604
v 0.698812 0.521317 1.746643
v -0.495502 1.574943 -0.944580
v -0.584656 1.589344 -0.831360
v -0.743298 1.261154 1.566101
v -0.288727 1.431839 -1.239380
v -0.313520 1.367248 -1.318298
v 1.159363 -1.503914 0.646362
v 1.221762 0.836117 -1.427185
v 0.102221 1.498508 -1.187012
v 0.773447 -1.761116 0.228150
v 0.693840 -1.762207 0.393005
v 0.569057 -1.790470 0.417053
v -1.476398 -0.452496 -1.267090
v 1.218576 1.115780 -0.765076
v 1.308496 1.003433 -0.808533
v 0.376009 -1.708385 0.801880
v 0.352383 -1.706455 0.794739
v -1.320229 1.224064 1.149170
v -1.008085 1.344349 1.406616
v -1.826838 0.071453 0.335693
v -1.849369 -0.094101 0.290466
v -1.823879 0.042057 0.507263
v -1.295633 -1.458561 -0.343201
v -1.203657 -1.526070 -0.333435
v 0.202925 1.537151 1.329712
v -0.962038 -1.647671 -0.328552
v -1.437742 -1.225433 0.829651
v -0.935165 -1.604847 -0.456909
v -0.291599 1.597645 -0.970398
v 0.988256 0.793194 -1.526367
v 0.908716 0.820427 -1.562134
v -1.233675 -0.904759 -1.237244
v -1.286356 0.039654 -1.459290
v -1.360224 0.600853 -1.244263
v -1.307873 0.589958 -1.352112
v -1.426737 -1.020359 -1.006164
v -1.387592 -1.094093 -0.990478
v -1.197620 -1.251026 0.994324
v -1.211567 -1.298145 0.943421
v -0.986330 -1.241287 1.232788
v -1.006838 -1.231228 1.193726
v 1.591658 -1.244247 0.095825
v 1.465734 -1.391850 0.209900
v -0.688444 1.671124 -0.118530
v -0.744505 1.670776 0.049744
v -0.543882 1.713764 -0.061829
v 0.815577 -1.584946 -0.777161
v 1.267828 -1.533337 -0.055420
v 1.319014 -1.524529 -0.003296
v 1.219172 -1.444057 -0.684509
v 1.771189 -0.110962 -0.855469
v 1.804356 -0.184322 -0.767273
v 1.405443 -1.455143 -0.062744
v 1.383820 -1.458843 -0.240356
v 1.441715 -0.178329 1.391724
v -0.255854 1.660965 1.155884
v -1.472811 1.076984 0.548218
v 0.005495 1.753967 0.213318
v 0.096340 1.742359 0.261597
v 1.352692 1.063816 -0.338501
v -1.525457 0.026871 1.424438
v 0.055527 1.494881 1.229187
v 0.037788 1.420815 1.214599
v 1.174227 -0.850403 1.323670
v 1.275045 -0.848652 1.276917
v 1.256659 -0.803684 1.291382
v 0.218414 1.545784 1.260254
v 1.139349 0.709263 1.470215
v 1.158707 0.700195 1.490417
v -0.606726 -1.778969 -0.224182
v -0.565269 -1.797550 -0.132385
v -1.379541 -0.402298 -1.336304
v 0.029495 -1.500214 -1.009888
v -0.012163 1.311928 1.485046
v 0.999157 1.476002 0.935913
v 0.999533 1.057766 -1.417420
v -1.150652 1.345368 1.309326
v 1.294765 0.563637 -1.448730
v 0.106829 1.317951 1.247436
v 0.051928 1.368473 1.279114
v 0.070633 1.350613 1.309875
v 0.956476 1.246197 -1.292359
v 0.142406 1.375675 1.405334
v 0.087679 1.390926 1.350403
v -1.353828 1.315609 1.062012
v 1.214544 -0.529545 -1.454163
v -1.036749 -1.547401 0.783814
v -1.144531 -1.231815 -1.041443
v -1.157822 -1.229427 -1.004272
v -0.061100 1.632721 -0.906433
v -1.481445 0.791458 1.141296
v -1.320515 0.243343 -1.415710
v -1.270723 0.238514 -1.480835
v -1.280905 0.181316 -1.452698
v 0.574423 1.635151 1.079651
v -0.094618 0.400749 -1.810425
v -0.223515 0.584732 -1.772034
v -0.062355 0.476242 -1.798767
v -1.104885 -0.866734 -1.385376
v -1.179291 -0.835770 -1.350281
v -0.629137 1.700451 1.042358
v 1.366875 1.169197 0.609436
v 1.305515 1.242199 0.546997
v -1.655251 0.256260 1.126465
v 1.336853 1.170727 0.840759
v 1.002243 1.037586 -1.446716
v 0.682467 -1.434254 1.155213
v -1.178038 -1.246445 -0.947571
v -1.025177 0.765938 -1.508545
v 1.100700 0.665726 -1.566711
v -1.182632 0.328522 -1.549500
v -1.289104 -1.382019 0.624390
v -0.330166 1.787247 0.635925
v 1.232298 0.706688 -1.418640
v 1.824572 0.002750 0.146545
v 1.841917 -0.045376 0.000061
v -0.493332 -1.163963 -1.362976
v -0.265665 -1.140251 -1.397461
v -0.324699 -1.267342 -1.278686
v -1.787041 -0.801216 0.443848
v -1.673155 0.105015 -0.931458
v -1.619867 0.176334 -1.005310
v -1.584478 0.127880 -1.091125
v -0.429632 1.738338 0.067505
v 1.002251 -1.189850 -1.189575
v -0.046831 1.153309 1.682190
v -0.370243 1.176655 1.495178
v -0.355097 1.213566 1.531799
v -0.413067 1.274696 1.470093
v 1.752302 -0.853344 0.259033
v 1.778742 -0.752319 0.242737
v 1.742619 -0.813641 0.423584
v 1.343187 -0.577160 -1.346069
v -1.167215 0.647949 -1.461731
v 0.128853 -1.064934 -1.470825
v 0.069721 -1.190930 -1.366882
v 1.074923 1.402855 0.216431
v 1.070528 1.397507 0.162292
v 0.996723 1.450089 0.211792
v 0.963484 -1.617149 -0.476562
v -1.154459 0.707245 1.554810
v 0.454023 1.752529 0.814819
v 1.727098 -0.982571 -0.073120
v 1.784460 -0.791996 -0.118225
v 1.758982 -0.883324 -0.007873
v -0.528109 1.744980 1.184143
v -0.580763 1.710446 1.229553
v -0.861015 0.348778 -1.724548
v -0.785740 0.381538 -1.738953
v -0.798996 0.263790 -1.751587
v -0.554333 1.381882 -1.253662
v -1.241928 1.272881 -0.352661
v -1.126833 1.386005 -0.352539
v -0.418770 -0.003544 1.798096
v -0.507048 -0.162613 1.787415
v 1.331600 0.008133 -1.467896
v -1.316547 -1.194595 -0.972656
v -1.273930 -1.261719 -0.881287
v 0.247252 -1.833611 0.056580
v -0.101555 0.332264 -1.819153
v -0.156693 0.299007 -1.823975
v 0.530468 0.018253 -1.784851
v 0.617464 -0.143860 -1.760376
v 0.474957 -0.147469 -1.782227
v -1.562746 -0.177334 1.349487
v -0.910635 -1.610737 0.663330
v 1.552893 0.802071 -0.286255
v 1.630644 0.675793 -0.253479
v -0.087118 1.308724 1.630127
v -0.094082 1.268871 1.616516
v 0.694595 1.225994 -1.356018
v -1.147017 1.194637 1.498596
v -0.003254 1.375660 -1.392029
v -1.304667 -0.043667 -1.423706
v -1.312565 -0.114803 -1.393982
v -0.714443 1.407917 -1.069092
v -1.184254 -0.003998 1.677490
v -1.152779 0.962952 1.521057
v -1.246101 1.039898 1.493103
v -1.227097 0.970669 1.504211
v -1.164591 1.013340 1.504883
v -1.606716 -1.051487 0.750000
v -1.042442 -1.449936 -0.785095
v -1.336470 0.928784 1.320190
v -0.004377 -0.367741 1.763306
v -1.742943 -0.373432 0.977722
v -1.775551 -0.238064 0.929565
v -1.793989 -0.272392 0.848450
v -1.766485 0.319798 -0.025513
v -1.737337 0.452068 0.093811
v -1.729767 0.444195 -0.056885
v -0.592682 -0.544884 -1.700684
v -0.523020 -0.495087 -1.726318
v 0.756798 1.446819 -0.732788
v 0.767040 1.426922 -0.854187
v 0.713083 1.459484 -0.802673
v -1.129206 0.814705 -1.334473
v -1.165529 0.792728 -1.318665
v -1.134398 0.833938 -1.325806
v -1.240080 -0.454777 -1.432373
v 0.038195 1.213116 1.675110
v 0.053490 1.174061 1.667969
v -0.708801 0.974110 1.619934
v -0.997854 1.022392 1.512451
v -0.902195 0.940109 1.570984
v -0.860474 0.876770 1.603699
v 1.745775 -0.820271 -0.585632
v 1.708481 -0.899071 -0.658752
v 1.685310 -0.895863 -0.692993
v -0.593863 -1.318840 -1.197021
v 1.447870 -1.369518 -0.386719
v 0.629766 -1.754543 0.512573
v 0.605219 1.727310 1.005676
v -0.165190 1.666451 1.050293
v 0.687464 1.149036 -1.428040
v 0.761532 1.156177 -1.400269
v 0.763098 1.134540 -1.412903
v 1.329056 -1.385689 -0.604248
v 1.324146 -1.437305 -0.588135
v 0.606506 1.167404 -1.468201
v 0.197437 1.488266 -1.158569
v -1.379938 -1.271587 -0.776611
v -1.500645 -1.156673 -0.729065
v -1.435646 -1.151432 -0.828796
v 1.705059 -0.941135 -0.607300
v 1.711130 -0.919437 -0.569092
v 0.143011 -1.575149 1.041626
v -0.037634 -1.504642 1.140259
v 0.062101 -1.616363 0.985962
v 0.004763 1.402817 1.294189
v -0.030317 1.440697 1.310913
v -1.860317 -0.241550 0.256958
v -1.864603 -0.219086 0.013855
v 1.695534 -1.018127 -0.397400
v -1.390755 0.922394 1.325439
v -1.421738 0.876789 1.304504
v -0.038408 -0.187763 -1.817749
v 0.008902 -0.338284 -1.790588
v -0.034431 1.539238 1.247558
v 0.311024 1.315513 -1.413635
v 0.213177 1.362575 -1.396851
v 1.317291 1.064926 -0.608948
v 1.292288 1.075085 -0.603882
v -0.825611 -1.466373 1.085449
v 1.408501 -0.681690 1.306641
v 1.470928 -0.613750 1.234802
v -0.714708 1.339783 1.498230
v -1.776199 -0.126434 -0.723999
v -1.775925 -0.098988 -0.754578
v -1.737896 -0.193386 -0.851318
v 1.162212 0.189869 -1.551880
v -1.202333 -0.374405 1.562622
v -1.409996 1.061729 -0.346863
v -1.548954 0.929665 0.451660
v -1.527584 0.962101 0.611023
v -1.506643 1.012711 0.553650
v 1.055851 -1.560764 0.499024
v 0.933979 -1.561420 -0.735718
v 0.667679 1.452465 1.329162
v 1.019363 0.344799 -1.646912
v 0.093716 1.517632 1.201721
v 0.207945 1.514744 1.279236
v -0.614723 0.791561 1.686096
v -0.701645 0.752041 1.682556
v -0.097263 1.613537 1.218628
v -1.285332 -1.482067 0.250488
v -1.228037 -1.499580 0.245056
v -1.193254 -1.549294 0.365112
v 0.634039 -0.674538 1.668762
v -1.445023 0.806255 1.153442
v 1.149412 -1.362377 -0.866760
v 1.779036 0.220905 0.244934
v 1.804447 0.128647 0.155945
v -1.231712 0.509377 1.562866
v 0.958778 -0.532699 1.622192
v 1.211960 1.153774 -0.627136
v 1.169437 1.166580 -0.754089
v 1.096115 1.247501 -0.650940
v -0.706177 -1.517708 -0.909973
v -0.651731 -1.570805 -0.839294
v -1.185574 1.380459 -0.093323
v -1.105288 1.459583 -0.039917
v -1.113317 1.429146 -0.174011
v -1.848288 -0.073029 0.135559
v 0.207363 0.422051 1.814026
v 0.565781 -1.799118 -0.108459
v 1.334961 1.129967 -0.102112
v 1.307846 1.172482 -0.025452
v -1.227314 -1.213871 -0.954101
v 0.776817 -0.089298 -1.728210
v 0.879827 -0.227368 -1.687622
v 0.678644 -0.290222 -1.732727
v 0.217773 1.070130 1.707580
v 0.471054 -0.474060 1.732056
v 0.352119 -0.323795 1.762756
v 0.379498 -0.495155 1.729309
v 0.874882 1.576611 0.919983
v -1.234238 -0.236111 -1.489990
v 1.806807 -0.193993 0.427307
v 1.828905 -0.114826 0.256531
v 1.844711 -0.194965 0.133057
v 0.548428 -1.813755 0.136353
v 0.758812 -1.765797 0.040039
v 0.660320 -1.791763 0.216431
v -0.464523 1.759739 1.012451
v -0.696623 1.432358 1.459534
v -0.810305 1.365761 1.465698
v -1.251913 -1.509914 0.054138
v 0.851471 1.469998 1.188599
v -0.702112 1.106293 1.585998
v 0.192911 0.516525 1.789978
v 0.223959 0.462555 1.800903
v -1.422531 0.560124 1.383118
v -1.509830 0.550606 1.268677
v -0.319792 1.624580 -0.886414
v 1.436731 -0.365437 -1.342529
v -0.145159 1.741703 1.061401
v -1.176825 1.470867 0.931396
v -1.211824 1.449093 0.905762
v -1.218605 1.478478 0.975037
v 0.247379 1.062240 -1.595032
v -0.450489 -1.820381 -0.020386
v -0.312933 -1.821316 -0.077087
v -0.385023 -1.834179 0.082947
v 0.971045 -1.531509 0.782837
v 1.818605 -0.444092 0.311462
v 1.822241 -0.540882 0.145447
v 1.831699 -0.417789 0.195007
v 0.869795 1.301784 -1.183533
v -0.351027 1.792053 0.711853
v -1.503428 -1.343269 0.012146
v -1.433702 -1.413719 -0.069763
v -0.377237 1.100376 1.680664
v 0.825386 -1.683746 0.538391
v 0.734991 -1.711300 0.581299
v -0.904352 1.372318 1.229492
v 1.662846 0.573673 -0.370422
v 1.316994 0.548824 1.383728
v 1.235083 0.566490 1.489014
v 0.561993 0.782089 -1.661743
v 1.348400 -0.959206 -1.154907
v 1.348665 0.450974 1.388062
v 1.435944 -0.150856 -1.366272
v 1.145107 0.998158 1.338989
v 1.100298 1.089184 1.303711
v 1.637823 -0.758842 0.824036
v -1.304573 0.998413 1.397705
v -1.156847 0.144459 1.690247
v -1.594894 0.416882 1.169006
v -1.624765 0.300720 1.166687
v 0.326086 1.585587 1.366272
v 0.177788 1.784729 0.990784
v 0.940472 1.282070 -1.006592
v 0.880219 1.337818 -0.923523
v 1.246769 -1.531879 0.350769
v 1.352846 -1.466087 0.351929
v -1.189493 -1.513683 -0.436035
v -1.194849 1.522636 0.730652
v -1.186163 1.484604 0.731689
v 0.272211 -1.157532 -1.393188
v 0.848425 1.316719 -1.056580
v -0.003195 1.313252 1.560181
v -1.170851 1.241890 1.352417
v -1.194637 1.240032 1.403931
v -0.572090 1.732189 0.247009
v -1.608910 -0.596382 -1.014771
v -1.578556 -0.573380 -1.078125
v -1.558554 -0.621841 -1.062622
v -0.539986 1.682636 -0.362366
v -0.455954 1.698582 -0.377014
v 0.044888 1.582329 1.114746
v -1.382212 1.128662 1.060486
v -1.257139 1.333836 0.081177
v -1.213526 1.394093 0.193725
v -1.144176 1.440998 0.050476
v 1.017054 -0.624779 1.562134
v -0.950623 0.975864 -1.424133
v -0.966391 -1.405273 1.050598
v -0.950994 -1.406479 1.078125
v -1.377996 1.052944 1.249328
v -1.418842 1.030895 1.219055
v -1.187378 -1.431782 0.848206
v -1.074188 1.162850 1.535156
v 1.140697 -1.500805 0.716492
v 0.084078 1.707111 1.141846
v 1.615032 0.430218 -0.886169
v 1.656796 0.231991 -0.966492
v -1.403749 -0.618363 -1.277649
v 1.492174 0.947147 0.725769
v 1.437017 1.047691 0.733032
v 1.362411 1.115322 0.884705
v 0.192568 1.726685 0.269287
v -1.688480 0.597820 0.323730
v -1.672337 0.639641 0.275024
v -0.310648 -0.288223 -1.798279
v -0.471619 1.539669 -1.033875
v -0.206165 -1.705147 -0.586365
v -0.283310 -1.744156 -0.471374
v -1.707188 0.469154 0.725586
v -1.210995 -1.544277 0.235169
v -1.183596 -1.611115 0.188049
v -0.353540 1.526390 1.208496
v -0.423615 1.560360 1.160889
v 0.488890 1.630165 1.333252
v -0.089178 -0.539341 -1.741150
v 0.042393 -0.573647 -1.729553
v -0.239799 0.161613 -1.831482
v -0.155296 0.239548 -1.834045
v 0.301826 1.220276 -1.497803
v 1.149590 0.976295 -1.360535
v 1.173153 0.966343 -1.376892
v -1.005711 1.475014 -0.382813
v -0.888283 1.557964 -0.332642
v -0.516827 1.767441 0.627380
v -0.251389 1.309364 1.493957
v -0.194052 1.263020 1.530517
v 0.849503 1.079826 -1.495178
v 0.852551 1.081955 -1.487061
v -1.331306 1.278336 0.905517
v 0.843037 1.074219 -1.472351
v 1.233955 0.889942 1.283996
v 1.833977 -0.503613 -0.502136
v -1.771233 0.239521 -0.336060
v -1.744205 0.263760 -0.452698
v 0.365089 1.495381 1.518677
v -0.841681 -1.124718 1.419495
v -0.966898 -1.179088 1.319702
v -1.455490 -0.026085 1.495361
v 1.167847 1.093532 -1.253723
v -1.247353 -0.791035 -1.322693
v -1.192886 -0.765816 -1.394897
v -1.483082 0.694019 -0.910950
v 1.195168 0.506584 1.499451
v -1.254074 -0.411549 -1.430359
v -1.023640 1.492199 -0.217529
v -1.147886 1.523892 0.934936
v 0.013227 0.737194 1.769348
v 0.296349 1.581425 1.415771
v -1.518930 -0.346752 1.371948
v 1.618803 0.108932 -1.107178
v 1.616985 0.021999 -1.136902
v 1.607307 0.741817 -0.138733
v -1.027754 1.072548 1.525574
v -0.980902 1.125946 1.479492
v 0.042162 0.327537 -1.815002
v -1.382313 -1.202881 -0.833435
v -1.651745 0.695198 0.431457
v -1.285398 1.017582 1.455688
v -0.154732 1.211544 1.590393
v 1.364521 0.438332 1.373840
v 1.521439 -1.206566 -0.625061
v 0.973343 1.290074 1.270935
v 1.234245 -0.569660 1.434875
v 1.151062 -0.614986 1.447754
v -1.870693 -0.591457 0.000244
v -1.866169 -0.599255 -0.088135
v -1.863796 -0.612965 0.112000
v 0.082655 1.573147 1.115539
v -1.454723 1.106159 0.421997
v -1.379230 1.227283 0.472534
v -1.130018 -1.258716 1.113953
v -0.337973 -1.408611 1.238648
v -0.500296 -1.483883 1.151123
v -0.210489 -1.490490 1.155640
v 1.056267 -0.357414 -1.592834
v 0.260118 0.258518 -1.820068
v -0.893167 1.638805 0.361633
v -0.980989 1.574898 0.171387
v -0.999544 1.583179 0.324768
v 0.194931 1.589901 -0.960205
v -1.406193 0.886135 -0.858154
v -1.513313 0.711964 -0.796753
v -1.254503 -1.152943 -1.055603
v -1.355970 -1.168030 -0.987305
v -0.684645 1.520741 1.375732
v 0.438101 1.723560 0.771301
v -1.276880 -1.504917 0.184631
v -1.305927 -1.476326 0.236939
v -1.250425 -1.471653 0.234253
v 1.210171 1.340061 0.626037
v 0.922979 -0.134979 -1.682312
v 0.875217 -0.073326 -1.703552
v 0.302134 1.731323 1.226318
v -0.902575 1.614113 0.147034
v 0.186115 1.458504 -1.236817
v -0.615997 1.329437 1.364929
v 1.134718 1.119335 -1.384583
v 0.363041 1.625397 -0.583862
v 0.378084 1.599728 -0.750672
v 0.274452 1.633961 -0.718628
v 1.210358 -1.082973 1.201050
v 0.137142 1.591332 1.395325
v 1.217606 -0.630916 1.391235
v 1.228395 -0.735577 1.355042
v 0.863258 1.291092 -1.085999
v 1.028870 1.062118 -1.435303
v -0.972525 1.456551 1.307434
v 1.314438 -1.514786 -0.074768
v 1.167269 1.280335 1.069458
v 1.172752 1.322376 0.952576
v -1.659004 0.414780 1.022278
v 1.241999 -0.179142 1.503113
v -1.066183 -1.208382 1.207764
v -1.112408 -1.211487 1.170838
v -1.049166 -1.212322 1.192017
v 0.776340 0.841946 -1.596741
v -1.804701 0.192173 0.119934
v -1.809660 0.153450 0.004517
v -1.805918 0.166130 -0.056458
v -1.808966 0.133240 -0.109985
v 1.496878 0.800552 0.929443
v -1.602219 -1.182468 0.302490
v -0.138050 1.480747 -1.269104
v -0.071171 -1.684292 0.876709
v 0.002949 -1.678440 0.887573
v -1.567501 -0.705685 -1.034485
v -0.153042 1.734474 -0.216553
v -0.000566 1.729786 -0.202637
v 0.288401 1.583202 -0.926148
v 0.214365 1.762600 0.999023
v -0.604109 1.698536 1.139099
v -0.595470 1.708847 1.109009
v -0.024399 1.628525 -0.916748
v 0.883482 1.523151 0.350159
v 0.781439 1.558273 0.288940
v 1.498137 -0.295456 1.235535
v -0.512510 1.643139 -0.680847
v -0.610428 1.632675 -0.595093
v -1.758831 -0.958504 0.040649
v 0.950846 -1.688267 0.126892
v 0.078520 -1.256458 1.380493
v -0.090027 -1.213505 1.413574
v 1.359781 -0.769062 -1.244507
v -0.349695 -1.717621 0.809143
v -0.607515 -0.606251 1.702942
v -1.776623 0.316910 0.468689
v -1.788624 0.272636 0.372559
v -1.799076 0.186626 0.533875
v -1.446053 0.614430 1.370056
v -1.440941 0.646595 1.339172
v -0.081923 -1.327778 -1.226013
v -0.068436 -1.416901 -1.123596
v -1.036215 0.447597 -1.632080
v -0.904276 0.464634 -1.687012
v 1.184765 -0.642834 1.422424
v 1.435072 -0.814293 -1.149536
v 1.190756 -1.303024 1.016907
v 1.076698 -1.349537 1.047852
v 0.518850 -0.040840 1.787476
v 0.565836 0.038227 1.792908
v -0.622387 1.434761 1.278686
v 1.503653 -1.360188 0.036804
v 1.291880 0.017006 -1.504456
v -1.674314 -0.464558 -0.948120
v -1.555397 -0.493080 -1.116760
v 0.816875 -0.661766 -1.601379
v 0.361305 -0.702770 1.669495
v 0.280949 -0.625210 1.696594
v 0.289406 -0.737575 1.661560
v -1.524935 0.374954 -1.095764
v 1.227140 0.176521 1.564941
v 1.284367 0.151863 1.516785
v 1.342285 -1.503506 -0.040283
v 0.818710 1.186745 -1.380066
v -1.160675 -1.541134 0.519165
v 1.110706 1.256115 1.185974
v 1.439850 0.291466 -1.242310
v 1.502613 0.323814 -1.205200
v -1.635036 -0.287941 -1.055237
v 0.435028 1.709522 0.738159
v 0.410475 1.731266 0.809448
v -1.842722 -0.713295 -0.183716
v -1.797462 -0.845402 -0.236633
v -0.389811 -0.736607 -1.677979
v 0.892418 -1.668587 0.182251
v 0.900385 -1.701931 0.206238
v 0.024511 1.779018 0.683288
v 0.620770 1.095302 -1.517151
v -0.177601 -1.748077 -0.448181
v -0.033092 -1.757427 -0.401855
v -0.538303 1.744354 1.158813
v -0.580019 1.735615 1.099609
v -1.112734 1.121548 -1.117371
v -1.378838 -0.611774 1.358459
v 1.757086 0.237408 0.387634
v 1.756788 0.201016 0.432922
v 1.779675 0.148670 0.349060
v -1.573215 0.870964 0.520081
v 1.097752 -1.473610 0.755676
v -1.368715 -0.485886 -1.322632
v -1.320524 -0.436440 -1.359253
v -1.585938 -0.858784 0.996399
v -1.658878 -0.676754 0.991638
v -0.186178 -0.311649 1.772583
v -0.583706 0.236130 1.789429
v 1.698866 -0.052647 0.854919
v 1.640970 0.009869 1.000244
v -0.412630 1.122887 1.668945
v 1.488832 -0.897339 1.021973
v -1.570608 -1.244240 0.145508
v -1.642902 -1.186272 0.105408
v -1.641922 -1.168385 0.036560
v -1.362465 1.301369 1.190124
v -0.919811 -1.629959 -0.493652
v -1.089527 -1.465294 0.856262
v 1.345146 -0.697376 1.346863
v -1.279161 0.444141 -1.416199
v -1.285408 0.532734 -1.411255
v -1.849186 -0.553570 0.319092
v 0.280783 -1.699154 -0.597290
v 0.142265 -1.496365 -1.012939
v 0.254358 1.710465 1.159485
v 0.268332 1.695252 1.180908
v -1.726631 0.442459 0.614624
v 0.842749 0.547764 -1.668457
v -1.855438 -0.246552 -0.229309
v -1.859085 -0.454598 -0.281982
v 0.851192 1.402771 -0.712830
v -0.931267 1.068996 -1.359253
v -1.029181 -1.550873 -0.564270
v -0.990633 -1.518055 -0.671509
v 0.128887 1.793663 0.791870
v 0.329765 1.732166 0.695557
v -1.071095 -0.129871 1.721802
v 1.592600 -0.831276 0.876343
v -1.297153 1.272785 -0.016846
v -0.669662 -1.374805 1.240234
v -0.842144 -1.280620 1.282166
v -0.747747 -1.388267 1.206360
v 1.201754 1.218304 -0.312195
v 1.197906 1.199905 -0.436096
v 1.120052 1.293865 -0.272461
v 0.088938 1.758549 1.131592
v 1.340006 0.517403 -1.429382
v -1.341820 0.422581 -1.308228
v 0.899088 -1.636120 0.397461
v -0.322495 -0.840809 1.629578
v 1.677296 -0.127869 0.933960
v 0.888094 1.453293 -0.225525
v 0.881321 1.443863 -0.324829
v 0.766388 1.512253 -0.250305
v 0.766937 -0.278374 1.732910
v 0.673992 0.323616 1.778198
v 0.546368 0.353390 1.784729
v 0.646387 -0.595104 1.687317
v 0.578369 -0.435875 1.735229
v 1.470970 -0.931599 -0.988403
v -0.062233 1.765270 0.772156
v -0.936766 -1.666180 0.224243
v 0.799324 1.170406 -1.447571
v 0.776716 1.124050 -1.443298
v -0.978056 0.906872 -1.460755
v -0.571547 0.713333 -1.700012
v -1.123011 -0.648060 -1.482361
v 0.852175 1.083691 1.513916
v 0.143627 0.631127 1.776794
v -0.008991 0.515228 1.786987
v -0.181133 1.374988 -1.381653
v 1.854156 -0.348305 -0.366699
v -0.285580 -0.532280 -1.741699
v -1.206263 -1.328022 0.920166
v -1.241674 1.451637 0.989746
v 1.845055 -0.067444 -0.058167
v 0.669304 -1.704937 0.645081
v 0.167366 -1.230190 1.399231
v 0.325663 -1.145843 1.454102
v 0.359522 1.661560 1.110535
v 0.316549 1.661804 1.035217
v 1.334671 -1.469936 0.412720
v 1.451323 -1.328548 0.548218
v 1.357723 -1.409061 0.536621
v 1.791410 -0.744434 0.033691
v -1.006781 1.449890 1.334045
v 1.101307 -1.629810 -0.068176
v -0.113146 0.709080 -1.758545
v -0.134537 0.699669 -1.748596
v 1.407118 0.472878 1.284790
v -0.061531 1.754745 0.251648
v -0.108913 1.759640 0.314209
v -0.012375 1.757809 0.400268
v 0.462904 -1.642437 0.907837
v 0.616629 -0.338768 1.745728
v 0.482111 -0.224239 1.771362
v 0.512896 -0.313503 1.758301
v 1.832275 -0.165012 -0.629089
v 1.832644 -0.051518 -0.566467
v -0.837734 1.722157 0.828796
v 1.752501 0.328217 -0.470032
v -0.843660 1.708099 0.815124
v 0.213392 1.730488 0.360535
v 0.726124 -1.639359 0.781922
v 0.736250 -1.571464 0.916443
v 0.536028 -1.632027 0.892883
v -1.303400 1.349197 0.593750
v -1.273115 1.361698 0.455322
v 1.504456 -0.635964 -1.201416
v -0.075121 0.677177 -1.754211
v 0.553907 0.554150 1.760193
v 0.608934 0.708290 1.724548
v 1.068884 0.599335 -1.559631
v 1.036791 0.596359 -1.590759
v -1.788233 0.177006 0.677734
v -0.355379 1.277931 1.493408
v 0.143787 -0.671387 -1.689819
v -0.999454 -1.540314 0.842468
v -0.758574 1.726936 1.059204
v 0.107420 0.862148 -1.695801
v 0.159788 0.823334 -1.708557
v -1.850609 -0.238533 0.417480
v -1.840214 -0.256187 0.547485
v 0.362761 0.481060 1.785034
v 1.846357 -0.405418 -0.001831
v -0.443449 1.344070 -1.306763
v -1.742069 0.259605 -0.495300
v -1.767084 0.142033 -0.510010
v 0.883926 -1.717514 -0.045410
v -1.591507 0.553070 -0.768189
v -1.684839 -0.462276 1.070496
v -0.102707 -0.733219 -1.671387
v -0.036123 -0.707897 -1.680725
v 0.003881 -0.727646 -1.670898
v 0.913914 1.481819 0.131287
v 0.919741 1.468983 0.056213
v 0.572222 1.706028 1.030273
v -1.478907 1.003780 0.890198
v 0.974970 1.361984 1.302734
v 1.705551 -0.903076 0.493469
v 1.684458 -1.027340 0.360474
v -0.221014 0.056587 -1.837646
v -0.201252 -0.073704 -1.829529
v -1.250513 -1.456226 -0.516785
v 0.833410 -0.831245 1.554871
v -0.255548 -1.663669 0.916199
v -0.389324 -1.569603 1.049500
v -0.410049 -0.480541 -1.743774
v 0.544388 1.014862 1.651489
v 0.508057 0.927315 1.684387
v -0.310673 -0.995842 1.554077
v -0.176098 -0.934109 1.585632
v 0.068535 -1.808815 -0.177246
v 0.167803 -1.820915 -0.078979
v -0.200872 -1.195282 1.427612
v -0.145739 -1.046749 1.523804
v -1.694721 0.561409 0.041931
v -1.662729 0.641529 -0.007568
v -1.719696 0.455441 -0.172180
v -0.492825 -1.779076 0.624695
v -0.554203 -1.804134 0.512390
v 1.431740 0.137177 1.339294
v 1.453884 0.227604 1.310486
v -0.172827 -1.589272 -0.856995
v -0.067396 -1.520859 -0.976196
v -0.036385 -1.584969 -0.861694
v -0.661257 1.210556 1.609497
v -0.220188 1.775406 0.511902
v -0.251886 1.776367 0.514343
v 0.174761 -0.402584 1.754395
v -0.237717 0.107586 1.801453
v -0.197119 0.085568 1.802490
v -0.083857 0.092774 1.801880
v 1.034130 -0.187626 -1.627747
v 1.040266 -0.238609 -1.619568
v -1.435049 1.112381 0.809875
v 0.748161 0.376553 1.764099
v 0.717318 0.409062 1.760559
v -0.781258 0.753616 1.663025
v 1.762955 -0.385792 0.636169
v 0.511103 1.339062 -1.331360
v -0.695820 1.792999 1.042053
v -1.391535 1.126324 1.235535
v 1.096281 1.117863 -1.396362
v 0.784206 1.605797 0.946716
v -1.087072 -1.582798 0.492554
v 1.496513 0.297630 -1.228638
v 1.716284 0.211144 0.648315
v -0.645994 1.240826 1.593628
v -0.451981 0.336670 -1.801392
v -0.325087 0.244579 -1.821106
v -0.015104 -0.688297 1.685181
v -0.120338 -0.649021 1.699280
v 1.633894 0.265831 0.950989
v 0.733753 0.747711 -1.640320
v 0.145805 -0.630161 1.701416
v 0.327173 1.566063 1.290649
v 0.653339 -0.072529 1.774414
v 1.480101 0.932751 -0.205200
v 1.351229 1.092953 -0.212158
v 0.119133 1.752541 0.507080
v 0.148088 1.748440 0.554626
v -1.061245 -0.690994 -1.526184
v -0.747581 1.448887 -1.033692
v -0.183622 1.794640 0.743042
v -0.285650 1.788979 0.696655
v 0.281822 1.691342 1.140991
v 0.046661 0.440346 -1.798950
v -0.997595 1.575905 0.863403
v 0.463667 1.374531 -1.278015
v 1.367678 0.504833 -1.393494
v 1.498524 -0.288048 1.295166
v 1.280602 0.602184 1.422607
v -0.202118 1.772213 0.464966
v 1.448402 -1.388607 0.326538
v 0.851543 1.489647 -0.081177
v 0.709229 1.549351 -0.153504
v 1.486702 -1.098843 -0.865601
v -1.038002 1.332199 -0.904785
v -1.776766 0.320988 0.304687
v -1.351341 0.775192 1.377075
v 1.389439 -0.769856 -1.241272
v -0.863079 -0.736073 -1.564697
v 1.662840 0.367413 0.769409
v -1.823421 0.069214 0.429321
v -1.277752 -1.324070 0.865479
v 0.255274 1.660317 1.344177
v 0.419559 -0.629986 1.691528
v -1.321529 1.308437 0.510986
v 0.300150 1.709812 0.376709
v 0.441528 -1.798054 -0.208862
v 0.435837 -1.814640 -0.063293
v -1.554531 -1.122932 0.760071
v 0.898344 1.289677 -1.104126
v 1.130911 0.381428 1.618103
v -0.607176 -1.803730 0.024597
v -0.361462 -1.543396 -0.934265
v 0.111301 0.709484 1.772339
v -0.455034 -0.723198 -1.664856
v -0.771202 1.389542 1.454468
v -1.130472 -1.581425 0.460022
v -1.129341 -1.592079 0.406860
v 1.201712 0.912384 1.275452
v 0.086596 -1.719063 -0.530090
v -0.114817 -1.711563 -0.563904
v 0.460722 0.166782 -1.795532
v -1.539909 0.936367 0.159729
v -1.550528 0.924488 0.348144
v 0.899353 -1.159943 1.349793
v 1.818317 -0.571934 0.221069
v 1.806427 -0.619381 0.217773
v -0.384521 0.565479 1.764893
v -0.475046 0.548660 1.757751
v -0.369570 0.375378 1.788696
v -0.422678 1.046761 1.681702
v -0.494431 1.002190 1.672180
v 1.265892 -1.496681 0.342224
v -1.871992 -0.342754 -0.048828
v -0.257568 1.421021 1.323486
v -1.434216 1.094353 1.187927
v -1.293365 0.848896 1.454895
v 1.478378 -0.109524 1.323608
v 0.679672 0.796848 1.685120
v -0.792494 0.502266 1.732361
v 0.789028 -0.183121 1.741760
v -0.907558 -1.648602 0.452759
v 1.294722 -1.428925 -0.626221
v 1.340761 -1.366692 -0.618652
v 0.988512 1.380081 -0.311707
v 0.876583 1.433201 -0.425232
v 1.264835 0.356918 1.508667
v 0.831991 0.679745 1.684082
v 0.765812 0.784306 1.669128
v 1.653620 0.609207 0.483154
v 1.683187 0.452446 0.564331
v 1.696400 0.461517 0.469849
v 0.118141 0.704338 -1.739807
v 0.284864 0.700245 -1.727356
v -1.513987 -0.768700 1.147949
v 0.065762 0.236038 1.829163
v 1.399973 -1.071442 0.967712
v -0.581293 -1.452229 -1.050232
v 1.128279 -0.622963 1.483093
v 0.407585 -1.823425 0.029114
v -1.846817 -0.200310 -0.272522
v -1.839949 -0.225014 -0.369324
v -1.848648 -0.356979 -0.389648
v 1.405418 0.539516 -1.188232
v 1.382675 0.533604 -1.228210
v -0.481615 1.373039 -1.239929
v -1.087105 -0.066994 -1.622925
v 0.187181 -0.796318 -1.632995
v 0.160933 -0.874756 -1.593323
v -0.443512 -0.974148 1.561768
v -1.370104 -0.543244 -1.303711
v -1.440430 -0.568485 -1.255310
v -0.614719 0.946274 1.651123
v -1.447750 1.106255 0.758057
v 0.694195 -0.877422 -1.527832
v -1.641502 0.376278 -0.804382
v 1.129446 -1.163647 1.200073
v 0.595991 -1.688709 -0.627197
v 0.794479 -1.686310 -0.549621
v 0.757719 -1.723289 -0.458801
v 0.152081 -1.672233 0.887940
v -0.246628 1.078316 1.708008
v -0.709040 -1.688416 0.780762
v -0.802576 -1.653942 0.793152
v -0.758137 -1.694527 0.725769
v 1.264994 -0.583923 -1.398987
v -0.310520 0.010903 1.799744
v -0.611729 0.077343 -1.800537
v -1.809401 -0.092346 -0.515503
v 0.869453 1.555405 0.592224
v 0.763283 1.605530 0.684021
v -0.373592 0.976582 1.703125
v -0.417944 0.897781 1.705200
v -1.070866 1.490295 -0.017761
v -0.970669 1.545048 -0.117737
v 0.206114 1.737885 0.761474
v 1.483135 0.141602 1.266968
v 1.541653 0.162048 1.176025
v -0.414181 1.713337 -0.285523
v 1.718666 0.468185 -0.275940
v -0.987648 -1.631378 0.285462
v -0.108356 1.737194 -0.163941
v -1.806068 -0.203697 -0.616211
v -1.781805 -0.320923 -0.719360
v -1.827955 -0.411999 -0.523621
v -0.524374 1.141083 1.611633
v 0.555527 -1.380230 -1.165771
v 0.628263 -1.300354 -1.237060
v 0.701227 -1.408787 -1.103577
v 0.302837 1.757183 1.262085
v 0.593647 1.532658 -0.666260
v 0.326635 1.341205 -1.358154
v 0.265640 1.706482 0.060852
v 1.537319 0.317673 -1.163025
v -1.777519 0.319771 0.387390
v -1.725132 0.489460 0.382812
v -1.489767 0.563786 1.285522
v 0.513067 -1.336147 -1.220093
v 1.759811 -0.089813 0.640198
v 1.772432 -0.227566 0.617615
v 1.781179 -0.099861 0.549927
v 0.004028 0.858684 -1.703430
v -0.146149 0.879368 -1.690247
v -1.379694 1.124893 -0.263489
v 0.217348 1.771145 1.178345
v 0.336403 0.273704 -1.805786
v 0.229561 -1.675804 -0.657715
v -1.522181 -0.057007 -1.200195
v 1.665487 0.608608 0.375061
v 0.170595 1.388965 -1.354370
v 0.229021 1.113892 1.668640
v 0.233912 1.066029 1.682129
v 0.878462 0.279175 -1.699402
v -1.846233 -0.719360 0.072327
v -1.835136 -0.751266 0.140442
v -0.261307 -1.508476 -0.993347
v 1.291082 -1.544701 -0.136291
v 1.132246 1.394188 0.493530
v 1.199993 1.333366 0.428467
v 1.719049 0.109318 0.711548
v -1.591980 -1.213261 -0.295227
v -1.498726 -1.318829 -0.312073
v -0.361588 1.413895 -1.287659
v -0.387062 1.376602 -1.313843
v -1.026028 0.995491 -1.290466
v 1.620955 -1.007904 -0.713806
v -1.736126 -0.702148 -0.732300
v 1.251003 -0.412357 1.448303
v -1.087608 0.813194 -1.408081
v 1.020178 0.501717 1.658142
v 0.948898 0.309662 1.717651
v 1.085245 0.310780 1.653748
v -1.425835 -0.923061 -1.096008
v -1.453981 -0.844875 -1.120788
v 1.856915 -0.243511 -0.427673
v 1.470078 0.085529 1.288757
v -1.822653 -0.444996 0.615234
v -1.844687 -0.417187 0.463562
v 0.270952 1.325882 1.617981
v 0.910511 -1.703876 0.249451
v 0.993261 -1.681496 0.221192
v 1.117281 0.080311 1.648499
v 1.631269 -0.898373 0.735718
v -1.471008 0.826237 1.259582
v 1.693869 -1.063358 -0.060730
v 1.719078 -0.997353 -0.205444
v -0.733822 1.359833 1.430237
v 1.303999 0.994789 1.172180
v 1.300953 1.014301 1.142456
v -0.352570 -1.672470 -0.674255
v -1.547136 -1.214500 0.501587
v -1.297501 -0.848476 1.280274
v 1.483364 -0.037399 1.323120
v 1.637236 0.708862 0.095703
v 1.620493 0.731998 -0.029785
v -1.175507 -1.585972 0.085205
v -0.999659 -1.664913 0.045288
v 0.921143 1.268898 -1.194824
v 1.181814 -0.377056 1.502808
v -1.125814 -1.001083 1.341065
v 0.035324 -1.300640 -1.258911
v 1.292997 -0.760906 1.304688
v 1.258768 1.249043 0.139343
v 1.155626 1.317295 0.030517
v 1.119930 1.371895 0.220642
v 1.373119 0.634503 1.312073
v 1.391167 0.580860 1.263916
v 1.369101 0.538880 1.328125
v 0.184084 -0.561447 1.717529
v -0.404339 0.704861 1.739380
v -0.248421 0.603455 1.768677
v -1.468851 1.105473 0.676269
v -1.328493 1.118282 -0.575928
v -1.265814 0.411205 -1.427490
v 0.061144 -1.561028 -0.901428
v -0.954641 -0.125637 1.753845
v -0.598293 -1.730560 0.727173
v -0.576336 -1.664585 0.887634
v -1.579054 -0.144940 -1.131653
v 1.112623 1.186737 -0.882996
v 1.002310 1.327980 1.173035
v -0.241358 1.786983 0.630981
v -0.098135 1.651089 -0.821900
v 1.712187 0.496502 0.234497
v 1.728277 0.377613 0.377502
v 0.450422 -0.597775 -1.695496
v 0.592159 -0.504482 -1.704041
v 0.699070 -0.660729 -1.630493
v 0.643223 1.524391 -0.563477
v 0.441210 1.598263 -0.603211
v 0.287088 -0.766739 -1.643494
v 1.628851 0.524906 0.761841
v 1.665243 0.442059 0.685120
v 0.398573 1.572613 -0.861389
v 1.714819 0.333756 0.532104
v 0.382351 0.763195 1.741089
v 0.442789 0.861836 1.713013
v -1.427805 0.967617 1.159790
v 0.206207 1.634365 -0.791321
v 0.103920 1.634117 -0.858032
v 0.114290 1.651604 -0.783447
v 0.622143 -1.722713 -0.527344
v -0.309063 1.793713 0.553955
v -1.649082 -1.096531 0.461609
v 0.445892 -1.455471 -1.080810
v 0.557777 -1.479424 -1.037170
v -0.312290 0.453728 1.784485
v 1.014936 1.317951 -0.604614
v 0.901274 1.396542 -0.567017
v 1.604618 0.386112 -0.964172
v 1.634834 0.244862 -1.006287
v 1.408493 0.822437 1.100830
v 1.363050 0.843498 1.183472
v -1.033278 0.821525 -1.474426
v -0.042562 1.562855 -1.052490
v -0.733141 -1.633629 0.885559
v 0.939487 1.235054 -1.363220
v 0.913486 1.215622 -1.369324
v 0.918907 0.516983 1.693176
v 0.924911 0.456619 1.702637
v -1.289072 -1.433743 -0.516662
v -0.157267 -0.646362 -1.704712
v 0.437462 0.150028 1.796631
v 0.370911 0.089760 1.796875
v 0.337826 -1.516117 -0.998840
v 0.681732 1.386455 -1.086426
v -0.786158 -0.545178 -1.655334
v -0.666986 -0.391266 -1.729370
v -0.605053 -0.475655 -1.718994
v 0.742849 1.499172 -0.428040
v 0.692495 1.534805 -0.340393
v 1.226562 0.085289 1.571228
v -0.829393 -0.038200 1.776978
v -0.617714 -1.719299 -0.510071
v 1.447016 0.302990 -1.369202
v 1.689032 -0.314480 0.898621
v 0.587172 -1.759903 -0.399719
v 0.663931 0.345280 -1.749573
v 0.729900 0.269283 -1.744080
v 0.078554 -1.188011 1.430969
v -1.674658 -1.081188 -0.328125
v 0.031040 -1.619408 -0.789734
v 1.106451 1.164631 -0.989014
v -1.019159 1.434002 1.298706
v -1.036934 1.425003 1.338989
v 1.441216 0.559978 -1.171143
v -0.045643 1.749683 0.727722
v 0.210541 -1.740376 -0.462952
v 0.645325 1.481319 -0.852173
v 0.219337 0.732216 1.759338
v -1.022522 -0.452911 1.667419
v -0.987621 -0.332744 1.709167
v -1.773407 0.239799 -0.272400
v 0.264809 1.727406 1.268677
v -1.145247 -1.098457 -1.176819
v -1.054487 -1.218228 -1.151062
v 1.413935 0.544953 1.275330
v 0.431149 0.320862 1.793274
v -1.383862 1.208763 0.799927
v 1.163034 1.183418 1.159302
v 0.184084 -0.449494 -1.758545
v -1.018814 1.578197 0.392334
v -0.916761 1.656849 0.660950
v -0.370041 -1.160633 1.449097
v -0.443771 -1.156620 1.449524
v 0.370754 -0.949180 1.565003
v 0.186033 -0.904957 1.593262
v -1.278673 -1.513157 0.091492
v 0.993006 0.593754 1.645752
v 1.143993 -0.128258 1.619263
v 0.364553 1.326824 -1.368408
v 0.456760 -1.536598 1.064026
v 0.264763 -1.611427 0.979309
v 0.368202 -1.621162 0.949707
v 1.305466 1.001778 1.116821
v -1.556549 0.761265 0.958008
v -1.628517 0.581772 0.937378
v -0.276133 1.509518 -1.156494
v -1.732592 0.044556 -0.795471
v 0.301296 -1.691109 0.836670
v 0.224785 0.501770 1.803650
v 1.008007 1.438645 1.042114
v 0.338270 1.709053 1.017578
v 1.810165 -0.459660 0.370056
v -0.121395 -1.652515 -0.717285
v -1.718700 -0.519867 -0.852661
v -0.021503 0.611725 1.776611
v 0.913950 1.505829 1.108276
v 0.693623 1.508217 -0.522705
v -0.163727 0.477280 1.786133
v -1.637911 -0.025780 -1.041992
v -1.667398 0.487145 0.916443
v -1.657482 0.556603 0.853821
v -1.004293 -0.911015 -1.416382
v -0.974228 -1.100727 -1.313965
v 0.616241 -0.923058 -1.517151
v 1.731880 0.218861 0.561340
v -0.693213 1.500218 1.320434
v 1.180243 1.264526 -0.160462
v 0.249672 1.313797 1.591492
v 0.276867 1.805515 1.170837
v -1.619900 -0.257641 1.262817
v 0.999010 1.295097 1.293884
v -0.436815 -1.319240 1.322632
v -0.322187 -1.283001 1.357971
v 0.045130 -0.892696 -1.586365
v 0.573652 1.436024 1.399719
v 0.294167 0.819015 -1.690369
v -0.671312 0.636356 1.716248
v -0.369768 -0.498833 1.737366
v 1.846104 -0.385319 0.072022
v 1.834465 -0.487064 0.067993
v 0.119055 1.191521 -1.541382
v -1.095905 0.053570 -1.622131
v 0.861050 1.188305 -1.368103
v 0.514978 1.243294 1.564941
v 0.803392 0.128013 -1.728027
v -0.793158 1.649750 0.024780
v 0.046429 -0.164654 -1.816956
v 0.560364 -0.201840 -1.765991
v 0.628786 -0.390049 -1.727051
v 1.410765 -0.046288 -1.436462
v 1.725569 0.490910 -0.023254
v 1.761938 0.356583 -0.209229
v -1.643494 -1.069046 0.596191
v -0.706999 -0.171184 1.779968
v 0.338070 0.822670 -1.683960
v -0.241758 1.745907 -0.033692
v 1.746523 -0.903633 0.159729
v 0.401331 1.658726 -0.194763
v 0.530373 1.627609 -0.069458
v -0.239704 1.698502 -0.555481
v -0.310274 1.739189 -0.093201
v -0.374105 1.731232 -0.162842
v 1.011335 -0.821365 -1.448730
v -1.746756 -0.675484 0.769836
v 0.354792 -1.830795 0.106629
v -1.312284 0.987778 -0.960571
v -1.695641 0.469315 -0.338623
v -0.647354 1.676941 -0.204956
v -0.729124 1.652428 -0.220947
v 0.553045 -0.122913 1.779785
v -1.033924 -1.136414 -1.245117
v -1.032913 -0.988258 -1.355224
v -0.036898 1.674881 -0.708862
v -0.026711 1.703541 -0.537537
v -1.658060 -1.023075 -0.572815
v -1.599052 -1.124691 -0.539062
v 0.337410 -1.830948 0.247559
v 0.424685 -1.825939 0.255554
v -0.478951 1.721241 1.029846
v 1.068527 1.240620 -0.803589
v -1.841492 -0.649834 -0.339661
v -1.823481 -0.710888 -0.359375
v 0.671354 1.122135 -1.470825
v -0.630320 1.720947 1.199097
v -0.805695 1.579945 1.105530
v -1.484921 1.014751 -0.001526
v -1.483967 1.047733 0.121094
v -1.353415 1.210815 0.042663
v 1.572454 0.643868 0.855774
v -1.749784 -0.074463 -0.810974
v -1.635452 0.719383 0.066040
v 1.379660 0.183224 -1.467590
v 1.637136 0.157955 -1.054688
v 1.664227 0.126392 -1.023071
v -1.776001 -0.591484 0.737671
v -1.778578 -0.459385 0.818420
v 0.118315 -0.258778 -1.801392
v 0.252630 1.616806 1.354614
v 0.373510 -0.379589 -1.761780
v 0.459492 -0.397484 -1.749939
v 0.304861 -0.463780 -1.749207
v 0.298487 1.607998 -0.820740
v 0.309084 0.015804 1.797363
v 0.334864 -0.106136 1.787720
v 1.118414 1.261677 -0.476441
v -0.513674 0.684372 1.730347
v -0.412552 0.620117 1.753967
v 0.679579 1.089397 -1.525696
v 0.035524 1.340199 1.499573
v 0.953625 -1.132343 -1.268310
v 1.850237 -0.444069 -0.326233
v 0.487644 1.678692 0.556824
v -0.121792 -1.105663 -1.433533
v -0.183184 -1.223690 -1.325073
v 0.651224 -1.456268 -1.054504
v -1.817228 -0.717152 0.366333
v 0.332596 -0.025986 -1.808777
v -0.901718 0.543980 1.705872
v -0.717878 -0.702927 1.663086
v -0.762402 -0.781750 1.626526
v 1.004660 1.351391 -0.447815
v -0.718102 1.518704 1.295898
v -0.168413 -0.168644 -1.824463
v -0.930939 -1.676922 -0.131287
v -0.800884 -1.734245 -0.157348
v 0.582491 0.239838 -1.774170
v 1.162050 1.297119 -0.048706
v -0.761877 0.178059 1.783020
v -0.481180 -1.313885 -1.216797
v -0.843863 1.500229 -0.761231
v -0.762945 -0.235668 1.767761
v -0.736042 -0.386307 1.744995
v 1.045343 -0.684071 -1.501709
v 0.519190 -1.044903 1.504883
v -0.480209 -1.590344 -0.842834
v 1.016546 1.235199 -0.986694
v 1.216734 1.247982 -0.088318
v 1.253901 1.182316 -0.253235
v 1.533289 0.088295 1.200134
v -1.852491 -0.668427 -0.184143
v -0.277998 1.780285 0.562500
v -0.978947 -1.635216 -0.183960
v 1.020760 1.289791 1.282349
v -0.048889 -0.025536 -1.832092
v -1.063753 1.573330 0.387756
v 0.040041 1.731270 -0.100098
v 0.082211 1.730579 -0.006897
v 1.512180 0.918823 -0.028442
v -0.203945 -0.811558 -1.638489
v 0.711979 -0.044014 -1.747070
v 0.689096 1.194294 -1.412232
v -0.437138 1.241490 1.454590
v -1.200167 1.269695 1.297485
v -0.301197 -1.603119 -0.830749
v -0.091387 0.659500 1.771118
v -0.161053 0.567059 1.778381
v -1.715086 0.395122 -0.383911
v 0.430630 0.727272 -1.699829
v 0.596943 0.626877 -1.705933
v 0.395199 0.593231 -1.744385
v -0.042318 -1.761848 0.709290
v 0.400576 0.482147 -1.770020
v 0.579285 0.548584 -1.731140
v 0.981993 0.934177 -1.505310
v -0.709682 -0.578297 1.703552
v 1.299068 -1.488297 -0.053650
v -0.086975 -1.100662 1.489685
v 0.181396 -1.716194 0.799744
v 0.079426 -1.744648 0.743408
v 0.272606 -1.754662 0.692444
v -1.145742 -1.133346 1.205811
v -1.123888 1.063324 1.533508
v -0.281460 0.390038 1.793579
v -0.405279 0.239815 1.796814
v -0.266840 0.269917 1.797607
v 1.512840 0.483456 -1.087708
v -0.233149 1.740288 -0.117676
v 0.473248 0.051597 -1.794434
v -1.222723 1.157074 1.270386
v 0.091461 -0.955856 -1.547546
v -0.056482 1.659988 -0.785156
v 1.467594 0.715088 1.064636
v -1.583408 0.562805 1.086060
v -1.036385 -1.399384 -0.854004
v -1.160872 -1.205460 -1.072632
v -1.844187 -0.527122 -0.387024
v -0.474236 1.521057 1.211120
v 1.645172 0.541012 0.664001
v -0.911213 -0.274197 1.739685
v -0.805845 -0.372692 1.739807
v -0.028889 1.772369 0.716736
v -0.327871 1.203976 1.617920
v 1.088673 -1.538414 0.531006
v 1.487104 0.987778 0.590637
v -1.176460 1.210571 1.411743
v -1.539949 0.080906 -1.159180
v -0.319254 -1.683945 0.878418
v -1.799301 0.148949 -0.186951
v -1.079256 1.124664 -1.140686
v 0.201952 1.168568 -1.546204
v 1.602533 -0.450436 1.074036
v -0.725039 -0.320141 -1.732849
v -0.745777 -0.214150 -1.745117
v -0.590843 -0.188175 -1.781982
v -0.243443 -0.743427 -1.661621
v 0.800476 -1.752041 0.148071
v 0.914997 1.456314 1.154297
v -0.815796 -0.880272 -1.510986
v -1.819433 -0.061462 -0.377258
v 0.020746 1.787075 0.852844
v 1.665762 -0.829449 0.695129
v 0.041304 -0.107643 1.792053
v 0.015194 -0.264286 1.777527
v -1.746723 0.432522 0.190735
v -1.172119 1.027485 1.477234
v 1.444897 0.994312 -0.123901
v -0.164759 -1.538586 1.097778
v -0.002344 -0.922489 1.589356
v -0.403555 -1.805866 -0.175598
v 1.803528 0.213345 -0.070618
v 0.920040 -0.348965 -1.657288
v 0.184809 -1.270233 -1.294983
v -1.240385 1.411236 0.575806
v -0.926304 -0.210747 -1.688477
v -0.979939 -0.100445 -1.678223
v -0.882687 -0.110745 -1.716858
v -1.083405 1.542278 0.421875
v 0.548796 1.643536 0.345215
v 0.685394 1.586510 0.201111
v 0.009438 1.665291 -0.750855
v 0.086292 1.670395 -0.684448
v -1.073711 1.250488 1.465027
v -0.280603 1.156727 -1.533997
v -0.186457 1.025059 -1.625244
v -0.642487 -1.786030 -0.116089
v -1.650059 -1.138123 0.142395
v -1.680670 -1.118439 0.132874
v -1.786812 -0.931850 0.128174
v 1.006289 1.417229 0.022034
v 1.045242 1.371063 -0.117798
v 1.141527 -1.622364 -0.295471
v 1.762428 -0.451164 -0.844788
v -0.500492 1.745613 0.335693
v -0.129658 1.776562 0.510742
v -0.427715 -1.835251 0.181275
v -1.069315 0.043972 1.732544
v -0.530540 1.669647 -0.466919
v -1.574209 0.803410 -0.226440
v 1.269247 1.259232 0.294372
v 0.299316 -1.083950 -1.448608
v -0.578184 -0.480217 1.736694
v -0.438602 -0.621841 1.703430
v 1.730053 -0.741920 0.556030
v 0.960182 1.384213 1.162903
v 0.357815 -0.820019 1.623108
v -1.840797 -0.721828 0.195740
v -0.553801 -1.369602 1.265137
v 0.200832 1.663502 -0.610962
v 0.122587 1.700218 -0.413147
v -1.232723 1.191196 -0.744690
v -0.182787 -1.328144 -1.222595
v 0.977745 0.140289 -1.668457
v 0.990244 0.217476 -1.664001
v 1.305782 -0.592926 -1.352600
v -1.582293 -1.190601 -0.415283
v -0.206104 0.330513 1.794861
v -0.817863 -0.342518 -1.702515
v -0.692944 1.495129 1.403686
v -1.202211 1.215565 1.343017
v -0.513657 -1.657394 -0.699768
v -0.421938 -1.628006 -0.774109
v -1.731697 -0.312466 -0.860107
v 0.200006 0.337208 -1.810120
v 0.212748 0.492649 -1.782715
v -1.663530 -0.343521 -1.000061
v 0.436348 -0.905628 -1.554993
v 0.425375 -1.075241 -1.447143
v -0.926241 1.593723 0.078247
v -0.862585 1.606270 -0.076843
v 1.401842 1.124832 0.445557
v 1.507116 0.963840 0.324402
v -1.856171 -0.186970 -0.136597
v -1.866852 -0.545792 0.155945
v 0.604153 1.646610 0.564758
v 1.705656 -0.993515 0.290161
v 0.038372 1.305313 1.597168
v -1.767521 0.021339 0.931580
v 0.435169 -1.491760 1.127136
v 0.530560 -1.508026 1.092774
v -1.538330 -0.167732 1.397339
v 1.585766 0.811489 0.426941
v -0.595194 -1.093536 -1.414551
v 0.226353 -1.513466 1.119934
v 1.036371 0.191925 1.689392
v -0.841997 -1.677372 0.682007
v 1.296209 -1.402088 0.533814
v -1.184591 -1.486675 -0.519775
v -0.875687 0.363979 1.747437
v 0.079763 0.847389 -1.699829
v 0.428179 1.632370 -0.355103
v 1.841345 -0.474155 -0.424683
v 1.812622 -0.665436 -0.337158
v 1.840305 -0.514935 -0.209656
v 0.306982 1.727531 0.615051
v -0.895254 0.556080 -1.662781
v 0.318525 1.684254 -0.138489
v -0.934994 1.658512 0.768555
v 0.394302 1.675411 -0.020874
v -0.725582 -0.015732 -1.770874
v -0.702372 -1.104748 1.463806
v 1.769932 -0.842892 -0.271301
v 1.813686 -0.667622 -0.235596
v 0.615932 -1.682545 0.743958
v 0.163506 -0.119842 1.788879
v 1.713367 -0.224476 0.830383
v 0.365200 0.384159 -1.793701
v 0.329544 0.348678 -1.798889
v 0.162752 -1.301105 1.343811
v -1.562773 0.691170 -0.631348
v -0.030083 -1.172318 -1.380249
v 1.005999 1.411034 1.105591
v -1.162828 -1.392254 -0.758179
v 0.330647 1.673027 -0.246765
v 0.043732 -0.982998 1.559693
v -1.831900 -0.254799 0.619629
v 0.613186 1.659569 0.681885
v 0.886333 0.074589 -1.700928
v -0.226387 0.119297 -1.841797
v 0.769262 0.899948 1.628479
v 0.380348 -0.771019 -1.630676
v 1.058140 -0.821812 -1.424255
v 1.650471 -1.134136 -0.239502
v -0.254110 -1.669487 -0.680298
v 0.102638 -1.793083 0.595215
v -1.519457 0.831577 -0.528198
v 0.503649 0.430691 1.779419
v -1.737473 0.397697 -0.154419
v -0.194242 0.911190 -1.675720
v 0.647684 1.654793 0.776977
v 0.070887 0.565315 -1.775757
v 1.026409 0.668999 1.608704
v -1.365911 1.230415 0.332153
v -1.656219 -0.198307 -1.025574
v 0.974524 0.580719 -1.619751
v -1.832314 -0.331757 -0.489380
v 0.883921 -0.694122 1.596069
v -0.493666 0.793182 1.710693
v -0.174034 -1.601124 1.010254
v -0.211384 1.658665 -0.784363
v 0.138517 1.732693 0.173218
v -0.120558 -1.829685 -0.024048
v 0.405039 -0.972698 -1.517273
v 0.300798 -0.242641 1.774292
v 0.150314 -0.260334 1.776611
v -1.090286 0.994621 1.499023
v -0.000473 1.743763 0.069824
v 1.802929 -0.468525 -0.709839
v -0.739307 -1.687389 -0.528931
v 1.635555 0.700413 0.001709
v -1.807072 -0.353844 0.750427
v -0.138792 -1.834438 0.407959
v -1.763378 -0.090866 0.976746
v 0.030210 -0.028671 -1.828735
v 0.394428 -1.413475 1.226013
v -0.973734 -0.264195 -1.657471
v 0.537790 -0.692249 -1.646179
v -1.321655 0.721283 -1.150696
v 0.176182 0.940804 1.720032
v -1.315262 -1.297604 0.782349
v 1.735609 -0.916863 -0.430359
v -0.346041 0.181873 1.799072
v 1.110617 0.198456 1.646545
v -1.848583 -0.686749 -0.340393
v 1.199337 1.328045 0.848266
v -0.104033 -1.423401 1.231629
v -0.213982 1.721699 -0.340515
v -1.247183 1.209023 -0.614563
v -0.164621 0.751812 1.756104
v 1.520042 0.942139 0.446289
v -1.820030 0.051178 0.573975
v 1.502264 0.827515 -0.499512
v 0.619825 -1.137741 1.438172
v -0.267668 1.758980 0.301697
v -1.011177 0.925869 1.537781
v -1.468994 0.837330 -0.728760
v 1.438383 1.074329 0.506531
v -0.736765 -1.744312 -0.245849
v -0.866116 -0.583111 1.677795
v 0.836800 1.538075 1.094360
v -1.318270 1.155849 -0.469177
v -1.277449 1.284290 -0.079651
v 0.542601 1.630158 1.098816
v -0.151505 -1.842705 0.253967
v -0.733376 -0.896259 1.578552
v 1.799692 -0.703735 0.066101
v -1.838469 -0.076630 -0.212524
v -1.761967 0.174809 0.856079
v 0.495638 1.643696 0.059326
v 0.632675 1.601044 0.089355
v -0.346203 -1.825443 0.478455
v -0.861698 1.596165 -0.184326
v -1.765362 -0.880219 -0.370544
v -1.050611 -0.572876 1.616638
v -1.666212 0.600864 0.709351
v 1.777838 -0.781284 -0.459900
v 0.839764 1.070263 -1.486633
v 0.713171 -0.757347 -1.585938
v 1.731598 -0.946491 -0.346435
v -1.753857 0.311455 -0.253357
v 0.698433 -0.664341 1.663452
v 1.080057 -1.546741 0.537964
v -0.231703 -1.837440 0.378784
v 0.353071 -1.588959 -0.862976
v 1.345676 -1.230778 0.858765
v 0.956982 -1.383983 1.056275
v 1.506578 0.905415 -0.138672
v 0.851431 1.065014 -1.478272
v 0.690557 -0.788360 1.608704
v 1.067551 -1.549210 0.533997
vn 0.3640 0.5405 0.7585
vn 0.3558 0.5489 0.7564
vn 0.3895 0.5750 0.7195
vn -0.8796 -0.1599 0.4481
vn -0.8140 -0.2825 0.5075
vn -0.8274 -0.1994 0.5250
vn -0.7662 0.6376 -0.0794
vn -0.7999 0.5941 -0.0846
vn -0.7540 0.6526 -0.0745
vn -0.8930 -0.3707 -0.2552
vn -0.9315 -0.3054 -0.1976
vn -0.9002 -0.3281 -0.2862
vn 0.5168 0.8383 -0.1738
vn 0.5610 0.8124 -0.1590
vn 0.5517 0.8111 -0.1943
vn 0.4309 0.8485 -0.3072
vn 0.4270 0.8735 -0.2338
vn 0.4854 0.8394 -0.2445
vn 0.1100 0.9309 -0.3484
vn 0.1514 0.8754 -0.4590
vn -0.0385 0.9105 -0.4116
vn 0.7880 -0.3197 -0.5261
vn 0.4378 -0.3132 -0.8428
vn 0.7947 -0.2987 -0.5284
vn -0.4267 0.3628 -0.8284
vn -0.4518 0.3128 -0.8355
vn -0.5404 0.4278 -0.7246
vn 0.5768 -0.1064 -0.8099
vn 0.4861 -0.0681 -0.8712
vn 0.4236 -0.0487 -0.9045
vn -0.2430 0.3115 0.9186
vn -0.1407 0.2493 0.9581
vn -0.6551 0.2819 0.7010
vn -0.0326 -0.4007 0.9156
vn -0.0337 -0.3355 0.9415
vn -0.0618 -0.3713 0.9264
vn -0.1284 0.0376 -0.9910
vn -0.1940 0.0768 -0.9780
vn -0.1193 0.0924 -0.9885
vn -0.4300 -0.7657 -0.4783
vn -0.4555 -0.7063 -0.5419
vn -0.4438 -0.7430 -0.5010
vn 0.9543 -0.0988 0.2819
vn 0.9609 -0.0327 0.2750
vn 0.9415 -0.0905 0.3247
vn -0.2883 0.9154 0.2810
vn 0.4392 0.8967 0.0555
vn 0.2013 0.8352 0.5118
vn 0.7142 0.5987 0.3627
vn 0.7776 0.4866 0.3983
vn 0.6503 0.5873 0.4819
vn 0.1129 -0.7483 0.6537
vn 0.2388 -0.6875 0.6858
vn 0.1621 -0.6636 0.7303
vn 0.7070 -0.6028 0.3698
vn 0.7642 -0.5649 0.3114
vn 0.7563 -0.5359 0.3752
vn 0.1146 0.5055 0.8552
vn 0.4590 0.8175 -0.3479
vn 0.2680 0.6335 0.7258
vn -0.0984 0.7156 0.6915
vn -0.1866 0.2351 0.9539
vn 0.0508 0.1317 0.9900
vn -0.6785 -0.7244 0.1224
vn -0.7305 -0.6744 0.1075
vn -0.6777 -0.7273 0.1083
vn 0.2740 -0.8215 0.5000
vn 0.3301 -0.8507 0.4091
vn 0.3560 -0.8013 0.4808
vn -0.5578 -0.3873 0.7340
vn -0.4592 -0.3572 0.8133
vn -0.5728 -0.2836 0.7691
vn -0.8180 -0.0651 0.5715
vn -0.7145 0.0692 0.6962
vn -0.6855 0.1077 0.7201
vn 0.0225 0.2959 0.9550
vn -0.5382 0.8185 0.2012
vn -0.6728 0.7218 0.1624
vn -0.8348 0.5469 0.0630
vn -0.8338 0.5507 0.0389
vn -0.8496 0.5251 0.0497
vn 0.0683 0.6479 0.7587
vn 0.0485 0.6601 0.7496
vn -0.0270 0.8478 0.5296
vn -0.4857 0.4667 0.7391
vn 0.3842 0.3338 0.8608
vn -0.2284 0.0038 0.9736
vn -0.8321 -0.4105 -0.3730
vn -0.9020 -0.4308 -0.0294
vn -0.9492 -0.3101 -0.0536
vn -0.9128 -0.4018 -0.0727
vn -0.9520 0.3029 0.0446
vn -0.9410 0.3311 0.0698
vn -0.9457 0.3241 0.0239
vn -0.8662 0.3380 -0.3680
vn -0.8609 0.3582 -0.3612
vn -0.8327 0.3328 -0.4426
vn 0.9702 -0.1765 -0.1660
vn 0.9810 -0.1809 -0.0697
vn 0.9559 -0.2602 -0.1365
vn 0.0928 0.2828 -0.9547
vn 0.1132 0.4631 -0.8790
vn 0.2447 0.3146 -0.9171
vn -0.4002 -0.7523 -0.5233
vn -0.4163 -0.7724 -0.4797
vn -0.3086 -0.7543 -0.5795
vn 0.2616 0.1369 -0.9554
vn 0.2288 0.1784 -0.9570
vn 0.2887 0.1581 -0.9443
vn 0.9165 0.3765 -0.1350
vn 0.9070 0.3849 -0.1707
vn 0.9043 0.4051 -0.1345
vn 0.9090 0.0588 0.4126
vn 0.8877 0.0478 0.4579
vn 0.9127 -0.0081 0.4086
vn -0.1273 0.1496 0.9805
vn -0.0420 0.1473 0.9882
vn -0.1272 0.1673 0.9777
vn 0.0995 -0.6099 0.7862
vn 0.0883 -0.6632 0.7432
vn -0.9890 0.0159 0.1469
vn -0.9920 0.0606 0.1109
vn -0.9951 0.0653 0.0738
vn -0.2422 0.1799 0.9534
vn -0.2791 0.2823 0.9178
vn -0.2551 0.2707 0.9283
vn 0.1249 -0.6141 -0.7793
vn 0.0800 -0.6452 -0.7598
vn 0.1387 -0.5556 -0.8198
vn -0.0754 -0.5461 -0.8343
vn -0.0462 -0.6005 -0.7983
vn -0.0580 -0.5994 -0.7983
vn 0.4163 0.0683 -0.9067
vn 0.5969 -0.1202 -0.7932
vn 0.5507 -0.3595 -0.7533
vn 0.0381 -0.4874 0.8724
vn 0.0498 0.8676 0.4947
vn 0.4132 0.0076 0.9106
vn 0.5391 0.7463 0.3904
vn 0.3205 0.4381 0.8398
vn 0.4016 0.5671 0.7191
vn -0.4339 -0.1971 -0.8791
vn -0.5613 -0.2064 -0.8015
vn -0.5433 -0.1903 -0.8177
vn 0.5815 0.7214 0.3761
vn 0.8372 0.5166 0.1796
vn 0.7638 0.5490 0.3393
vn 0.8527 0.4670 -0.2340
vn 0.8290 0.5320 -0.1727
vn 0.8629 0.4798 -0.1590
vn -0.1713 -0.0931 0.9808
vn 0.7622 0.1542 0.6287
vn 0.7238 0.5698 0.3893
vn 0.2791 0.9572 0.0769
vn 0.0680 0.9913 0.1128
vn 0.2124 0.9719 -0.1013
vn 0.9567 0.1305 0.2602
vn 0.9500 0.1862 0.2508
vn 0.9437 0.0948 0.3170
vn -0.0164 0.1985 0.9800
vn -0.7166 -0.5707 0.4010
vn -0.7475 -0.4813 0.4578
vn -0.7874 -0.4757 0.3920
vn -0.8496 -0.4079 0.3343
vn -0.8567 -0.3432 0.3850
vn -0.9034 -0.3219 0.2835
vn 0.6291 0.7761 0.0444
vn 0.5553 0.8296 0.0588
vn 0.6149 0.7734 0.1540
vn -0.3191 0.3831 0.8668
vn -0.3805 0.5330 0.7557
vn -0.7915 0.4698 0.3910
vn -0.8377 0.3582 0.4121
vn -0.2202 0.7726 0.5954
vn -0.5942 0.3337 0.7318
vn -0.0305 -0.8980 -0.4390
vn -0.0119 -0.9109 -0.4124
vn -0.0197 -0.8771 -0.4800
vn 0.3964 -0.6810 -0.6157
vn 0.4077 -0.6633 -0.6275
vn 0.4763 -0.5956 -0.6469
vn -0.6661 0.1451 0.7316
vn -0.5354 -0.0189 0.8444
vn -0.5347 0.0925 0.8400
vn 0.3142 -0.6310 -0.7093
vn 0.2507 -0.6904 -0.6786
vn 0.3192 -0.5604 -0.7643
vn 0.3308 0.3320 0.8834
vn -0.1381 0.1094 0.9844
vn 0.1989 0.4507 0.8702
vn -0.3024 0.0829 0.9496
vn -0.1386 0.0794 0.9872
vn -0.1596 0.1218 0.9796
vn -0.5824 -0.8126 -0.0241
vn -0.5680 -0.7846 -0.2486
vn -0.5881 -0.8001 -0.1187
vn -0.4728 -0.8573 0.2037
vn -0.5108 -0.8536 0.1017
vn -0.4510 -0.8736 0.1828
vn 0.9656 0.1272 -0.2269
vn 0.9402 0.1875 -0.2845
vn 0.9517 0.2256 -0.2083
vn -0.3122 -0.9484 0.0554
vn -0.3743 -0.9241 -0.0764
vn -0.3214 -0.9424 -0.0923
vn -0.5545 0.6845 -0.4733
vn -0.5542 0.6129 -0.5632
vn -0.6469 0.5344 -0.5439
vn 0.3549 -0.6813 -0.6402
vn 0.3155 -0.4986 -0.8074
vn 0.4609 -0.5536 -0.6936
vn 0.6860 -0.5430 -0.4843
vn 0.4436 -0.6521 -0.6148
vn 0.6590 -0.3700 -0.6549
vn 0.1618 0.0162 -0.9867
vn 0.2533 0.4683 -0.8465
vn 0.2466 0.5510 -0.7973
vn -0.4845 -0.8620 0.1491
vn -0.8487 -0.3439 0.4018
vn -0.6108 -0.7827 0.1197
vn 0.6500 0.2984 -0.6989
vn 0.2528 -0.0081 -0.9675
vn 0.0810 0.5743 0.8146
vn 0.0849 0.3711 0.9247
vn -0.2161 0.6915 0.6893
vn 0.6092 0.0662 -0.7902
vn 0.7103 -0.2782 -0.6466
vn 0.7722 0.0126 -0.6352
vn 0.5677 0.4770 0.6710
vn 0.9962 0.0587 0.0644
vn 0.9343 0.2812 0.2191
vn -0.5358 0.8415 -0.0688
vn -0.3906 0.9075 -0.1543
vn -0.5504 0.8249 -0.1288
vn 0.4627 -0.6264 0.6273
vn 0.3785 -0.7583 0.5308
vn 0.4574 -0.5918 0.6638
vn 0.5076 -0.5936 0.6244
vn 0.5834 -0.4538 0.6736
vn 0.5655 -0.8161 -0.1190
vn -0.4470 -0.6377 0.6273
vn -0.8286 0.4356 0.3518
vn -0.5360 0.8441 0.0144
vn -0.3597 -0.9305 0.0693
vn -0.4292 -0.9001 0.0744
vn -0.3996 -0.9167 0.0041
vn -0.4177 0.7608 0.4966
vn -0.5659 0.7384 0.3668
vn -0.1730 0.8480 0.5010
vn 0.6095 -0.7914 0.0470
vn 0.4694 -0.8814 -0.0532
vn 0.6745 -0.6941 0.2516
vn -0.3007 -0.3087 0.9024
vn -0.3534 -0.3649 0.8614
vn -0.2530 -0.3802 0.8896
vn -0.2113 0.3436 0.9150
vn 0.0890 0.1339 0.9870
vn 0.1515 0.0877 0.9846
vn -0.9951 0.0301 -0.0945
vn -0.6558 0.3733 0.6562
vn -0.6613 0.2863 0.6934
vn -0.1697 0.8039 0.5700
vn -0.7418 0.6667 0.0726
vn -0.5377 0.8134 0.2219
vn 0.4606 0.2013 0.8645
vn 0.0901 0.0096 0.9959
vn 0.9359 0.2866 0.2049
vn 0.9347 0.3178 0.1594
vn 0.9168 0.3343 0.2187
vn -0.1682 -0.9784 0.1200
vn -0.3209 -0.9454 0.0578
vn -0.5812 -0.7186 0.3818
vn 0.8093 -0.5468 0.2146
vn 0.2242 -0.4807 0.8477
vn 0.0688 0.6459 0.7603
vn -0.1289 0.9502 0.2838
vn -0.2964 0.6016 0.7417
vn -0.0115 0.9958 -0.0914
vn -0.0089 0.9931 -0.1170
vn -0.0810 0.9910 -0.1062
vn 0.9244 0.2340 -0.3011
vn 0.5528 -0.5916 0.5868
vn 0.5678 -0.5265 0.6328
vn 0.4935 -0.7692 0.4059
vn 0.3109 0.9049 -0.2907
vn -0.0885 0.3302 -0.9398
vn 0.2058 0.3458 -0.9154
vn 0.3450 -0.8905 0.2967
vn 0.2277 -0.9493 0.2168
vn 0.3898 -0.9198 0.0442
vn 0.5291 -0.4598 -0.7132
vn 0.5272 -0.7285 -0.4375
vn 0.4839 -0.4798 -0.7319
vn 0.6015 -0.5407 0.5881
vn 0.6034 -0.5504 0.5771
vn 0.5093 -0.6229 0.5938
vn 0.0603 -0.6182 0.7837
vn 0.0477 -0.5420 0.8390
vn -0.9070 0.0107 -0.4210
vn -0.9208 0.0844 -0.3807
vn -0.8789 0.0498 -0.4745
vn 0.1733 0.9714 -0.1625
vn 0.1618 0.4925 0.8551
vn 0.0477 0.9939 0.0991
vn -0.0883 -0.8897 0.4479
vn -0.6614 -0.2174 0.7179
vn -0.5012 -0.7805 0.3736
vn 0.5340 0.8432 -0.0628
vn 0.3877 0.5220 0.7598
vn 0.2572 0.8663 -0.4282
vn 0.9987 -0.0264 0.0430
vn 0.9939 -0.0235 0.1078
vn 0.9949 -0.0486 0.0883
vn -0.8055 0.0576 0.5899
vn -0.6779 0.0612 0.7326
vn -0.6392 0.1241 0.7589
vn -0.5364 -0.6973 0.4755
vn -0.1845 -0.5857 0.7892
vn -0.3646 -0.8207 0.4398
vn -0.6329 -0.0090 0.7742
vn -0.2644 0.9523 0.1524
vn -0.4280 0.6930 -0.5802
vn -0.5499 0.8145 -0.1851
vn -0.9624 -0.1974 0.1866
vn -0.9720 -0.1515 0.1794
vn -0.9797 -0.1485 0.1343
vn -0.4287 -0.2351 0.8723
vn -0.4580 -0.2205 0.8612
vn -0.5091 -0.3333 0.7936
vn -0.9672 -0.1042 -0.2317
vn -0.5223 -0.7582 -0.3903
vn -0.6006 -0.7892 -0.1282
vn -0.5507 -0.7459 -0.3746
vn -0.5048 0.3732 -0.7783
vn -0.7363 0.6616 -0.1421
vn 0.4981 0.8205 -0.2803
vn -0.3207 -0.8336 -0.4497
vn -0.4803 -0.8131 -0.3289
vn -0.4842 -0.7550 -0.4421
vn 0.3764 0.7659 -0.5212
vn 0.4588 0.7631 -0.4550
vn -0.0541 0.8041 -0.5921
vn 0.0784 0.7908 -0.6070
vn -0.0720 0.5164 0.8533
vn -0.3637 0.6001 0.7124
vn -0.3288 0.4518 0.8293
vn 0.4643 0.8845 0.0451
vn 0.4139 0.6860 0.5984
vn 0.5117 0.8581 0.0420
vn 0.3885 -0.9204 -0.0427
vn 0.4092 -0.9076 0.0935
vn 0.3370 -0.9246 0.1778
vn -0.8734 -0.4308 0.2273
vn -0.9174 -0.3431 0.2016
vn -0.9003 -0.4175 0.1235
vn 0.3021 -0.9347 -0.1871
vn 0.5354 -0.8135 -0.2271
vn -0.5852 -0.4186 -0.6945
vn -0.5209 -0.4839 -0.7032
vn -0.5678 -0.3133 -0.7612
vn -0.5402 -0.8087 -0.2328
vn -0.2480 -0.9573 -0.1485
vn -0.4816 -0.8474 -0.2234
vn -0.1239 0.6395 -0.7587
vn -0.0803 0.6449 -0.7600
vn -0.0745 0.7347 -0.6743
vn -0.9044 0.2801 0.3219
vn -0.9002 0.1829 0.3951
vn -0.9416 0.2760 0.1928
vn -0.3401 -0.8104 0.4770
vn -0.2103 -0.7864 0.5809
vn -0.3497 -0.7794 0.5199
vn 0.0011 0.7242 0.6896
vn 0.2987 0.3786 0.8761
vn 0.3814 0.6311 0.6754
vn -0.9141 0.3952 -0.0907
vn -0.9293 0.3594 -0.0853
vn -0.8946 0.4405 -0.0753
vn 0.1577 -0.1956 0.9679
vn -0.9632 0.2494 0.0998
vn -0.9650 0.2169 0.1477
vn -0.9533 0.2574 0.1582
vn 0.2618 -0.8730 -0.4114
vn 0.3830 -0.8120 -0.4403
vn 0.3998 -0.7457 -0.5330
vn -0.1040 0.4337 -0.8950
vn -0.1460 0.4292 -0.8914
vn -0.1350 0.5300 -0.8372
vn 0.6513 -0.7560 0.0655
vn 0.5866 -0.8097 0.0173
vn 0.3212 -0.9470 -0.0088
vn -0.8304 -0.5346 0.1570
vn -0.1778 -0.4935 0.8513
vn -0.8829 -0.4531 -0.1230
vn 0.0141 -0.2508 0.9679
vn 0.0252 -0.2074 0.9779
vn -0.0025 -0.1914 0.9815
vn -0.0026 0.8708 -0.4916
vn 0.0763 0.8809 -0.4671
vn -0.0540 0.9000 -0.4325
vn -0.2889 0.2758 0.9168
vn -0.2997 0.2505 0.9205
vn -0.3152 0.2988 0.9008
vn 0.0225 -0.3730 0.9275
vn 0.0057 -0.3420 0.9397
vn 0.0112 -0.3925 0.9197
vn 0.1952 0.5416 0.8177
vn 0.0334 0.6396 0.7680
vn 0.4786 0.0189 0.8778
vn 0.5744 0.0426 0.8174
vn 0.4005 0.1432 0.9050
vn 0.4367 0.8692 -0.2319
vn 0.5877 0.7738 0.2365
vn 0.6344 0.6686 -0.3880
vn -0.8939 0.0548 0.4450
vn -0.9245 -0.0019 0.3812
vn -0.9184 -0.0298 0.3944
vn -0.5911 0.7376 -0.3264
vn -0.1908 0.1624 0.9681
vn 0.4593 -0.3995 -0.7934
vn 0.4611 -0.2843 -0.8406
vn 0.5567 -0.2353 -0.7967
vn -0.7265 0.5239 -0.4446
vn -0.4700 0.6667 -0.5784
vn -0.8354 0.2540 -0.4873
vn 0.4687 0.7519 0.4637
vn 0.1747 0.7499 0.6381
vn 0.5333 0.8422 -0.0792
vn 0.2580 0.6739 0.6924
vn 0.2461 0.9015 0.3559
vn 0.4511 0.3808 0.8071
vn 0.8226 -0.2309 -0.5197
vn 0.8490 0.0034 0.5283
vn 0.8165 -0.2907 0.4988
vn 0.7253 -0.5893 0.3558
vn 0.4081 -0.2373 0.8815
vn 0.4637 -0.5459 0.6978
vn 0.5268 -0.3879 0.7563
vn 0.3960 -0.0118 0.9182
vn 0.6379 -0.1959 0.7448
vn -0.9786 -0.1661 0.1214
vn -0.8917 0.2804 -0.3553
vn -0.9351 0.3426 0.0903
vn -0.6732 0.0407 0.7383
vn -0.4574 0.0532 0.8877
vn -0.5343 0.1460 0.8326
vn -0.4942 0.7172 0.4912
vn -0.8365 0.1024 0.5383
vn -0.8434 0.3524 0.4055
vn -0.8152 0.0650 0.5755
vn -0.7398 -0.1200 0.6620
vn -0.8406 0.1312 0.5256
vn 0.6950 -0.2465 0.6754
vn 0.6439 0.0628 0.7626
vn 0.3872 -0.1509 0.9096
vn -0.9883 -0.1095 0.1061
vn -0.9262 0.3615 0.1074
vn -0.9038 0.2026 0.3771
vn -0.9829 -0.0855 -0.1633
vn -0.8041 0.2895 -0.5193
vn -0.0780 0.9965 -0.0315
vn -0.5616 -0.1774 -0.8082
vn -0.5287 -0.2254 -0.8184
vn -0.6308 -0.1478 -0.7617
vn 0.0801 0.9753 0.2058
vn 0.7700 0.3620 0.5255
vn -0.1321 0.4742 0.8704
vn 0.5850 0.2472 0.7724
vn -0.6999 0.2079 0.6833
vn -0.7670 0.1580 0.6220
vn -0.5330 0.5886 0.6078
vn -0.4992 -0.6229 -0.6023
vn -0.5517 -0.4438 -0.7061
vn -0.4896 -0.8715 -0.0286
vn -0.6444 -0.7516 0.1408
vn -0.5842 -0.7963 -0.1566
vn -0.0565 0.9244 0.3772
vn 0.5229 0.5899 0.6153
vn 0.7040 -0.0240 0.7098
vn 0.5969 0.6443 0.4781
vn -0.0117 0.9989 0.0464
vn -0.0392 0.9913 0.1253
vn -0.4663 0.7450 0.4771
vn -0.0661 -0.9973 -0.0332
vn -0.3221 -0.9381 -0.1275
vn 0.3469 0.9320 -0.1053
vn 0.4638 0.8807 -0.0960
vn 0.3750 0.9221 -0.0959
vn 0.1656 0.6630 -0.7301
vn 0.5721 0.6890 -0.4449
vn 0.8214 0.5154 -0.2442
vn 0.1020 0.9261 -0.3633
vn -0.1814 0.3769 -0.9083
vn 0.3991 -0.9074 0.1316
vn 0.3880 -0.8899 0.2397
vn 0.3601 -0.8713 0.3334
vn 0.7504 0.1580 -0.6419
vn 0.7414 -0.0644 -0.6679
vn 0.4682 0.0766 -0.8803
vn 0.6127 0.0522 -0.7886
vn 0.5639 0.2196 -0.7961
vn 0.7144 -0.0116 -0.6997
vn 0.4405 -0.6226 -0.6468
vn 0.4417 -0.5618 -0.6995
vn 0.4373 -0.5525 -0.7097
vn 0.9970 0.0666 -0.0384
vn 0.9929 0.1166 -0.0256
vn 0.9990 0.0440 -0.0013
vn 0.5285 -0.8264 0.1943
vn 0.3701 -0.9042 0.2132
vn 0.5258 -0.6879 0.5003
vn 0.4446 0.6161 0.6502
vn 0.6373 0.5046 0.5824
vn 0.7255 0.2032 0.6576
vn -0.5935 0.5356 -0.6008
vn -0.7446 -0.6593 0.1043
vn -0.6310 0.2998 -0.7155
vn -0.3220 0.8899 0.3232
vn 0.0144 0.9963 -0.0848
vn -0.2342 0.7671 0.5973
vn -0.7618 -0.3086 0.5696
vn -0.6248 -0.3980 0.6717
vn -0.6985 -0.4116 0.5854
vn -0.8190 0.3697 0.4389
vn -0.6215 0.3672 0.6920
vn -0.4505 -0.1602 0.8783
vn -0.1488 -0.6016 0.7848
vn -0.4041 -0.5784 0.7086
vn -0.0087 -0.2426 0.9701
vn -0.1423 -0.6562 0.7411
vn 0.0020 -0.9991 -0.0428
vn 0.0083 -0.9960 -0.0893
vn 0.0047 -0.9989 -0.0461
vn -0.9598 0.2107 -0.1854
vn -0.9492 0.2550 -0.1843
vn -0.9371 0.2678 -0.2239
vn 0.0095 0.4933 -0.8698
vn 0.0156 0.3901 -0.9206
vn -0.0844 0.4921 -0.8664
vn -0.5017 0.8650 -0.0076
vn 0.1411 0.9603 0.2406
vn 0.1782 0.5297 0.8293
vn 0.4858 -0.7321 0.4775
vn 0.5140 -0.5505 0.6578
vn 0.5280 -0.3053 0.7925
vn -0.1869 -0.0237 0.9821
vn -0.1480 0.0099 0.9889
vn -0.2724 0.0513 0.9608
vn -0.1481 0.4285 0.8913
vn -0.2914 0.4080 0.8652
vn -0.3350 0.6248 0.7053
vn -0.5524 -0.6537 0.5172
vn -0.7626 -0.3573 0.5392
vn -0.5137 0.5604 0.6496
vn -0.6397 -0.2860 0.7134
vn -0.8183 0.3540 0.4528
vn 0.5417 -0.8268 -0.1515
vn 0.4474 -0.8723 -0.1974
vn 0.4021 -0.8350 -0.3756
vn 0.1152 0.5049 0.8554
vn 0.1174 0.5784 0.8072
vn -0.3931 0.9151 0.0900
vn 0.1439 0.3110 0.9394
vn 0.2052 0.3810 0.9015
vn 0.2177 0.3617 0.9065
vn -0.7884 0.4432 -0.4266
vn -0.6682 0.4674 -0.5788
vn 0.5385 0.7014 0.4669
vn 0.3404 -0.1784 0.9232
vn 0.4157 0.3921 0.8207
vn 0.8916 0.2339 -0.3878
vn 0.8542 0.3038 -0.4219
vn 0.9375 0.2231 -0.2669
vn -0.6306 0.4817 -0.6085
vn -0.6598 0.5170 -0.5454
vn -0.8328 -0.2134 -0.5108
vn -0.8933 -0.1333 -0.4293
vn -0.8441 -0.1096 -0.5249
vn 0.6353 -0.0334 0.7715
vn 0.5429 -0.1956 0.8167
vn 0.6309 -0.0921 0.7703
vn 0.0525 -0.2161 -0.9750
vn 0.4833 0.4176 -0.7694
vn -0.1016 0.2987 -0.9489
vn 0.3518 0.6032 -0.7158
vn -0.1262 0.9835 -0.1296
vn 0.0370 0.9918 -0.1226
vn 0.0090 0.9899 -0.1414
vn -0.9777 0.0369 0.2069
vn -0.9818 0.1107 0.1542
vn -0.9077 0.3576 0.2197
vn -0.8902 0.2955 0.3468
vn -0.9188 0.2879 0.2699
vn -0.0070 0.1647 0.9863
vn 0.3397 0.8614 0.3776
vn -0.1044 -0.0536 0.9931
vn -0.1215 -0.9897 -0.0756
vn -0.1388 -0.9902 -0.0175
vn -0.2037 -0.9783 -0.0370
vn -0.3488 -0.9372 -0.0030
vn -0.5043 -0.8627 -0.0378
vn -0.3569 -0.9328 -0.0494
vn 0.0947 0.6580 0.7470
vn -0.3624 0.5417 0.7584
vn 0.2376 0.3879 0.8905
vn -0.8063 -0.1693 -0.5668
vn -0.8235 -0.1704 -0.5412
vn -0.7538 -0.0715 -0.6532
vn -0.3588 -0.4338 -0.8265
vn -0.4257 -0.4766 -0.7692
vn -0.2770 -0.4457 -0.8512
vn -0.6082 -0.6028 0.5165
vn 0.0181 -0.8282 0.5602
vn -0.3053 -0.8499 0.4294
vn -0.6792 -0.1498 -0.7185
vn -0.6320 -0.1896 -0.7514
vn -0.8242 -0.0894 -0.5592
vn -0.9189 -0.2201 0.3273
vn -0.8948 -0.2822 0.3459
vn -0.9092 -0.2164 0.3557
vn -0.6694 -0.6973 -0.2562
vn -0.5910 -0.7183 -0.3670
vn -0.3837 -0.8621 -0.3309
vn -0.7406 -0.1477 0.6555
vn -0.7402 0.0290 0.6718
vn -0.7035 -0.2213 0.6753
vn -0.0058 0.8337 0.5521
vn -0.4769 0.5715 0.6678
vn -0.1990 0.9023 0.3824
vn -0.8814 0.0167 0.4721
vn 0.3139 0.5510 0.7732
vn 0.3086 0.8477 0.4315
vn 0.1879 0.7294 0.6578
vn 0.5678 -0.2650 -0.7794
vn 0.5425 -0.2843 -0.7904
vn 0.3772 0.0502 -0.9248
vn -0.6811 0.1920 0.7066
vn -0.7803 0.1433 0.6087
vn -0.7181 0.2723 0.6405
vn -0.4605 -0.7829 -0.4183
vn -0.5785 -0.8150 -0.0326
vn -0.5636 -0.7667 -0.3075
vn 0.3479 0.8103 -0.4715
vn 0.1558 0.9779 -0.1391
vn -0.0882 0.9830 0.1610
vn 0.7412 0.6021 -0.2968
vn 0.6032 0.7738 -0.1935
vn 0.1871 0.9816 -0.0376
vn -0.2573 -0.9530 0.1597
vn -0.2154 -0.9760 0.0306
vn -0.0883 -0.9930 0.0790
vn -0.0369 -0.1690 0.9849
vn -0.0079 -0.1464 0.9892
vn -0.0291 -0.1307 0.9910
vn -0.4667 0.2806 0.8387
vn -0.3812 0.3128 0.8700
vn -0.4101 0.2478 0.8777
vn -0.1424 0.1760 0.9740
vn -0.0844 0.1211 0.9890
vn -0.1002 0.1958 0.9755
vn 0.0283 0.6720 0.7400
vn -0.2221 0.7307 0.6455
vn -0.1747 0.6162 0.7680
vn 0.9929 0.1187 0.0098
vn 0.9755 0.2192 -0.0200
vn 0.9859 0.1585 0.0544
vn 0.4140 -0.3320 0.8475
vn 0.3479 -0.2157 0.9124
vn 0.2284 0.9151 -0.3323
vn 0.1521 0.9333 -0.3254
vn 0.2393 0.8880 -0.3927
vn -0.3509 -0.9357 0.0358
vn 0.0679 0.1401 0.9878
vn 0.0951 0.1506 0.9840
vn 0.0606 0.1588 0.9855
vn -0.0619 0.9436 -0.3253
vn -0.0379 0.9139 -0.4042
vn -0.1814 0.8775 -0.4439
vn 0.1906 0.9426 0.2742
vn -0.6027 0.7817 0.1603
vn 0.7320 0.6778 0.0696
vn 0.1930 0.9708 -0.1426
vn 0.2197 0.9706 -0.0979
vn 0.1891 0.9793 -0.0716
vn 0.8362 0.4067 -0.3680
vn 0.9527 -0.0058 -0.3039
vn -0.5512 -0.1138 -0.8266
vn -0.7507 -0.1163 -0.6504
vn -0.6380 -0.1759 -0.7497
vn 0.5352 -0.7348 -0.4167
vn 0.4942 -0.6742 -0.5489
vn 0.5654 -0.5830 -0.5835
vn 0.9702 0.2302 0.0760
vn 0.9630 0.2692 0.0117
vn 0.9628 0.2628 0.0630
vn -0.7847 0.4104 -0.4645
vn -0.6469 0.5837 0.4907
vn -0.8902 0.2567 0.3762
vn -0.2241 0.2468 0.9428
vn 0.6499 0.7435 -0.1574
vn 0.4090 0.8229 -0.3943
vn 0.0255 -0.7532 0.6573
vn 0.0418 -0.6566 0.7530
vn 0.0410 -0.6992 0.7138
vn -0.5087 -0.0968 0.8555
vn -0.5066 -0.0272 0.8618
vn -0.5059 0.0915 0.8577
vn -0.7488 -0.3475 0.5644
vn -0.7045 -0.1406 0.6957
vn 0.4472 -0.5842 -0.6773
vn 0.3976 -0.5122 -0.7613
vn 0.4284 -0.7102 -0.5586
vn -0.5042 0.6669 -0.5486
vn -0.4077 0.8618 -0.3018
vn -0.1108 0.7185 -0.6866
vn -0.0532 0.7870 -0.6147
vn -0.5092 0.6141 -0.6030
vn 0.2554 0.7991 -0.5443
vn -0.1657 0.7046 0.6900
vn 0.0452 0.8771 -0.4782
vn -0.1808 0.8806 0.4379
vn -0.3083 -0.4178 -0.8546
vn -0.2889 -0.1543 -0.9448
vn -0.3364 -0.8687 0.3636
vn -0.5648 -0.8252 0.0046
vn -0.4463 -0.8925 -0.0657
vn 0.1638 0.9467 -0.2775
vn -0.0571 0.8817 -0.4683
vn 0.1613 0.8268 -0.5388
vn -0.0221 0.5479 -0.8362
vn 0.2693 0.5391 -0.7980
vn 0.3734 0.6785 -0.6326
vn 0.3893 0.9096 -0.1455
vn 0.3350 0.9253 -0.1775
vn 0.3493 0.9285 -0.1259
vn -0.6386 0.7466 -0.1865
vn -0.5876 0.7242 -0.3609
vn -0.4679 0.5895 -0.6585
vn 0.8587 -0.1289 -0.4960
vn 0.1523 0.9868 -0.0550
vn 0.1741 0.9805 -0.0907
vn 0.0650 0.9943 -0.0845
vn 0.5991 -0.4512 0.6614
vn 0.2010 -0.5863 0.7848
vn 0.3355 -0.8677 0.3668
vn -0.3484 0.9056 -0.2417
vn -0.3186 0.8806 -0.3507
vn -0.4018 0.8604 -0.3134
vn 0.5961 -0.3415 0.7267
vn 0.8573 -0.5077 0.0846
vn 0.8179 -0.5618 0.1244
vn 0.7815 -0.6204 0.0662
vn -0.0300 0.9204 0.3899
vn -0.1121 0.6531 0.7489
vn -0.1136 0.7415 0.6612
vn 0.6683 -0.4748 0.5726
vn 0.2892 -0.4725 0.8325
vn -0.0470 -0.5184 0.8539
vn -0.0739 -0.4480 0.8910
vn -0.0939 -0.5073 0.8566
vn -0.0618 -0.9978 0.0246
vn -0.0389 -0.9989 0.0258
vn 0.8809 -0.0082 0.4731
vn 0.8030 -0.3141 0.5065
vn 0.2156 0.2297 0.9491
vn 0.5227 0.1235 0.8436
vn -0.7504 -0.0693 -0.6573
vn -0.7241 0.0843 -0.6846
vn -0.7867 0.1489 -0.5991
vn -0.6397 -0.3497 0.6845
vn -0.5440 -0.5119 0.6649
vn -0.7677 -0.3479 0.5381
vn -0.5733 -0.3764 0.7278
vn -0.7127 -0.2698 0.6475
vn 0.1218 0.7895 0.6016
vn -0.1844 0.3992 0.8981
vn -0.0079 0.8202 0.5720
vn 0.3479 0.9256 -0.1491
vn 0.1646 0.9632 0.2127
vn 0.2883 0.9522 0.1009
vn -0.5844 -0.3542 0.7301
vn -0.5337 -0.4576 0.7111
vn -0.5683 -0.3177 0.7590
vn 0.7420 0.5386 0.3992
vn 0.7751 0.6182 -0.1305
vn 0.8137 0.5323 -0.2336
vn -0.5838 -0.2932 0.7571
vn -0.3670 -0.0567 0.9285
vn -0.4895 -0.3248 0.8093
vn 0.6895 0.2620 0.6752
vn 0.7241 0.3781 0.5768
vn 0.3843 0.1495 0.9110
vn 0.7057 0.5555 0.4399
vn 0.2410 0.6945 0.6780
vn 0.7896 0.6128 0.0302
vn 0.2374 -0.5896 -0.7721
vn 0.2399 -0.6407 -0.7293
vn 0.4872 0.6154 0.6196
vn 0.6937 0.6264 0.3554
vn 0.5691 0.5136 0.6422
vn -0.2526 0.3242 0.9117
vn -0.4684 -0.0335 0.8829
vn 0.1408 0.5425 0.8282
vn -0.2002 0.4139 0.8880
vn -0.5712 0.5954 0.5650
vn -0.9354 0.3179 -0.1548
vn -0.9290 0.3446 -0.1347
vn -0.9067 0.3915 -0.1571
vn -0.5647 -0.1094 0.8180
vn -0.4183 -0.1287 0.8991
vn -0.8297 0.5559 -0.0501
vn -0.8246 0.5615 -0.0691
vn -0.8673 0.4965 -0.0347
vn -0.8204 -0.5698 -0.0473
vn -0.8690 -0.4934 -0.0372
vn -0.8625 -0.4984 -0.0878
vn 0.6551 -0.6111 -0.4443
vn 0.6444 -0.4931 -0.5844
vn 0.6680 -0.6283 -0.3988
vn -0.9822 0.0258 0.1863
vn -0.8789 -0.3982 0.2624
vn -0.9552 -0.2102 -0.2083
vn 0.3364 0.2178 -0.9162
vn 0.3763 0.1395 -0.9159
vn -0.7848 -0.4569 -0.4187
vn -0.8208 -0.4794 -0.3105
vn 0.8932 0.0613 -0.4454
vn 0.8473 0.0386 -0.5296
vn 0.8878 0.1317 -0.4410
vn 0.4656 0.6956 0.5472
vn 0.4871 0.7103 0.5082
vn 0.5516 0.5446 0.6318
vn 0.0967 0.9654 -0.2421
vn 0.2174 0.8433 -0.4916
vn -0.6850 0.5456 0.4828
vn -0.8634 0.1953 0.4652
vn -0.8393 0.3431 0.4216
vn -0.0849 0.9685 -0.2340
vn 0.3480 -0.8887 0.2986
vn -0.1340 0.9105 0.3911
vn 0.2842 0.9200 0.2700
vn 0.6534 0.0845 0.7523
vn -0.2943 0.7002 -0.6505
vn -0.1550 0.7737 -0.6143
vn -0.4531 0.5810 -0.6761
vn -0.4158 0.6023 -0.6814
vn 0.3029 0.3197 -0.8978
vn 0.3693 0.2572 -0.8930
vn 0.2669 0.2909 -0.9188
vn -0.7856 -0.3380 0.5182
vn -0.6005 0.0608 0.7973
vn -0.5656 0.8214 -0.0738
vn 0.2598 0.2436 -0.9344
vn 0.3230 0.3245 -0.8891
vn 0.2117 0.1402 -0.9672
vn 0.0255 0.9940 0.1065
vn -0.2989 0.8400 0.4529
vn 0.0223 0.7366 0.6759
vn -0.3548 0.6228 0.6973
vn -0.2102 0.7039 -0.6785
vn -0.5323 0.5750 -0.6213
vn -0.2562 0.7690 -0.5856
vn -0.8016 0.5663 -0.1918
vn -0.8405 0.5027 -0.2022
vn -0.8441 0.5079 -0.1716
vn 0.1369 0.3477 0.9276
vn -0.1082 0.9527 0.2839
vn -0.7577 -0.4136 -0.5047
vn -0.7914 -0.3344 -0.5117
vn 0.4011 0.5793 0.7096
vn -0.7100 0.1918 0.6776
vn -0.7543 -0.3885 -0.5292
vn 0.2854 0.6000 0.7474
vn 0.9110 0.2743 -0.3081
vn 0.5414 0.6887 0.4822
vn -0.0497 0.7720 0.6337
vn 0.1367 0.6833 0.7172
vn 0.0495 0.8324 0.5520
vn 0.3530 -0.9275 -0.1231
vn 0.4492 -0.8933 0.0133
vn 0.2970 -0.9279 -0.2255
vn -0.8919 -0.1208 0.4357
vn -0.4101 -0.9099 -0.0624
vn -0.5153 -0.8456 -0.1392
vn -0.4053 -0.9120 -0.0628
vn -0.3875 0.5296 -0.7546
vn -0.4515 0.2419 -0.8589
vn -0.6655 0.2095 -0.7164
vn 0.9004 -0.0708 0.4293
vn 0.9520 0.2903 0.0972
vn 0.9809 -0.1716 0.0911
vn -0.1108 0.1926 0.9750
vn -0.0386 0.2194 0.9749
vn 0.6228 0.6893 0.3702
vn 0.2530 0.8910 0.3770
vn -0.0677 -0.6970 0.7139
vn 0.7628 0.1429 -0.6307
vn 0.4933 0.2550 -0.8316
vn 0.5545 0.3306 -0.7637
vn -0.7015 -0.6225 -0.3470
vn -0.7556 -0.4351 -0.4897
vn 0.3625 -0.2471 -0.8986
vn 0.2414 -0.2265 -0.9436
vn 0.2671 -0.1513 -0.9517
vn -0.7063 0.7078 -0.0118
vn -0.5287 0.8336 -0.1597
vn -0.4863 0.8432 -0.2291
vn -0.5507 0.7849 0.2841
vn -0.3050 0.9358 0.1765
vn -0.2990 0.7374 0.6057
vn -0.4999 -0.0978 0.8605
vn -0.2356 0.9413 0.2419
vn 0.5363 0.7493 0.3885
vn 0.1333 0.1571 0.9785
vn -0.2794 -0.9482 -0.1509
vn -0.1819 -0.9787 -0.0949
vn -0.2999 0.4951 0.8155
vn -0.9011 0.2815 -0.3297
vn -0.7382 0.5876 0.3313
vn 0.0730 -0.6308 -0.7725
vn 0.0182 -0.6979 -0.7159
vn 0.6013 0.7674 0.2226
vn 0.8397 0.5055 0.1983
vn 0.6453 0.7018 0.3017
vn 0.2294 0.8457 0.4819
vn -0.5956 0.6035 0.5302
vn -0.7159 0.5921 0.3700
vn 0.6566 0.3261 0.6801
vn 0.7533 0.5101 0.4151
vn 0.6662 0.4487 0.5957
vn 0.5890 0.0814 0.8040
vn 0.3334 -0.8303 0.4465
vn -0.5425 -0.7512 0.3760
vn -0.7069 -0.4806 0.5189
vn -0.8293 -0.5397 0.1448
vn -0.4456 -0.6105 0.6548
vn -0.6805 0.2506 0.6886
vn 0.8164 0.0792 -0.5720
vn 0.5185 -0.1843 -0.8350
vn 0.1509 -0.1289 0.9801
vn -0.0555 0.2755 0.9597
vn -0.2069 0.5504 0.8089
vn -0.2215 0.5578 -0.7999
vn -0.3058 0.5949 -0.7433
vn -0.3689 0.6232 -0.6896
vn -0.8715 -0.2647 -0.4127
vn -0.8400 -0.3394 -0.4233
vn -0.2513 -0.7575 -0.6025
vn -0.2372 -0.7295 -0.6415
vn -0.1455 -0.7082 -0.6908
vn -0.0050 -0.9984 -0.0555
vn 0.0129 -0.9984 -0.0553
vn -0.0980 -0.9947 -0.0313
vn -0.4824 -0.6930 -0.5358
vn -0.8406 0.1841 -0.5093
vn -0.7576 0.3335 -0.5610
vn -0.7584 0.2380 -0.6067
vn -0.8032 0.1267 -0.5820
vn -0.9415 -0.0548 -0.3324
vn -0.7707 0.0302 -0.6364
vn 0.7949 0.5097 -0.3293
vn 0.9429 0.1795 -0.2806
vn 0.3462 -0.3637 -0.8648
vn 0.2850 -0.4718 -0.8344
vn 0.2722 -0.4264 -0.8626
vn -0.4505 0.0959 0.8876
vn 0.9868 0.1445 -0.0736
vn 0.7394 0.6491 0.1784
vn 0.8506 0.4916 -0.1866
vn -0.6247 -0.7767 -0.0801
vn -0.7239 -0.6841 -0.0894
vn -0.6648 -0.7341 -0.1385
vn -0.3741 -0.0843 0.9236
vn 0.2112 0.6385 -0.7401
vn -0.4376 0.7854 -0.4378
vn 0.3208 0.8111 0.4891
vn 0.5016 0.8603 0.0912
vn 0.2246 0.9338 0.2785
vn -0.1519 0.5876 0.7948
vn 0.1592 0.5838 0.7961
vn 0.7821 0.0738 0.6188
vn 0.7852 0.1438 0.6023
vn 0.5191 0.0493 0.8533
vn -0.5291 -0.3464 0.7746
vn 0.6947 0.5047 -0.5125
vn 0.6775 0.4090 -0.6113
vn 0.4334 0.4044 -0.8053
vn 0.6546 -0.1406 -0.7428
vn 0.5534 -0.3366 -0.7619
vn 0.5135 -0.3261 -0.7937
vn -0.3059 -0.9494 -0.0715
vn -0.2645 0.3513 0.8981
vn -0.3828 0.3291 0.8632
vn -0.4730 0.2404 0.8476
vn -0.2961 0.2657 0.9174
vn -0.4982 0.1847 0.8472
vn -0.2429 -0.0282 0.9696
vn 0.7267 0.2666 0.6331
vn 0.6757 0.2369 0.6981
vn 0.6422 0.1053 0.7592
vn 0.5743 0.5173 0.6345
vn -0.3906 -0.9066 0.1599
vn -0.3719 -0.8960 0.2428
vn -0.3242 -0.8013 0.5028
vn -0.6255 0.6390 0.4476
vn 0.7681 -0.1470 0.6232
vn 0.7043 -0.0163 0.7097
vn 0.7775 0.0591 0.6261
vn -0.5266 -0.8443 0.0988
vn -0.4298 -0.9017 0.0462
vn 0.0754 0.7827 -0.6178
vn -0.8247 -0.2368 -0.5136
vn -0.7324 -0.1769 -0.6575
vn -0.7951 -0.2243 -0.5635
vn 0.0799 0.9968 -0.0088
vn 0.0487 0.9275 0.3706
vn 0.1162 0.9891 -0.0904
vn 0.2808 -0.9597 0.0102
vn 0.3601 -0.9313 0.0554
vn 0.4309 -0.8598 0.2740
vn -0.9930 0.1178 -0.0065
vn -0.9864 0.1634 -0.0168
vn -0.9886 0.1439 -0.0445
vn 0.1621 0.5589 -0.8132
vn 0.2158 0.4728 -0.8544
vn 0.4418 -0.5653 0.6966
vn 0.7480 -0.3245 0.5790
vn 0.7166 -0.4464 0.5359
vn -0.7442 0.2534 0.6180
vn -0.8462 0.1451 0.5127
vn -0.8415 0.2535 0.4771
vn -0.9414 0.1559 0.2992
vn -0.5169 0.7650 -0.3842
vn -0.3984 0.8325 -0.3850
vn -0.3623 0.7927 -0.4902
vn -0.4012 -0.6679 0.6269
vn -0.4614 -0.5520 0.6945
vn -0.3491 -0.7819 0.5165
vn -0.4926 0.7843 -0.3773
vn -0.5622 0.7975 -0.2186
vn -0.4947 0.8173 -0.2955
vn -0.7020 0.3661 0.6109
vn 0.0311 0.1155 0.9928
vn 0.7820 -0.5819 0.2236
vn 0.7304 -0.6599 0.1762
vn -0.1091 -0.3107 0.9442
vn 0.0681 -0.3876 0.9193
vn 0.2063 -0.2107 0.9555
vn 0.8160 -0.4264 0.3902
vn 0.8499 -0.4325 0.3010
vn -0.3595 -0.7465 -0.5599
vn -0.5841 -0.6450 -0.4928
vn -0.0730 0.6644 0.7438
vn -0.1018 0.6320 0.7683
vn 0.0063 0.4135 0.9105
vn -0.3973 -0.6148 0.6813
vn 0.4357 -0.6376 -0.6353
vn 0.4667 -0.8254 0.3177
vn 0.2721 -0.5836 0.7651
vn -0.6196 -0.0474 -0.7835
vn -0.5890 -0.1462 -0.7948
vn -0.6331 -0.0528 -0.7723
vn 0.2740 -0.8665 0.4171
vn 0.1916 -0.9533 0.2333
vn 0.3811 -0.6670 0.6402
vn -0.4051 0.6514 0.6416
vn -0.6035 0.6431 0.4713
vn -0.2853 0.8609 0.4212
vn 0.4853 -0.4473 -0.7512
vn 0.3819 -0.3047 -0.8725
vn 0.4710 -0.3611 -0.8049
vn 0.4337 0.7861 -0.4404
vn -0.0717 0.9908 0.1144
vn 0.5596 0.8060 -0.1926
vn 0.8534 0.1818 -0.4886
vn -0.0932 0.9900 -0.1062
vn -0.0561 0.9961 -0.0674
vn -0.1282 0.9893 -0.0701
vn -0.6261 0.4790 0.6153
vn -0.9313 -0.2392 -0.2747
vn -0.9350 0.3485 -0.0653
vn 0.2081 0.2283 -0.9511
vn 0.1969 0.2928 -0.9357
vn 0.2689 0.2788 -0.9220
vn 0.3199 0.9423 -0.0983
vn -0.0659 -0.5645 -0.8228
vn -0.4866 -0.0373 -0.8728
vn -0.5001 -0.1564 -0.8517
vn -0.8308 -0.0747 -0.5516
vn 0.3025 0.2975 -0.9056
vn 0.4352 0.7038 0.5615
vn 0.4812 0.6855 0.5463
vn -0.6895 0.4860 0.5370
vn -0.6886 0.5323 0.4924
vn -0.3873 0.5855 0.7122
vn -0.0637 0.9635 -0.2599
vn -0.7739 0.5270 0.3512
vn -0.8959 0.3234 0.3047
vn 0.8611 0.3726 -0.3459
vn -0.0171 -0.5606 -0.8279
vn 0.0088 -0.5145 -0.8575
vn -0.0137 -0.5935 -0.8047
vn 0.0661 -0.9900 0.1245
vn 0.0950 -0.9861 0.1365
vn 0.1068 -0.9922 0.0643
vn -0.0067 0.2352 -0.9719
vn 0.2896 0.8459 -0.4480
vn 0.2625 0.6770 -0.6875
vn 0.3171 0.9299 -0.1864
vn 0.2578 0.8862 -0.3850
vn 0.1601 0.9342 -0.3189
vn -0.6352 -0.2713 0.7232
vn -0.6216 -0.3931 0.6776
vn 0.3691 -0.8153 -0.4460
vn 0.5686 0.5364 -0.6237
vn 0.9155 -0.0377 -0.4005
vn -0.0349 0.3223 0.9460
vn 0.1509 0.3089 0.9391
vn 0.0805 0.3075 0.9481
vn -0.9352 0.3028 -0.1836
vn -0.9211 0.3355 -0.1976
vn 0.6187 0.6369 -0.4600
vn 0.8222 0.4370 -0.3647
vn 0.7843 0.6171 0.0642
vn 0.5215 0.7468 0.4128
vn 0.6391 0.7255 0.2555
vn 0.5138 0.8412 0.1688
vn 0.3538 0.4470 0.8216
vn 0.6990 0.5477 0.4598
vn -0.6718 -0.7268 0.1428
vn -0.7120 -0.6913 0.1231
vn 0.6101 -0.7899 -0.0627
vn 0.7336 -0.5480 -0.4020
vn 0.2446 0.3749 0.8942
vn 0.3084 0.3814 0.8715
vn 0.3326 0.4814 0.8110
vn -0.1911 0.8778 -0.4393
vn -0.2627 0.8233 -0.5032
vn -0.1752 0.8241 -0.5387
vn 0.4090 0.1969 -0.8910
vn -0.0109 0.2613 -0.9652
vn 0.4217 -0.0406 -0.9058
vn -0.0079 0.5174 -0.8557
vn 0.2089 0.6220 -0.7546
vn 0.0173 0.3847 0.9229
vn 0.3801 0.9161 0.1275
vn -0.0717 0.8309 0.5518
vn 0.7624 -0.6209 0.1824
vn 0.5070 -0.5151 0.6911
vn 0.6397 -0.4962 0.5870
vn 0.9919 -0.1245 0.0242
vn 0.9894 -0.1421 0.0289
vn 0.9829 -0.1835 0.0183
vn -0.0554 0.4676 0.8822
vn 0.2988 0.2849 0.9108
vn 0.2398 0.9418 0.2356
vn -0.9136 -0.3960 0.0919
vn -0.9416 -0.3236 0.0935
vn -0.9217 -0.3785 0.0853
vn -0.7771 0.2842 -0.5615
vn -0.8635 0.3936 -0.3154
vn -0.5603 -0.8152 -0.1469
vn -0.6607 -0.6695 -0.3395
vn 0.9316 -0.0977 -0.3500
vn 0.8869 -0.1873 -0.4223
vn 0.8494 -0.1499 -0.5060
vn 0.7963 0.4390 -0.4162
vn 0.5657 -0.8222 -0.0629
vn 0.5756 -0.8136 0.0815
vn 0.3748 0.3784 -0.8464
vn -0.3747 0.4153 -0.8289
vn 0.8871 -0.0676 -0.4565
vn 0.7601 -0.3339 0.5575
vn 0.1713 0.0005 0.9852
vn 0.7904 -0.4194 0.4465
vn 0.4717 -0.3849 -0.7933
vn 0.5102 -0.3506 -0.7853
vn 0.5772 -0.2694 -0.7709
vn 0.7700 -0.3682 0.5210
vn 0.8248 -0.3131 0.4708
vn 0.8102 -0.2807 0.5146
vn 0.0426 0.9936 -0.1044
vn 0.0502 0.9869 -0.1532
vn -0.3024 0.8515 0.4284
vn 0.7170 0.6117 0.3343
vn -0.2249 0.9362 -0.2700
vn -0.3419 0.7724 -0.5352
vn -0.2023 0.9280 -0.3127
vn -0.1100 0.9719 0.2081
vn -0.1486 0.2889 0.9457
vn -0.0024 0.3733 0.9277
vn 0.3843 -0.9016 0.1984
vn 0.4001 -0.8720 0.2821
vn -0.9759 0.1787 -0.1256
vn -0.9698 0.1708 -0.1741
vn -0.0454 -0.0297 0.9985
vn -0.0362 0.0174 0.9992
vn -0.0851 0.0082 0.9963
vn 0.2799 0.9510 -0.1311
vn 0.2515 0.9678 0.0133
vn 0.1722 0.9837 0.0522
vn 0.0050 0.9185 -0.3953
vn -0.2519 0.5970 -0.7616
vn 0.1243 0.9784 -0.1654
vn -0.0691 0.0972 0.9929
vn -0.0345 0.0912 0.9952
vn -0.0244 0.0627 0.9977
vn -0.5383 -0.7295 0.4220
vn -0.3800 -0.7677 0.5160
vn -0.2674 0.9532 -0.1412
vn -0.2191 0.9647 -0.1463
vn -0.2748 0.9530 -0.1275
vn 0.5193 0.8357 0.1787
vn 0.5663 0.6532 0.5027
vn 0.8777 0.1512 0.4547
vn 0.5331 0.8374 -0.1205
vn -0.0469 0.9765 0.2104
vn -0.1015 0.5876 -0.8027
vn 0.5925 0.6359 -0.4945
vn 0.5013 0.8158 -0.2883
vn 0.4495 0.8392 -0.3060
vn 0.4073 0.1617 -0.8989
vn 0.2559 0.3304 -0.9085
vn 0.4251 0.0720 -0.9023
vn -0.6177 -0.2734 0.7374
vn -0.7821 0.0606 0.6201
vn 0.2315 0.9568 -0.1761
vn -0.8387 -0.1894 0.5106
vn 0.4529 -0.4588 0.7645
vn 0.6226 -0.6111 0.4888
vn 0.3455 0.8912 -0.2939
vn 0.4812 0.8242 -0.2985
vn 0.2875 0.9114 -0.2943
vn 0.4882 -0.3379 0.8046
vn 0.5494 -0.3372 0.7645
vn 0.4590 0.2389 -0.8557
vn 0.5156 0.0721 -0.8538
vn -0.7248 0.6763 -0.1319
vn -0.7768 0.6176 -0.1231
vn -0.7878 0.6078 -0.0992
vn -0.2741 -0.9508 -0.1440
vn -0.2642 -0.9611 -0.0802
vn -0.2275 -0.8049 -0.5481
vn -0.1728 -0.7580 -0.6290
vn -0.6433 0.0355 -0.7648
vn -0.5753 -0.1197 -0.8092
vn -0.6185 -0.0973 -0.7797
vn 0.2311 0.2153 0.9488
vn 0.4554 0.2547 0.8531
vn 0.2226 0.0883 0.9709
vn 0.2369 -0.1722 0.9562
vn 0.0384 0.6793 0.7329
vn -0.0813 0.3867 0.9186
vn 0.1787 0.2062 0.9620
vn 0.3183 0.2053 0.9255
vn 0.0596 0.1851 0.9809
vn 0.9611 0.2597 -0.0941
vn 0.6801 0.7144 0.1643
vn -0.8573 0.1801 0.4822
vn -0.8840 0.1832 0.4301
vn -0.8255 0.0193 0.5641
vn 0.8947 -0.0470 -0.4442
vn 0.5019 -0.7318 0.4610
vn 0.4590 -0.7976 0.3913
vn 0.5265 -0.7718 0.3566
vn -0.3394 0.9250 -0.1712
vn -0.5728 0.8193 0.0255
vn -0.3763 0.9185 -0.1219
vn 0.5259 0.8480 -0.0659
vn 0.6096 0.7864 -0.0992
vn 0.5146 0.8524 -0.0924
vn 0.3834 -0.8557 0.3476
vn 0.4603 -0.8548 0.2397
vn 0.4429 -0.7473 0.4954
vn -0.8548 -0.3234 -0.4058
vn -0.8693 -0.1130 -0.4811
vn -0.7625 -0.3852 -0.5198
vn -0.3733 -0.2812 -0.8841
vn -0.4492 -0.7654 0.4609
vn 0.5471 0.3989 0.7359
vn 0.1029 0.0633 0.9927
vn 0.2208 0.1686 0.9606
vn -0.4713 0.6124 -0.6348
vn -0.0058 0.9383 -0.3458
vn 0.0299 0.8600 -0.5095
vn 0.3435 0.9345 -0.0938
vn 0.0768 0.9904 -0.1147
vn -0.1644 0.8018 0.5745
vn 0.3584 0.7592 -0.5433
vn -0.5249 0.8333 -0.1733
vn -0.4131 0.8919 -0.1840
vn -0.4029 0.8916 -0.2066
vn -0.3979 0.9062 -0.1430
vn -0.3461 0.9248 -0.1577
vn -0.4295 0.8895 -0.1560
vn -0.6474 0.5832 -0.4907
vn -0.2415 0.6694 0.7025
vn -0.4534 0.7603 0.4652
vn -0.5710 0.8184 0.0651
vn 0.1185 0.3462 0.9307
vn -0.4013 0.2052 0.8927
vn 0.2168 0.4198 0.8813
vn 0.4241 0.6338 0.6468
vn 0.4440 0.8565 0.2631
vn 0.2340 0.0293 0.9718
vn 0.3315 0.0164 0.9433
vn 0.2689 0.1335 0.9539
vn 0.4474 0.7052 0.5500
vn 0.5475 0.6121 0.5705
vn 0.5242 0.6998 0.4853
vn 0.5473 -0.8355 0.0487
vn 0.5695 -0.8194 -0.0658
vn 0.5092 -0.0436 -0.8596
vn 0.4539 -0.0455 -0.8899
vn 0.0111 0.5651 0.8250
vn -0.0300 0.2477 0.9684
vn 0.6717 -0.7313 -0.1184
vn 0.5684 -0.8047 -0.1712
vn 0.6063 -0.6191 -0.4991
vn 0.6242 -0.1508 -0.7666
vn 0.7870 0.1570 -0.5967
vn 0.7567 0.1054 -0.6452
vn 0.5610 -0.7919 -0.2411
vn 0.6004 -0.7770 -0.1893
vn 0.2528 -0.9650 -0.0692
vn 0.3016 -0.9523 -0.0473
vn 0.2191 -0.9614 -0.1662
vn 0.2462 -0.9691 0.0171
vn 0.3249 -0.9456 -0.0177
vn -0.5077 -0.8615 0.0117
vn -0.4936 -0.7564 -0.4293
vn -0.1719 -0.9506 -0.2586
vn -0.9122 0.4014 0.0823
vn -0.9264 0.3714 0.0623
vn -0.9222 0.3570 0.1487
vn 0.0407 0.8872 -0.4597
vn -0.0196 0.8689 -0.4947
vn 0.9694 0.0848 0.2305
vn 0.8564 0.1181 0.5026
vn 0.8519 0.2331 0.4689
vn 0.7626 0.0650 0.6436
vn 0.5540 0.3710 0.7453
vn -0.7132 0.2280 -0.6629
vn -0.6588 0.1999 -0.7252
vn -0.7684 -0.1429 -0.6238
vn 0.8841 0.1903 0.4269
vn 0.6886 0.3080 0.6565
vn 0.7112 0.2662 0.6506
vn 0.6771 0.4891 0.5498
vn 0.4878 0.7779 0.3960
vn -0.0100 0.6557 -0.7550
vn -0.5465 0.7425 0.3873
vn -0.1640 0.6471 -0.7446
vn 0.3253 -0.9455 -0.0177
vn -0.7656 0.2271 -0.6019
vn -0.5398 -0.1833 0.8216
vn -0.4906 -0.2861 0.8231
vn -0.1318 0.9416 -0.3098
vn -0.3689 0.9060 -0.2076
vn -0.0659 0.6494 -0.7576
vn 0.1915 0.8939 -0.4053
vn 0.0480 0.8532 -0.5194
vn -0.2691 0.5966 0.7561
vn -0.0493 0.5483 0.8349
vn 0.2310 0.8922 -0.3881
vn 0.5986 0.2925 -0.7457
vn 0.4756 0.1535 -0.8662
vn 0.6046 0.2461 -0.7575
vn -0.2648 0.3764 0.8878
vn -0.2893 0.2130 0.9332
vn -0.0046 -0.9948 0.1017
vn 0.0133 -0.9991 0.0394
vn -0.0739 -0.9967 0.0341
vn -0.3434 0.9336 -0.1019
vn -0.2497 0.9632 -0.0992
vn -0.3238 0.9415 -0.0930
vn -0.1822 0.9818 -0.0532
vn -0.2871 0.9556 -0.0671
vn 0.7221 -0.4580 -0.5185
vn 0.6081 -0.5588 -0.5639
vn 0.6873 -0.3395 -0.6422
vn -0.6394 -0.7299 0.2417
vn -0.5988 -0.7801 0.1812
vn -0.5931 -0.7842 0.1825
vn -0.0287 0.5969 0.8018
vn -0.1646 0.5374 0.8271
vn 0.8071 0.5710 -0.1502
vn 0.4275 0.8824 0.1966
vn -0.8480 0.4523 0.2764
vn -0.7659 0.4217 0.4854
vn 0.7987 0.1870 -0.5720
vn 0.3425 -0.0197 -0.9393
vn 0.0057 0.5119 -0.8590
vn 0.4597 0.7947 -0.3964
vn 0.6689 0.0399 0.7423
vn 0.2696 0.7326 -0.6249
vn 0.3693 0.5221 -0.7688
vn 0.2512 0.4879 -0.8360
vn 0.8616 0.4207 -0.2840
vn 0.8548 0.3893 -0.3433
vn 0.8439 0.4517 -0.2896
vn 0.6114 0.3070 -0.7293
vn 0.4174 0.6099 -0.6736
vn 0.1393 0.1784 -0.9740
vn 0.2721 -0.1774 0.9458
vn 0.1698 -0.2110 0.9626
vn 0.2779 -0.2146 0.9363
vn 0.2669 0.3169 0.9101
vn 0.3315 0.3926 0.8579
vn 0.8525 0.1983 -0.4837
vn -0.0926 -0.6433 0.7600
vn -0.0971 -0.5950 0.7978
vn -0.2091 -0.6426 0.7371
vn -0.4080 -0.8776 0.2517
vn -0.4340 -0.9006 -0.0232
vn -0.5159 -0.8531 -0.0787
vn -0.4136 -0.8930 -0.1773
vn -0.5765 0.4107 -0.7063
vn -0.6598 0.2960 -0.6907
vn -0.6238 0.4170 -0.6611
vn 0.0648 -0.0478 -0.9968
vn 0.0579 -0.0027 -0.9983
vn 0.0889 -0.0108 -0.9960
vn -0.3819 0.8727 0.3041
vn 0.1210 0.9865 0.1100
vn 0.8507 0.2483 0.4634
vn 0.9739 -0.0054 0.2267
vn 0.8222 0.2617 0.5055
vn -0.1511 0.7244 0.6726
vn -0.0209 0.8108 0.5850
vn -0.2269 0.5407 0.8100
vn 0.5656 -0.6976 0.4398
vn 0.2629 0.5886 -0.7645
vn 0.1943 0.5549 -0.8089
vn 0.1642 0.5236 -0.8360
vn 0.5080 -0.6669 0.5452
vn 0.9110 -0.1706 0.3755
vn 0.9110 -0.0746 0.4056
vn 0.5103 -0.8571 -0.0705
vn 0.2527 -0.9675 -0.0046
vn 0.5750 -0.7649 0.2905
vn 0.3892 -0.9057 -0.1677
vn 0.4492 -0.8684 0.2099
vn 0.3036 -0.7427 -0.5968
vn 0.6099 0.6973 -0.3766
vn 0.6240 0.7505 -0.2177
vn 0.5851 0.8053 0.0953
vn 0.1100 0.9930 -0.0431
vn 0.1522 0.9854 -0.0762
vn 0.0800 0.9962 -0.0342
vn 0.4649 0.8847 -0.0338
vn 0.5742 0.6397 -0.5109
vn 0.6300 0.6531 -0.4203
vn 0.5202 0.8297 -0.2022
vn -0.4560 -0.8352 0.3074
vn -0.4482 -0.7044 0.5504
vn -0.5846 -0.6807 0.4415
vn -0.5057 0.6696 0.5440
vn 0.6395 0.4589 0.6168
vn -0.5417 -0.1169 0.8324
vn -0.5642 -0.1553 0.8109
vn -0.1805 0.9727 -0.1457
vn -0.1398 0.9803 -0.1396
vn -0.1931 0.9713 -0.1388
vn -0.0607 -0.5091 0.8585
vn 0.1260 0.8203 0.5578
vn -0.1696 -0.0391 0.9847
vn -0.4056 0.4461 0.7978
vn 0.2853 0.5906 0.7549
vn 0.2690 -0.7801 0.5649
vn 0.3419 -0.6793 0.6494
vn 0.0263 0.7397 -0.6725
vn 0.0030 0.6600 -0.7513
vn 0.0392 0.7443 -0.6667
vn 0.9903 -0.0661 -0.1223
vn 0.1635 0.6506 0.7416
vn 0.5647 0.8076 -0.1698
vn 0.3797 -0.1323 -0.9156
vn 0.5295 -0.0481 -0.8470
vn 0.5341 -0.0236 -0.8451
vn 0.3767 0.1532 -0.9136
vn -0.8137 -0.1191 0.5690
vn -0.8623 -0.1783 0.4739
vn -0.8003 -0.0414 0.5982
vn -0.1738 0.8293 0.5310
vn -0.0688 0.5937 -0.8017
vn -0.7203 0.4780 -0.5027
vn 0.8808 -0.0227 0.4730
vn 0.8364 0.0111 0.5479
vn 0.8734 0.0943 0.4779
vn 0.7956 0.5690 -0.2080
vn 0.7972 0.4775 -0.3695
vn 0.8207 0.5527 -0.1446
vn -0.9979 0.0640 0.0115
vn -0.6515 0.3302 0.6830
vn 0.2240 -0.9728 -0.0595
vn 0.5258 -0.8428 0.1145
vn 0.1593 0.9871 0.0179
vn 0.6937 0.5809 -0.4257
vn 0.1738 0.9793 -0.1041
vn 0.3395 -0.7615 -0.5521
vn 0.5842 -0.7290 -0.3568
vn 0.2715 -0.7127 -0.6468
vn -0.6256 -0.4443 0.6412
vn -0.8022 -0.0683 0.5931
vn 0.4908 0.8681 0.0745
vn 0.5391 0.8421 0.0171
vn 0.4293 0.9027 -0.0292
vn -0.6124 0.7747 -0.1573
vn -0.6834 0.7017 -0.2014
vn -0.6827 0.7136 -0.1572
vn 0.4376 0.8989 -0.0230
vn 0.5857 0.8105 -0.0098
vn -0.3022 0.3813 -0.8737
vn -0.8403 0.3415 -0.4210
vn -0.7489 0.5893 -0.3031
vn -0.3917 0.7611 0.5169
vn -0.3189 0.3010 0.8987
vn -0.1521 0.1178 0.9813
vn -0.9273 0.3584 -0.1084
vn -0.8343 0.5505 0.0296
vn 0.4868 -0.4347 -0.7577
vn 0.4608 -0.4977 -0.7348
vn 0.5083 -0.4482 -0.7353
vn -0.3867 -0.8479 0.3627
vn -0.0842 -0.6355 0.7675
vn -0.5523 -0.6210 0.5562
vn 0.2292 0.8534 0.4682
vn 0.6886 0.7197 0.0882
vn 0.7765 -0.0143 0.6300
vn 0.6719 0.2858 0.6833
vn 0.6406 0.2284 0.7332
vn -0.6529 0.5226 0.5483
vn -0.7547 0.6507 0.0842
vn -0.6934 0.1469 0.7054
vn -0.1410 0.9052 -0.4009
vn -0.1176 0.8031 -0.5841
vn -0.4076 0.6749 -0.6151
vn -0.2139 0.8348 -0.5073
vn -0.1979 0.1114 0.9739
vn -0.8657 0.3673 0.3400
vn -0.5512 -0.0289 0.8339
vn -0.6035 -0.7405 0.2957
vn -0.9283 -0.2775 0.2475
vn -0.9405 -0.2708 0.2052
vn 0.7899 -0.6124 -0.0309
vn 0.7233 -0.6876 -0.0630
vn 0.7625 -0.6381 -0.1068
vn -0.4095 0.5339 -0.7398
vn -0.3043 0.4660 -0.8308
vn -0.4211 0.5700 -0.7055
vn -0.0038 -0.9859 -0.1671
vn 0.0143 -0.9730 -0.2305
vn 0.0002 -0.9857 -0.1683
vn -0.2341 0.1349 0.9628
vn -0.5866 0.0202 0.8096
vn -0.5469 -0.4583 0.7006
vn 0.8488 0.2469 -0.4675
vn -0.2538 0.4995 0.8283
vn -0.3031 0.6554 0.6918
vn 0.9173 0.1059 0.3840
vn -0.8474 0.3852 -0.3654
vn -0.8260 0.4450 -0.3460
vn -0.8062 0.4439 -0.3911
vn -0.7348 0.1598 -0.6592
vn -0.6145 0.3129 -0.7242
vn -0.6790 0.2607 -0.6863
vn 0.6812 -0.6041 -0.4135
vn 0.6578 -0.4622 -0.5947
vn 0.5776 -0.7740 -0.2593
vn 0.6574 -0.6917 -0.2989
vn 0.7353 -0.5814 -0.3483
vn -0.1895 0.6852 0.7033
vn -0.0834 0.0660 0.9943
vn -0.0800 0.7133 0.6963
vn -0.0698 0.8419 0.5351
vn -0.1636 -0.9472 0.2757
vn -0.3936 -0.8928 0.2193
vn 0.5619 0.4101 0.7184
vn 0.7477 0.5048 -0.4313
vn 0.5583 0.8285 0.0431
vn -0.6144 -0.4763 0.6290
vn -0.5752 -0.4520 0.6818
vn -0.5688 -0.3486 0.7450
vn -0.7458 0.4493 0.4918
vn -0.4504 0.8649 0.2214
vn 0.0305 0.9803 -0.1950
vn 0.4837 0.8732 0.0597
vn -0.8260 0.2515 -0.5044
vn -0.8625 0.1875 -0.4701
vn -0.7871 0.2449 -0.5661
vn -0.5190 -0.5128 0.6838
vn -0.5895 -0.3299 0.7373
vn -0.4156 -0.2626 0.8708
vn -0.4273 -0.1326 0.8944
vn -0.5161 -0.1772 0.8380
vn -0.5664 -0.3607 0.7410
vn -0.6575 -0.0006 -0.7534
vn -0.7312 -0.0882 -0.6765
vn -0.6096 -0.0079 -0.7927
vn -0.6133 -0.3135 0.7250
vn -0.6919 0.3242 0.6451
vn -0.6744 0.2724 0.6863
vn -0.7452 -0.0386 0.6657
vn -0.6210 0.1360 0.7719
vn -0.7782 0.2124 0.5910
vn -0.8564 0.2836 0.4315
vn -0.6097 -0.1489 0.7785
vn -0.5870 -0.1868 0.7878
vn 0.1157 0.6169 0.7785
vn 0.1756 0.5339 0.8271
vn 0.4259 0.7629 0.4865
vn -0.7236 0.4937 0.4823
vn -0.8953 0.2828 -0.3441
vn -0.8349 0.5471 -0.0604
vn -0.8588 0.1877 0.4766
vn -0.9405 0.2690 0.2075
vn 0.4027 -0.8530 -0.3319
vn 0.3342 -0.9352 -0.1172
vn 0.3575 -0.8651 -0.3518
vn -0.5561 -0.1230 0.8220
vn -0.5596 0.1143 0.8208
vn -0.5582 0.0755 0.8263
vn 0.3283 0.9171 0.2262
vn 0.4669 -0.0947 -0.8792
vn 0.6081 -0.3288 -0.7226
vn 0.3097 -0.7695 -0.5585
vn 0.3797 -0.8357 -0.3968
vn 0.4354 -0.8366 -0.3325
vn 0.7177 -0.6961 -0.0157
vn 0.4794 -0.6606 -0.5777
vn 0.0484 0.7097 0.7028
vn -0.2052 0.9386 0.2774
vn 0.5407 -0.3858 -0.7476
vn 0.5337 -0.3111 -0.7864
vn 0.6133 0.1046 -0.7829
vn 0.7852 -0.3421 0.5162
vn 0.8205 0.5258 -0.2245
vn 0.8401 0.4915 -0.2294
vn 0.8301 0.4720 -0.2969
vn -0.8853 -0.0923 -0.4558
vn -0.8490 0.0011 -0.5284
vn -0.1754 0.3233 0.9299
vn -0.1681 0.2677 0.9487
vn -0.2219 0.3040 0.9265
vn 0.8101 0.3678 0.4566
vn 0.8195 0.2207 0.5289
vn 0.8313 0.3738 0.4113
vn -0.5511 0.0549 0.8326
vn -0.0656 0.5547 0.8295
vn 0.0429 -0.3786 0.9246
vn 0.0283 -0.3125 0.9495
vn 0.0346 -0.2506 0.9675
vn -0.3598 0.5413 0.7600
vn -0.0891 0.7171 -0.6913
vn -0.0610 0.6256 -0.7778
vn -0.1141 0.4676 -0.8765
vn -0.1470 0.7370 -0.6598
vn 0.1168 0.8990 -0.4221
vn 0.2599 0.7240 -0.6389
vn -0.8448 -0.5340 -0.0339
vn -0.7735 -0.6337 -0.0109
vn 0.2817 0.0315 0.9590
vn -0.3444 0.7695 0.5379
vn -0.6170 0.7853 -0.0516
vn -0.6825 0.7308 -0.0088
vn 0.8123 -0.0858 -0.5769
vn 0.8002 0.0692 -0.5957
vn 0.3632 0.0893 0.9274
vn -0.0379 0.3715 0.9276
vn 0.4451 -0.3835 -0.8092
vn -0.9100 0.2597 -0.3231
vn -0.8946 0.3239 -0.3080
vn -0.8852 0.2720 -0.3774
vn -0.3006 0.5341 0.7902
vn -0.8580 0.4356 0.2721
vn 0.6903 -0.6910 -0.2145
vn 0.6899 -0.6690 -0.2766
vn 0.7561 -0.6216 -0.2047
vn -0.9487 -0.1260 -0.2900
vn -0.9658 -0.0611 -0.2521
vn -0.9354 -0.0683 -0.3470
vn -0.2124 0.4717 0.8558
vn 0.3727 0.5015 0.7808
vn 0.1979 0.1223 0.9726
vn 0.1046 0.9912 0.0815
vn 0.8721 0.0395 -0.4878
vn 0.3792 -0.9089 0.1736
vn 0.5947 0.3557 0.7210
vn -0.8425 0.5366 -0.0476
vn -0.8987 0.4255 0.1061
vn -0.6675 0.4661 -0.5806
vn 0.7594 -0.0810 -0.6456
vn 0.7913 -0.1095 -0.6016
vn 0.9342 -0.0494 -0.3533
vn 0.8454 0.0808 0.5279
vn -0.7751 0.0256 0.6313
vn 0.5926 0.2825 -0.7543
vn 0.1459 0.9810 -0.1279
vn -0.5563 -0.7369 0.3841
vn -0.5471 -0.6279 0.5536
vn -0.3774 -0.7184 0.5843
vn 0.1383 -0.9560 0.2589
vn 0.1186 -0.9716 0.2048
vn 0.1358 -0.9846 0.1102
vn -0.0694 0.9207 -0.3841
vn -0.1596 0.5006 -0.8508
vn -0.6281 0.1900 0.7546
vn -0.7846 -0.1834 0.5922
vn -0.8939 -0.1514 0.4219
vn -0.7608 0.1403 0.6337
vn -0.6775 0.3173 -0.6635
vn -0.4043 0.4122 -0.8165
vn -0.0632 0.9978 -0.0176
vn 0.1637 0.5821 -0.7965
vn 0.2349 0.7840 -0.5746
vn 0.0985 0.6294 -0.7708
vn 0.5169 0.6937 0.5016
vn 0.6961 0.5652 0.4428
vn 0.6967 0.2957 0.6536
vn 0.4522 0.7443 -0.4915
vn 0.3554 0.5634 0.7458
vn 0.3063 0.8580 0.4122
vn 0.2729 0.8714 0.4077
vn 0.5743 0.4039 0.7121
vn 0.5872 0.3330 0.7378
vn -0.9994 -0.0242 0.0235
vn -0.8714 0.1104 -0.4780
vn -0.9478 0.2788 0.1546
vn -0.4000 0.9092 0.1158
vn -0.6987 0.6993 0.1508
vn 0.1136 0.8513 0.5122
vn -0.2282 0.5225 0.8215
vn 0.0201 0.3501 0.9365
vn -0.1338 0.4998 0.8557
vn -0.9434 0.2308 0.2383
vn 0.8610 0.1413 0.4886
vn 0.8445 0.1916 0.5001
vn 0.7941 0.3969 0.4603
vn 0.7774 0.4002 -0.4852
vn 0.9859 0.0315 -0.1641
vn 0.8210 0.5186 -0.2387
vn -0.2341 0.1155 0.9653
vn -0.3539 0.8158 0.4573
vn 0.1430 0.9288 -0.3420
vn 0.0872 0.9305 -0.3558
vn 0.0738 0.8159 -0.5734
vn -0.3561 -0.9255 -0.1294
vn -0.3139 -0.9221 -0.2260
vn -0.2351 -0.9601 -0.1518
vn 0.9330 0.3111 -0.1808
vn 0.2854 0.9292 0.2349
vn 0.6474 0.7451 0.1600
vn 0.1729 0.8991 -0.4021
vn 0.0664 0.9014 -0.4279
vn -0.0596 0.8500 -0.5233
vn 0.4805 -0.8285 -0.2877
vn 0.6575 -0.6013 -0.4539
vn 0.1747 -0.9562 0.2348
vn 0.3433 0.9156 -0.2094
vn 0.3387 0.9184 -0.2045
vn 0.5590 0.6299 0.5392
vn 0.4620 0.5766 0.6738
vn -0.8116 0.1979 0.5497
vn -0.8379 0.2200 0.4996
vn -0.8538 0.2356 0.4643
vn 0.2458 0.9035 -0.3512
vn 0.9264 0.3103 -0.2135
vn 0.8985 0.3668 -0.2411
vn -0.8232 0.5623 -0.0779
vn -0.8387 0.5342 -0.1053
vn -0.8689 0.4860 -0.0944
vn -0.6570 -0.6165 -0.4339
vn -0.3588 -0.7435 -0.5643
vn 0.6027 -0.7809 -0.1641
vn 0.3159 -0.9364 -0.1530
vn 0.2750 -0.9492 -0.1531
vn -0.6776 -0.4201 0.6036
vn -0.4128 0.5080 0.7560
vn -0.7153 0.6498 -0.2570
vn -0.7440 0.5798 -0.3321
vn -0.7661 0.5963 -0.2398
vn 0.5801 0.4604 0.6719
vn 0.4911 0.4021 0.7727
vn 0.6096 0.4408 0.6588
vn -0.3238 0.9432 -0.0748
vn -0.2465 0.7088 -0.6610
vn 0.5073 -0.1561 -0.8475
vn 0.4702 0.4184 -0.7771
vn -0.5223 0.2084 0.8269
vn -0.8041 0.2454 0.5415
vn -0.5333 -0.2952 0.7928
vn -0.5544 -0.2866 0.7814
vn -0.5364 -0.5184 0.6660
vn -0.4118 -0.6518 0.6369
vn 0.4984 0.5187 0.6947
vn 0.6843 0.3997 0.6099
vn -0.8596 0.0380 -0.5096
vn -0.8378 0.0736 -0.5411
vn 0.6421 -0.7302 0.2335
vn 0.3423 -0.8805 0.3281
vn 0.5930 0.1774 0.7854
vn 0.6874 0.2428 0.6845
vn 0.8512 0.1832 0.4919
vn 0.2636 0.5027 0.8233
vn 0.4694 0.3308 0.8187
vn 0.5841 0.7479 0.3154
vn 0.6775 0.6124 0.4074
vn 0.8202 -0.3561 0.4477
vn 0.7171 -0.4044 0.5676
vn 0.7778 -0.4452 0.4436
vn -0.3752 -0.9081 0.1859
vn -0.4892 -0.7909 0.3676
vn -0.0805 -0.9837 -0.1608
vn -0.1420 -0.9678 -0.2078
vn -0.0498 -0.9749 -0.2170
vn 0.4321 0.9010 0.0396
vn -0.4716 0.8057 0.3583
vn 0.4134 0.7642 0.4951
vn 0.6831 -0.6802 -0.2660
vn 0.5528 -0.8049 -0.2158
vn 0.6081 -0.7737 -0.1776
vn 0.8972 -0.0713 -0.4357
vn 0.7094 -0.0562 -0.7026
vn 0.7403 0.6199 -0.2603
vn 0.7361 0.6397 -0.2212
vn 0.7973 0.5087 -0.3248
vn -0.6141 -0.1317 -0.7781
vn -0.5003 -0.0155 -0.8657
vn 0.0495 0.9192 -0.3908
vn -0.0716 0.9691 -0.2359
vn 0.7697 -0.2155 -0.6009
vn 0.7607 -0.0105 -0.6490
vn 0.6623 -0.3884 -0.6407
vn 0.7785 -0.2545 -0.5737
vn 0.8143 -0.1236 -0.5672
vn -0.0975 0.7987 -0.5937
vn -0.2693 0.6804 -0.6816
vn -0.0374 0.8572 -0.5136
vn 0.3220 0.7749 -0.5439
vn 0.2946 0.7827 -0.5483
vn -0.5087 -0.3877 0.7687
vn -0.1450 -0.3154 0.9378
vn 0.4139 -0.0993 0.9049
vn 0.3429 -0.4459 0.8268
vn 0.2655 0.4684 -0.8427
vn -0.0973 0.3464 -0.9330
vn -0.3550 0.2471 0.9016
vn -0.2865 0.9524 0.1044
vn -0.6107 0.5537 0.5661
vn 0.0063 -0.1139 0.9935
vn 0.0059 -0.0591 0.9982
vn -0.0048 -0.0886 0.9961
vn -0.2685 -0.4774 -0.8366
vn -0.5085 -0.1922 -0.8393
vn 0.8229 0.2567 0.5069
vn 0.8723 0.2403 0.4258
vn 0.7972 0.4476 0.4051
vn 0.3396 -0.6132 0.7132
vn 0.3147 -0.4343 0.8440
vn 0.5325 -0.5139 0.6726
vn 0.7706 0.2948 -0.5650
vn -0.5412 -0.7342 0.4098
vn 0.8508 0.3405 -0.4003
vn 0.6232 0.3046 0.7204
vn 0.4106 -0.8843 0.2223
vn 0.4747 -0.8499 0.2289
vn 0.4585 -0.8885 -0.0168
vn -0.6325 0.2058 0.7467
vn -0.4327 -0.8169 -0.3815
vn -0.4516 -0.7629 -0.4627
vn -0.3805 -0.8246 -0.4186
vn 0.4447 -0.8240 -0.3510
vn 0.4151 -0.8994 -0.1369
vn 0.3847 -0.8912 -0.2403
vn 0.8212 0.2464 -0.5147
vn 0.6198 0.2254 -0.7517
vn 0.6159 0.3490 -0.7063
vn 0.3884 -0.9058 -0.1695
vn 0.2251 -0.9248 -0.3068
vn 0.3631 -0.9079 0.2096
vn -0.5984 0.3695 -0.7109
vn -0.5931 -0.0441 0.8039
vn -0.7445 0.0208 0.6674
vn -0.6394 0.5838 -0.5003
vn -0.7410 -0.6342 -0.2207
vn -0.7145 -0.6369 -0.2897
vn -0.6829 0.6700 -0.2910
vn -0.7096 -0.0118 0.7045
vn -0.2620 0.0343 0.9645
vn -0.5376 -0.2563 0.8033
vn -0.5963 -0.5918 0.5424
vn -0.6166 -0.4834 0.6214
vn -0.2974 -0.9547 -0.0082
vn -0.3975 -0.9135 -0.0864
vn -0.6077 -0.2858 0.7410
vn -0.1164 0.5813 0.8053
vn -0.7758 -0.2216 0.5908
vn -0.4967 -0.3257 0.8045
vn 0.5808 0.8059 0.1150
vn 0.6118 0.7906 -0.0257
vn 0.7285 0.6727 -0.1296
vn -0.1859 0.7746 0.6046
vn -0.9150 -0.1054 -0.3895
vn 0.2240 0.5816 -0.7820
vn 0.4439 0.8257 -0.3481
vn -0.3284 0.2851 0.9005
vn 0.9207 0.1156 -0.3728
vn 0.8490 0.4671 -0.2469
vn 0.8573 0.1892 -0.4788
vn 0.5499 0.5977 -0.5833
vn 0.4121 0.4201 -0.8085
vn 0.4110 0.7344 -0.5401
vn 0.4729 0.2508 -0.8447
vn -0.6101 -0.2144 -0.7627
vn -0.7470 -0.0844 -0.6594
vn -0.7481 -0.1579 -0.6446
vn 0.6510 0.3981 0.6463
vn 0.6907 0.3735 0.6192
vn 0.6670 0.4518 0.5924
vn -0.3269 0.7796 -0.5343
vn -0.1922 0.9644 0.1815
vn 0.0174 0.8029 0.5959
vn 0.4763 -0.8427 0.2511
vn 0.2669 -0.9368 0.2264
vn 0.1045 -0.7979 -0.5937
vn -0.4803 -0.2157 0.8502
vn -0.4397 -0.5353 0.7212
vn -0.6829 0.0147 -0.7304
vn -0.7824 0.0631 -0.6196
vn 0.0808 -0.9853 0.1508
vn 0.2208 -0.9747 -0.0354
vn 0.8973 -0.3581 0.2580
vn 0.8573 -0.3392 0.3872
vn -0.4758 -0.8328 -0.2830
vn 0.2249 -0.9413 0.2516
vn 0.3675 -0.7086 0.6023
vn 0.3920 -0.7891 0.4730
vn -0.1588 0.8147 0.5577
vn 0.1105 0.9937 -0.0206
vn 0.8144 -0.3396 0.4706
vn -0.5666 -0.3058 0.7651
vn -0.6443 0.1898 -0.7408
vn -0.6843 -0.0418 -0.7280
vn -0.6524 0.0797 -0.7537
vn 0.4105 -0.8253 0.3878
vn 0.4900 -0.8686 -0.0734
vn -0.6095 0.7927 0.0086
vn -0.8132 0.5818 0.0145
vn 0.6721 -0.2658 -0.6911
vn 0.7633 -0.2191 -0.6077
vn 0.7374 -0.4438 -0.5092
vn 0.5516 0.8314 -0.0667
vn 0.5046 0.5810 0.6387
vn -0.4744 -0.7429 0.4723
vn -0.3997 -0.6534 0.6429
vn -0.1020 0.0779 0.9917
vn -0.1875 0.9701 0.1542
vn 0.0524 0.9367 0.3461
vn -0.5074 0.8478 -0.1542
vn -0.1799 -0.9021 -0.3921
vn -0.6153 -0.6470 0.4504
vn -0.6006 -0.7823 0.1654
vn 0.4177 0.4167 0.8074
vn 0.0220 0.1296 0.9913
vn 0.0047 1.0000 0.0017
vn 0.7971 0.5537 -0.2410
vn 0.7778 0.5746 -0.2545
vn 0.6766 0.4425 0.5885
vn 0.9505 0.0909 0.2972
vn -0.5037 -0.7548 0.4202
vn 0.9825 0.0977 0.1586
vn 0.9768 0.1432 0.1590
vn 0.9713 0.1339 0.1965
vn 0.9860 -0.0148 0.1659
vn 0.9834 0.0172 0.1809
vn 0.9802 -0.0513 0.1911
vn -0.1072 0.8253 0.5545
vn -0.6967 0.0215 0.7170
vn 0.5038 0.7503 0.4281
vn 0.4879 0.7145 -0.5015
vn 0.8359 0.4094 -0.3656
vn 0.8018 0.5805 -0.1419
vn 0.1365 -0.8923 -0.4302
vn 0.0551 -0.8982 -0.4361
vn 0.1432 -0.8564 -0.4961
vn -0.2984 0.0247 -0.9541
vn -0.3548 -0.0338 -0.9343
vn -0.4337 0.0760 -0.8978
vn 0.8484 -0.1744 0.4998
vn 0.8085 -0.2146 0.5479
vn 0.7209 -0.0402 0.6919
vn -0.1323 0.9885 0.0738
vn 0.1258 0.9807 -0.1497
vn 0.4676 -0.6849 -0.5588
vn 0.3201 -0.8609 -0.3953
vn 0.3947 -0.8004 -0.4513
vn -0.1286 0.9743 -0.1849
vn -0.0979 0.9669 -0.2356
vn -0.1729 0.9509 -0.2568
vn 0.2566 0.4969 -0.8290
vn 0.5412 0.7364 -0.4060
vn 0.2594 0.9597 -0.1083
vn 0.2313 0.9670 -0.1072
vn -0.3361 -0.1469 0.9303
vn -0.4168 -0.3882 0.8219
vn -0.2164 0.2631 0.9402
vn -0.2027 0.2267 0.9527
vn -0.2626 0.2711 0.9260
vn 0.1633 0.3833 0.9091
vn -0.2230 0.5167 0.8266
vn -0.7729 0.2020 0.6015
vn -0.8738 0.3793 0.3045
vn -0.8130 0.4351 0.3869
vn -0.8606 0.0521 0.5066
vn -0.7466 0.6625 -0.0604
vn -0.8363 0.5483 -0.0055
vn -0.4667 0.8833 -0.0451
vn -0.8462 0.5276 0.0753
vn -0.8128 0.5818 0.0281
vn -0.9872 0.0771 0.1396
vn -0.8017 0.5603 -0.2083
vn -0.5797 0.5503 -0.6009
vn -0.4586 0.4337 -0.7756
vn 0.7565 -0.2824 0.5898
vn 0.6607 0.3994 0.6356
vn 0.7967 0.2024 0.5695
vn 0.6080 0.3008 0.7348
vn 0.6682 0.3767 0.6416
vn 0.5869 -0.1535 -0.7950
vn 0.5775 -0.0589 -0.8143
vn 0.5702 0.0295 -0.8210
vn -0.2212 0.5458 0.8082
vn 0.4030 0.8023 0.4403
vn -0.1743 0.7323 0.6583
vn -0.4660 0.3451 0.8147
vn 0.0071 -0.2391 0.9710
vn 0.5989 -0.1418 0.7882
vn 0.4125 0.3043 -0.8587
vn 0.8562 0.4914 -0.1597
vn 0.8147 0.3941 -0.4254
vn 0.3387 0.2281 -0.9128
vn 0.0776 0.7738 0.6287
vn 0.6388 0.6688 0.3804
vn 0.0843 -0.9712 0.2229
vn 0.1269 -0.9398 0.3174
vn 0.0863 -0.9606 0.2643
vn -0.5446 -0.4003 0.7370
vn -0.4621 -0.3578 0.8115
vn 0.0254 -0.0394 0.9989
vn 0.0187 -0.0590 0.9981
vn 0.0039 -0.0631 0.9980
vn -0.0381 -0.0276 0.9989
vn -0.0273 0.0286 0.9992
vn 0.2726 0.8733 -0.4038
vn -0.8351 0.4573 0.3057
vn -0.2306 -0.6982 0.6777
vn -0.4082 -0.7945 0.4497
vn 0.9998 -0.0175 -0.0041
vn 0.9958 -0.0289 0.0866
vn 0.9975 -0.0700 0.0126
vn 0.7990 0.4494 -0.3995
vn 0.0303 0.9938 -0.1074
vn 0.0676 0.9899 -0.1243
vn 0.0292 0.9903 -0.1359
vn -0.9106 0.3475 -0.2238
vn -0.8608 0.4575 0.2228
vn -0.6121 0.7786 -0.1384
vn -0.6001 0.7928 -0.1067
vn -0.6850 0.7224 -0.0938
vn 0.7806 0.0484 0.6232
vn 0.6527 0.1034 0.7505
vn -0.4332 -0.6565 0.6176
vn -0.5242 -0.5509 0.6495
vn 0.0702 0.8984 -0.4335
vn -0.1203 0.9893 -0.0819
vn -0.1152 0.9888 -0.0949
vn -0.3283 0.9381 -0.1105
vn -0.3469 -0.5422 -0.7653
vn -0.5189 -0.4417 -0.7319
vn 0.1175 0.9858 -0.1196
vn 0.1636 0.9785 -0.1254
vn -0.5156 -0.6514 0.5566
vn -0.4227 -0.6579 0.6234
vn -0.1715 0.1945 0.9658
vn 0.0242 -0.1379 0.9901
vn -0.1562 0.9788 -0.1323
vn -0.1294 0.9873 -0.0925
vn -0.0948 0.9873 -0.1273
vn 0.3087 -0.8170 0.4870
vn 0.8235 -0.1209 0.5543
vn 0.8733 -0.0908 0.4787
vn 0.1216 0.1813 0.9759
vn -0.4777 -0.4842 0.7330
vn -0.4423 -0.4110 0.7971
vn -0.5355 -0.3918 0.7481
vn 0.9115 0.2930 -0.2885
vn 0.3550 0.8793 0.3175
vn -0.4921 0.8299 -0.2629
vn -0.1064 0.1501 0.9829
vn 0.4362 -0.1058 0.8936
vn 0.7476 0.0686 0.6606
vn -0.0304 -0.7919 -0.6099
vn -0.0664 -0.7641 -0.6417
vn -0.0346 -0.7423 -0.6692
vn 0.1079 0.9892 -0.0994
vn 0.0953 0.9926 -0.0752
vn 0.8599 -0.2387 0.4512
vn 0.8656 -0.1866 0.4647
vn 0.7210 -0.5795 0.3800
vn -0.5068 -0.5221 -0.6860
vn 0.7925 0.5938 -0.1391
vn 0.7933 0.5847 -0.1695
vn 0.7672 0.6184 -0.1703
vn -0.2066 0.7579 0.6187
vn -0.0116 0.4362 0.8998
vn -0.5372 0.1703 0.8261
vn 0.7727 0.1323 -0.6208
vn -0.8025 -0.4126 0.4310
vn 0.8037 -0.5803 -0.1319
vn 0.8171 -0.5362 -0.2119
vn 0.8656 -0.4780 -0.1489
vn -0.9249 -0.1114 0.3635
vn 0.1971 -0.9459 -0.2577
vn 0.0438 -0.9792 -0.1983
vn -0.8719 -0.0554 -0.4865
vn 0.7325 -0.2086 -0.6480
vn 0.5177 0.1146 -0.8478
vn 0.2855 0.7399 -0.6092
vn 0.0263 -0.9838 0.1773
vn 0.0219 -0.9531 0.3020
vn -0.0143 -0.9819 0.1890
vn -0.5502 0.7750 0.3109
vn -0.7339 0.3265 0.5957
vn -0.3888 0.1114 0.9146
vn 0.3762 0.8983 0.2269
vn 0.7805 -0.0047 -0.6252
vn 0.1114 0.9926 0.0488
vn 0.4607 -0.2490 -0.8519
vn 0.6082 -0.2602 -0.7499
vn -0.3030 0.8977 0.3199
vn -0.0333 0.9666 0.2539
vn 0.0886 -0.0714 0.9935
vn -0.1143 0.0727 0.9908
vn -0.8506 -0.0497 0.5235
vn -0.5253 -0.7810 -0.3376
vn -0.4240 -0.8471 -0.3203
vn -0.5019 -0.7876 -0.3574
vn 0.5753 0.7880 -0.2195
vn 0.3066 0.9498 -0.0624
vn 0.5748 0.8171 0.0444
vn -0.3875 -0.8889 0.2445
vn -0.5775 -0.7773 0.2498
vn -0.4405 -0.8556 0.2718
vn 0.2848 0.9193 -0.2717
vn 0.3664 0.9114 -0.1874
vn -0.9362 -0.3515 -0.0035
vn -0.9721 -0.2344 -0.0039
vn 0.7567 0.6164 0.2178
vn 0.6496 0.7348 0.1952
vn 0.7580 0.6012 0.2530
vn -0.8494 -0.2775 0.4490
vn -0.7795 -0.3109 0.5438
vn -0.1011 0.9880 -0.1166
vn -0.1387 0.9777 -0.1578
vn 0.3176 -0.8109 -0.4916
vn 0.2322 -0.8189 -0.5249
vn 0.3601 -0.7602 -0.5407
vn -0.6543 -0.0316 0.7555
vn 0.0281 0.9025 -0.4298
vn -0.0831 0.8995 -0.4290
vn -0.0254 0.8289 -0.5588
vn -0.6260 0.7424 0.2386
vn -0.0185 0.9324 -0.3609
vn -0.4509 0.5100 -0.7325
vn -0.5073 0.6207 -0.5978
vn -0.7489 -0.1476 0.6461
vn -0.4544 -0.5223 0.7216
vn -0.8272 -0.1948 0.5270
vn -0.0237 0.9988 -0.0435
vn -0.4821 0.3688 0.7947
vn -0.0691 0.4885 0.8698
vn -0.7883 -0.0493 -0.6133
vn -0.7325 0.2695 -0.6251
vn -0.9081 -0.2213 -0.3555
vn -0.8220 -0.0678 -0.5654
vn 0.2416 -0.9405 -0.2390
vn 0.3627 -0.9095 0.2033
vn -0.1668 0.9817 -0.0921
vn -0.1179 0.9903 -0.0739
vn -0.3854 0.9058 -0.1762
vn -0.3200 0.9393 -0.1237
vn -0.2931 0.9425 -0.1607
vn 0.4076 -0.8651 -0.2923
vn 0.4112 -0.7769 -0.4768
vn 0.4362 -0.7932 -0.4250
vn -0.7971 0.1600 0.5822
vn -0.3474 0.1975 0.9167
vn -0.4345 0.3714 0.8205
vn 0.2224 0.2148 -0.9510
vn 0.6121 -0.7906 -0.0184
vn 0.4793 -0.8770 -0.0336
vn 0.6485 -0.7567 0.0832
vn -0.1211 -0.4959 -0.8599
vn -0.1730 -0.4567 -0.8726
vn -0.1632 -0.5543 -0.8162
vn 0.5621 0.0317 -0.8265
vn -0.3465 0.0293 -0.9376
vn 0.5212 0.2872 -0.8037
vn 0.0021 0.7575 0.6529
vn 0.3202 0.6086 0.7260
vn 0.0988 -0.0082 -0.9951
vn 0.1387 0.0505 -0.9891
vn 0.8827 -0.4696 0.0202
vn 0.9169 -0.3946 0.0592
vn 0.5330 -0.2603 -0.8051
vn 0.4441 0.1239 -0.8874
vn 0.6963 0.4343 0.5715
vn -0.1576 0.1509 -0.9759
vn -0.1670 0.2369 -0.9571
vn -0.0830 0.1817 -0.9799
vn -0.3315 0.9375 0.1060
vn -0.5358 0.8357 0.1204
vn 0.4853 -0.3017 -0.8207
vn 0.4106 -0.9115 0.0254
vn -0.6115 -0.0281 -0.7907
vn 0.1656 0.9799 0.1117
vn 0.1874 0.9823 0.0012
vn -0.7415 0.1776 -0.6470
vn -0.4688 0.6005 0.6478
vn -0.5136 0.5120 -0.6885
vn -0.3267 -0.9040 -0.2759
vn 0.4816 -0.8764 -0.0071
vn 0.5325 -0.4540 0.7144
vn -0.5518 0.8246 0.1246
vn -0.6156 0.7881 0.0017
vn -0.3906 0.2763 0.8781
vn 0.0246 0.2096 0.9775
vn 0.0531 -0.3150 -0.9476
vn 0.1091 -0.2687 -0.9570
vn 0.0809 -0.3488 -0.9337
vn -0.6079 -0.7902 -0.0779
vn -0.6573 -0.7369 -0.1576
vn -0.4233 0.8773 0.2263
vn -0.4435 0.8006 -0.4031
vn -0.4517 0.5712 -0.6854
vn 0.6529 0.7490 -0.1127
vn 0.7251 0.6585 -0.2015
vn 0.7496 0.6212 -0.2286
vn 0.0336 0.9038 -0.4265
vn -0.4539 -0.2353 -0.8594
vn -0.5762 -0.0928 -0.8120
vn 0.4707 -0.5215 -0.7117
vn 0.2996 0.1722 0.9384
vn 0.0342 0.0652 0.9973
vn -0.4013 -0.9150 0.0416
vn -0.4335 -0.8941 -0.1127
vn 0.7868 0.6000 0.1450
vn 0.7015 0.7066 -0.0931
vn -0.2581 -0.7055 -0.6600
vn -0.1975 -0.6563 -0.7282
vn 0.2370 0.8430 0.4828
vn -0.2962 0.4671 0.8331
vn 0.3275 0.8171 0.4744
vn 0.2447 0.3906 0.8874
vn 0.5014 -0.5427 -0.6738
vn 0.3747 -0.7639 -0.5253
vn -0.3294 -0.9417 -0.0677
vn -0.5009 -0.8046 -0.3190
vn 0.9939 -0.0579 -0.0934
vn 0.9778 -0.0707 -0.1971
vn 0.9896 0.0106 -0.1435
vn 0.9478 0.1772 0.2652
vn -0.0273 0.7302 -0.6827
vn 0.1777 0.6723 -0.7186
vn -0.6757 0.5026 -0.5393
vn -0.1753 0.7948 -0.5810
vn -0.5027 0.5496 -0.6672
vn -0.5315 0.5417 -0.6513
vn -0.7569 0.3803 -0.5315
vn -0.5894 -0.0962 -0.8021
vn -0.6274 0.0244 -0.7783
vn 0.5623 -0.3289 0.7587
vn 0.4490 -0.3687 0.8139
vn 0.5264 -0.3602 0.7702
vn 0.6351 -0.4090 0.6552
vn 0.5944 -0.3769 0.7104
vn 0.4818 0.6973 0.5307
vn -0.2631 0.1736 0.9490
vn 0.3002 0.3720 0.8783
vn 0.4137 -0.7683 -0.4885
vn -0.2975 0.9485 0.1086
vn -0.0158 0.9847 -0.1735
vn -0.0789 0.9796 -0.1849
vn -0.0892 0.9846 -0.1501
vn -0.2745 0.3034 0.9125
vn -0.0675 0.7007 0.7102
vn -0.2782 -0.4861 0.8285
vn -0.3523 -0.4330 0.8297
vn -0.3344 -0.5686 0.7516
vn 0.8139 -0.3516 -0.4625
vn 0.8070 -0.4338 -0.4007
vn 0.7696 -0.4439 -0.4589
vn 0.9076 0.1360 0.3973
vn 0.9352 0.1029 0.3387
vn -0.9028 0.3470 -0.2539
vn -0.8217 0.0537 0.5673
vn -0.8683 0.4941 0.0435
vn -0.9281 0.3724 -0.0009
vn -0.8460 0.5322 0.0327
vn 0.2220 -0.6026 0.7666
vn 0.9972 -0.0740 0.0132
vn -0.5426 0.0082 0.8399
vn 0.3329 0.9168 -0.2206
vn 0.9396 -0.0181 -0.3418
vn 0.8949 -0.0608 -0.4421
vn 0.8690 -0.0291 -0.4940
vn -0.7865 0.3380 -0.5169
vn -0.8172 0.2970 -0.4938
vn -0.3230 -0.8888 -0.3252
vn -0.3895 -0.8732 -0.2930
vn -0.3909 -0.8545 -0.3419
vn -0.8532 0.0210 -0.5211
vn -0.5370 -0.3035 0.7871
vn 0.9523 0.3018 -0.0456
vn 0.9152 0.3098 -0.2578
vn -0.8161 0.2293 -0.5305
vn -0.7565 0.3157 -0.5728
vn -0.6543 0.1891 -0.7322
vn -0.6178 0.0001 -0.7864
vn -0.6947 -0.2102 -0.6879
vn 0.7341 0.6709 -0.1046
vn 0.8029 0.5910 -0.0786
vn 0.7620 0.6355 -0.1242
vn 0.8700 0.1996 0.4508
vn 0.8477 0.1668 0.5036
vn 0.9013 0.0879 0.4241
vn -0.7274 0.0839 0.6810
vn -0.6166 -0.7436 0.2588
vn -0.6203 -0.7548 0.2132
vn -0.7060 -0.6827 0.1885
vn 0.7958 0.3701 0.4793
vn -0.3219 0.6788 -0.6599
vn -0.3748 0.7653 -0.5233
vn -0.1341 0.7527 -0.6446
vn 0.8262 0.0212 0.5629
vn 0.4706 -0.8775 0.0922
vn 0.5626 -0.7841 0.2620
vn -0.6293 0.0317 0.7765
vn -0.9063 0.1735 0.3854
vn -0.6852 -0.0650 -0.7254
vn -0.8313 -0.1012 -0.5466
vn -0.6128 -0.1274 -0.7799
vn -0.8132 -0.0055 -0.5820
vn 0.5648 0.5283 -0.6339
vn 0.0142 0.8309 -0.5562
vn 0.3409 0.7243 -0.5994
vn -0.6024 0.7328 -0.3164
vn -0.2213 0.6767 0.7022
vn -0.1139 0.5911 -0.7985
vn -0.1184 0.6317 -0.7661
vn -0.7816 -0.2467 0.5729
vn 0.1652 0.9655 -0.2012
vn 0.1282 0.9805 -0.1486
vn 0.4609 -0.8827 0.0912
vn 0.4666 -0.5103 -0.7224
vn 0.4076 -0.7925 -0.4538
vn 0.3818 -0.8251 -0.4165
vn -0.4113 -0.8607 0.3001
vn 0.1380 -0.9904 -0.0114
vn -0.0802 0.6034 -0.7934
vn -0.0321 0.7833 -0.6208
vn -0.4205 -0.2705 -0.8660
vn -0.5726 -0.2750 -0.7723
vn -0.6406 -0.2185 -0.7361
vn -0.4839 -0.8300 0.2774
vn -0.6240 -0.7585 0.1880
vn -0.8315 -0.2630 0.4893
vn -0.6102 0.3498 0.7109
vn 0.4888 -0.8607 0.1424
vn 0.5128 -0.8307 0.2168
vn 0.5058 -0.8047 0.3110
vn 0.5818 0.6721 0.4581
vn 0.1911 0.8357 0.5149
vn -0.4253 0.2504 0.8697
vn 0.3923 0.1235 -0.9115
vn -0.0425 -0.5670 -0.8226
vn -0.1146 -0.5511 -0.8265
vn -0.0599 -0.5129 -0.8564
vn -0.9127 -0.4066 -0.0410
vn -0.8703 -0.4617 -0.1717
vn -0.8656 -0.4998 -0.0295
vn 0.6829 0.4375 0.5850
vn 0.5126 0.5368 0.6702
vn 0.6300 0.6452 -0.4322
vn 0.6615 0.2437 -0.7093
vn 0.8619 -0.4659 0.2001
vn -0.6452 0.4317 -0.6304
vn -0.5256 0.4815 -0.7014
vn -0.4442 0.1933 0.8748
vn -0.8955 0.1590 0.4156
vn -0.9234 0.1911 0.3330
vn -0.9372 0.1660 0.3067
vn -0.8686 -0.0730 0.4901
vn 0.7718 -0.4750 0.4228
vn 0.6955 -0.0489 0.7169
vn 0.9150 0.3906 0.1009
vn 0.9163 0.3763 0.1375
vn -0.5365 0.8421 0.0555
vn -0.2546 0.9628 0.0907
vn -0.2229 0.9150 0.3362
vn 0.7538 -0.1854 -0.6305
vn -0.2607 -0.7770 -0.5730
vn 0.4355 -0.0270 0.8998
vn -0.1288 0.9897 -0.0619
vn -0.0186 -0.6872 0.7262
vn 0.0161 -0.7215 0.6922
vn 0.0007 -0.6493 0.7605
vn -0.8908 0.3802 0.2486
vn -0.9096 0.3388 0.2403
vn -0.8790 0.4628 -0.1148
vn -0.9143 0.3886 -0.1139
vn -0.1471 0.9045 -0.4002
vn 0.6158 0.2873 0.7336
vn 0.6171 -0.7715 -0.1550
vn 0.1618 0.4788 -0.8629
vn 0.1803 0.4952 -0.8499
vn -0.6338 0.4452 0.6326
vn -0.8065 0.5436 -0.2326
vn -0.9368 0.2915 0.1932
vn -0.1312 0.4931 0.8600
vn -0.1165 0.4691 0.8754
vn -0.1991 0.3599 0.9115
vn -0.6768 0.0952 -0.7300
vn 0.0789 0.8700 0.4867
vn -0.2988 0.8852 0.3566
vn 0.4792 0.7469 -0.4610
vn 0.9012 -0.2508 -0.3535
vn 0.9240 -0.2018 -0.3249
vn 0.9403 -0.2480 -0.2332
vn -0.2169 0.1563 0.9636
vn -0.4366 -0.2975 0.8491
vn 0.0006 0.0815 0.9967
vn 0.4200 0.5561 0.7172
vn 0.0052 0.1807 0.9835
vn 0.0165 -0.9993 -0.0331
vn 0.0129 -0.9895 -0.1439
vn -0.9489 -0.3152 -0.0153
vn 0.2850 -0.9304 -0.2305
vn 0.4711 -0.7975 -0.3768
vn 0.4322 -0.8646 -0.2562
vn -0.0687 0.1762 0.9819
vn -0.0885 0.1116 0.9898
vn 0.1042 -0.8445 0.5254
vn 0.4477 -0.8436 0.2966
vn 0.3663 -0.8664 0.3395
vn 0.7167 0.4378 0.5428
vn 0.7317 0.4671 0.4965
vn 0.8180 0.4064 0.4071
vn -0.2196 0.1228 0.9678
vn -0.1899 0.5559 0.8093
vn -0.1828 0.9680 -0.1722
vn -0.1852 0.1240 0.9748
vn -0.1364 0.5135 0.8472
vn -0.0790 -0.7358 0.6725
vn 0.0228 0.9599 0.2795
vn 0.1330 0.9887 -0.0693
vn 0.1966 0.9801 -0.0261
vn -0.1036 0.9626 -0.2504
vn -0.3379 0.7087 -0.6194
vn -0.4314 0.5753 -0.6949
vn -0.6565 0.5308 -0.5359
vn -0.4900 0.5695 -0.6600
vn 0.6180 -0.7353 -0.2782
vn 0.8516 -0.4799 -0.2108
vn 0.8046 -0.5224 -0.2825
vn 0.8494 -0.4514 -0.2733
vn -0.0160 0.3789 0.9253
vn 0.8635 0.0457 0.5022
vn 0.7639 -0.0495 0.6435
vn 0.6379 -0.2734 0.7200
vn 0.4934 -0.3388 0.8011
vn -0.7978 -0.1124 -0.5924
vn -0.7780 -0.1986 -0.5961
vn 0.8873 -0.1966 -0.4173
vn 0.9356 0.3494 -0.0514
vn 0.9491 0.3143 0.0200
vn 0.9217 0.3879 -0.0100
vn 0.2761 0.9510 -0.1392
vn 0.4040 0.8315 -0.3812
vn 0.8953 0.3846 -0.2246
vn 0.9601 0.2662 -0.0852
vn -0.9177 0.0890 0.3873
vn 0.9029 0.4278 -0.0407
vn 0.0812 -0.0093 0.9967
vn -0.0204 0.0002 0.9998
vn 0.0681 0.0612 0.9958
vn 0.4256 -0.0267 -0.9045
vn 0.4575 0.6341 -0.6234
vn 0.4811 0.0164 -0.8765
vn -0.6272 0.2581 -0.7349
vn -0.1346 0.1452 0.9802
vn 0.3948 -0.6702 -0.6285
vn -0.5458 0.5306 0.6486
vn -0.6222 0.6934 0.3635
vn -0.4478 -0.8937 0.0274
vn -0.3488 -0.9228 0.1638
vn -0.7242 0.0385 -0.6885
vn -0.0587 0.1174 0.9913
vn -0.1008 0.1887 0.9768
vn 0.2973 -0.8709 -0.3913
vn 0.3945 -0.8770 -0.2743
vn 0.4412 -0.8938 -0.0803
vn -0.2365 0.3190 0.9178
vn -0.8578 0.5081 -0.0774
vn 0.5796 -0.0958 0.8093
vn 0.5169 -0.3725 0.7707
vn -0.5205 -0.4815 0.7052
vn -0.4285 -0.4038 0.8083
vn -0.4337 -0.5654 0.7016
vn 0.6722 0.1609 0.7227
vn -0.6162 0.7836 -0.0796
vn -0.5278 0.8464 -0.0713
vn -0.5587 0.8292 -0.0135
vn 0.3408 -0.0570 0.9384
vn 0.1862 -0.0232 0.9822
vn 0.2386 -0.0752 0.9682
vn 0.4457 0.3609 0.8192
vn -0.6119 0.6966 -0.3745
vn -0.6984 0.5760 -0.4248
vn 0.6692 0.2278 0.7073
vn 0.5175 0.0041 0.8557
vn -0.6100 0.7529 -0.2469
vn -0.3626 0.9043 0.2253
vn 0.1985 0.8900 -0.4105
vn 0.2304 0.8553 -0.4641
vn 0.3975 -0.9173 -0.0232
vn 0.3537 -0.9195 -0.1713
vn -0.6423 0.6505 -0.4052
vn 0.6742 0.5883 0.4464
vn -0.8461 0.0788 -0.5272
vn -0.4617 -0.3571 -0.8120
vn -0.0349 -0.8091 -0.5866
vn -0.0172 -0.7804 -0.6250
vn -0.0006 -0.7561 -0.6544
vn -0.4002 0.5369 0.7427
vn 0.4133 0.0815 -0.9070
vn -0.5725 0.4427 0.6901
vn 0.3401 -0.9368 0.0820
vn 0.3686 -0.9285 0.0448
vn 0.3448 -0.9260 -0.1538
vn 0.6086 -0.2290 -0.7597
vn -0.5179 -0.4693 -0.7152
vn -0.6074 -0.6031 -0.5170
vn -0.2156 0.2301 -0.9490
vn 0.1645 0.9421 0.2923
vn -0.5386 0.3805 0.7518
vn 0.8692 0.4193 0.2620
vn -0.1189 0.9923 0.0337
vn 0.4473 0.8438 0.2965
vn 0.2793 0.6547 0.7024
vn 0.2642 0.3629 0.8936
vn 0.4020 0.3497 0.8462
vn -0.4087 0.2884 0.8659
vn 0.2574 0.3473 0.9018
vn 0.4606 0.3876 0.7985
vn 0.2979 0.4324 0.8511
vn 0.7062 0.2488 -0.6628
vn -0.6706 0.0857 0.7368
vn -0.7176 -0.1248 0.6852
vn -0.7712 0.0249 -0.6362
vn -0.3208 -0.1861 0.9287
vn 0.9235 0.1790 -0.3392
vn -0.2448 0.1893 0.9509
vn -0.5141 0.0029 0.8577
vn -0.6231 -0.0237 0.7818
vn 0.5020 -0.8150 0.2895
vn 0.4227 -0.8764 0.2306
vn -0.8623 -0.4709 -0.1862
vn -0.8943 -0.4296 -0.1249
vn -0.9149 -0.3508 -0.1996
vn -0.2376 0.2572 -0.9367
vn -0.3073 0.3261 -0.8940
vn -0.2284 0.3211 -0.9191
vn -0.7643 -0.5666 -0.3079
vn 0.0593 0.2339 0.9704
vn 0.0341 0.2249 0.9738
vn 0.1377 0.2696 0.9531
vn 0.1063 0.1889 0.9762
vn -0.9917 -0.0718 0.1070
vn -0.9984 0.0112 0.0561
vn -0.9986 0.0020 0.0525
vn -0.9301 0.3385 -0.1424
vn -0.7587 0.2516 -0.6009
vn -0.5638 0.8041 -0.1885
vn 0.0969 0.9366 0.3367
vn 0.0128 0.4570 0.8894
vn 0.0874 0.2554 0.9629
vn 0.8327 0.0752 0.5485
vn 0.7857 0.0194 0.6182
vn 0.9675 0.0339 -0.2505
vn 0.8349 0.1159 -0.5380
vn 0.9359 0.2468 -0.2515
vn 0.1067 0.9482 0.2991
vn 0.2398 0.9698 -0.0452
vn -0.5810 0.2348 -0.7793
vn -0.7084 0.1451 -0.6907
vn 0.0646 0.6919 0.7191
vn 0.7034 -0.0883 0.7053
vn 0.6090 0.3303 0.7211
vn -0.7175 0.2978 0.6297
vn -0.5920 -0.6878 0.4201
vn 0.6455 0.6841 -0.3396
vn -0.7043 0.6982 0.1283
vn 0.0009 0.4107 0.9118
vn -0.6264 -0.5897 0.5098
vn -0.5736 -0.8006 0.1734
vn -0.6181 -0.7763 0.1235
vn 0.6081 0.6428 0.4658
vn 0.4121 0.5783 0.7041
vn 0.5113 -0.8419 0.1724
vn 0.8534 0.4385 0.2820
vn 0.8432 0.3881 0.3720
vn -0.0744 0.8828 -0.4638
vn -0.2090 0.8147 -0.5409
vn 0.1043 0.8948 -0.4340
vn 0.9706 0.2325 -0.0619
vn 0.9445 0.2838 -0.1656
vn 0.9506 0.2980 -0.0867
vn 0.3396 -0.7512 0.5661
vn -0.5001 0.7567 -0.4211
vn -0.1098 0.6332 -0.7661
vn -0.6255 0.7132 -0.3164
vn -0.7223 0.6675 0.1811
vn 0.3869 -0.8483 0.3616
vn 0.0397 -0.9758 0.2151
vn 0.4355 0.1143 -0.8929
vn -0.6420 -0.0494 -0.7651
vn -0.8716 0.4893 0.0299
vn -0.8331 0.5528 0.0169
vn -0.6346 -0.6125 0.4712
vn -0.6144 -0.6461 0.4528
vn 0.3901 -0.7877 -0.4768
vn 0.3756 -0.8888 -0.2628
vn 0.3623 -0.0687 0.9295
vn -0.2390 -0.3489 -0.9062
vn -0.1700 -0.4581 -0.8725
vn -0.2319 -0.3520 -0.9068
vn 0.7893 0.2465 -0.5624
vn -0.9365 0.2334 -0.2616
vn -0.8935 0.2427 -0.3777
vn 0.0195 0.3145 0.9490
vn 0.2341 0.3151 0.9197
vn 0.5190 -0.8043 0.2893
vn 0.2342 0.8206 -0.5213
vn -0.0037 0.6253 -0.7804
vn 0.0666 0.7026 -0.7084
vn 0.2284 0.4960 -0.8377
vn 0.3078 -0.9461 0.1010
vn 0.8316 0.5527 -0.0544
vn 0.8862 0.4632 -0.0104
vn 0.8693 0.4909 -0.0577
vn 0.5105 -0.5317 -0.6758
vn 0.3439 -0.5127 -0.7867
vn 0.2289 -0.5341 -0.8138
vn -0.6915 0.4741 -0.5451
vn -0.9437 -0.1058 -0.3134
vn 0.4920 -0.0198 -0.8704
vn 0.4290 0.1359 -0.8930
vn -0.2919 0.7127 0.6378
vn -0.5265 -0.8356 -0.1567
vn -0.1429 0.1411 0.9796
vn -0.0278 0.4163 0.9088
vn 0.8160 0.5765 -0.0420
vn -0.9227 0.3840 -0.0341
vn -0.5032 0.7549 0.4206
vn -0.5746 0.7188 -0.3913
vn -0.3670 -0.9302 0.0038
vn -0.4705 -0.8814 0.0409
vn -0.2639 -0.9625 0.0622
vn 0.8195 0.5624 0.1097
vn 0.7470 0.6625 0.0559
vn 0.7313 0.6714 0.1201
vn -0.5752 0.5720 0.5847
vn 0.5254 -0.8160 0.2409
vn -0.7078 0.1002 -0.6993
vn -0.9791 0.1878 -0.0774
vn -0.9773 0.1767 -0.1169
vn -0.9822 0.1711 -0.0777
vn -0.5108 0.3653 0.7782
vn -0.5214 -0.1418 -0.8415
vn -0.7278 0.6858 0.0017
vn -0.9498 -0.0050 0.3127
vn -0.4102 0.2577 0.8748
vn -0.3880 0.2780 0.8788
vn -0.5343 0.0657 0.8427
vn -0.2346 -0.9346 0.2675
vn 0.2164 0.5362 -0.8159
vn 0.1204 0.3082 -0.9437
vn 0.6937 -0.5842 0.4213
vn 0.6558 -0.3683 0.6591
vn -0.5107 -0.7833 -0.3543
vn -0.4218 -0.8840 -0.2014
vn -0.4144 0.8895 -0.1926
vn 0.3331 -0.9248 0.1836
vn 0.7411 0.6680 0.0673
vn -0.0616 0.7701 0.6349
vn 0.1616 0.9856 0.0507
vn 0.0420 0.4210 0.9061
vn 0.0620 0.9751 0.2130
vn -0.2804 0.7106 0.6453
vn 0.3986 0.6428 0.6541
vn -0.9095 0.3849 0.1570
vn -0.9080 0.4022 0.1175
vn -0.9071 0.4169 0.0579
vn -0.2531 0.6403 0.7252
vn 0.4699 -0.1654 0.8671
vn 0.4575 -0.1515 0.8762
vn 0.3691 -0.1935 0.9090
vn 0.4729 -0.6424 0.6030
vn 0.6098 -0.6270 0.4849
vn 0.3036 0.1246 -0.9446
vn 0.4850 -0.1377 -0.8636
vn -0.6324 0.7745 -0.0169
vn 0.9145 0.3788 0.1423
vn 0.4787 0.8223 0.3077
vn 0.5035 0.8196 0.2735
vn -0.8547 -0.4913 0.1679
vn 0.2976 0.9536 -0.0466
vn 0.2612 0.9651 -0.0202
vn 0.2250 0.9737 -0.0354
vn 0.2425 0.9674 -0.0732
vn 0.2598 0.9639 -0.0579
vn 0.0599 0.3269 -0.9432
vn -0.0016 0.5701 -0.8216
vn 0.0172 0.6469 -0.7624
vn 0.7427 0.4467 -0.4989
vn 0.7498 -0.0569 -0.6592
vn -0.5166 0.8538 -0.0639
vn -0.6679 0.7391 -0.0877
vn -0.6442 0.7623 -0.0628
vn 0.4541 0.8327 0.3169
vn 0.4049 0.7233 0.5594
vn 0.0586 0.9943 0.0890
vn -0.3779 0.4659 0.8001
vn 0.0532 0.5255 0.8491
vn 0.8014 -0.1672 -0.5743
vn 0.6765 -0.3592 -0.6429
vn 0.8747 0.3988 0.2755
vn 0.8417 0.3655 0.3975
vn -0.3513 0.2309 0.9074
vn 0.3663 0.5861 -0.7227
vn -0.3802 0.5920 -0.7106
vn 0.8679 0.0551 -0.4936
vn 0.9777 -0.1573 0.1395
vn 0.9754 -0.1168 0.1871
vn 0.9718 -0.1878 0.1423
vn -0.8779 0.0477 0.4765
vn 0.0139 -0.9138 -0.4059
vn 0.0388 -0.8630 -0.5037
vn -0.1474 0.7759 0.6134
vn 0.8778 0.3796 -0.2921
vn 0.8652 0.3347 -0.3734
vn 0.1276 0.4303 -0.8936
vn 0.2014 0.3788 -0.9033
vn 0.1527 0.3711 -0.9160
vn 0.1362 0.3923 -0.9097
vn -0.7296 0.2652 -0.6303
vn -0.8433 0.1478 -0.5167
vn -0.5829 0.1869 -0.7907
vn 0.3538 -0.9049 -0.2367
vn 0.3175 -0.8886 -0.3312
vn 0.5011 -0.8486 -0.1698
vn 0.8841 -0.2138 0.4155
vn 0.8737 -0.2960 0.3860
vn 0.6795 0.7011 -0.2163
vn 0.6146 0.4814 -0.6249
vn -0.8749 0.2075 0.4377
vn -0.7906 -0.3119 0.5270
vn -0.7204 0.2561 0.6446
vn -0.8276 0.1412 0.5432
vn -0.7050 0.2128 0.6765
vn -0.5404 0.1398 0.8297
vn 0.3345 0.9409 -0.0526
vn 0.7963 0.4727 -0.3773
vn -0.6214 -0.2258 0.7502
vn 0.2980 0.9197 -0.2555
vn 0.3464 0.9379 0.0167
vn 0.9764 0.0053 -0.2158
vn 0.7645 0.1229 -0.6327
vn 0.8713 0.4162 -0.2601
vn 0.8796 0.4381 -0.1852
vn 0.8837 0.0061 0.4681
vn 0.8634 0.1554 0.4799
vn 0.3629 -0.9154 0.1741
vn -0.0080 -0.3483 0.9374
vn -0.0149 -0.2961 0.9551
vn 0.5293 -0.3208 -0.7855
vn 0.5376 -0.3881 -0.7486
vn 0.1838 0.7863 -0.5899
vn -0.0173 0.7795 -0.6262
vn -0.4007 -0.7449 0.5335
vn -0.6280 -0.4491 0.6355
vn 0.4875 -0.1037 -0.8669
vn -0.7296 0.0418 -0.6826
vn -0.8786 0.0020 -0.4776
vn 0.8695 -0.1082 0.4819
vn 0.7774 0.0529 0.6267
vn -0.6070 0.2430 0.7566
vn -0.5314 -0.8236 0.1984
vn 0.7318 -0.1117 -0.6723
vn -0.2371 0.9371 -0.2562
vn -0.6059 0.7585 -0.2401
vn -0.2676 0.3020 0.9150
vn -0.3081 0.1662 0.9367
vn 0.9420 0.3321 0.0483
vn 0.9359 0.3520 0.0175
vn 0.9161 0.4000 0.0270
vn 0.3114 -0.9184 0.2443
vn 0.4670 -0.8586 0.2114
vn 0.8716 0.0894 0.4820
vn 0.8859 -0.1442 0.4409
vn 0.1301 0.1044 -0.9860
vn 0.1446 0.1368 -0.9800
vn 0.9820 0.1390 0.1276
vn 0.9397 -0.1985 0.2785
vn 0.9585 -0.1171 0.2598
vn 0.9299 -0.1925 0.3136
vn 0.2267 0.8977 -0.3777
vn 0.2216 -0.9000 -0.3753
vn 0.3412 -0.8371 -0.4277
vn 0.6897 0.0821 0.7194
vn 0.5173 -0.1799 0.8367
vn 0.0725 0.0426 0.9965
vn 0.0514 0.0170 0.9985
vn 0.0806 0.0806 0.9935
vn 0.9356 0.1203 -0.3321
vn -0.6964 -0.5310 0.4828
vn -0.2928 -0.9346 -0.2020
vn -0.6193 0.0473 -0.7838
vn -0.8630 -0.4856 0.1390
vn -0.8907 -0.4528 0.0407
vn -0.8071 -0.5861 0.0706
vn 0.4830 -0.5426 0.6873
vn 0.4700 -0.4999 0.7275
vn 0.4013 -0.7132 0.5748
vn -0.4906 -0.1606 0.8565
vn 0.3508 0.7105 0.6100
vn -0.1721 -0.9074 -0.3835
vn -0.3298 -0.8720 -0.3619
vn -0.1872 -0.8909 -0.4139
vn 0.0888 0.3917 0.9158
vn 0.0484 0.1708 0.9841
vn 0.2511 -0.8751 0.4136
vn 0.2739 -0.8333 0.4801
vn 0.1417 -0.9889 -0.0453
vn 0.2105 -0.9772 -0.0272
vn 0.0089 0.1067 -0.9943
vn 0.0354 0.0829 -0.9959
vn 0.0711 0.2214 -0.9726
vn -0.3573 0.8227 -0.4421
vn -0.2444 0.8204 -0.5169
vn 0.7424 -0.4542 -0.4925
vn 0.5896 -0.1041 -0.8010
vn 0.9986 0.0533 0.0076
vn 0.9957 0.0594 0.0711
vn 0.9986 0.0261 0.0469
vn -0.9195 0.1186 0.3747
vn -0.9748 0.2195 0.0407
vn -0.9260 0.2648 0.2690
vn -0.6731 -0.3105 0.6712
vn 0.1487 0.5744 0.8049
vn -0.2372 0.6399 0.7309
vn -0.2583 0.6603 0.7052
vn -0.7160 -0.1607 0.6793
vn -0.7817 -0.3783 -0.4958
vn -0.6879 -0.7034 0.1788
vn -0.7321 -0.6204 0.2814
vn -0.7704 -0.6101 0.1852
vn 0.0214 0.7592 0.6505
vn -0.2665 0.5448 0.7951
vn 0.6250 -0.1810 -0.7593
vn 0.4690 -0.2436 -0.8489
vn 0.1936 -0.4401 0.8768
vn 0.2255 -0.5058 0.8327
vn 0.3774 -0.4558 0.8061
vn -0.5528 -0.7040 0.4458
vn -0.5321 -0.8392 0.1123
vn -0.8918 0.3153 0.3243
vn 0.3544 0.7944 0.4932
vn -0.5567 0.1474 0.8175
vn -0.4060 -0.8177 -0.4081
vn 0.4666 0.6790 0.5668
vn -0.6237 0.6935 -0.3606
vn -0.5851 0.7336 -0.3456
vn -0.1291 -0.2089 -0.9694
vn -0.1323 -0.1251 -0.9833
vn -0.0623 -0.1475 -0.9871
vn 0.0610 0.9943 -0.0875
vn 0.1420 0.9875 -0.0680
vn 0.9923 0.0118 0.1229
vn 0.9935 -0.0159 0.1125
vn -0.2452 0.9670 -0.0690
vn -0.2939 0.9526 -0.0783
vn 0.4588 -0.8273 0.3241
vn 0.9979 0.0588 0.0274
vn 0.9992 0.0103 -0.0389
vn 0.1661 0.1642 -0.9724
vn -0.3618 0.4123 -0.8362
vn -0.5469 0.4709 -0.6922
vn -0.4771 0.4121 -0.7762
vn -0.4540 -0.8310 0.3216
vn 0.8615 0.0640 0.5037
vn 0.2882 0.5932 0.7517
vn 0.4456 0.7650 0.4651
vn 0.3132 0.6692 0.6739
vn -0.2358 -0.9718 0.0001
vn 0.6409 -0.5369 -0.5487
vn 0.5643 -0.6960 -0.4440
vn 0.2508 0.3984 0.8822
vn -0.0755 0.9953 -0.0601
vn -0.0751 0.9959 -0.0504
vn -0.1631 0.9841 -0.0703
vn -0.9118 0.4095 -0.0307
vn -0.9227 0.3854 -0.0074
vn -0.9144 0.4048 0.0032
vn -0.7204 0.3337 -0.6081
vn -0.6506 0.4716 -0.5952
vn -0.4084 -0.6042 0.6842
vn 0.4122 -0.3838 0.8263
vn 0.7465 0.6640 -0.0429
vn 0.7954 0.6037 -0.0538
vn 0.7313 0.6781 -0.0732
vn -0.3495 0.9348 0.0635
vn -0.2047 0.9076 0.3666
vn -0.9222 0.3205 -0.2164
vn -0.1136 -0.1324 0.9847
vn -0.6538 -0.2480 0.7149
vn 0.2058 0.2282 0.9516
vn 0.1616 0.5153 0.8416
vn 0.6581 0.3929 0.6423
vn 0.3960 0.4105 0.8214
vn -0.0220 0.0191 -0.9996
vn -0.0061 -0.0906 -0.9959
vn 0.0205 -0.9912 -0.1309
vn 0.0050 -0.9837 -0.1797
vn 0.0038 -0.9794 -0.2020
vn 0.5919 -0.2178 -0.7760
vn 0.7010 -0.1968 -0.6855
vn -0.3335 0.1935 0.9227
vn -0.1647 0.1752 0.9707
vn 0.4425 -0.7734 0.4539
vn -0.1535 0.1892 0.9699
vn -0.2152 0.2510 0.9438
vn -0.9040 -0.3974 -0.1580
vn -0.9463 -0.3233 -0.0046
vn 0.0229 -0.5478 0.8363
vn 0.0383 -0.4890 0.8714
vn 0.0112 -0.5154 0.8569
vn 0.7291 -0.1584 0.6658
vn 0.6041 0.0147 0.7968
vn 0.6221 0.2191 0.7517
vn -0.3876 0.7133 0.5840
vn 0.6963 0.7037 -0.1414
vn 0.2912 0.8071 -0.5136
vn -0.7926 0.0376 -0.6085
vn 0.5458 0.1584 0.8228
vn 0.2389 0.8378 0.4910
vn -0.7389 0.6736 -0.0154
vn 0.0140 0.6823 0.7310
vn 0.0169 0.1262 0.9919
vn -0.3020 -0.8794 -0.3680
vn 0.2231 -0.4178 0.8807
vn 0.0895 0.3054 0.9480
vn 0.0903 0.2626 0.9607
vn -0.1986 0.4478 0.8718
vn 0.0092 0.3847 0.9230
vn 0.0596 0.3126 0.9480
vn 0.1284 0.6478 0.7509
vn 0.1741 0.2969 0.9389
vn 0.1249 0.2465 0.9611
vn 0.1497 0.8246 -0.5455
vn 0.2438 0.7623 -0.5996
vn -0.6768 -0.0561 0.7340
vn -0.2645 -0.8535 -0.4490
vn -0.3279 -0.7889 -0.5198
vn -0.3677 -0.9297 0.0206
vn -0.9150 -0.1034 0.3899
vn 0.2025 0.5312 0.8227
vn -0.3012 -0.9515 -0.0623
vn -0.0188 0.1135 0.9934
vn -0.3269 0.2788 0.9030
vn -0.5527 0.3866 0.7383
vn -0.5936 0.8042 -0.0306
vn 0.7762 -0.0662 -0.6270
vn 0.4986 -0.2736 0.8225
vn -0.9128 0.0502 0.4053
vn 0.1738 0.6527 0.7374
vn 0.3756 0.8560 0.3554
vn 0.5458 0.7406 0.3919
vn -0.8649 0.1521 0.4784
vn 0.5570 -0.2509 0.7917
vn 0.7008 0.1183 -0.7035
vn 0.6604 0.1940 -0.7254
vn 0.5692 -0.2972 0.7666
vn -0.5195 0.4890 -0.7007
vn -0.4482 0.6226 -0.6415
vn 0.5752 0.7820 0.2401
vn 0.5323 0.8454 -0.0451
vn -0.9269 0.0293 0.3741
vn 0.6816 0.6466 0.3426
vn 0.4630 0.6153 0.6380
vn 0.4590 -0.0646 0.8861
vn 0.3110 -0.1152 0.9434
vn 0.0052 -0.9733 -0.2295
vn -0.0108 -0.9701 -0.2424
vn 0.0081 -0.9827 -0.1851
vn 0.1203 0.0739 0.9900
vn 0.3392 0.5314 0.7762
vn 0.3604 0.8952 0.2620
vn 0.0111 0.2376 0.9713
vn 0.6202 -0.3861 0.6829
vn 0.5400 -0.6329 0.5548
vn 0.4686 -0.8168 0.3366
vn -0.4404 -0.8261 -0.3515
vn -0.9790 -0.1548 -0.1327
vn -0.9786 -0.0634 -0.1955
vn -0.9770 -0.1269 -0.1715
vn -0.8322 -0.0530 0.5519
vn -0.2280 0.5505 0.8031
vn 0.9378 0.3329 0.0986
vn -0.1421 -0.6773 -0.7219
vn -0.2075 -0.5761 -0.7906
vn -0.4754 -0.5642 0.6750
vn -0.4717 0.6572 -0.5879
vn -0.8486 0.1200 -0.5153
vn -0.7240 0.3081 -0.6172
vn -0.8854 0.0741 -0.4588
vn -0.2499 0.4983 0.8302
vn -0.2858 0.8468 -0.4486
vn -0.0978 0.8905 -0.4443
vn 0.9905 0.1251 -0.0574
vn 0.9771 0.1861 -0.1031
vn -0.4867 -0.6450 -0.5891
vn -0.3015 -0.8484 -0.4352
vn -0.4409 -0.8908 -0.1098
vn 0.7502 0.3230 0.5770
vn 0.8112 0.3892 0.4363
vn 0.7284 0.3601 0.5829
vn -0.0730 0.4742 0.8774
vn -0.5782 -0.7954 0.1818
vn -0.5890 -0.8074 -0.0348
vn -0.4913 -0.8427 0.2204
vn 0.5341 0.0748 0.8421
vn 0.7910 -0.0112 0.6117
vn -0.1029 0.2479 -0.9633
vn -0.1039 0.3276 -0.9391
vn -0.0696 0.2751 -0.9589
vn 0.2572 0.9161 -0.3076
vn -0.0395 0.1683 0.9849
vn -0.5359 0.0544 0.8425
vn 0.3991 0.2192 0.8903
vn -0.1434 -0.0677 -0.9873
vn -0.0861 0.0162 -0.9962
vn -0.0641 -0.0720 -0.9953
vn -0.4500 -0.0241 -0.8927
vn -0.5545 0.0390 -0.8312
vn -0.1160 0.9857 -0.1222
vn 0.3710 -0.8674 0.3317
vn 0.4870 0.3752 0.7888
vn 0.3672 0.3679 0.8543
vn 0.3842 0.3400 0.8584
vn 0.4619 0.1331 -0.8769
vn -0.2558 0.3491 0.9015
vn -0.2935 0.2945 0.9095
vn 0.8440 -0.5348 -0.0417
vn 0.1803 0.1756 0.9678
vn 0.3973 0.8089 0.4334
vn 0.1415 0.0087 0.9899
vn -0.5380 -0.4996 -0.6789
vn -0.5274 -0.4266 -0.7348
vn -0.5529 -0.5549 -0.6216
vn 0.9638 -0.1815 0.1953
vn 0.9628 -0.1321 0.2356
vn 0.4105 -0.6528 -0.6367
vn 0.5127 -0.4047 -0.7572
vn 0.6656 -0.0433 -0.7450
vn 0.0536 0.8598 0.5078
vn 0.4678 0.5642 0.6803
vn 0.4997 0.5653 0.6563
vn 0.4148 0.6273 0.6591
vn 0.7565 0.4723 -0.4524
vn 0.3768 -0.2150 0.9010
vn -0.4882 -0.8329 0.2608
vn -0.5200 -0.8342 0.1836
vn 0.7901 0.0681 -0.6092
vn -0.6972 0.7029 -0.1409
vn -0.0882 0.7520 0.6533
vn -0.0184 -0.3047 -0.9523
vn -0.0731 -0.3006 -0.9509
vn -0.0567 -0.2847 -0.9569
vn -0.4396 -0.8944 -0.0824
vn 0.2118 0.8577 -0.4685
vn 0.2688 0.1172 -0.9560
vn 0.0009 0.3240 -0.9460
vn -0.0754 0.3186 -0.9449
vn -0.2094 0.3215 0.9234
vn -0.8607 0.0157 0.5089
vn -0.0732 -0.9679 -0.2404
vn -0.0651 -0.9326 -0.3550
vn -0.0074 -0.9494 -0.3141
vn -0.2787 0.2843 0.9173
vn -0.4200 -0.8493 0.3199
vn -0.3556 -0.8198 0.4489
vn 0.5185 -0.4031 0.7541
vn 0.8841 0.2358 0.4035
vn 0.8963 0.2741 0.3486
vn 0.9168 0.2013 0.3450
vn 0.8625 0.1839 0.4714
vn 0.4732 -0.2137 0.8546
vn 0.4822 -0.3737 0.7923
vn 0.4187 -0.5199 0.7446
vn 0.2570 0.0584 0.9647
vn -0.9937 -0.0985 0.0538
vn 0.7525 0.3609 0.5510
vn 0.6050 0.3115 0.7327
vn 0.4094 -0.5877 0.6978
vn 0.1818 -0.9319 0.3140
vn 0.1788 -0.9094 0.3756
vn 0.0818 -0.4139 0.9066
vn 0.0932 -0.3993 0.9121
vn 0.1541 0.9794 -0.1303
vn 0.0546 0.9956 -0.0760
vn 0.3687 -0.8720 -0.3221
vn 0.2122 -0.0048 0.9772
vn 0.4210 0.0079 0.9070
vn -0.3534 -0.3872 0.8516
vn 0.9047 -0.3316 -0.2676
vn 0.8606 -0.3431 -0.3764
vn -0.2499 0.0002 0.9683
vn 0.1116 -0.4958 0.8613
vn -0.3799 0.5744 -0.7251
vn -0.6979 0.4479 0.5589
vn 0.6751 0.7302 -0.1050
vn -0.9940 -0.0607 0.0907
vn 0.0847 -0.9784 0.1888
vn 0.3996 -0.9153 0.0502
vn -0.2918 0.3120 0.9042
vn -0.3631 -0.8027 -0.4731
vn -0.6979 -0.6320 -0.3369
vn -0.7418 -0.4317 -0.5132
vn -0.7674 -0.4462 -0.4603
vn -0.2305 0.9687 -0.0926
vn -0.1778 0.9791 -0.0990
vn -0.2734 -0.5114 -0.8147
vn -0.1310 -0.5391 -0.8320
vn 0.6793 -0.3327 0.6541
vn 0.6951 -0.5835 0.4199
vn 0.4217 0.8976 -0.1283
vn 0.4434 0.8867 -0.1311
vn 0.4949 0.8580 -0.1372
vn -0.5938 -0.7842 0.1800
vn -0.5226 -0.8369 0.1628
vn 0.1112 0.6385 0.7616
vn -0.2406 0.4476 0.8613
vn -0.0118 0.6752 0.7375
vn -0.2359 0.8865 0.3981
vn 0.0475 0.8461 0.5309
vn 0.7195 0.1132 -0.6852
vn 0.8372 -0.1086 -0.5359
vn 0.7566 -0.2431 -0.6070
vn -0.0106 -0.8139 -0.5810
vn -0.0121 -0.7601 -0.6497
vn -0.0103 -0.8072 -0.5902
vn 0.1186 0.8597 -0.4969
vn 0.2076 0.9459 -0.2495
vn -0.3237 -0.2213 -0.9199
vn 0.4998 0.5142 0.6970
vn 0.4308 0.4650 0.7734
vn 0.5075 0.4352 0.7437
vn 0.8034 0.1540 -0.5752
vn -0.2651 0.8609 -0.4343
vn -0.2878 0.8073 -0.5153
vn -0.3246 0.8055 -0.4958
vn -0.5141 0.2967 -0.8048
vn -0.9326 0.3599 -0.0259
vn 0.7538 0.5176 0.4047
vn -0.0193 -0.9996 -0.0222
vn -0.0132 -0.9971 -0.0750
vn -0.4320 -0.8669 0.2487
vn -0.8218 0.4077 0.3981
vn 0.4649 0.6437 0.6079
vn 0.6302 0.4578 0.6271
vn 0.6323 0.3882 0.6704
vn -0.0405 0.1152 0.9925
vn 0.3962 -0.0802 0.9147
vn 0.0378 0.9973 0.0625
vn -0.1845 0.9735 -0.1351
vn -0.3686 0.8016 -0.4708
vn -0.3302 0.6958 -0.6379
vn 0.8600 0.4861 -0.1549
vn -0.1065 -0.8407 -0.5309
vn -0.0683 -0.8202 -0.5679
vn 0.8590 -0.2663 -0.4372
vn -0.5467 0.0452 0.8361
vn -0.6857 0.4036 -0.6057
vn -0.7930 0.3167 -0.5204
vn -0.3501 -0.6595 0.6652
vn -0.1140 -0.0308 0.9930
vn 0.1821 0.9821 -0.0489
vn 0.0411 0.9948 -0.0936
vn -0.0164 -0.9818 -0.1891
vn -0.5920 -0.7975 0.1164
vn 0.2359 0.9672 0.0940
vn 0.5342 -0.4794 -0.6963
vn -0.4396 0.6461 0.6239
vn -0.4654 0.7818 0.4151
vn -0.3587 0.4292 0.8289
vn -0.6247 -0.1994 -0.7550
vn -0.6934 -0.1522 -0.7042
vn 0.2182 0.9759 -0.0071
vn -0.8137 0.5263 -0.2469
vn -0.0039 -0.9278 -0.3731
vn 0.0142 -0.9379 -0.3466
vn -0.0042 -0.9312 -0.3644
vn 0.0044 -0.9412 -0.3379
vn -0.5971 -0.7992 0.0687
vn 0.4096 0.6938 0.5923
vn -0.6124 -0.1695 0.7722
vn -0.0103 -0.2646 0.9643
vn -0.0033 -0.2452 0.9695
vn -0.0062 -0.1946 0.9809
vn -0.8393 0.5256 -0.1394
vn 0.4344 0.3396 0.8342
vn 0.2350 -0.2978 -0.9253
vn 0.4184 0.0566 0.9065
vn 0.3149 0.4315 0.8453
vn 0.5685 0.5881 0.5752
vn 0.2388 -0.8139 0.5296
vn -0.9283 0.3094 -0.2063
vn -0.8637 0.4233 0.2734
vn 0.7095 0.6907 -0.1395
vn 0.7469 0.6529 -0.1259
vn 0.4061 0.8702 -0.2790
vn 0.5754 -0.8040 -0.1502
vn -0.5650 0.1387 -0.8134
vn -0.0755 0.0980 0.9923
vn 0.2845 0.9583 0.0282
vn -0.6839 -0.6209 0.3830
vn -0.3297 0.3613 -0.8722
vn -0.4069 0.4361 -0.8027
vn 0.7389 -0.3459 -0.5783
vn 0.1164 0.7006 -0.7040
vn 0.3960 0.9141 -0.0872
vn 0.4231 0.9015 -0.0906
vn 0.3744 0.9240 -0.0783
vn 0.4668 -0.4897 -0.7364
vn 0.7296 -0.2190 -0.6478
vn 0.6110 -0.5779 0.5411
vn 0.2915 -0.8608 0.4171
vn -0.0412 -0.2337 -0.9714
vn -0.0118 -0.2050 -0.9787
vn 0.0236 -0.2359 -0.9715
vn -0.7689 0.0315 0.6385
vn 0.6281 -0.6596 0.4129
vn -0.0383 -0.8332 -0.5516
vn -0.0121 -0.8008 -0.5988
vn 0.9374 0.1731 0.3021
vn 0.4860 -0.7300 0.4805
vn 0.2323 -0.9478 0.2184
vn 0.3433 0.9344 -0.0955
vn 0.3617 0.9247 -0.1189
vn 0.3375 0.9334 -0.1218
vn 0.1540 0.3547 -0.9222
vn -0.5475 0.8319 -0.0905
vn -0.5906 0.7116 0.3805
vn -0.3108 0.8268 0.4688
vn -0.3137 0.5636 0.7642
vn -0.6146 0.7829 -0.0967
vn 0.3265 0.9263 0.1881
vn 0.2431 0.8727 0.4234
vn 0.9159 0.3903 -0.0940
vn 0.9456 0.3192 -0.0626
vn -0.4044 0.5579 -0.7248
vn -0.5406 0.6845 -0.4890
vn -0.4901 -0.4105 0.7690
vn -0.4554 0.4002 0.7953
vn -0.6404 -0.2925 0.7102
vn -0.8108 0.5848 -0.0243
vn 0.4908 -0.1214 -0.8628
vn 0.4328 -0.0256 -0.9011
vn 0.0272 0.9950 -0.0965
vn -0.5465 -0.7453 0.3819
vn 0.3183 -0.9474 -0.0336
vn 0.9222 -0.2598 0.2864
vn 0.1393 0.2734 0.9518
vn -0.1693 0.6102 0.7740
vn 0.7377 -0.4848 0.4700
vn 0.6938 -0.3832 0.6097
vn -0.0987 -0.7863 0.6099
vn -0.1522 -0.7454 0.6490
vn 0.5529 0.2026 0.8083
vn 0.7787 0.2219 0.5869
vn 0.6165 0.3056 0.7256
vn -0.6827 0.2773 -0.6760
vn -0.4733 -0.5204 -0.7107
vn -0.5466 -0.5236 -0.6535
vn -0.3154 -0.7719 -0.5520
vn -0.5506 -0.7157 0.4297
vn -0.6903 0.5590 -0.4594
vn -0.7653 0.5137 -0.3879
vn -0.7462 0.4275 0.5103
vn -0.3162 0.1818 0.9311
vn -0.5651 -0.5774 -0.5893
vn -0.5634 -0.8003 -0.2051
vn -0.0684 -0.9471 0.3135
vn -0.0936 -0.9581 0.2707
vn -0.0467 -0.9733 0.2249
vn -0.2316 -0.1206 -0.9653
vn -0.2145 -0.3775 -0.9008
vn 0.4425 0.8551 -0.2703
vn 0.8057 -0.1449 -0.5743
vn -0.8698 0.1131 0.4803
vn -0.6336 0.2360 -0.7368
vn -0.8988 0.1571 -0.4093
vn 0.8119 0.0015 -0.5838
vn 0.0711 0.9973 -0.0194
vn 0.0926 0.9771 -0.1915
vn 0.9778 -0.1938 0.0800
vn 0.9787 -0.2028 -0.0326
vn 0.9863 -0.1551 0.0568
vn 0.7430 0.1481 -0.6527
vn 0.7611 -0.0888 -0.6425
vn -0.3036 0.2853 0.9091
vn -0.5080 0.1629 0.8458
vn -0.8736 0.4763 0.0997
vn -0.4480 0.8659 -0.2227
vn -0.8733 0.4145 0.2560
vn -0.5484 -0.8269 -0.1241
vn -0.4898 -0.8246 0.2829
vn 0.1024 -0.1314 -0.9860
vn 0.0655 -0.1673 -0.9837
vn 0.0797 -0.0795 -0.9936
vn -0.8961 0.4420 0.0401
vn -0.9351 -0.2404 -0.2603
vn -0.5170 -0.3953 -0.7592
vn 0.0120 0.6427 -0.7660
vn 0.0737 0.6324 -0.7712
vn -0.0492 0.5550 -0.8304
vn 0.5414 -0.7474 0.3851
vn 0.0777 0.4593 -0.8849
vn 0.0656 0.7986 -0.5982
vn -0.0268 -0.9612 -0.2744
vn -0.0046 -0.9433 -0.3318
vn 0.0103 -0.9647 -0.2633
vn -0.0612 0.9696 -0.2368
vn -0.2406 -0.7194 -0.6516
vn -0.4049 -0.7885 -0.4629
vn 0.5386 -0.1655 -0.8261
vn -0.1967 0.3590 -0.9124
vn -0.2864 0.3895 -0.8754
vn -0.2360 0.4528 -0.8598
vn -0.4197 -0.4631 -0.7806
vn -0.5747 -0.3194 -0.7535
vn 0.1943 0.0131 -0.9809
vn 0.1897 -0.0103 -0.9818
vn -0.9738 -0.1569 -0.1649
vn -0.7123 0.4517 -0.5372
vn -0.6274 0.5805 -0.5190
vn 0.4077 -0.1055 0.9070
vn -0.9996 -0.0275 -0.0109
vn -0.9996 -0.0057 0.0292
vn -0.9984 0.0025 -0.0567
vn 0.8170 0.5609 0.1338
vn 0.2835 0.8342 0.4729
vn -0.1277 -0.8322 0.5396
vn -0.0714 -0.8887 0.4529
vn -0.0557 -0.8294 0.5558
vn -0.0357 -0.0437 0.9984
vn 0.7610 0.4425 0.4744
vn 0.8346 0.2902 0.4682
vn 0.9218 0.2224 0.3177
vn -0.7371 0.6617 -0.1372
vn 0.4070 -0.8909 0.2018
vn -0.3560 0.2975 0.8859
vn 0.1118 0.3992 0.9100
vn -0.2502 0.4522 0.8561
vn 0.4567 0.8888 -0.0383
vn 0.1410 0.3643 -0.9205
vn 0.1105 0.3872 -0.9154
vn -0.1607 0.8241 0.5431
vn 0.8632 0.2033 0.4622
vn -0.7720 -0.3800 0.5096
vn 0.9161 0.3269 -0.2320
vn 0.7284 0.5835 0.3591
vn -0.5290 -0.5626 0.6353
vn -0.5599 -0.8285 -0.0069
vn 0.7397 0.6306 0.2348
vn 0.7843 0.5285 0.3250
vn -0.7527 0.2743 -0.5985
vn -0.7829 0.3595 -0.5077
vn -0.7611 -0.3705 -0.5324
vn 0.1372 0.6312 -0.7634
vn 0.6189 -0.1839 0.7636
vn 0.4724 -0.2422 0.8475
vn 0.5610 -0.2197 0.7981
vn 0.7111 0.0665 0.6999
vn 0.8268 0.1420 0.5443
vn 0.2600 -0.2790 0.9244
vn -0.8971 0.2158 0.3855
vn 0.8710 -0.4685 0.1478
vn -0.5768 0.6688 0.4690
vn -0.6291 0.7507 -0.2015
vn 0.1820 0.6579 -0.7308
vn -0.3130 0.7527 -0.5793
vn -0.0766 0.6086 -0.7897
vn 0.8367 -0.0395 0.5463
vn 0.4306 -0.8757 -0.2185
vn -0.6623 -0.3871 0.6415
vn 0.7407 -0.4503 -0.4986
vn -0.0405 -0.3436 -0.9382
vn 0.0007 -0.2353 -0.9719
vn 0.0118 -0.3205 -0.9472
vn -0.1098 0.1443 0.9834
vn -0.1366 0.0788 0.9875
vn -0.5475 0.6994 -0.4594
vn -0.5150 0.7247 -0.4579
vn 0.7514 0.1295 0.6470
vn 0.6789 0.1950 0.7079
vn 0.0413 0.0121 -0.9991
vn 0.0360 0.0666 -0.9971
vn 0.0366 0.0713 -0.9968
vn 0.9208 0.3792 -0.0912
vn 0.8791 0.4519 -0.1517
vn -0.3691 0.8632 0.3445
vn -0.0411 0.8098 -0.5853
vn -0.0158 -0.9384 0.3452
vn 0.0012 -0.9129 0.4081
vn -0.0632 -0.9338 0.3521
vn -0.1818 -0.4935 0.8505
vn -0.2128 -0.4326 0.8761
vn 0.0250 -0.0108 0.9996
vn 0.1188 0.0070 0.9929
vn 0.0486 0.0326 0.9983
vn -0.1685 -0.2734 0.9470
vn -0.6409 0.1168 -0.7587
vn 0.4326 -0.3799 -0.8176
vn 0.0929 0.4177 -0.9038
vn 0.2246 0.7678 0.6001
vn -0.8493 0.1956 -0.4904
vn -0.8220 0.2700 -0.5014
vn -0.8007 0.1793 -0.5715
vn -0.5627 0.6652 -0.4908
vn -0.5230 0.7156 -0.4631
vn 0.3544 0.0138 0.9350
vn -0.5866 0.3540 0.7284
vn 0.3676 0.8591 0.3562
vn -0.6358 0.2624 -0.7258
vn 0.4709 -0.3114 0.8254
vn 0.0030 -0.9999 -0.0098
vn 0.0243 -0.9992 -0.0308
vn -0.6461 -0.5405 0.5389
vn -0.4481 -0.8365 0.3154
vn 0.0238 0.9984 -0.0508
vn 0.0251 0.9984 -0.0508
vn -0.0186 0.9989 -0.0428
vn -0.5402 0.6589 -0.5234
vn 0.1358 0.1599 0.9778
vn 0.2436 0.1921 0.9507
vn 0.1924 0.2136 0.9578
vn -0.2634 0.9291 -0.2596
vn -0.1833 0.9208 -0.3444
vn -0.3360 0.1784 0.9248
vn 0.0033 0.7537 -0.6572
vn -0.4300 0.6701 -0.6050
vn 0.3110 -0.9455 0.0966
vn 0.8680 0.4408 -0.2284
vn 0.2603 0.8280 -0.4967
vn 0.1954 -0.9655 0.1724
vn 0.3111 -0.9463 0.0885
vn 0.2899 -0.9444 0.1552
vn -0.6889 -0.1623 -0.7064
vn 0.7624 0.6199 -0.1858
vn 0.7130 0.6804 -0.1693
vn 0.0673 -0.9280 0.3665
vn 0.0824 -0.9025 0.4227
vn -0.9167 0.3619 0.1697
vn -0.2036 0.4732 0.8571
vn -0.9916 0.1206 0.0473
vn -0.9869 0.1603 0.0197
vn -0.9951 0.0935 0.0318
vn -0.3438 -0.7835 -0.5176
vn -0.4136 -0.8952 -0.1659
vn 0.2889 0.5316 0.7962
vn -0.3907 -0.8985 -0.2001
vn -0.6712 -0.6528 0.3512
vn -0.6451 -0.7489 -0.1514
vn -0.1366 0.9254 -0.3534
vn 0.2385 0.4773 -0.8458
vn 0.3232 0.3410 -0.8828
vn -0.5115 -0.4875 -0.7076
vn -0.6962 0.0653 -0.7149
vn -0.7760 0.2009 -0.5979
vn -0.8844 0.1917 -0.4254
vn -0.6659 -0.3647 -0.6508
vn -0.6924 -0.5865 -0.4203
vn -0.3986 -0.6912 0.6027
vn -0.5305 -0.6946 0.4859
vn -0.5280 -0.6336 0.5655
vn -0.5508 -0.5288 0.6457
vn 0.7129 -0.6995 0.0491
vn 0.8249 -0.5644 0.0327
vn -0.1905 0.9788 -0.0750
vn -0.2643 0.9615 -0.0757
vn -0.3137 0.9460 -0.0811
vn 0.2141 -0.8629 -0.4578
vn 0.6011 -0.7781 -0.1824
vn 0.6116 -0.7849 -0.0992
vn 0.4090 -0.8027 -0.4341
vn 0.9368 0.1109 -0.3318
vn 0.9664 0.0308 -0.2552
vn 0.6655 -0.7464 -0.0042
vn 0.6455 -0.7549 -0.1157
vn 0.7775 0.1327 0.6147
vn -0.2274 0.4692 0.8533
vn -0.8817 0.4717 -0.0044
vn 0.1606 0.9854 -0.0558
vn 0.0825 0.9953 -0.0512
vn 0.7609 0.6338 -0.1386
vn -0.8706 -0.1339 0.4734
vn 0.6869 0.2159 0.6939
vn 0.3501 0.2123 0.9123
vn 0.4615 -0.4070 0.7883
vn 0.5431 -0.2546 0.8002
vn 0.5188 -0.1455 0.8424
vn -0.6770 -0.1116 0.7274
vn 0.8775 -0.0157 0.4794
vn 0.6800 0.5146 0.5223
vn -0.1248 -0.9869 -0.1019
vn -0.1697 -0.9741 -0.1492
vn -0.5010 -0.1354 -0.8548
vn 0.0027 -0.8363 -0.5483
vn -0.2705 0.7232 0.6355
vn 0.5401 0.8370 0.0879
vn 0.1093 0.2793 -0.9540
vn -0.0343 0.3887 0.9207
vn 0.4405 0.0921 -0.8930
vn -0.6967 0.7099 -0.1034
vn -0.3467 0.7455 0.5692
vn 0.6779 0.6627 0.3183
vn 0.6178 0.7646 -0.1836
vn -0.8849 0.4542 0.1026
vn -0.8496 0.2980 0.4351
vn -0.5140 0.7345 -0.4431
vn 0.4809 -0.2404 -0.8432
vn -0.4427 -0.8605 0.2519
vn -0.4825 -0.7998 -0.3569
vn -0.5074 -0.7950 -0.3325
vn -0.0295 0.9629 -0.2683
vn -0.7459 0.5680 0.3478
vn -0.7298 -0.1178 -0.6734
vn -0.7132 0.0947 -0.6945
vn -0.7209 0.0553 -0.6908
vn -0.2082 0.7069 0.6760
vn 0.0060 0.1825 -0.9832
vn -0.0355 0.1655 -0.9856
vn -0.0450 0.2079 -0.9771
vn -0.5349 -0.4778 -0.6968
vn -0.4992 -0.4283 -0.7533
vn -0.1363 0.7480 0.6495
vn 0.7188 0.6946 -0.0305
vn 0.8053 0.5916 0.0392
vn -0.8861 0.1972 0.4194
vn 0.7887 0.5901 0.1723
vn -0.1749 -0.0007 -0.9846
vn 0.1841 -0.7953 0.5777
vn -0.5095 -0.6358 -0.5798
vn -0.5400 0.3927 -0.7444
vn 0.2435 0.2474 -0.9378
vn -0.6756 0.1071 -0.7294
vn -0.3891 -0.9140 0.1147
vn -0.0132 0.9975 -0.0698
vn 0.6869 0.3332 -0.6459
vn 0.9923 0.1066 0.0633
vn 0.9880 0.1263 0.0890
vn -0.0481 -0.6933 -0.7191
vn -0.0658 -0.6711 -0.7384
vn -0.0415 -0.6427 -0.7650
vn -0.9507 -0.2794 0.1349
vn -0.8362 0.1579 -0.5252
vn -0.9045 0.2065 -0.3732
vn -0.8710 0.2081 -0.4450
vn -0.1209 0.9910 -0.0577
vn 0.4308 -0.6169 -0.6587
vn 0.0990 0.1947 0.9758
vn -0.3977 0.1665 0.9023
vn -0.6881 -0.0715 0.7221
vn -0.8813 -0.0331 0.4714
vn 0.9582 -0.2418 0.1529
vn 0.9572 -0.2689 0.1070
vn 0.9737 -0.2124 0.0827
vn 0.5486 -0.5346 -0.6429
vn -0.6799 0.2117 -0.7020
vn -0.0097 -0.6625 -0.7490
vn 0.0235 -0.5923 -0.8053
vn 0.4715 0.8743 -0.1149
vn 0.5445 0.8310 -0.1135
vn 0.5396 0.8316 -0.1310
vn 0.3738 -0.8017 -0.4664
vn -0.3933 0.3310 0.8578
vn -0.2240 0.9714 -0.0781
vn 0.9520 -0.3048 0.0276
vn 0.9441 -0.3295 0.0106
vn 0.9690 -0.2467 0.0080
vn 0.4550 0.8592 0.2339
vn -0.1141 0.8136 0.5701
vn -0.2230 0.0876 -0.9709
vn -0.3262 0.1387 -0.9351
vn -0.2140 0.1723 -0.9615
vn -0.2651 0.7942 -0.5467
vn -0.6597 0.7381 -0.1418
vn -0.7291 0.6709 -0.1351
vn -0.0197 -0.0299 0.9994
vn -0.0197 -0.0732 0.9971
vn 0.6516 0.0625 -0.7560
vn -0.1983 -0.8242 -0.5305
vn -0.1107 -0.6171 -0.7790
vn 0.0272 -0.9969 -0.0736
vn -0.0387 0.1391 -0.9895
vn 0.0291 0.1177 -0.9926
vn 0.1308 -0.0778 -0.9884
vn 0.1555 -0.0549 -0.9863
vn 0.1945 -0.0733 -0.9782
vn -0.7825 -0.2401 0.5745
vn -0.4524 -0.7503 0.4820
vn 0.8736 0.4699 -0.1261
vn 0.8446 0.5203 -0.1264
vn 0.0190 0.2584 0.9658
vn -0.4074 0.8515 -0.3300
vn -0.5395 0.0096 -0.8419
vn -0.1657 -0.0018 0.9862
vn 0.0247 0.7238 -0.6895
vn -0.7276 -0.1673 -0.6653
vn -0.6858 0.0088 -0.7277
vn -0.2225 0.8667 -0.4464
vn -0.4401 -0.0206 0.8977
vn -0.5046 -0.5771 0.6422
vn -0.0969 -0.0806 0.9920
vn -0.4155 0.4092 0.8124
vn 0.2708 0.5474 0.7919
vn -0.8154 -0.4863 0.3140
vn -0.5266 -0.6586 -0.5375
vn -0.1350 0.6787 0.7220
vn 0.0006 -0.1581 0.9874
vn -0.9721 -0.0710 0.2235
vn -0.9326 -0.1587 0.3242
vn -0.9541 -0.0481 0.2956
vn -0.9505 0.3055 -0.0565
vn -0.9656 0.2552 -0.0490
vn -0.9484 0.3144 -0.0402
vn -0.2470 -0.2717 -0.9301
vn -0.1314 -0.2655 -0.9551
vn 0.4151 0.8998 -0.1345
vn 0.4583 0.8803 -0.1225
vn 0.4758 0.8591 -0.1884
vn -0.7961 0.3389 -0.5014
vn -0.7521 0.3502 -0.5583
vn -0.2500 0.6370 -0.7292
vn -0.7331 -0.2430 -0.6352
vn 0.1412 0.1380 0.9803
vn 0.0219 0.4585 0.8884
vn -0.2770 0.2393 0.9306
vn -0.0755 0.2901 0.9540
vn -0.2960 0.2925 0.9093
vn -0.2675 0.2838 0.9208
vn 0.8740 -0.3648 -0.3211
vn 0.9310 -0.3213 -0.1731
vn 0.8827 -0.2963 -0.3647
vn -0.0934 -0.7224 -0.6851
vn 0.7104 -0.6883 -0.1469
vn 0.2238 -0.9450 0.2386
vn -0.1603 0.9416 0.2961
vn -0.1225 0.9303 0.3458
vn -0.2724 0.6355 -0.7224
vn 0.4493 0.3863 -0.8055
vn -0.2862 -0.4120 -0.8651
vn 0.6008 -0.7156 -0.3562
vn 0.0895 -0.4154 -0.9052
vn 0.1150 0.6071 -0.7862
vn 0.0515 0.8691 -0.4919
vn -0.6627 -0.6289 -0.4066
vn -0.6523 -0.6552 -0.3811
vn -0.7096 -0.5970 -0.3743
vn 0.9119 -0.3877 -0.1345
vn 0.8500 -0.5083 -0.1385
vn 0.0068 -0.8332 0.5529
vn 0.0282 -0.7993 0.6003
vn 0.0229 -0.7774 0.6286
vn 0.6241 0.1593 0.7649
vn 0.6451 0.6596 0.3856
vn -0.9970 0.0767 0.0034
vn -0.9977 0.0597 0.0335
vn 0.8883 -0.4421 -0.1243
vn -0.8154 0.3880 0.4297
vn -0.6866 0.4931 0.5343
vn 0.0272 -0.1388 -0.9900
vn 0.0235 -0.1958 -0.9804
vn 0.4064 0.8318 0.3781
vn 0.2644 0.6585 -0.7046
vn 0.0456 0.6821 -0.7299
vn 0.7428 0.6318 -0.2217
vn 0.7047 0.6886 -0.1708
vn -0.3147 -0.7306 0.6059
vn 0.7882 -0.1095 0.6057
vn 0.7550 -0.1784 0.6309
vn -0.2381 0.3765 0.8953
vn -0.9329 -0.0094 -0.3599
vn -0.9720 0.0228 -0.2339
vn -0.9696 0.0881 -0.2284
vn 0.6210 -0.0696 -0.7807
vn -0.6366 -0.1652 0.7533
vn -0.8274 0.5449 -0.1361
vn -0.8921 0.4519 0.0031
vn -0.9029 0.4296 0.0131
vn -0.9095 0.4100 0.0687
vn 0.4410 -0.8160 0.3738
vn 0.3429 -0.8537 -0.3919
vn 0.3674 0.8112 0.4549
vn 0.3668 0.1111 -0.9237
vn -0.6924 0.4936 0.5262
vn -0.5501 0.3362 0.7644
vn -0.1870 0.2418 0.9521
vn -0.1771 0.2284 0.9573
vn 0.5798 0.7491 0.3205
vn -0.5744 -0.8185 -0.0138
vn -0.5332 -0.8460 -0.0035
vn -0.6094 -0.7917 0.0431
vn 0.1008 -0.3757 0.9212
vn -0.8725 0.3549 0.3359
vn 0.4646 -0.6548 -0.5962
vn 0.9814 0.1710 0.0871
vn 0.9716 0.2174 0.0929
vn -0.4454 0.2953 0.8452
vn 0.3819 -0.2442 0.8914
vn 0.6232 0.7693 -0.1410
vn 0.6742 0.7253 -0.1390
vn 0.6599 0.7347 -0.1572
vn -0.1516 -0.8716 -0.4662
vn -0.1863 -0.8430 -0.5047
vn -0.6320 0.7630 -0.1360
vn -0.6953 0.7077 -0.1257
vn -0.6239 0.7707 -0.1293
vn -0.9931 0.1172 0.0058
vn -0.0023 0.0945 0.9955
vn 0.0691 -0.9941 -0.0837
vn 0.6894 0.7117 -0.1347
vn 0.7208 0.6816 -0.1262
vn -0.3278 -0.8336 -0.4445
vn 0.2186 -0.1213 -0.9682
vn 0.2424 -0.0869 -0.9663
vn 0.3003 -0.1085 -0.9477
vn -0.1058 0.2259 0.9684
vn 0.0244 -0.2218 0.9748
vn 0.0383 -0.2033 0.9784
vn 0.0310 -0.1601 0.9866
vn 0.5201 0.8426 -0.1400
vn -0.7223 -0.2106 -0.6588
vn 0.9895 0.0899 0.1128
vn 0.9872 0.0483 0.1520
vn 0.9952 0.0596 0.0780
vn 0.2150 -0.9756 0.0456
vn 0.1446 -0.9895 -0.0045
vn 0.2537 -0.9673 -0.0060
vn -0.0144 0.4514 0.8922
vn 0.5900 0.7094 0.3855
vn -0.0955 0.2992 0.9494
vn -0.4463 -0.8730 0.1968
vn 0.0133 0.8334 0.5524
vn -0.3739 0.1263 0.9188
vn 0.0455 0.1336 0.9900
vn -0.0530 0.1233 0.9910
vn -0.8452 0.2341 0.4805
vn -0.8253 0.0163 0.5644
vn -0.1207 0.9464 -0.2996
vn 0.3735 -0.7063 -0.6013
vn -0.5842 0.6477 0.4891
vn -0.3351 0.9411 -0.0456
vn -0.7133 0.6951 -0.0900
vn -0.7179 0.6958 -0.0220
vn 0.1312 0.4174 -0.8992
vn -0.0535 -0.9965 -0.0649
vn -0.0840 -0.9918 -0.0961
vn -0.0231 -0.9923 -0.1216
vn 0.4088 -0.8169 0.4068
vn 0.9884 -0.1245 0.0869
vn 0.9905 -0.0990 0.0959
vn 0.9885 -0.1356 0.0663
vn 0.7516 0.5156 -0.4115
vn -0.0230 0.9964 -0.0812
vn -0.6932 -0.7200 -0.0332
vn -0.7348 -0.6754 0.0619
vn -0.1442 0.2241 0.9638
vn 0.3636 -0.8943 0.2607
vn 0.3115 -0.8950 0.3193
vn -0.1623 0.8662 -0.4726
vn 0.8826 0.4503 -0.1352
vn 0.7110 0.0424 0.7019
vn 0.6847 0.0232 0.7285
vn 0.1615 0.3219 -0.9329
vn 0.4345 -0.7052 -0.5602
vn 0.6100 0.4584 0.6464
vn 0.6665 -0.0281 -0.7450
vn 0.5476 0.4844 0.6823
vn 0.7066 0.3005 0.6406
vn 0.9000 -0.2612 0.3490
vn -0.9160 -0.3596 0.1780
vn -0.4580 0.0273 0.8886
vn -0.8760 0.2041 0.4370
vn -0.8740 0.2331 0.4264
vn 0.6364 0.7464 -0.1945
vn 0.1497 0.9863 0.0694
vn 0.5095 0.8366 -0.2013
vn 0.5056 0.8394 -0.1995
vn 0.5071 -0.8573 -0.0883
vn 0.5916 -0.7957 0.1303
vn -0.3344 -0.9041 -0.2661
vn -0.4907 0.7627 -0.4212
vn 0.0191 0.5976 -0.8016
vn 0.0197 -0.6390 -0.7690
vn 0.4538 0.8629 -0.2225
vn -0.3872 0.8929 0.2297
vn -0.2379 0.9280 0.2868
vn 0.3093 0.9457 -0.0996
vn -0.1793 0.9813 -0.0695
vn -0.7760 -0.2535 -0.5776
vn -0.7747 -0.2261 -0.5905
vn -0.7785 -0.2152 -0.5896
vn -0.1480 0.9818 -0.1190
vn -0.2013 0.9726 -0.1159
vn -0.3890 -0.0246 0.9209
vn -0.9056 0.4018 0.1358
vn -0.6648 0.7412 -0.0928
vn -0.7254 0.6802 -0.1051
vn -0.6936 0.7153 -0.0850
vn 0.4600 -0.3165 0.8296
vn -0.6198 0.4763 -0.6237
vn -0.3941 -0.7010 0.5944
vn -0.4427 -0.6903 0.5722
vn -0.5509 -0.4576 0.6979
vn -0.7590 -0.3876 0.5232
vn -0.6489 -0.5901 0.4804
vn -0.6511 0.4399 0.6186
vn 0.4515 -0.7433 0.4936
vn -0.5944 0.1996 0.7790
vn 0.8952 0.2835 -0.3438
vn 0.8764 0.3750 -0.3023
vn -0.6824 -0.1247 -0.7203
vn 0.8400 0.4900 0.2329
vn 0.8818 0.4421 0.1642
vn 0.8522 0.5060 0.1335
vn 0.1845 0.9816 -0.0501
vn -0.9350 0.3541 -0.0178
vn -0.9417 0.3365 -0.0052
vn -0.0739 -0.2061 -0.9757
vn -0.2374 0.8700 -0.4321
vn 0.0145 -0.9604 -0.2781
vn 0.0108 -0.9397 -0.3419
vn -0.9486 0.2827 0.1424
vn -0.5349 -0.8434 -0.0495
vn -0.7281 -0.5098 0.4583
vn -0.4196 0.8021 0.4249
vn 0.0911 0.7432 0.6628
vn -0.0060 0.3660 0.9306
vn 0.0111 -0.2713 -0.9624
vn 0.0238 -0.3048 -0.9521
vn -0.0052 0.0828 -0.9966
vn -0.0620 0.0752 -0.9952
vn 0.1657 0.5624 -0.8101
vn 0.8533 0.4324 -0.2914
vn 0.7551 0.3785 -0.5353
vn -0.4937 0.8580 -0.1418
vn -0.5733 0.8067 -0.1433
vn -0.1554 0.9818 -0.1094
vn 0.2662 0.6511 0.7108
vn 0.2410 0.8049 0.5423
vn 0.1537 -0.3077 -0.9390
vn -0.2006 0.9676 0.1535
vn -0.8608 0.4997 0.0963
vn -0.1780 0.6730 -0.7179
vn 0.1529 0.7036 0.6939
vn 0.9834 -0.1442 -0.1104
vn -0.9559 0.2608 -0.1354
vn -0.9634 0.2368 -0.1257
vn 0.0586 0.5221 0.8509
vn -0.3882 -0.6635 0.6396
vn -0.2486 -0.5751 0.7794
vn -0.8129 -0.2248 0.5373
vn 0.5689 0.7990 0.1948
vn -0.5321 -0.3728 -0.7602
vn -0.4925 -0.5747 -0.6536
vn -0.8646 0.3918 -0.3146
vn 0.8500 0.2526 0.4622
vn -0.7080 -0.0949 -0.6998
vn -0.5692 0.8102 -0.1398
vn -0.7442 0.6678 -0.0103
vn -0.0348 0.1441 0.9889
vn -0.3737 0.5174 0.7698
vn -0.8389 0.1713 0.5166
vn 0.8474 0.0857 -0.5239
vn 0.8391 0.1731 -0.5157
vn 0.8516 0.5161 -0.0921
vn -0.2089 0.3091 0.9278
vn 0.5310 0.0762 0.8439
vn 0.0262 0.1220 -0.9922
vn -0.6309 -0.5760 -0.5197
vn -0.9271 0.3740 0.0257
vn -0.8370 0.1082 0.5364
vn 0.0285 0.9478 0.3176
vn 0.6254 0.3218 0.7109
vn 0.7568 -0.5817 -0.2983
vn -0.0306 0.1222 0.9920
vn 0.6667 -0.4987 0.5539
vn 0.5311 -0.5019 0.6826
vn -0.9951 -0.0972 0.0155
vn -0.9933 -0.0973 -0.0629
vn -0.9918 -0.1149 0.0553
vn -0.7969 -0.1044 0.5950
vn -0.8116 0.5792 -0.0759
vn -0.8653 0.5000 -0.0358
vn -0.5025 -0.6973 0.5111
vn -0.0223 -0.7541 0.6564
vn -0.0345 -0.7208 0.6923
vn -0.0556 -0.7455 0.6641
vn 0.4490 -0.1689 -0.8774
vn 0.0940 0.0518 -0.9942
vn -0.4707 0.8753 -0.1109
vn -0.3889 0.9174 -0.0840
vn -0.5010 0.8587 -0.1076
vn 0.1759 0.9463 -0.2711
vn -0.8760 0.4106 -0.2531
vn -0.8482 0.4505 -0.2786
vn -0.5435 -0.5194 -0.6594
vn -0.4657 -0.6162 -0.6352
vn 0.5049 0.4498 0.7367
vn 0.0031 0.8935 -0.4490
vn -0.6432 -0.7452 0.1759
vn -0.5038 -0.8465 0.1720
vn -0.4161 -0.2001 0.8871
vn 0.6576 0.7533 -0.0050
vn 0.3142 -0.0360 -0.9487
vn 0.3748 -0.0782 -0.9238
vn 0.7081 0.6984 -0.1038
vn -0.3996 0.9122 -0.0902
vn -0.1096 0.9142 -0.3901
vn 0.2065 0.4839 0.8504
vn 0.5743 0.5138 -0.6374
vn 0.2312 0.9631 -0.1377
vn 0.2736 0.9551 -0.1141
vn 0.2906 0.9453 -0.1483
vn 0.5734 -0.1490 0.8056
vn -0.4924 0.3343 0.8036
vn 0.4096 -0.3749 0.8317
vn 0.4524 -0.2675 0.8507
vn 0.3414 0.9399 -0.0048
vn -0.0415 0.6422 -0.7654
vn -0.5689 0.7177 -0.4014
vn 0.2407 -0.8397 0.4868
vn 0.6756 0.6947 0.2470
vn 0.6860 0.6253 0.3721
vn -0.9090 0.2634 0.3230
vn 0.5952 -0.2839 0.7518
vn -0.4709 -0.7515 0.4620
vn -0.1378 -0.5317 0.8356
vn -0.4101 -0.5680 0.7136
vn 0.2352 0.3179 -0.9185
vn -0.9705 0.2394 -0.0283
vn -0.9755 0.2195 -0.0127
vn -0.9700 0.2381 -0.0484
vn -0.9841 0.1675 -0.0593
vn 0.8819 0.3346 0.3320
vn -0.7902 -0.6056 0.0943
vn 0.1515 0.9298 -0.3353
vn 0.0180 -0.8845 0.4662
vn 0.0047 -0.8708 0.4917
vn -0.7821 -0.2075 -0.5876
vn 0.0732 0.9951 -0.0657
vn -0.0008 0.9970 -0.0779
vn 0.1955 0.9468 -0.2557
vn 0.0414 0.3497 0.9359
vn -0.3077 0.9403 -0.1457
vn -0.3179 0.9468 0.0498
vn 0.0682 0.9618 -0.2652
vn 0.3533 0.9324 -0.0761
vn 0.4269 0.8993 -0.0946
vn 0.7014 -0.3908 0.5961
vn -0.3001 0.9370 -0.1787
vn -0.2420 0.9511 -0.1919
vn -0.8205 -0.5646 -0.0897
vn 0.2044 -0.9497 0.2371
vn 0.0036 -0.6325 0.7745
vn 0.0004 -0.5947 0.8039
vn 0.4632 -0.6888 -0.5577
vn -0.0246 -0.9104 0.4129
vn -0.0480 -0.2875 0.9566
vn -0.9797 0.1902 0.0635
vn -0.9684 0.2420 0.0604
vn -0.9818 0.1898 0.0061
vn -0.8979 0.2875 0.3335
vn -0.8672 0.0870 0.4904
vn -0.0151 -0.7770 -0.6294
vn -0.0240 -0.7253 -0.6880
vn -0.3608 0.2073 -0.9093
vn -0.4457 0.1785 -0.8772
vn 0.6307 -0.2086 0.7475
vn 0.6998 -0.2317 -0.6758
vn 0.4298 -0.7803 0.4543
vn 0.4609 -0.8230 0.3320
vn 0.0782 -0.0556 0.9954
vn 0.0406 -0.0636 0.9971
vn 0.1859 0.4176 0.8894
vn 0.7317 -0.6813 0.0203
vn 0.3504 -0.0390 -0.9358
vn -0.8006 -0.1234 -0.5864
vn -0.8588 -0.1323 -0.4949
vn 0.2706 -0.3366 -0.9019
vn 0.0356 -0.3542 0.9345
vn 0.0464 -0.3209 0.9460
vn 0.0346 -0.2777 0.9601
vn -0.8612 0.2508 -0.4420
vn 0.6547 0.1304 0.7446
vn 0.7664 0.0823 0.6371
vn 0.5511 -0.8311 -0.0748
vn 0.5455 0.8185 -0.1800
vn -0.7440 -0.5867 0.3196
vn 0.7154 0.4701 0.5169
vn 0.7354 0.2075 -0.6451
vn 0.6017 0.6768 -0.4241
vn -0.8285 -0.0514 -0.5577
vn 0.2266 0.9635 -0.1427
vn 0.1769 0.9731 -0.1474
vn -0.9359 -0.3364 -0.1046
vn -0.9644 -0.2412 -0.1082
vn -0.0430 -0.2843 -0.9578
vn 0.4434 -0.8728 -0.2040
vn 0.6718 -0.5988 -0.4359
vn 0.0811 0.9855 -0.1489
vn 0.0473 0.5802 -0.8131
vn 0.0239 -0.9625 -0.2704
vn 0.0217 -0.9642 -0.2645
vn -0.5078 0.8599 -0.0523
vn -0.0991 0.9950 -0.0116
vn -0.5634 0.5299 -0.6339
vn -0.6322 -0.3985 0.6645
vn 0.9788 0.1558 0.1329
vn 0.9699 0.2012 0.1369
vn 0.9724 0.1671 0.1630
vn -0.9156 0.4012 0.0265
vn 0.4176 -0.7351 0.5341
vn -0.6069 -0.0929 -0.7893
vn -0.6081 -0.2002 -0.7682
vn -0.8436 -0.2999 0.4454
vn -0.8051 -0.3379 0.4875
vn -0.0031 -0.1551 0.9879
vn -0.0536 0.0828 0.9951
vn 0.9153 0.0759 0.3956
vn 0.9546 0.0849 0.2854
vn -0.2476 0.2693 0.9307
vn 0.7820 -0.3549 0.5124
vn -0.7847 -0.6198 -0.0121
vn -0.7600 -0.6439 0.0886
vn -0.7156 -0.6925 0.0914
vn -0.9326 0.1563 0.3252
vn -0.3908 -0.8936 -0.2210
vn -0.4961 -0.6646 0.5587
vn 0.2827 -0.3352 0.8987
vn -0.6118 0.3402 -0.7142
vn -0.7940 0.0038 -0.6079
vn -0.9856 -0.1263 0.1125
vn -0.0330 -0.9444 -0.3272
vn -0.0231 -0.8257 -0.5636
vn 0.3364 0.7764 -0.5330
vn 0.7959 -0.0258 0.6048
vn -0.9529 0.2922 0.0812
vn 0.2575 0.2274 -0.9391
vn -0.9953 0.0632 -0.0732
vn -0.9959 -0.0192 -0.0883
vn 0.4477 0.8764 -0.1775
vn -0.6102 0.5247 -0.5935
vn -0.5928 -0.6872 -0.4199
vn -0.7793 -0.5624 -0.2764
vn 0.1428 0.9873 0.0694
vn 0.2223 0.9654 -0.1365
vn -0.3199 -0.0867 0.9435
vn 0.8582 -0.2936 0.4210
vn -0.7543 0.6486 -0.1017
vn -0.2366 -0.7117 0.6614
vn -0.1496 -0.6938 0.7044
vn -0.3101 -0.6820 0.6624
vn 0.5978 0.7933 -0.1152
vn 0.6530 0.7450 -0.1361
vn 0.6646 0.7358 -0.1300
vn -0.3701 0.5638 -0.7383
vn 0.5446 0.0973 -0.8330
vn -0.7701 0.2214 -0.5983
vn 0.5276 -0.7894 0.3139
vn -0.0107 -0.4136 0.9104
vn 0.9389 0.0350 0.3425
vn 0.4335 0.8943 -0.1110
vn 0.4922 0.8642 -0.1046
vn 0.4762 0.8714 -0.1179
vn 0.1431 -0.1369 0.9802
vn 0.1290 0.0618 0.9897
vn 0.0626 0.0713 0.9955
vn 0.1482 -0.2336 0.9610
vn 0.0827 -0.1981 0.9767
vn 0.6415 -0.6491 -0.4088
vn 0.2473 0.7903 -0.5605
vn -0.3410 -0.8517 0.3979
vn -0.4621 0.2050 -0.8628
vn -0.3939 0.3290 -0.8583
vn -0.4440 0.6219 -0.6450
vn -0.1593 0.2804 -0.9466
vn -0.5613 0.0233 -0.8273
vn 0.4181 0.4027 0.8143
vn -0.0042 0.0864 0.9963
vn -0.0179 0.0924 0.9956
vn -0.1798 0.6751 -0.7155
vn 0.9991 -0.0414 -0.0097
vn -0.0890 -0.2989 -0.9501
vn -0.5795 -0.5658 0.5866
vn -0.9257 0.3353 0.1748
vn 0.9955 0.0905 0.0275
vn 0.2650 -0.9161 0.3010
vn 0.0393 -0.5496 0.8345
vn 0.0287 -0.6016 0.7983
vn 0.1782 0.8703 -0.4592
vn 0.3071 0.8057 0.5064
vn 0.6941 -0.6886 0.2099
vn 0.5929 -0.7728 0.2262
vn 0.5676 -0.8058 0.1689
vn 0.9720 -0.2331 0.0303
vn -0.5359 0.7280 0.4275
vn 0.1867 -0.9699 -0.1560
vn 0.2662 0.4575 -0.8485
vn -0.0646 0.2166 -0.9741
vn 0.9016 0.1309 0.4124
vn 0.0560 0.9974 -0.0458
vn 0.0258 0.9992 -0.0300
vn 0.0304 0.9983 -0.0507
vn 0.1260 -0.8512 0.5094
vn 0.0590 -0.1552 0.9861
vn 0.1143 -0.1420 0.9832
vn 0.0452 -0.1187 0.9919
vn 0.9867 0.1006 -0.1280
vn 0.9835 0.0590 -0.1711
vn -0.3476 0.9243 -0.1574
vn 0.9366 0.3249 -0.1316
vn -0.2984 0.9343 -0.1952
vn 0.1987 0.9781 -0.0612
vn 0.1993 -0.8591 0.4714
vn 0.2565 -0.8911 0.3743
vn 0.2081 -0.8471 0.4890
vn -0.7360 0.6709 -0.0902
vn -0.8109 0.5819 -0.0619
vn 0.7518 -0.1066 -0.6507
vn 0.0203 0.2379 -0.9711
vn 0.1082 0.1482 0.9830
vn 0.1569 0.2246 0.9617
vn 0.3584 0.2721 -0.8930
vn 0.4026 0.3000 -0.8648
vn -0.9749 0.1935 0.1101
vn -0.5584 0.6548 0.5093
vn 0.0398 -0.3704 -0.9280
vn -0.4092 -0.7390 0.5352
vn 0.1949 0.3482 0.9169
vn 0.0780 0.2988 -0.9511
vn 0.0396 0.3684 -0.9288
vn -0.9954 0.0085 0.0959
vn -0.9968 0.0407 0.0681
vn 0.0941 0.1120 0.9892
vn 0.9959 -0.0852 0.0310
vn -0.3603 0.7533 -0.5502
vn -0.9704 0.2068 -0.1245
vn -0.9566 0.2600 -0.1318
vn 0.4634 -0.4596 -0.7577
vn -0.9006 0.3588 -0.2452
vn -0.8802 -0.2134 0.4240
vn 0.0276 -0.4172 -0.9084
vn 0.0088 -0.4176 -0.9086
vn 0.0189 -0.3571 -0.9339
vn 0.4495 0.8861 -0.1128
vn 0.4658 0.8787 -0.1040
vn 0.0485 0.8341 0.5495
vn -0.9044 0.3973 0.1556
vn 0.5378 0.3005 0.7877
vn 0.9125 -0.3787 0.1547
vn 0.9352 -0.2974 0.1924
vn -0.0001 -0.0581 -0.9983
vn -0.0432 -0.0132 -0.9990
vn -0.3101 -0.8161 -0.4877
vn 0.2895 -0.3968 0.8710
vn -0.0071 -0.8520 0.5235
vn -0.0236 -0.7993 0.6005
vn -0.0990 -0.2609 -0.9603
vn 0.1806 0.2890 0.9401
vn 0.1724 0.2636 0.9491
vn 0.0073 -0.4461 0.8949
vn -0.0150 -0.4956 0.8684
vn 0.0095 -0.9881 -0.1533
vn 0.0081 -0.9919 -0.1267
vn -0.0001 -0.5102 0.8601
vn -0.0063 -0.5727 0.8197
vn -0.9380 0.3435 -0.0466
vn -0.9256 0.3720 -0.0703
vn -0.9446 0.3171 -0.0844
vn -0.1003 -0.9451 0.3109
vn -0.1549 -0.9567 0.2466
vn 0.8594 0.1462 0.4900
vn 0.7705 0.0903 0.6311
vn 0.0114 -0.8893 -0.4571
vn 0.0030 -0.8862 -0.4633
vn -0.0002 -0.8553 -0.5181
vn -0.0695 0.2715 0.9599
vn 0.0026 0.9977 -0.0683
vn -0.0068 0.9954 -0.0958
vn 0.0259 -0.1835 0.9827
vn -0.0070 -0.0238 0.9997
vn -0.0108 0.0020 0.9999
vn -0.0137 -0.0245 0.9996
vn 0.4433 -0.1428 -0.8850
vn 0.4196 -0.0919 -0.9030
vn -0.8708 0.4707 0.1419
vn 0.1948 0.1006 0.9757
vn 0.1069 0.1532 0.9824
vn -0.2349 0.2753 0.9322
vn 0.9720 -0.0539 0.2285
vn 0.3885 0.8794 -0.2752
vn -0.1787 0.9234 0.3398
vn -0.4935 0.8329 0.2506
vn 0.3842 0.7507 -0.5374
vn 0.5630 0.8021 -0.1994
vn -0.4243 -0.9002 -0.0982
vn 0.5796 0.6810 -0.4476
vn 0.9652 0.1699 0.1986
vn 0.2613 0.9525 0.1561
vn -0.0672 0.0835 -0.9942
vn -0.1047 0.1394 -0.9847
vn 0.0185 -0.3209 0.9469
vn 0.0016 -0.3039 0.9527
vn 0.9378 0.1420 0.3167
vn 0.2096 0.3253 -0.9221
vn 0.0247 -0.3007 0.9534
vn 0.6898 0.7182 0.0919
vn 0.1383 -0.0933 0.9860
vn 0.8094 0.5727 -0.1298
vn 0.7422 0.6581 -0.1263
vn 0.1403 0.9900 -0.0114
vn 0.1345 0.9868 -0.0903
vn -0.5051 -0.5210 -0.6881
vn -0.3792 0.8185 -0.4316
vn 0.0174 0.9980 -0.0605
vn -0.0125 0.9994 -0.0314
vn 0.3723 0.6083 0.7010
vn 0.0418 0.1595 -0.9863
vn -0.7404 0.6577 -0.1385
vn 0.1071 0.8383 -0.5345
vn 0.9032 0.1182 -0.4127
vn 0.8824 -0.2864 0.3734
vn 0.7089 0.2615 0.6550
vn 0.0077 0.9965 -0.0829
vn 0.6928 -0.7021 0.1648
vn 0.4634 0.8805 -0.1005
vn 0.3903 0.9158 -0.0953
vn 0.7486 -0.5256 -0.4041
vn -0.5675 0.7629 -0.3096
vn -0.9714 0.2374 -0.0012
vn -0.3916 0.1672 0.9048
vn 0.5777 -0.5670 -0.5872
vn -0.2540 -0.3949 -0.8829
vn 0.9524 0.1963 0.2331
vn -0.9847 0.1700 0.0383
vn -0.4580 -0.7934 0.4010
vn -0.2238 0.6719 0.7060
vn 0.0360 -0.2955 0.9547
vn -0.8020 0.5928 -0.0734
vn 0.2281 0.9724 -0.0488
vn 0.0628 -0.9936 -0.0937
vn 0.0338 -0.9881 -0.1498
vn -0.7659 -0.5546 0.3253
vn 0.5599 0.8265 -0.0586
vn 0.5676 0.1313 0.8128
vn -0.1699 -0.9825 -0.0769
vn -0.0272 -0.8537 -0.5201
vn 0.0279 0.1299 0.9911
vn -0.1191 -0.3692 -0.9217
vn 0.1798 0.6630 0.7267
vn -0.4794 -0.8329 0.2765
vn -0.4205 -0.9067 0.0328
vn 0.5995 0.3186 0.7342
vn -0.0082 -0.9566 -0.2913
vn 0.0446 -0.9497 -0.3100
vn 0.1486 0.0322 -0.9884
vn -0.8885 0.4567 -0.0451
vn -0.8887 0.4582 -0.0168
vn 0.3086 -0.5892 0.7468
vn 0.9777 -0.2055 0.0422
vn 0.9916 -0.1110 0.0664
vn -0.0676 0.1013 0.9926
vn -0.0820 0.1395 0.9868
vn -0.0745 0.1273 0.9891
vn -0.2173 0.1502 0.9645
vn -0.2086 0.1687 0.9633
vn 0.5283 -0.8265 -0.1944
vn -0.9989 0.0438 -0.0154
vn -0.3298 0.3671 0.8698
vn -0.8088 0.5780 -0.1083
vn -0.4996 0.3166 0.8064
vn 0.9015 0.0113 0.4327
vn 0.1981 0.2655 0.9435
vn -0.1391 0.2246 0.9645
vn 0.1952 -0.1081 0.9748
vn -0.4338 -0.9003 -0.0364
vn 0.5525 -0.7536 -0.3562
vn 0.5975 -0.7956 -0.1007
vn 0.4809 0.8677 -0.1254
vn 0.5462 0.8298 -0.1148
vn 0.7111 0.0387 0.7020
vn 0.2790 0.2999 0.9123
vn 0.2902 0.2560 0.9221
vn 0.9605 0.2477 0.1271
vn 0.9523 0.2777 0.1266
vn 0.9617 0.2260 0.1554
vn 0.0955 0.2495 -0.9637
vn 0.0567 0.2397 -0.9692
vn -0.7132 -0.3186 0.6244
vn -0.0095 0.0245 0.9997
vn 0.5689 -0.5254 0.6327
vn -0.1026 -0.7976 -0.5944
vn 0.5716 -0.3340 0.7495
vn 0.0790 -0.9957 -0.0492
vn -0.9935 0.0237 -0.1113
vn -0.9898 0.1059 -0.0953
vn -0.9891 0.0934 -0.1142
vn 0.4902 0.2068 -0.8467
vn 0.8984 0.4302 -0.0883
vn -0.2924 0.7290 -0.6189
vn -0.5193 -0.0708 -0.8517
vn 0.0434 -0.5033 -0.8630
vn 0.0268 -0.4331 -0.9009
vn -0.0297 -0.4819 0.8757
vn -0.5632 -0.1135 -0.8185
vn -0.6644 -0.2471 -0.7054
vn -0.2361 0.2079 0.9492
vn -0.8664 0.4811 0.1337
vn 0.1841 -0.4692 -0.8637
vn -0.9162 0.3156 -0.2468
vn 0.4758 -0.5534 0.6837
vn 0.1843 -0.9507 -0.2495
vn 0.0636 -0.9282 -0.3666
vn 0.2005 -0.9240 -0.3257
vn 0.0403 -0.8733 0.4855
vn -0.1219 0.1060 0.9869
vn -0.2967 -0.9156 0.2713
vn -0.2031 -0.9025 0.3798
vn -0.3523 -0.8594 0.3705
vn 0.4861 -0.3868 -0.7837
vn -0.0088 -0.0374 0.9993
vn -0.1912 -0.0232 -0.9813
vn -0.9845 0.1151 -0.1323
vn 0.3640 0.9289 -0.0677
vn 0.4212 0.9038 -0.0761
vn -0.1792 0.1590 0.9709
vn -0.1388 0.1581 0.9776
vn -0.5241 0.8430 -0.1211
vn -0.5669 0.8162 -0.1115
vn 0.1064 0.9728 -0.2055
vn 0.8596 -0.0039 0.5110
vn 0.8409 -0.0204 0.5407
vn -0.1138 0.9883 -0.1015
vn 0.9347 0.3502 -0.0607
vn -0.3796 -0.9140 -0.1433
vn 0.0394 0.9980 -0.0496
vn -0.9798 -0.0175 -0.1990
vn -0.9804 0.0546 -0.1892
vn -0.9628 -0.0033 -0.2702
vn -0.3058 0.2810 0.9097
vn 0.2014 -0.7593 -0.6187
vn 0.0870 -0.7582 -0.6462
vn 0.1393 -0.6831 -0.7169
vn 0.7369 0.5842 0.3403
vn 0.3997 0.9087 -0.1206
vn 0.3511 0.7525 -0.5572
vn 0.1792 0.9827 -0.0472
vn 0.8538 0.2904 -0.4320
vn -0.9490 0.3141 0.0282
vn -0.9603 0.2789 0.0073
vn -0.8517 0.3899 0.3501
vn 0.0559 -0.7116 -0.7004
vn 0.9805 0.0854 0.1770
vn 0.9648 0.0729 0.2525
vn 0.9720 0.0077 0.2349
vn 0.0417 0.3283 -0.9437
vn -0.0188 0.3639 -0.9312
vn -0.7929 0.5965 -0.1244
vn 0.1556 0.3655 0.9177
vn 0.1139 0.1339 -0.9844
vn -0.0238 -0.9321 -0.3614
vn -0.8147 0.1149 -0.5684
vn 0.9477 0.3072 0.0864
vn -0.1714 0.7761 -0.6069
vn 0.1487 0.3443 0.9270
vn 0.1749 0.2396 0.9550
vn 0.2962 0.0782 -0.9519
vn -0.9535 -0.2991 0.0369
vn -0.9714 -0.2358 0.0272
vn -0.0174 -0.8307 -0.5564
vn 0.6087 -0.7932 -0.0175
vn 0.5842 0.8092 -0.0630
vn 0.6610 0.7477 -0.0642
vn 0.9630 0.1237 0.2395
vn -0.7958 -0.5948 -0.1138
vn -0.7026 -0.6939 -0.1576
vn -0.1950 0.7164 -0.6699
vn -0.0807 0.7407 -0.6670
vn -0.3891 0.7979 -0.4603
vn 0.7777 -0.5222 -0.3500
vn -0.9160 -0.2193 -0.3359
vn 0.5492 -0.1009 0.8296
vn -0.7697 0.2312 -0.5951
vn 0.4673 0.1018 0.8782
vn 0.4369 0.1853 0.8802
vn 0.3672 0.1076 0.9239
vn -0.7418 -0.3551 -0.5689
vn -0.6741 -0.5429 -0.5009
vn 0.9983 0.0117 -0.0575
vn 0.8833 0.1131 0.4549
vn -0.9848 -0.0873 0.1499
vn -0.9939 -0.0389 0.1036
vn -0.2301 0.7564 0.6123
vn 0.3672 -0.9257 0.0903
vn 0.3325 -0.9428 -0.0219
vn 0.5187 -0.0059 0.8549
vn 0.8914 -0.2879 0.3500
vn -0.9711 0.0183 0.2382
vn 0.9105 -0.4134 0.0098
vn 0.9217 -0.3854 -0.0433
vn 0.3330 0.8739 0.3540
vn 0.9176 0.2892 0.2727
vn 0.8408 0.3181 0.4380
vn -0.0126 -0.9293 -0.3690
vn -0.7465 -0.6529 0.1282
vn -0.6018 -0.0813 0.7945
vn 0.8187 0.0146 0.5741
vn 0.8980 0.4395 -0.0227
vn 0.8689 0.4930 -0.0448
vn -0.5242 -0.8481 -0.0766
vn -0.3862 -0.9219 0.0302
vn 0.4695 0.8812 -0.0549
vn 0.8158 -0.3323 0.4734
vn -0.4805 -0.4996 0.7208
vn -0.0244 -0.7200 -0.6936
vn 0.1656 -0.5838 0.7948
vn 0.6110 0.7840 -0.1093
vn 0.6606 0.7424 -0.1111
vn 0.5986 0.7910 -0.1261
vn 0.8653 0.1900 0.4639
vn 0.8336 0.1935 0.5173
vn 0.8298 0.2355 0.5060
vn 0.0303 -0.2388 0.9706
vn -0.0720 0.1360 0.9881
vn -0.1031 0.1753 0.9791
vn -0.8977 0.4393 0.0328
vn -0.7944 0.5869 -0.1566
vn -0.7015 0.0941 -0.7064
vn 0.0086 -0.8816 -0.4719
vn -0.1935 -0.1006 0.9759
vn -0.1204 -0.8852 0.4495
vn -0.1365 -0.9249 0.3549
vn -0.7977 0.0265 -0.6024
vn 0.6371 0.7475 -0.1882
vn 0.5865 0.4610 0.6660
vn -0.0408 0.9972 -0.0623
vn -0.0241 0.9700 -0.2421
vn 0.9596 0.2726 0.0697
vn 0.9668 0.2324 0.1063
vn 0.1773 -0.3499 -0.9199
vn 0.1315 -0.3281 -0.9355
vn 0.1624 -0.2850 -0.9447
vn 0.3332 0.9359 -0.1145
vn 0.3768 0.9179 -0.1242
vn 0.0671 -0.4320 -0.8994
vn 0.9614 0.2054 0.1831
vn 0.9418 0.2321 0.2433
vn 0.2482 0.9427 -0.2228
vn 0.9652 0.2017 0.1663
vn 0.0869 0.1911 0.9777
vn 0.1436 0.2390 0.9603
vn -0.9622 0.1359 0.2361
vn 0.1194 0.9740 -0.1928
vn 0.1754 0.9632 -0.2036
vn 0.1064 0.9598 -0.2597
vn 0.0913 -0.9475 -0.3064
vn -0.1261 0.9828 -0.1351
vn -0.8035 -0.5830 0.1202
vn 0.0400 -0.7967 -0.6031
vn 0.0758 -0.8144 -0.5753
vn -0.0624 0.1199 0.9908
vn 0.5042 0.8536 -0.1312
vn 0.5670 0.8119 -0.1389
vn 0.8687 0.2852 -0.4050
vn 0.8735 0.3279 -0.3598
vn 0.8453 0.3043 0.4392
vn 0.8340 0.3208 0.4489
vn -0.6206 0.3691 -0.6918
vn -0.0982 0.9187 -0.3826
vn -0.2287 -0.8477 0.4787
vn 0.1978 0.4408 -0.8755
vn 0.6845 0.5425 -0.4870
vn 0.3329 0.1594 0.9294
vn 0.2979 0.2037 0.9326
vn -0.5260 -0.7114 -0.4662
vn -0.0242 -0.3626 -0.9316
vn 0.0365 -0.0291 0.9989
vn 0.0409 -0.0056 0.9991
vn -0.0002 -0.8670 -0.4984
vn 0.3574 0.8617 -0.3602
vn -0.1979 -0.2810 -0.9391
vn -0.2524 -0.2874 -0.9240
vn -0.2032 -0.2404 -0.9492
vn 0.3859 0.9154 -0.1148
vn 0.4280 0.8948 -0.1271
vn 0.6374 -0.0409 0.7694
vn -0.1125 -0.0567 0.9920
vn -0.1551 -0.9438 -0.2918
vn 0.8394 -0.2319 -0.4915
vn 0.9399 -0.0280 0.3403
vn 0.0646 -0.9758 -0.2090
vn 0.2454 0.0645 -0.9673
vn 0.1905 0.1174 -0.9747
vn 0.0044 -0.5645 0.8254
vn -0.8439 -0.5172 -0.1428
vn 0.0052 -0.9059 -0.4234
vn 0.6373 0.7483 -0.1843
vn -0.5917 0.3497 -0.7263
vn -0.7266 0.6173 -0.3016
vn 0.8400 0.3489 -0.4156
vn 0.3111 0.9504 0.0043
vn -0.0229 -0.9596 -0.2804
vn 0.3869 0.9041 -0.1814
vn 0.0763 0.1850 0.9798
vn -0.3291 -0.2502 0.9105
vn -0.2643 -0.2138 0.9404
vn -0.9629 0.2629 -0.0605
vn 0.1782 0.3389 0.9238
vn -0.4028 -0.7129 -0.5741
vn -0.5565 -0.6226 -0.5502
vn 0.8436 0.3163 0.4340
vn 0.0631 0.0463 0.9969
vn -0.8737 0.4722 0.1167
vn 0.6496 0.5114 0.5626
vn 0.0382 -0.2379 -0.9705
vn -0.4375 0.8944 -0.0927
vn -0.4444 0.8936 -0.0638
vn -0.0221 -0.5661 0.8241
vn -0.0395 -0.5667 0.8230
vn 0.0476 -0.4456 0.8940
vn 0.0322 -0.4206 0.9067
vn -0.6542 -0.7403 -0.1546
vn 0.3987 0.2431 0.8843
vn 0.5498 -0.1444 0.8227
vn 0.0511 0.7478 -0.6620
vn 0.0636 -0.8407 0.5378
vn 0.0772 -0.8174 0.5709
vn 0.0580 -0.8353 0.5468
vn 0.9686 0.2006 0.1472
vn -0.9079 0.3296 0.2589
vn -0.9121 0.3399 0.2292
vn 0.1320 0.7649 -0.6305
vn -0.9441 0.1989 -0.2630
vn 0.0532 -0.8767 0.4781
vn 0.0380 0.0941 0.9948
vn 0.6592 0.6692 0.3430
vn -0.0266 0.2918 0.9561
vn 0.9837 -0.0839 0.1588
vn 0.0110 -0.9189 -0.3943
vn -0.8959 -0.1169 -0.4285
vn -0.0240 0.0930 0.9954
vn 0.6851 0.3228 0.6530
vn 0.4094 0.9031 -0.1298
vn -0.0238 0.0777 0.9967
vn -0.8370 0.0827 -0.5410
vn -0.9282 0.3249 0.1814
vn -0.9366 0.2791 0.2117
vn -0.3681 -0.5337 -0.7614
vn -0.3746 -0.4754 -0.7961
vn 0.1396 -0.5087 -0.8496
vn 0.9692 0.1745 0.1739
vn 0.9974 0.0723 -0.0080
vn 0.6097 0.7808 -0.1365
vn -0.0271 0.6876 0.7256
vn 0.5761 0.3363 0.7450
vn -0.7906 -0.1831 0.5843
vn -0.1053 -0.0780 0.9914
vn -0.0248 -0.6281 0.7777
vn -0.0430 -0.6619 0.7484
vn 0.0043 -0.5028 -0.8644
vn 0.3343 0.6539 0.6788
vn 0.1281 0.3508 -0.9276
vn -0.1403 0.2276 0.9636
vn -0.0142 -0.2088 0.9779
vn 0.9906 -0.1262 0.0536
vn 0.9969 -0.0664 0.0414
vn 0.0489 0.5442 -0.8376
vn -0.5510 -0.0195 -0.8343
vn -0.6422 0.6217 -0.4484
vn 0.2834 0.3979 0.8726
vn 0.2630 0.0017 -0.9648
vn -0.3890 0.9166 -0.0926
vn 0.0534 -0.0949 -0.9941
vn 0.1704 -0.1953 -0.9658
vn 0.1483 -0.1269 -0.9808
vn 0.6540 0.0449 -0.7552
vn 0.9552 0.2942 -0.0317
vn 0.9467 0.3222 -0.0035
vn -0.8258 -0.5366 0.1736
vn -0.0608 -0.0926 0.9939
vn 0.1331 0.3230 -0.9370
vn -0.0350 0.9981 -0.0501
vn 0.9508 -0.3066 0.0441
vn 0.3342 0.9401 -0.0669
vn 0.2890 0.9527 -0.0936
vn -0.0629 0.9875 -0.1446
vn -0.0594 0.9967 -0.0559
vn -0.1023 0.9910 -0.0857
vn 0.3538 -0.4409 -0.8249
vn -0.9248 -0.2526 0.2844
vn 0.0702 -0.9973 -0.0209
vn -0.7992 0.5158 -0.3085
vn -0.9409 0.3210 -0.1085
vn -0.3449 0.9311 -0.1185
vn -0.2567 0.9640 -0.0692
vn 0.0737 -0.1059 0.9916
vn -0.4584 -0.4884 -0.7425
vn -0.4537 -0.5841 -0.6731
vn 0.0891 0.9877 -0.1284
vn 0.0469 0.9833 -0.1756
vn -0.7978 -0.5610 -0.2211
vn -0.8481 -0.4717 -0.2414
vn 0.0484 -0.9974 0.0533
vn 0.1003 -0.9936 0.0512
vn 0.0174 0.9357 0.3525
vn 0.6045 0.7778 -0.1721
vn -0.9358 -0.3238 -0.1390
vn -0.9970 -0.0304 -0.0716
vn 0.4100 0.7366 -0.5379
vn -0.3876 0.8818 0.2687
vn -0.6176 0.7418 -0.2613
vn -0.8577 0.5053 -0.0951
vn -0.8519 0.5221 -0.0404
vn -0.7993 0.5949 -0.0849
vn 0.9189 0.2713 0.2864
vn -0.9211 0.1296 -0.3672
vn -0.9244 0.3793 -0.0397
vn 0.6079 0.1148 -0.7857
vn 0.8477 0.2657 -0.4591
vn 0.8566 0.2341 -0.4598
vn -0.9525 -0.1513 0.2643
vn -0.9518 -0.1946 0.2371
vn 0.0585 -0.1526 -0.9866
vn -0.6304 -0.1332 0.7648
vn 0.0726 -0.2555 -0.9641
vn 0.0906 -0.1839 -0.9788
vn 0.1286 -0.1956 -0.9722
vn 0.2300 0.9456 -0.2301
vn 0.0225 -0.0531 0.9983
vn 0.0226 -0.0886 0.9958
vn 0.6206 0.7727 -0.1335
vn -0.1106 0.1832 0.9768
vn -0.1437 0.1892 0.9714
vn 0.2152 0.5882 -0.7796
vn -0.5626 0.7433 0.3620
vn 0.3877 -0.5784 -0.7177
vn 0.9926 -0.1196 -0.0205
vn 0.2546 0.9622 -0.0962
vn -0.0269 -0.6864 -0.7267
vn -0.0396 -0.6397 -0.7676
vn 0.1478 -0.8129 -0.5634
vn -0.9642 -0.2294 0.1331
vn 0.1050 -0.0535 -0.9930
vn -0.1620 0.2476 0.9552
vn -0.1321 -0.3370 0.9322
vn -0.1474 -0.3698 0.9174
vn 0.5586 0.8198 -0.1262
vn 0.9984 0.0077 -0.0556
vn -0.0115 -0.1324 -0.9911
vn -0.3586 -0.9264 -0.1150
vn -0.4409 -0.8798 -0.1778
vn 0.1609 0.0710 -0.9844
vn 0.6211 0.7713 -0.1387
vn -0.0898 0.0716 0.9934
vn -0.0787 -0.7136 -0.6962
vn -0.4819 0.8512 -0.2081
vn -0.0780 -0.1841 0.9798
vn -0.1105 -0.1272 0.9857
vn 0.4518 -0.3674 -0.8130
vn 0.0749 -0.4688 0.8801
vn -0.0800 -0.8769 -0.4739
vn 0.5855 0.7925 -0.1708
vn 0.6651 0.7387 -0.1094
vn 0.6851 0.7164 -0.1317
vn 0.8269 0.1356 0.5458
vn -0.9872 -0.1272 -0.0962
vn 0.1008 0.9944 -0.0328
vn -0.3770 -0.9118 -0.1628
vn 0.9479 0.3159 -0.0418
vn 0.0305 -0.0463 -0.9985
vn -0.5649 0.8248 -0.0268
vn 0.1457 0.9881 -0.0499
vn 0.0795 0.9956 -0.0487
vn 0.8302 0.5505 -0.0879
vn 0.0150 -0.4577 -0.8890
vn 0.2246 -0.0375 -0.9737
vn -0.0222 0.2806 -0.9596
vn -0.1114 0.0251 0.9935
vn -0.5694 -0.7453 0.3468
vn -0.0048 -0.8954 -0.4453
vn -0.0400 0.1063 0.9935
vn -0.0235 0.1169 0.9929
vn -0.9462 0.2986 -0.1247
vn 0.1057 0.2462 -0.9634
vn 0.1379 0.2896 -0.9472
vn 0.1500 0.2773 -0.9490
vn 0.0244 -0.9362 0.3506
vn 0.1732 0.2171 -0.9607
vn 0.1180 0.1980 -0.9731
vn 0.3680 0.4949 -0.7872
vn -0.1148 -0.2570 0.9596
vn 0.4272 -0.7747 -0.4662
vn 0.0014 -0.5467 0.8373
vn 0.0588 -0.9377 0.3424
vn 0.0409 -0.9096 0.4135
vn 0.0295 -0.9196 0.3918
vn -0.3951 -0.7899 0.4690
vn -0.9493 0.3122 -0.0359
vn -0.0128 0.0298 0.9995
vn -0.0186 0.0713 0.9973
vn -0.0349 0.0470 0.9983
vn 0.8585 0.3532 -0.3718
vn -0.0182 0.9972 -0.0728
vn 0.1372 -0.0179 -0.9904
vn -0.9036 0.4013 -0.1497
vn 0.0250 -0.5493 -0.8353
vn 0.0164 0.9765 -0.2150
vn 0.8655 0.3166 0.3883
vn -0.8897 0.2987 0.3452
vn -0.6145 -0.5872 -0.5269
vn -0.4814 -0.6624 -0.5740
vn -0.9905 -0.0649 -0.1211
vn 0.5110 0.8580 -0.0522
vn 0.9517 0.2593 0.1643
vn -0.1706 -0.2091 0.9629
vn -0.1916 -0.1665 0.9673
vn -0.2349 0.9720 -0.0006
vn -0.1670 0.9676 0.1892
vn 0.7585 -0.5564 0.3392
vn 0.8663 0.4946 0.0696
vn 0.4143 0.8666 -0.2779
vn -0.8009 0.0619 -0.5956
vn -0.0344 -0.8658 0.4992
vn -0.9763 0.2014 -0.0788
vn -0.8383 0.3030 -0.4534
vn 0.1305 0.5001 -0.8561
vn 0.8894 -0.1375 0.4360
vn -0.1762 -0.1254 -0.9763
vn -0.2114 -0.1863 -0.9595
vn -0.2501 -0.1249 -0.9601
vn -0.0202 -0.3450 -0.9384
vn 0.3808 -0.9219 0.0714
vn 0.7068 0.3716 0.6019
vn -0.2452 -0.4344 -0.8667
vn -0.9843 0.1440 -0.1021
vn 0.0583 0.9969 -0.0530
vn 0.9138 -0.2416 0.3264
vn 0.0116 -0.1127 0.9936
vn 0.0080 -0.0787 0.9969
vn -0.9592 0.2824 -0.0151
vn 0.4740 0.6892 0.5480
vn 0.7885 0.6049 -0.1112
vn -0.0063 -0.8061 0.5917
vn 0.0122 -0.4334 0.9011
vn -0.0458 -0.9899 -0.1343
vn 0.9772 0.2069 0.0470
vn 0.3764 -0.1471 -0.9147
vn -0.0056 -0.7055 -0.7087
vn -0.6838 0.7240 -0.0902
vn -0.3192 -0.0840 -0.9440
vn -0.3674 -0.1554 -0.9170
vn -0.4299 -0.0814 -0.8992
vn -0.6650 0.7436 -0.0697
vn 0.2983 0.9518 -0.0713
vn 0.3399 0.9384 -0.0626
vn 0.1208 0.9822 -0.1437
vn 0.0553 0.9780 -0.2013
vn 0.3169 0.4717 -0.8229
vn -0.1076 0.5584 -0.8226
vn -0.0792 0.4579 -0.8855
vn -0.2286 -0.9675 -0.1084
vn -0.8113 -0.5597 0.1688
vn -0.8248 -0.4857 0.2897
vn -0.9305 -0.2888 0.2252
vn 0.5174 0.8466 -0.1246
vn 0.5494 0.8260 -0.1258
vn 0.1179 -0.9126 -0.3916
vn 0.9237 -0.1715 -0.3426
vn -0.1106 0.9916 -0.0667
vn 0.0602 0.9954 -0.0748
vn -0.0746 -0.9968 -0.0280
vn -0.3484 -0.0310 0.9368
vn -0.2102 0.9656 -0.1528
vn -0.8937 0.4364 -0.1037
vn 0.6802 0.7289 -0.0774
vn 0.0427 -0.5702 -0.8204
vn -0.0267 -0.2709 0.9622
vn -0.0449 -0.2172 0.9751
vn 0.9438 -0.2252 0.2419
vn 0.1596 0.6647 0.7299
vn 0.0557 -0.3981 0.9157
vn -0.9752 -0.1971 0.1010
vn -0.0830 -0.7044 0.7049
vn 0.1363 0.9839 -0.1160
vn 0.1795 0.9758 -0.1249
vn -0.7428 0.6384 -0.2019
vn -0.0204 -0.7346 -0.6782
vn 0.3494 0.0227 -0.9367
vn 0.3717 -0.0266 -0.9280
vn 0.4980 -0.2581 -0.8279
vn -0.7897 -0.5864 -0.1804
vn -0.0133 0.0544 0.9984
vn -0.3141 -0.2160 -0.9245
vn 0.6797 0.0061 0.7335
vn 0.0919 0.9947 -0.0467
vn -0.0273 -0.9062 -0.4220
vn -0.0935 -0.9148 -0.3930
vn -0.9168 -0.0428 -0.3970
vn 0.0675 0.2045 -0.9765
vn 0.0462 0.1508 -0.9875
vn -0.8641 -0.1120 -0.4906
vn 0.0943 -0.5755 -0.8124
vn 0.1113 -0.4889 -0.8652
vn -0.4342 0.8951 -0.1010
vn -0.4828 0.8685 -0.1123
vn 0.8363 0.5478 -0.0243
vn 0.8045 0.5928 -0.0368
vn -0.9942 0.0958 -0.0496
vn -0.9962 -0.0525 0.0700
vn 0.2914 0.9505 -0.1077
vn 0.9409 -0.3246 0.0971
vn -0.1760 0.6411 0.7470
vn -0.9630 0.1019 0.2495
vn 0.1546 -0.8138 0.5602
vn 0.0755 -0.7795 0.6219
vn -0.6580 -0.1503 0.7378
vn 0.9112 0.4098 0.0412
vn -0.1103 -0.6268 -0.7713
vn 0.0402 -0.7919 0.6093
vn 0.4348 0.0423 0.8995
vn -0.3840 -0.8915 0.2404
vn 0.4652 -0.8246 0.3220
vn -0.3908 -0.8280 -0.4020
vn -0.1468 0.1687 0.9747
vn 0.0480 0.2684 -0.9621
vn 0.3190 0.9414 -0.1095
vn 0.9890 -0.1387 -0.0521
vn 0.9754 -0.2183 -0.0309
vn 0.9878 -0.1555 0.0101
vn 0.2356 0.9675 -0.0919
vn -0.3577 0.3109 -0.8806
vn 0.1929 0.9795 -0.0583
vn -0.4830 0.8700 -0.0990
vn 0.2620 0.9638 -0.0502
vn -0.2401 -0.0620 -0.9688
vn -0.1437 -0.5609 0.8153
vn 0.9594 -0.2786 -0.0442
vn 0.9788 -0.2048 0.0008
vn 0.2001 -0.9057 0.3737
vn 0.0174 -0.0911 0.9957
vn 0.9575 0.0210 0.2876
vn 0.0624 0.1271 -0.9899
vn 0.1030 0.1785 -0.9785
vn 0.0145 -0.6562 0.7545
vn -0.8930 0.4023 -0.2016
vn -0.0298 -0.6731 -0.7390
vn 0.7277 0.6003 0.3318
vn -0.3887 -0.7570 -0.5252
vn 0.2396 0.9660 -0.0966
vn 0.0037 -0.4635 0.8861
vn -0.9895 -0.0365 0.1399
vn 0.3036 0.9470 -0.1047
vn 0.3433 -0.0066 -0.9392
vn -0.0249 0.0143 -0.9996
vn 0.3119 0.3568 0.8806
vn 0.1157 -0.4239 -0.8983
vn 0.4722 -0.4326 -0.7680
vn 0.8794 -0.4712 -0.0677
vn 0.0079 -0.9214 -0.3885
vn 0.0340 -0.9574 0.2867
vn -0.8884 0.4330 -0.1527
vn 0.0806 0.1178 0.9898
vn -0.9617 0.2673 -0.0609
vn -0.0662 0.3864 -0.9199
vn 0.3665 0.9300 -0.0271
vn 0.0452 0.2140 -0.9758
vn 0.4491 0.3062 0.8394
vn -0.8016 0.5941 -0.0671
vn -0.8578 0.0045 -0.5140
vn 0.3072 0.2440 -0.9198
vn -0.9873 0.0561 -0.1487
vn 0.3267 -0.3516 0.8773
vn -0.1712 0.1901 0.9667
vn 0.0176 -0.8240 0.5663
vn -0.0452 0.9743 -0.2207
vn 0.1580 0.9865 -0.0421
vn 0.0020 -0.9950 -0.0999
vn 0.0584 -0.5396 -0.8399
vn 0.0249 -0.1084 0.9938
vn 0.0192 -0.1211 0.9925
vn -0.7876 0.4319 -0.4396
vn 0.0721 0.9955 -0.0622
vn 0.9543 -0.1369 -0.2656
vn -0.2643 -0.9209 -0.2865
vn 0.8894 0.4570 -0.0072
vn -0.9794 -0.0818 0.1844
vn 0.0165 -0.9944 0.1043
vn -0.9579 0.0224 0.2862
vn 0.0496 -0.0615 -0.9969
vn 0.0561 -0.7226 0.6890
vn -0.4677 -0.1542 -0.8703
vn 0.1387 -0.4080 -0.9024
vn -0.8487 -0.4706 -0.2414
vn 0.0690 0.2613 0.9628
vn -0.0177 -0.8981 0.4394
vn 0.9224 -0.3634 -0.1310
vn -0.0198 0.0102 0.9998
vn 0.5445 0.0540 0.8370
vn -0.9541 -0.2715 -0.1267
vn 0.6875 0.7101 0.1524
vn -0.0111 -0.7278 0.6857
vn -0.0576 0.9948 -0.0845
vn -0.7350 0.6590 -0.1598
vn -0.0733 0.1109 0.9911
vn 0.8729 0.4872 0.0265
vn -0.9878 0.1340 0.0799
vn 0.8244 0.5442 -0.1557
vn 0.1131 -0.5512 0.8267
vn -0.0121 0.9983 -0.0570
vn -0.2496 0.2489 0.9358
vn -0.8656 0.4484 -0.2230
vn 0.8354 0.5492 0.0214
vn -0.2753 -0.9541 -0.1180
vn -0.2045 -0.2848 0.9365
vn 0.2991 0.7589 0.5785
vn -0.7719 0.6206 -0.1379
vn -0.7392 0.6628 -0.1195
vn -0.2476 0.4923 0.8344
vn 0.0015 -0.9995 0.0303
vn -0.1187 -0.4526 0.8838
vn 0.9700 -0.2248 0.0924
vn -0.9867 0.1434 -0.0765
vn -0.9608 0.1838 0.2077
vn 0.3432 0.9378 -0.0521
vn 0.3076 0.9509 -0.0347
vn -0.0228 -0.9954 0.0928
vn -0.4653 0.8772 -0.1183
vn -0.9282 -0.3437 -0.1424
vn -0.4171 -0.3073 0.8553
vn -0.9345 0.3335 0.1245
vn 0.9589 -0.2764 -0.0644
vn -0.6814 0.2368 -0.6926
vn 0.1636 -0.4348 -0.8855
vn 0.9401 -0.3364 -0.0552
vn -0.9523 0.2881 -0.1006
vn 0.2171 -0.3196 0.9223
vn 0.7373 -0.5931 0.3236
vn -0.0087 -0.9975 0.0706
vn 0.0011 -0.8894 -0.4571
vn 0.4310 -0.7555 0.4933
vn 0.5307 -0.7449 0.4042
vn 0.8356 0.5382 -0.1102
vn 0.2959 -0.7352 -0.6098
vn 0.1728 -0.4085 0.8962
vn 0.3458 -0.9192 -0.1885
vt 0.332390 0.902110
vt 0.336010 0.896030
vt 0.342220 0.900900
vt 0.796900 0.924930
vt 0.813950 0.923610
vt 0.803510 0.937180
vt 0.583500 0.824200
vt 0.598710 0.830170
vt 0.585450 0.838080
vt 0.842050 0.717010
vt 0.822330 0.734910
vt 0.830340 0.707070
vt 0.882340 0.439350
vt 0.878490 0.425530
vt 0.896130 0.426080
vt 0.908810 0.466010
vt 0.895160 0.465350
vt 0.896920 0.447930
vt 0.910880 0.542940
vt 0.927360 0.541700
vt 0.918480 0.549130
vt 0.938290 0.156970
vt 0.942380 0.158440
vt 0.945890 0.170780
vt 0.086110 0.138790
vt 0.080000 0.160650
vt 0.066210 0.139760
vt 0.346400 0.231540
vt 0.344320 0.238390
vt 0.328770 0.233330
vt 0.512680 0.159370
vt 0.506830 0.153060
vt 0.519460 0.153640
vt 0.192290 0.633180
vt 0.191910 0.650890
vt 0.176160 0.641570
vt 0.138940 0.207660
vt 0.125330 0.200180
vt 0.142890 0.196370
vt 0.086280 0.426500
vt 0.069480 0.415860
vt 0.075390 0.407890
vt 0.726340 0.174840
vt 0.720770 0.187930
vt 0.707910 0.174480
vt 0.491820 0.065460
vt 0.485480 0.065020
vt 0.490550 0.053650
vt 0.661580 0.373370
vt 0.663130 0.382440
vt 0.654510 0.376020
vt 0.482850 0.483150
vt 0.475650 0.502850
vt 0.470710 0.494370
vt 0.735800 0.058100
vt 0.744100 0.080500
vt 0.726090 0.077710
vt 0.142320 0.903090
vt 0.138740 0.892700
vt 0.144060 0.895230
vt 0.478520 0.049980
vt 0.468370 0.040470
vt 0.481930 0.048700
vt 0.919620 0.807540
vt 0.901930 0.812220
vt 0.920200 0.787440
vt 0.512800 0.508710
vt 0.529650 0.511220
vt 0.517820 0.525270
vt 0.422110 0.282140
vt 0.403190 0.283410
vt 0.401640 0.276050
vt 0.793530 0.969020
vt 0.789210 0.975240
vt 0.790070 0.968190
vt 0.544970 0.945590
vt 0.538070 0.938770
vt 0.549940 0.941310
vt 0.596910 0.900630
vt 0.598970 0.886040
vt 0.613510 0.884950
vt 0.434040 0.123010
vt 0.443880 0.131050
vt 0.433680 0.132580
vt 0.494350 0.078000
vt 0.497070 0.069160
vt 0.500540 0.067820
vt 0.841780 0.698240
vt 0.857960 0.775360
vt 0.830200 0.770840
vt 0.851740 0.761090
vt 0.702630 0.853320
vt 0.681620 0.871250
vt 0.678740 0.850370
vt 0.671930 0.681570
vt 0.658650 0.682610
vt 0.659470 0.663850
vt 0.882070 0.173920
vt 0.864980 0.173000
vt 0.879130 0.161680
vt 0.258150 0.960100
vt 0.256500 0.953480
vt 0.269160 0.953490
vt 0.090850 0.416640
vt 0.086220 0.402850
vt 0.094240 0.407200
vt 0.290560 0.182650
vt 0.283800 0.171780
vt 0.308590 0.169620
vt 0.850100 0.285060
vt 0.870550 0.293330
vt 0.839100 0.303490
vt 0.685700 0.214850
vt 0.671350 0.206360
vt 0.687840 0.195360
vt 0.212170 0.840880
vt 0.218960 0.858640
vt 0.203590 0.849250
vt 0.453600 0.488420
vt 0.474100 0.485440
vt 0.774210 0.875230
vt 0.759930 0.869260
vt 0.761810 0.856100
vt 0.174190 0.849780
vt 0.176300 0.861110
vt 0.165460 0.866160
vt 0.272630 0.370630
vt 0.255280 0.377930
vt 0.271870 0.353100
vt 0.151280 0.337180
vt 0.179020 0.346850
vt 0.141020 0.354540
vt 0.356760 0.286150
vt 0.347220 0.288050
vt 0.355710 0.281660
vt 0.471910 0.118240
vt 0.471730 0.111150
vt 0.478870 0.118170
vt 0.442040 0.111440
vt 0.442780 0.123110
vt 0.436540 0.118980
vt 0.083920 0.268160
vt 0.069610 0.289390
vt 0.064860 0.266420
vt 0.533410 0.155980
vt 0.544080 0.156580
vt 0.536040 0.164770
vt 0.888050 0.329290
vt 0.868250 0.348970
vt 0.857700 0.330110
vt 0.538180 0.124300
vt 0.529230 0.119790
vt 0.533920 0.115360
vt 0.662470 0.512020
vt 0.679380 0.500290
vt 0.686200 0.508750
vt 0.708100 0.246880
vt 0.700730 0.261940
vt 0.690580 0.244940
vt 0.221890 0.847290
vt 0.898310 0.896880
vt 0.891910 0.901670
vt 0.879960 0.884310
vt 0.864910 0.871500
vt 0.855740 0.884570
vt 0.856010 0.870290
vt 0.700200 0.405370
vt 0.688370 0.421500
vt 0.681810 0.411950
vt 0.580150 0.191600
vt 0.586210 0.182320
vt 0.591140 0.187160
vt 0.599000 0.239760
vt 0.587050 0.236600
vt 0.598880 0.232980
vt 0.231530 0.449120
vt 0.223260 0.458420
vt 0.215300 0.431860
vt 0.337180 0.385830
vt 0.335700 0.393220
vt 0.322580 0.395870
vt 0.070680 0.784390
vt 0.086470 0.771570
vt 0.095610 0.781160
vt 0.304520 0.385960
vt 0.292960 0.395390
vt 0.306140 0.363490
vt 0.504160 0.176440
vt 0.499880 0.171350
vt 0.511320 0.171500
vt 0.120980 0.766120
vt 0.143640 0.757020
vt 0.131130 0.771840
vt 0.933420 0.758110
vt 0.942220 0.758530
vt 0.951630 0.768280
vt 0.968580 0.825560
vt 0.960700 0.812610
vt 0.967770 0.812540
vt 0.887020 0.239690
vt 0.891870 0.250570
vt 0.877860 0.254600
vt 0.077770 0.544500
vt 0.069270 0.534880
vt 0.078310 0.538420
vt 0.572120 0.668570
vt 0.563010 0.657630
vt 0.576890 0.662930
vt 0.330860 0.406090
vt 0.338170 0.395800
vt 0.343160 0.398640
vt 0.932290 0.097340
vt 0.948810 0.093640
vt 0.934790 0.100790
vt 0.251790 0.970410
vt 0.248610 0.962610
vt 0.257350 0.964030
vt 0.955660 0.852890
vt 0.959450 0.852290
vt 0.961190 0.858880
vt 0.312350 0.096690
vt 0.315300 0.092530
vt 0.324710 0.092560
vt 0.563560 0.090280
vt 0.553910 0.088550
vt 0.549690 0.078050
vt 0.282250 0.949720
vt 0.280690 0.958770
vt 0.273420 0.955460
vt 0.522510 0.107270
vt 0.526660 0.108670
vt 0.521920 0.111910
vt 0.523970 0.933110
vt 0.515010 0.921650
vt 0.530840 0.914490
vt 0.477570 0.535270
vt 0.490950 0.528060
vt 0.484680 0.541890
vt 0.721830 0.046600
vt 0.722790 0.057490
vt 0.718890 0.062660
vt 0.142980 0.908780
vt 0.140100 0.918220
vt 0.132630 0.912310
vt 0.109720 0.597450
vt 0.088610 0.593870
vt 0.106430 0.573790
vt 0.389420 0.049710
vt 0.381220 0.048810
vt 0.391340 0.038240
vt 0.735040 0.046100
vt 0.741990 0.050880
vt 0.743070 0.063100
vt 0.131330 0.664090
vt 0.129750 0.648230
vt 0.139600 0.639070
vt 0.581660 0.124940
vt 0.585610 0.112330
vt 0.586630 0.127410
vt 0.592030 0.275680
vt 0.587710 0.272520
vt 0.596460 0.268660
vt 0.593400 0.158720
vt 0.598840 0.154560
vt 0.597890 0.163500
vt 0.163310 0.894960
vt 0.151700 0.897910
vt 0.707350 0.302730
vt 0.722250 0.309940
vt 0.701230 0.320210
vt 0.971180 0.801230
vt 0.970080 0.811840
vt 0.960700 0.803320
vt 0.159700 0.898690
vt 0.158710 0.900750
vt 0.468510 0.135850
vt 0.453240 0.134760
vt 0.457000 0.127770
vt 0.832650 0.573710
vt 0.848950 0.567410
vt 0.838130 0.588670
vt 0.901770 0.257910
vt 0.441740 0.556160
vt 0.437010 0.553430
vt 0.443190 0.552330
vt 0.236360 0.949550
vt 0.237760 0.953730
vt 0.223980 0.951690
vt 0.341460 0.583720
vt 0.341280 0.588740
vt 0.327890 0.593710
vt 0.361810 0.330350
vt 0.359860 0.336520
vt 0.345320 0.334590
vt 0.669500 0.081040
vt 0.675270 0.091370
vt 0.667690 0.092500
vt 0.462280 0.461410
vt 0.440840 0.464690
vt 0.753350 0.686960
vt 0.739840 0.686090
vt 0.740120 0.681640
vt 0.588300 0.208120
vt 0.575410 0.206000
vt 0.579450 0.203410
vt 0.590050 0.221340
vt 0.578200 0.222130
vt 0.582970 0.216770
vt 0.162710 0.904350
vt 0.168800 0.904400
vt 0.165610 0.910210
vt 0.802650 0.202340
vt 0.794330 0.202050
vt 0.795260 0.190410
vt 0.751470 0.969710
vt 0.761750 0.978170
vt 0.749690 0.983280
vt 0.899660 0.921690
vt 0.896050 0.935320
vt 0.893870 0.928930
vt 0.079120 0.772990
vt 0.154830 0.914560
vt 0.158990 0.915260
vt 0.158030 0.922800
vt 0.828110 0.855280
vt 0.816550 0.861000
vt 0.821200 0.836120
vt 0.114980 0.692950
vt 0.106090 0.706300
vt 0.086760 0.701950
vt 0.572670 0.220370
vt 0.899460 0.696230
vt 0.904100 0.690620
vt 0.906950 0.691840
vt 0.418660 0.108750
vt 0.422800 0.108820
vt 0.426410 0.115340
vt 0.064610 0.467540
vt 0.070280 0.478460
vt 0.061740 0.468210
vt 0.217570 0.050300
vt 0.214150 0.038280
vt 0.218030 0.045090
vt 0.208550 0.036340
vt 0.562060 0.164900
vt 0.574750 0.167030
vt 0.570790 0.168990
vt 0.661430 0.458700
vt 0.657170 0.449470
vt 0.659570 0.442290
vt 0.855050 0.023440
vt 0.843780 0.027970
vt 0.844320 0.019860
vt 0.870030 0.855570
vt 0.855880 0.849270
vt 0.862310 0.834070
vt 0.836360 0.018200
vt 0.839000 0.024940
vt 0.060460 0.348570
vt 0.044950 0.364860
vt 0.044260 0.356010
vt 0.069730 0.492360
vt 0.070260 0.499650
vt 0.061730 0.494680
vt 0.166720 0.073580
vt 0.147260 0.076490
vt 0.162920 0.061380
vt 0.665580 0.933880
vt 0.666500 0.954200
vt 0.660450 0.949610
vt 0.533920 0.321650
vt 0.514700 0.334520
vt 0.519250 0.316770
vt 0.459970 0.089500
vt 0.453460 0.101200
vt 0.453360 0.097340
vt 0.658220 0.777060
vt 0.677690 0.779700
vt 0.646080 0.799770
vt 0.527100 0.120770
vt 0.713610 0.871210
vt 0.726490 0.886480
vt 0.717540 0.887590
vt 0.333940 0.418490
vt 0.327580 0.412730
vt 0.346980 0.412340
vt 0.168360 0.108170
vt 0.146660 0.107330
vt 0.145480 0.093270
vt 0.797520 0.054790
vt 0.803800 0.040770
vt 0.811800 0.047520
vt 0.603630 0.242600
vt 0.608540 0.246770
vt 0.604500 0.249980
vt 0.244240 0.671730
vt 0.253600 0.685460
vt 0.241200 0.684640
vt 0.913180 0.561500
vt 0.920450 0.564610
vt 0.927820 0.573290
vt 0.540750 0.222290
vt 0.529610 0.214860
vt 0.540590 0.216950
vt 0.261740 0.642300
vt 0.229330 0.650740
vt 0.231680 0.637420
vt 0.604760 0.161650
vt 0.602000 0.160060
vt 0.609760 0.153660
vt 0.415600 0.715350
vt 0.402220 0.711530
vt 0.408820 0.708610
vt 0.457020 0.052240
vt 0.450640 0.052780
vt 0.455550 0.046690
vt 0.771290 0.942990
vt 0.768680 0.920090
vt 0.781640 0.923690
vt 0.573830 0.124700
vt 0.579790 0.120010
vt 0.350740 0.350790
vt 0.367870 0.339380
vt 0.366040 0.353500
vt 0.621720 0.649400
vt 0.612460 0.666320
vt 0.609370 0.660510
vt 0.529420 0.181780
vt 0.529950 0.188910
vt 0.517140 0.189050
vt 0.655410 0.458490
vt 0.659970 0.466500
vt 0.655950 0.469580
vt 0.932120 0.180650
vt 0.655090 0.171250
vt 0.647550 0.174550
vt 0.649250 0.169930
vt 0.405680 0.674300
vt 0.402520 0.664280
vt 0.414760 0.673230
vt 0.410710 0.681620
vt 0.415210 0.686550
vt 0.085050 0.933420
vt 0.094550 0.938800
vt 0.093530 0.943930
vt 0.075140 0.711320
vt 0.087880 0.712020
vt 0.077240 0.716260
vt 0.093660 0.912540
vt 0.087910 0.926370
vt 0.088750 0.917830
vt 0.764910 0.946600
vt 0.762610 0.956480
vt 0.753540 0.957160
vt 0.415050 0.721950
vt 0.412620 0.729900
vt 0.409090 0.728310
vt 0.028700 0.930190
vt 0.040600 0.924590
vt 0.034930 0.934110
vt 0.566500 0.116500
vt 0.564640 0.112250
vt 0.565760 0.105790
vt 0.069030 0.297220
vt 0.054340 0.304410
vt 0.056980 0.295900
vt 0.542690 0.094360
vt 0.538250 0.096220
vt 0.535170 0.088360
vt 0.525750 0.098400
vt 0.546550 0.122830
vt 0.559010 0.116240
vt 0.553410 0.127910
vt 0.868260 0.642590
vt 0.854540 0.642240
vt 0.860450 0.635350
vt 0.951360 0.748510
vt 0.946810 0.752200
vt 0.941680 0.743710
vt 0.513910 0.111170
vt 0.450800 0.092740
vt 0.447160 0.095190
vt 0.449140 0.089890
vt 0.671930 0.495960
vt 0.663390 0.487910
vt 0.668660 0.489070
vt 0.070870 0.568320
vt 0.067990 0.572490
vt 0.066740 0.558030
vt 0.723100 0.457880
vt 0.729710 0.434880
vt 0.739680 0.449070
vt 0.269510 0.048590
vt 0.275200 0.059250
vt 0.271060 0.061570
vt 0.188920 0.954880
vt 0.200780 0.953260
vt 0.198560 0.955740
vt 0.546010 0.543400
vt 0.544390 0.552370
vt 0.542010 0.518820
vt 0.977250 0.284840
vt 0.976300 0.271120
vt 0.979280 0.279680
vt 0.366330 0.196820
vt 0.361780 0.202310
vt 0.361370 0.194650
vt 0.345310 0.363710
vt 0.345200 0.365890
vt 0.327300 0.359040
vt 0.854160 0.220990
vt 0.842570 0.236330
vt 0.835870 0.222130
vt 0.743140 0.039120
vt 0.751080 0.032080
vt 0.745080 0.044910
vt 0.404110 0.851710
vt 0.395120 0.846080
vt 0.404310 0.836450
vt 0.149960 0.928460
vt 0.144420 0.921910
vt 0.148120 0.923210
vt 0.363200 0.031360
vt 0.361370 0.040610
vt 0.358940 0.028160
vt 0.830480 0.929510
vt 0.850140 0.932550
vt 0.826430 0.941750
vt 0.594780 0.194060
vt 0.585150 0.197740
vt 0.587400 0.214570
vt 0.597030 0.223690
vt 0.615810 0.196150
vt 0.617700 0.202710
vt 0.612690 0.203320
vt 0.184450 0.570550
vt 0.217230 0.550240
vt 0.203860 0.565520
vt 0.726110 0.725860
vt 0.704220 0.728020
vt 0.698560 0.714880
vt 0.208370 0.089480
vt 0.205070 0.103380
vt 0.189380 0.094540
vt 0.424860 0.144360
vt 0.425860 0.148430
vt 0.416470 0.157270
vt 0.468710 0.552950
vt 0.474840 0.548120
vt 0.477760 0.560660
vt 0.135740 0.732350
vt 0.143350 0.742370
vt 0.121640 0.751600
vt 0.555240 0.154990
vt 0.558620 0.147190
vt 0.564820 0.145290
vt 0.890850 0.910410
vt 0.887130 0.917610
vt 0.439780 0.058840
vt 0.440440 0.066050
vt 0.432940 0.063270
vt 0.867800 0.038140
vt 0.874870 0.031120
vt 0.885160 0.027760
vt 0.511240 0.132730
vt 0.506980 0.132220
vt 0.513400 0.132350
vt 0.298510 0.865410
vt 0.305790 0.869910
vt 0.298210 0.879410
vt 0.606430 0.672270
vt 0.604160 0.660440
vt 0.364090 0.053610
vt 0.369580 0.056180
vt 0.370850 0.059170
vt 0.959280 0.305830
vt 0.942170 0.309950
vt 0.961890 0.298080
vt 0.050490 0.133910
vt 0.073820 0.130520
vt 0.813630 0.678330
vt 0.809820 0.691540
vt 0.797560 0.665860
vt 0.387940 0.713900
vt 0.394430 0.695800
vt 0.400110 0.698730
vt 0.309740 0.085280
vt 0.315910 0.088590
vt 0.307380 0.088190
vt 0.247730 0.967800
vt 0.238240 0.966630
vt 0.465360 0.910380
vt 0.450200 0.912140
vt 0.453050 0.894560
vt 0.770730 0.892570
vt 0.749040 0.881130
vt 0.085030 0.959690
vt 0.073250 0.953230
vt 0.078200 0.946500
vt 0.353620 0.937930
vt 0.354610 0.932010
vt 0.357290 0.935400
vt 0.138830 0.556070
vt 0.139230 0.571670
vt 0.130440 0.562830
vt 0.086360 0.614350
vt 0.068310 0.611290
vt 0.076760 0.606040
vt 0.535990 0.149550
vt 0.538570 0.136670
vt 0.542550 0.142950
vt 0.778360 0.653270
vt 0.781170 0.658930
vt 0.772420 0.650890
vt 0.092190 0.326560
vt 0.081040 0.317320
vt 0.089450 0.313710
vt 0.520480 0.278010
vt 0.527480 0.277500
vt 0.523260 0.281470
vt 0.811510 0.626650
vt 0.818000 0.628230
vt 0.822300 0.643300
vt 0.824770 0.886260
vt 0.841300 0.884630
vt 0.816470 0.904510
vt 0.907750 0.714400
vt 0.911880 0.702420
vt 0.921630 0.705570
vt 0.532810 0.139020
vt 0.528740 0.144370
vt 0.526410 0.137050
vt 0.524020 0.132300
vt 0.519720 0.139990
vt 0.517860 0.130600
vt 0.520450 0.143190
vt 0.376900 0.084990
vt 0.381160 0.076740
vt 0.382530 0.083420
vt 0.356960 0.255310
vt 0.364450 0.249590
vt 0.360860 0.260100
vt 0.082170 0.760200
vt 0.080250 0.769520
vt 0.074130 0.766240
vt 0.894790 0.668120
vt 0.884890 0.674520
vt 0.885210 0.667220
vt 0.668720 0.470190
vt 0.664220 0.464940
vt 0.670290 0.465210
vt 0.668530 0.450670
vt 0.669670 0.457720
vt 0.667600 0.462230
vt 0.124860 0.604460
vt 0.131710 0.588370
vt 0.145230 0.599000
vt 0.181110 0.694160
vt 0.202740 0.701270
vt 0.183310 0.706310
vt 0.099710 0.794780
vt 0.112740 0.803620
vt 0.096960 0.802660
vt 0.148760 0.787470
vt 0.163290 0.779420
vt 0.157050 0.788350
vt 0.544050 0.181860
vt 0.539410 0.188140
vt 0.537410 0.181100
vt 0.827400 0.239520
vt 0.827490 0.257120
vt 0.806940 0.244270
vt 0.415670 0.663680
vt 0.406910 0.661670
vt 0.911500 0.491960
vt 0.928130 0.480660
vt 0.923840 0.490740
vt 0.086780 0.539350
vt 0.271060 0.805480
vt 0.290210 0.817050
vt 0.272660 0.812980
vt 0.902640 0.576360
vt 0.908980 0.565930
vt 0.912630 0.578030
vt 0.377270 0.045500
vt 0.379820 0.051400
vt 0.373800 0.050200
vt 0.703140 0.523790
vt 0.723770 0.513470
vt 0.725310 0.523270
vt 0.967270 0.297470
vt 0.954040 0.293230
vt 0.758680 0.630130
vt 0.755130 0.638790
vt 0.751550 0.633870
vt 0.362170 0.417140
vt 0.355190 0.411890
vt 0.361970 0.410010
vt 0.791040 0.269310
vt 0.803270 0.273100
vt 0.788180 0.285320
vt 0.410740 0.102940
vt 0.406240 0.096830
vt 0.412410 0.098540
vt 0.526450 0.085370
vt 0.519490 0.095650
vt 0.225830 0.941210
vt 0.223280 0.948520
vt 0.491640 0.442150
vt 0.468060 0.452260
vt 0.483390 0.439110
vt 0.082850 0.746060
vt 0.089320 0.756890
vt 0.085770 0.758690
vt 0.816840 0.952170
vt 0.812390 0.963970
vt 0.329690 0.377430
vt 0.342400 0.376050
vt 0.359130 0.386820
vt 0.120460 0.055730
vt 0.127660 0.050450
vt 0.134530 0.067240
vt 0.197650 0.046030
vt 0.200570 0.061030
vt 0.194090 0.044530
vt 0.457250 0.106240
vt 0.461220 0.112320
vt 0.455570 0.111800
vt 0.097440 0.308390
vt 0.092760 0.295530
vt 0.087710 0.596790
vt 0.069290 0.589600
vt 0.084130 0.590170
vt 0.235160 0.037760
vt 0.220530 0.040940
vt 0.218130 0.037020
vt 0.283250 0.059730
vt 0.287290 0.065300
vt 0.281200 0.066930
vt 0.876610 0.476670
vt 0.888640 0.494120
vt 0.872040 0.488390
vt 0.595350 0.168410
vt 0.595200 0.176810
vt 0.590350 0.166530
vt 0.274350 0.950630
vt 0.813340 0.536760
vt 0.828700 0.533560
vt 0.834000 0.555400
vt 0.507210 0.554470
vt 0.507470 0.562110
vt 0.502480 0.560490
vt 0.506950 0.706860
vt 0.502910 0.692980
vt 0.529040 0.701560
vt 0.436960 0.572320
vt 0.431510 0.568310
vt 0.611430 0.172260
vt 0.797580 0.098730
vt 0.786420 0.084150
vt 0.798410 0.076630
vt 0.472130 0.068510
vt 0.480980 0.081560
vt 0.468810 0.080800
vt 0.667770 0.108290
vt 0.663780 0.104070
vt 0.436080 0.351620
vt 0.419860 0.347290
vt 0.437790 0.337880
vt 0.149200 0.588820
vt 0.161040 0.580870
vt 0.644260 0.183730
vt 0.638500 0.174820
vt 0.632000 0.175880
vt 0.635010 0.182810
vt 0.630670 0.189180
vt 0.721430 0.629580
vt 0.725280 0.637420
vt 0.713230 0.647460
vt 0.407860 0.266570
vt 0.411780 0.245450
vt 0.419680 0.256070
vt 0.079860 0.654390
vt 0.098490 0.648970
vt 0.090010 0.658640
vt 0.412830 0.061830
vt 0.415220 0.067970
vt 0.410800 0.065330
vt 0.256380 0.950480
vt 0.254900 0.943670
vt 0.261230 0.941130
vt 0.440600 0.260450
vt 0.440280 0.270450
vt 0.426660 0.269140
vt 0.278320 0.922740
vt 0.272830 0.919700
vt 0.283780 0.917300
vt 0.854730 0.927790
vt 0.863610 0.940890
vt 0.855110 0.937200
vt 0.392000 0.050720
vt 0.369950 0.934380
vt 0.364420 0.938790
vt 0.366950 0.925860
vt 0.362640 0.914750
vt 0.365590 0.918860
vt 0.288180 0.367890
vt 0.286980 0.385410
vt 0.360390 0.084170
vt 0.374560 0.080690
vt 0.361990 0.088580
vt 0.581240 0.233340
vt 0.588110 0.223970
vt 0.553570 0.163190
vt 0.545740 0.169100
vt 0.544590 0.163990
vt 0.685280 0.737900
vt 0.676710 0.747330
vt 0.662130 0.740650
vt 0.100590 0.712760
vt 0.114190 0.718670
vt 0.608190 0.840350
vt 0.610440 0.827420
vt 0.619650 0.840340
vt 0.882010 0.768220
vt 0.865530 0.768330
vt 0.865110 0.756900
vt 0.927930 0.113880
vt 0.932930 0.106680
vt 0.940890 0.105420
vt 0.117570 0.933930
vt 0.121080 0.928210
vt 0.121940 0.933160
vt 0.334090 0.158540
vt 0.326730 0.169280
vt 0.862720 0.691340
vt 0.861790 0.707830
vt 0.920030 0.236000
vt 0.940600 0.230540
vt 0.921170 0.258560
vt 0.389520 0.914910
vt 0.381250 0.905390
vt 0.387090 0.905240
vt 0.934980 0.483270
vt 0.929300 0.495710
vt 0.686540 0.946590
vt 0.685080 0.944940
vt 0.687310 0.943040
vt 0.184340 0.941160
vt 0.179470 0.944200
vt 0.180720 0.936510
vt 0.326290 0.587520
vt 0.602390 0.172870
vt 0.606830 0.178940
vt 0.605290 0.175680
vt 0.476020 0.129330
vt 0.172820 0.058980
vt 0.175260 0.067750
vt 0.178130 0.062400
vt 0.170030 0.048070
vt 0.322750 0.134550
vt 0.335090 0.134770
vt 0.333480 0.144220
vt 0.147330 0.914120
vt 0.148460 0.911220
vt 0.151210 0.917300
vt 0.318700 0.118690
vt 0.302140 0.113990
vt 0.309420 0.111810
vt 0.479740 0.102360
vt 0.475910 0.095690
vt 0.482470 0.095190
vt 0.476540 0.090220
vt 0.107840 0.071240
vt 0.103360 0.069470
vt 0.103880 0.057560
vt 0.605940 0.724060
vt 0.621440 0.722490
vt 0.631970 0.741670
vt 0.566910 0.100100
vt 0.551250 0.093830
vt 0.827950 0.662710
vt 0.835330 0.678830
vt 0.560050 0.112460
vt 0.562990 0.114730
vt 0.830870 0.663020
vt 0.654430 0.446490
vt 0.654740 0.431230
vt 0.651630 0.432890
vt 0.355590 0.926370
vt 0.354950 0.912240
vt 0.359670 0.925390
vt 0.323250 0.504210
vt 0.338050 0.496970
vt 0.336880 0.502880
vt 0.786570 0.923480
vt 0.104010 0.547560
vt 0.094070 0.545970
vt 0.100950 0.541520
vt 0.586300 0.153020
vt 0.581730 0.162600
vt 0.582410 0.148440
vt 0.529130 0.174800
vt 0.527020 0.178100
vt 0.525860 0.169900
vt 0.235310 0.840990
vt 0.235330 0.860780
vt 0.457820 0.071500
vt 0.455720 0.075210
vt 0.450570 0.067670
vt 0.351440 0.139620
vt 0.342560 0.151520
vt 0.342440 0.134540
vt 0.872450 0.684420
vt 0.874870 0.669000
vt 0.310850 0.284230
vt 0.292890 0.276760
vt 0.298130 0.266660
vt 0.561540 0.908980
vt 0.540990 0.916550
vt 0.541710 0.909250
vt 0.124950 0.912000
vt 0.128780 0.917490
vt 0.133590 0.916770
vt 0.079040 0.707730
vt 0.427940 0.119620
vt 0.432320 0.114070
vt 0.612390 0.125000
vt 0.615070 0.134260
vt 0.609760 0.128160
vt 0.962320 0.761550
vt 0.960890 0.772220
vt 0.587010 0.145810
vt 0.579850 0.144940
vt 0.584080 0.134480
vt 0.246520 0.370210
vt 0.236870 0.383060
vt 0.659220 0.407400
vt 0.655390 0.402330
vt 0.661340 0.401080
vt 0.413600 0.051750
vt 0.408420 0.062610
vt 0.408320 0.056170
vt 0.638250 0.354170
vt 0.657420 0.361470
vt 0.641010 0.361000
vt 0.633620 0.349520
vt 0.739910 0.028960
vt 0.518220 0.279540
vt 0.505550 0.274160
vt 0.509370 0.271250
vt 0.506650 0.290450
vt 0.029870 0.926030
vt 0.968340 0.258200
vt 0.978740 0.265240
vt 0.457180 0.067950
vt 0.456320 0.058380
vt 0.462770 0.063060
vt 0.135200 0.083150
vt 0.113110 0.081590
vt 0.130410 0.074800
vt 0.815070 0.692330
vt 0.828580 0.693320
vt 0.106390 0.405250
vt 0.104390 0.390430
vt 0.119410 0.388200
vt 0.964480 0.752580
vt 0.957360 0.748040
vt 0.961180 0.744800
vt 0.047670 0.377190
vt 0.043340 0.376260
vt 0.693810 0.645830
vt 0.681480 0.643530
vt 0.687320 0.634590
vt 0.708760 0.642600
vt 0.697940 0.648120
vt 0.700690 0.635070
vt 0.934560 0.377520
vt 0.932390 0.368810
vt 0.943520 0.373460
vt 0.311820 0.304800
vt 0.298580 0.335900
vt 0.293550 0.311930
vt 0.108530 0.774330
vt 0.256330 0.920990
vt 0.255270 0.915420
vt 0.258940 0.923430
vt 0.929580 0.759810
vt 0.903460 0.752980
vt 0.929910 0.746550
vt 0.546930 0.126610
vt 0.446840 0.049080
vt 0.442470 0.053060
vt 0.479960 0.069740
vt 0.481910 0.059990
vt 0.341350 0.958210
vt 0.334600 0.957980
vt 0.358310 0.946380
vt 0.633740 0.257460
vt 0.631940 0.264760
vt 0.625050 0.254970
vt 0.095720 0.692400
vt 0.970220 0.345740
vt 0.971890 0.330950
vt 0.973430 0.335610
vt 0.969310 0.175700
vt 0.974320 0.162760
vt 0.979780 0.175530
vt 0.958010 0.758990
vt 0.124540 0.809500
vt 0.108340 0.815350
vt 0.080320 0.822640
vt 0.088900 0.820380
vt 0.083530 0.825970
vt 0.592930 0.224950
vt 0.405510 0.763920
vt 0.408160 0.770500
vt 0.384930 0.769690
vt 0.536940 0.170870
vt 0.570630 0.298320
vt 0.566530 0.308070
vt 0.563210 0.298300
vt 0.135350 0.905390
vt 0.402940 0.775930
vt 0.391570 0.777270
vt 0.396610 0.774670
vt 0.097510 0.600880
vt 0.085360 0.603120
vt 0.154200 0.922370
vt 0.802980 0.636710
vt 0.796680 0.652020
vt 0.791420 0.646990
vt 0.685530 0.544510
vt 0.664790 0.541520
vt 0.679080 0.535650
vt 0.301480 0.535140
vt 0.327420 0.529390
vt 0.311980 0.536080
vt 0.758170 0.798180
vt 0.735570 0.804600
vt 0.754320 0.786160
vt 0.274350 0.071920
vt 0.268960 0.065210
vt 0.689150 0.103530
vt 0.695660 0.102490
vt 0.687710 0.106720
vt 0.745520 0.955230
vt 0.742010 0.947870
vt 0.746750 0.969540
vt 0.746260 0.965750
vt 0.548280 0.670380
vt 0.530920 0.684750
vt 0.546160 0.664560
vt 0.909770 0.928950
vt 0.906350 0.924180
vt 0.915540 0.933180
vt 0.548460 0.682160
vt 0.549220 0.710330
vt 0.541500 0.703240
vt 0.240210 0.846270
vt 0.242040 0.842820
vt 0.756620 0.083250
vt 0.775430 0.072910
vt 0.238050 0.839110
vt 0.246230 0.839980
vt 0.249650 0.840910
vt 0.732080 0.093640
vt 0.744780 0.094280
vt 0.906310 0.669290
vt 0.895630 0.675300
vt 0.396180 0.119190
vt 0.379370 0.110910
vt 0.384480 0.105070
vt 0.902620 0.933650
vt 0.359900 0.358780
vt 0.716140 0.053490
vt 0.722770 0.037730
vt 0.064050 0.236160
vt 0.061710 0.261160
vt 0.057970 0.249330
vt 0.519130 0.548720
vt 0.521030 0.559080
vt 0.513810 0.558850
vt 0.386640 0.086120
vt 0.392620 0.086160
vt 0.396270 0.094550
vt 0.338180 0.342600
vt 0.348820 0.347380
vt 0.347760 0.341790
vt 0.682130 0.464660
vt 0.676590 0.466340
vt 0.681990 0.460020
vt 0.673590 0.456300
vt 0.455130 0.865350
vt 0.458400 0.849980
vt 0.473020 0.854550
vt 0.414930 0.071760
vt 0.417500 0.073780
vt 0.414350 0.078230
vt 0.281520 0.157740
vt 0.283740 0.141790
vt 0.301800 0.143090
vt 0.738170 0.472010
vt 0.168120 0.334050
vt 0.772340 0.624880
vt 0.781410 0.629340
vt 0.773440 0.637470
vt 0.327500 0.125810
vt 0.357450 0.061450
vt 0.357650 0.054520
vt 0.568780 0.193500
vt 0.563520 0.191470
vt 0.564810 0.183560
vt 0.583340 0.201770
vt 0.581130 0.198140
vt 0.659930 0.933230
vt 0.652360 0.934960
vt 0.643520 0.923150
vt 0.959170 0.287830
vt 0.179450 0.336040
vt 0.188030 0.324960
vt 0.197850 0.351270
vt 0.244950 0.597900
vt 0.223700 0.596630
vt 0.228390 0.576940
vt 0.268370 0.956440
vt 0.930130 0.499780
vt 0.940700 0.502430
vt 0.922570 0.500160
vt 0.920750 0.504780
vt 0.920310 0.498590
vt 0.424090 0.279240
vt 0.421490 0.271100
vt 0.952620 0.262930
vt 0.956260 0.261460
vt 0.959490 0.264250
vt 0.242910 0.854020
vt 0.252200 0.857540
vt 0.244930 0.867610
vt 0.697890 0.723990
vt 0.682130 0.724500
vt 0.405900 0.034810
vt 0.408100 0.031690
vt 0.404960 0.039200
vt 0.654210 0.407320
vt 0.647970 0.407730
vt 0.648700 0.400730
vt 0.451910 0.108840
vt 0.447450 0.116260
vt 0.448130 0.106110
vt 0.915260 0.835760
vt 0.904380 0.825430
vt 0.828230 0.038410
vt 0.934060 0.116610
vt 0.311380 0.867550
vt 0.319350 0.873120
vt 0.317990 0.891940
vt 0.504830 0.663350
vt 0.501710 0.668700
vt 0.500320 0.661350
vt 0.347210 0.209960
vt 0.350320 0.207260
vt 0.355040 0.209630
vt 0.494680 0.675120
vt 0.497610 0.676970
vt 0.512090 0.138920
vt 0.364040 0.945610
vt 0.371410 0.943870
vt 0.670610 0.123580
vt 0.658190 0.119220
vt 0.662680 0.112860
vt 0.825950 0.180660
vt 0.816400 0.173330
vt 0.824540 0.165970
vt 0.539200 0.118450
vt 0.499640 0.143630
vt 0.481750 0.113590
vt 0.852780 0.821010
vt 0.844080 0.813800
vt 0.852830 0.800040
vt 0.658560 0.651300
vt 0.648950 0.657830
vt 0.897030 0.692490
vt 0.895960 0.707400
vt 0.909950 0.203720
vt 0.918330 0.185100
vt 0.931530 0.197580
vt 0.160520 0.902550
vt 0.855430 0.030700
vt 0.842940 0.031920
vt 0.348810 0.131910
vt 0.351570 0.126320
vt 0.354000 0.130450
vt 0.673130 0.117680
vt 0.673770 0.124470
vt 0.667850 0.126600
vt 0.345450 0.320060
vt 0.338700 0.305910
vt 0.344510 0.314740
vt 0.678460 0.130440
vt 0.690160 0.139840
vt 0.675450 0.136940
vt 0.685840 0.588400
vt 0.690590 0.590490
vt 0.690740 0.593780
vt 0.527520 0.134760
vt 0.538280 0.110370
vt 0.473500 0.658940
vt 0.488920 0.654460
vt 0.473980 0.665110
vt 0.432820 0.155030
vt 0.431960 0.164600
vt 0.426170 0.157680
vt 0.310370 0.588930
vt 0.322670 0.582790
vt 0.741650 0.738020
vt 0.744390 0.718390
vt 0.162790 0.736870
vt 0.169870 0.755660
vt 0.157380 0.745140
vt 0.701150 0.525640
vt 0.696420 0.532730
vt 0.699180 0.523740
vt 0.211770 0.951080
vt 0.210460 0.955440
vt 0.206950 0.950150
vt 0.247720 0.769720
vt 0.256790 0.788280
vt 0.245890 0.783540
vt 0.528850 0.308860
vt 0.514090 0.303520
vt 0.496380 0.915730
vt 0.488910 0.902380
vt 0.502690 0.899680
vt 0.400600 0.048060
vt 0.399020 0.059390
vt 0.398680 0.047830
vt 0.243140 0.923770
vt 0.245720 0.921130
vt 0.249880 0.923870
vt 0.189840 0.943420
vt 0.194430 0.938690
vt 0.195170 0.942650
vt 0.345730 0.180300
vt 0.342170 0.177710
vt 0.342560 0.169180
vt 0.871970 0.923620
vt 0.881370 0.933260
vt 0.184800 0.935860
vt 0.889930 0.927190
vt 0.437930 0.537030
vt 0.442340 0.542270
vt 0.907350 0.482020
vt 0.917750 0.475130
vt 0.920200 0.477790
vt 0.453400 0.557590
vt 0.447110 0.547580
vt 0.350140 0.164850
vt 0.344470 0.161010
vt 0.581800 0.781150
vt 0.596590 0.781340
vt 0.596540 0.798560
vt 0.071870 0.523100
vt 0.065040 0.533220
vt 0.068390 0.524870
vt 0.071930 0.551510
vt 0.112030 0.425080
vt 0.120510 0.404950
vt 0.046060 0.305280
vt 0.041230 0.293090
vt 0.048650 0.294100
vt 0.283410 0.885470
vt 0.285180 0.900410
vt 0.280740 0.891210
vt 0.383090 0.125210
vt 0.381410 0.122000
vt 0.393330 0.131800
vt 0.255310 0.848930
vt 0.252780 0.845070
vt 0.257410 0.836750
vt 0.281790 0.925090
vt 0.522240 0.122210
vt 0.046930 0.933540
vt 0.044410 0.926130
vt 0.052700 0.931070
vt 0.960520 0.266790
vt 0.766650 0.040380
vt 0.777040 0.028690
vt 0.769030 0.053580
vt 0.506120 0.906610
vt 0.509920 0.901790
vt 0.512720 0.910250
vt 0.734270 0.426120
vt 0.752960 0.409850
vt 0.751190 0.423000
vt 0.523330 0.526970
vt 0.522610 0.543700
vt 0.515590 0.542020
vt 0.828400 0.651810
vt 0.815230 0.647300
vt 0.829030 0.643920
vt 0.082430 0.306920
vt 0.509670 0.290360
vt 0.489820 0.152440
vt 0.499030 0.150040
vt 0.498200 0.154460
vt 0.911840 0.555140
vt 0.906280 0.555660
vt 0.910700 0.559560
vt 0.666450 0.518060
vt 0.669890 0.524620
vt 0.665020 0.522330
vt 0.939690 0.537170
vt 0.943840 0.535450
vt 0.942750 0.541320
vt 0.541080 0.730140
vt 0.518420 0.733910
vt 0.524560 0.714810
vt 0.514230 0.770160
vt 0.506130 0.743220
vt 0.518510 0.751340
vt 0.624310 0.663220
vt 0.593650 0.150470
vt 0.590430 0.140520
vt 0.596900 0.148910
vt 0.590180 0.153480
vt 0.584460 0.146140
vt 0.345190 0.946240
vt 0.342730 0.940360
vt 0.351180 0.935740
vt 0.346300 0.767300
vt 0.354280 0.760800
vt 0.346520 0.782540
vt 0.338490 0.922980
vt 0.333360 0.913020
vt 0.336760 0.915970
vt 0.859270 0.048660
vt 0.858440 0.054800
vt 0.363020 0.286030
vt 0.361140 0.290920
vt 0.496620 0.158850
vt 0.503090 0.159320
vt 0.863290 0.064920
vt 0.872790 0.047650
vt 0.876330 0.051500
vt 0.367570 0.188290
vt 0.375110 0.185330
vt 0.376280 0.191240
vt 0.878900 0.053770
vt 0.877630 0.063970
vt 0.299170 0.523000
vt 0.286090 0.520430
vt 0.284670 0.507260
vt 0.278160 0.529860
vt 0.284520 0.519960
vt 0.930610 0.723370
vt 0.928750 0.717280
vt 0.936870 0.719770
vt 0.651090 0.878010
vt 0.659150 0.871980
vt 0.663590 0.892730
vt 0.187830 0.041680
vt 0.193170 0.036470
vt 0.643770 0.260210
vt 0.639480 0.250570
vt 0.651130 0.262160
vt 0.637560 0.252910
vt 0.629360 0.245620
vt 0.044010 0.185430
vt 0.037290 0.183780
vt 0.052240 0.178180
vt 0.646090 0.263720
vt 0.393230 0.836890
vt 0.391290 0.829550
vt 0.393030 0.852440
vt 0.381530 0.849270
vt 0.432070 0.040550
vt 0.437170 0.035640
vt 0.435920 0.048920
vt 0.878690 0.061750
vt 0.703200 0.648070
vt 0.103200 0.685400
vt 0.112110 0.675290
vt 0.921570 0.574960
vt 0.917150 0.580640
vt 0.913870 0.580400
vt 0.919770 0.583820
vt 0.911790 0.583820
vt 0.928150 0.585170
vt 0.651730 0.462080
vt 0.648510 0.466920
vt 0.645510 0.462530
vt 0.066930 0.516540
vt 0.366850 0.181800
vt 0.366720 0.166480
vt 0.369370 0.175900
vt 0.094110 0.821800
vt 0.089750 0.832830
vt 0.217510 0.598020
vt 0.206140 0.579590
vt 0.222680 0.582880
vt 0.515420 0.877730
vt 0.498000 0.872070
vt 0.512610 0.856220
vt 0.483450 0.846990
vt 0.497220 0.844100
vt 0.947470 0.139920
vt 0.960050 0.126970
vt 0.957710 0.140990
vt 0.911440 0.864760
vt 0.925830 0.858780
vt 0.938490 0.869260
vt 0.571170 0.202820
vt 0.569540 0.198160
vt 0.519990 0.185790
vt 0.518850 0.182350
vt 0.427210 0.060730
vt 0.433750 0.056810
vt 0.959560 0.256140
vt 0.316670 0.098060
vt 0.320280 0.099930
vt 0.316480 0.106190
vt 0.487770 0.149610
vt 0.492430 0.142040
vt 0.494530 0.149500
vt 0.296920 0.092370
vt 0.302690 0.104420
vt 0.291660 0.097270
vt 0.907370 0.321560
vt 0.923780 0.326630
vt 0.920590 0.337590
vt 0.329090 0.114280
vt 0.335970 0.121180
vt 0.323980 0.120520
vt 0.340720 0.703320
vt 0.324890 0.687960
vt 0.344310 0.681060
vt 0.319380 0.851030
vt 0.330790 0.877860
vt 0.963680 0.282840
vt 0.973890 0.292040
vt 0.467060 0.348120
vt 0.457310 0.339450
vt 0.462020 0.323980
vt 0.075760 0.602260
vt 0.078860 0.561920
vt 0.069550 0.559580
vt 0.085080 0.551320
vt 0.069950 0.159490
vt 0.049110 0.164930
vt 0.052010 0.157380
vt 0.503190 0.079090
vt 0.214740 0.221720
vt 0.217290 0.207340
vt 0.232970 0.208360
vt 0.441950 0.153350
vt 0.436120 0.151230
vt 0.653990 0.298470
vt 0.648640 0.291110
vt 0.652850 0.290810
vt 0.415640 0.133900
vt 0.406260 0.136150
vt 0.402730 0.133210
vt 0.471790 0.543810
vt 0.268540 0.076270
vt 0.265380 0.079850
vt 0.266380 0.070160
vt 0.470280 0.537360
vt 0.708250 0.160090
vt 0.694500 0.176660
vt 0.554020 0.548330
vt 0.559760 0.548160
vt 0.559640 0.549160
vt 0.552860 0.540450
vt 0.554590 0.527690
vt 0.305000 0.404470
vt 0.256690 0.928060
vt 0.255880 0.938410
vt 0.264700 0.932140
vt 0.731050 0.541410
vt 0.740240 0.537140
vt 0.747770 0.550360
vt 0.669870 0.446330
vt 0.662880 0.449110
vt 0.666350 0.446110
vt 0.665970 0.440650
vt 0.524070 0.302700
vt 0.525900 0.294930
vt 0.529530 0.306080
vt 0.420210 0.063900
vt 0.374810 0.899610
vt 0.101270 0.724150
vt 0.088750 0.718390
vt 0.479330 0.746880
vt 0.470010 0.738010
vt 0.486360 0.728490
vt 0.559480 0.193590
vt 0.560290 0.187920
vt 0.550760 0.181550
vt 0.558800 0.183730
vt 0.553990 0.185760
vt 0.489200 0.512830
vt 0.483810 0.520070
vt 0.191650 0.052660
vt 0.197130 0.060270
vt 0.194350 0.065890
vt 0.379130 0.032730
vt 0.376370 0.028680
vt 0.384930 0.028800
vt 0.358540 0.192700
vt 0.347590 0.190230
vt 0.358830 0.188460
vt 0.357040 0.199000
vt 0.772910 0.968060
vt 0.762690 0.968100
vt 0.768670 0.961670
vt 0.135490 0.922030
vt 0.139640 0.925520
vt 0.134430 0.923870
vt 0.669370 0.187560
vt 0.663100 0.208670
vt 0.650320 0.194560
vt 0.959900 0.365710
vt 0.951860 0.361760
vt 0.951310 0.353740
vt 0.087870 0.939450
vt 0.071190 0.831490
vt 0.065920 0.830390
vt 0.041510 0.919900
vt 0.048110 0.919220
vt 0.827270 0.016160
vt 0.823560 0.025860
vt 0.681540 0.471830
vt 0.673460 0.476480
vt 0.673680 0.470900
vt 0.327540 0.430420
vt 0.324010 0.424980
vt 0.334010 0.425690
vt 0.421230 0.248280
vt 0.430830 0.250920
vt 0.688260 0.438700
vt 0.702690 0.428530
vt 0.696980 0.440520
vt 0.553420 0.743790
vt 0.570150 0.714470
vt 0.572110 0.741390
vt 0.685670 0.444610
vt 0.680850 0.439750
vt 0.644000 0.665390
vt 0.639050 0.667560
vt 0.643360 0.662530
vt 0.601830 0.199600
vt 0.599630 0.188680
vt 0.607970 0.194090
vt 0.144580 0.925050
vt 0.150900 0.932480
vt 0.957230 0.107640
vt 0.964100 0.118340
vt 0.955580 0.120320
vt 0.914130 0.907120
vt 0.917690 0.921900
vt 0.910910 0.919530
vt 0.513760 0.180320
vt 0.506620 0.182030
vt 0.404010 0.801960
vt 0.406820 0.798790
vt 0.416120 0.799760
vt 0.097430 0.914010
vt 0.098310 0.921250
vt 0.422420 0.259480
vt 0.176400 0.033980
vt 0.179510 0.036080
vt 0.173930 0.038930
vt 0.169250 0.031730
vt 0.438610 0.086750
vt 0.428560 0.091580
vt 0.430590 0.086510
vt 0.950700 0.772980
vt 0.840640 0.863320
vt 0.839400 0.852630
vt 0.832150 0.085970
vt 0.840100 0.069140
vt 0.853530 0.081430
vt 0.112890 0.092340
vt 0.115440 0.102750
vt 0.096520 0.100990
vt 0.170430 0.521490
vt 0.172180 0.506870
vt 0.185780 0.525760
vt 0.525350 0.199190
vt 0.531740 0.196910
vt 0.525140 0.202330
vt 0.942770 0.299520
vt 0.445320 0.125480
vt 0.450830 0.128110
vt 0.396670 0.051670
vt 0.646580 0.680520
vt 0.626240 0.683960
vt 0.626430 0.674280
vt 0.056150 0.147320
vt 0.045030 0.145920
vt 0.046220 0.137620
vt 0.910180 0.091140
vt 0.918660 0.084560
vt 0.916510 0.087390
vt 0.925820 0.088400
vt 0.913500 0.096800
vt 0.657180 0.498580
vt 0.656600 0.507830
vt 0.651260 0.505570
vt 0.650470 0.510740
vt 0.074970 0.572710
vt 0.086500 0.565870
vt 0.656790 0.472550
vt 0.665820 0.473480
vt 0.663290 0.476090
vt 0.090670 0.669400
vt 0.099000 0.663550
vt 0.111990 0.661990
vt 0.469420 0.057610
vt 0.470550 0.049440
vt 0.401440 0.043890
vt 0.399170 0.038800
vt 0.666390 0.651400
vt 0.671340 0.651330
vt 0.669760 0.661750
vt 0.089560 0.673540
vt 0.090900 0.681080
vt 0.077530 0.681780
vt 0.078980 0.687330
vt 0.091550 0.685650
vt 0.084190 0.692850
vt 0.064600 0.217420
vt 0.053900 0.207520
vt 0.067270 0.208870
vt 0.082800 0.662530
vt 0.726420 0.976790
vt 0.723140 0.983090
vt 0.718500 0.980560
vt 0.721390 0.970650
vt 0.717830 0.970760
vt 0.722940 0.961950
vt 0.103930 0.658520
vt 0.096010 0.657620
vt 0.322210 0.918360
vt 0.329570 0.915440
vt 0.324980 0.921250
vt 0.568280 0.897560
vt 0.565720 0.893320
vt 0.570070 0.892680
vt 0.725330 0.957540
vt 0.715570 0.959290
vt 0.322110 0.478880
vt 0.335810 0.477390
vt 0.332790 0.481520
vt 0.082840 0.729560
vt 0.085410 0.736360
vt 0.080070 0.739240
vt 0.500900 0.129230
vt 0.358340 0.240400
vt 0.375000 0.243040
vt 0.351860 0.421900
vt 0.342560 0.418410
vt 0.351690 0.417780
vt 0.931180 0.082440
vt 0.923080 0.084480
vt 0.925570 0.071640
vt 0.466230 0.099490
vt 0.470130 0.103330
vt 0.376180 0.280750
vt 0.983100 0.206440
vt 0.969160 0.203300
vt 0.981300 0.200590
vt 0.676110 0.109980
vt 0.898550 0.360790
vt 0.888210 0.341260
vt 0.923610 0.353010
vt 0.782910 0.640560
vt 0.763940 0.642580
vt 0.137000 0.807650
vt 0.149870 0.807840
vt 0.143070 0.814650
vt 0.662900 0.317280
vt 0.656040 0.321320
vt 0.646870 0.312360
vt 0.514840 0.145490
vt 0.513850 0.142310
vt 0.296230 0.650010
vt 0.308610 0.663410
vt 0.303450 0.670190
vt 0.487600 0.069170
vt 0.265460 0.058540
vt 0.263530 0.063700
vt 0.262250 0.058890
vt 0.253260 0.051210
vt 0.256320 0.051410
vt 0.256680 0.060510
vt 0.876940 0.782240
vt 0.896380 0.775180
vt 0.604310 0.126830
vt 0.527070 0.935700
vt 0.533380 0.927330
vt 0.544240 0.923740
vt 0.953570 0.229190
vt 0.950820 0.234150
vt 0.605610 0.132560
vt 0.589320 0.131270
vt 0.967740 0.149160
vt 0.967590 0.135300
vt 0.973240 0.148180
vt 0.698970 0.700620
vt 0.679600 0.699430
vt 0.685780 0.680640
vt 0.377640 0.106110
vt 0.114760 0.909160
vt 0.109110 0.916490
vt 0.888820 0.073230
vt 0.902150 0.078850
vt 0.884170 0.088390
vt 0.805500 0.713850
vt 0.794760 0.715340
vt 0.785310 0.704390
vt 0.550610 0.185390
vt 0.337570 0.889410
vt 0.457170 0.033480
vt 0.445330 0.018540
vt 0.460070 0.029470
vt 0.965630 0.276090
vt 0.320000 0.525710
vt 0.459900 0.032570
vt 0.126350 0.943470
vt 0.121270 0.942640
vt 0.126620 0.936580
vt 0.966390 0.237880
vt 0.957520 0.241300
vt 0.960840 0.237120
vt 0.417780 0.734050
vt 0.023260 0.930680
vt 0.363290 0.168370
vt 0.672770 0.518560
vt 0.906280 0.892220
vt 0.912060 0.889920
vt 0.912350 0.892850
vt 0.265640 0.614330
vt 0.256200 0.599110
vt 0.266880 0.590940
vt 0.423380 0.049340
vt 0.426130 0.048570
vt 0.429370 0.052780
vt 0.066430 0.774860
vt 0.072890 0.774600
vt 0.067930 0.781060
vt 0.067830 0.770450
vt 0.066680 0.757990
vt 0.418140 0.039740
vt 0.422470 0.037990
vt 0.420050 0.047420
vt 0.250360 0.073370
vt 0.246930 0.066330
vt 0.253760 0.065780
vt 0.379950 0.921430
vt 0.376640 0.914470
vt 0.385040 0.917530
vt 0.643160 0.472570
vt 0.646240 0.469030
vt 0.647220 0.475670
vt 0.357210 0.037740
vt 0.364440 0.045490
vt 0.374310 0.848050
vt 0.381550 0.827520
vt 0.414280 0.090070
vt 0.419920 0.086490
vt 0.578610 0.134430
vt 0.566670 0.130760
vt 0.572970 0.130150
vt 0.137240 0.898160
vt 0.652010 0.481130
vt 0.652080 0.488310
vt 0.648450 0.495030
vt 0.719410 0.907180
vt 0.655830 0.272630
vt 0.644860 0.278540
vt 0.653740 0.427170
vt 0.658930 0.434890
vt 0.375530 0.040360
vt 0.379650 0.037780
vt 0.546070 0.077530
vt 0.550470 0.073290
vt 0.904600 0.530030
vt 0.909350 0.520280
vt 0.910490 0.524550
vt 0.105830 0.504470
vt 0.109660 0.495030
vt 0.120930 0.507900
vt 0.274610 0.937870
vt 0.264750 0.939290
vt 0.269550 0.934890
vt 0.916720 0.515930
vt 0.921030 0.522650
vt 0.599130 0.176560
vt 0.915400 0.063250
vt 0.916570 0.074790
vt 0.528980 0.556960
vt 0.689120 0.465130
vt 0.688690 0.473040
vt 0.344210 0.921590
vt 0.352210 0.902960
vt 0.700170 0.971220
vt 0.712740 0.961270
vt 0.708800 0.976640
vt 0.910130 0.498070
vt 0.882560 0.278520
vt 0.886130 0.290610
vt 0.609020 0.801210
vt 0.616580 0.788830
vt 0.629760 0.785580
vt 0.933620 0.740080
vt 0.942870 0.735340
vt 0.812210 0.039520
vt 0.307850 0.514540
vt 0.300860 0.497680
vt 0.121220 0.912660
vt 0.125240 0.902650
vt 0.585800 0.698270
vt 0.591740 0.688640
vt 0.594280 0.708760
vt 0.371670 0.868150
vt 0.362640 0.859120
vt 0.384930 0.862290
vt 0.498230 0.667390
vt 0.495880 0.658730
vt 0.354050 0.267760
vt 0.348770 0.263850
vt 0.081600 0.790970
vt 0.071070 0.794330
vt 0.798540 0.978630
vt 0.788880 0.982190
vt 0.839940 0.958070
vt 0.838090 0.968820
vt 0.830620 0.960620
vt 0.365470 0.889690
vt 0.389520 0.897850
vt 0.697620 0.652430
vt 0.693420 0.657240
vt 0.842900 0.969700
vt 0.813980 0.035590
vt 0.813760 0.044560
vt 0.630140 0.222720
vt 0.634020 0.219170
vt 0.639660 0.226470
vt 0.374460 0.104930
vt 0.376490 0.092510
vt 0.668020 0.397030
vt 0.649290 0.396120
vt 0.713510 0.099140
vt 0.708900 0.086940
vt 0.713040 0.084530
vt 0.106040 0.607850
vt 0.096860 0.597280
vt 0.145000 0.526320
vt 0.126710 0.501560
vt 0.153620 0.504340
vt 0.560580 0.135220
vt 0.562700 0.142350
vt 0.558660 0.139540
vt 0.859940 0.042330
vt 0.866500 0.035470
vt 0.810330 0.033930
vt 0.279130 0.938790
vt 0.277340 0.943240
vt 0.959840 0.325350
vt 0.962020 0.330430
vt 0.962140 0.339330
vt 0.032460 0.254680
vt 0.021130 0.260610
vt 0.025020 0.247680
vt 0.916330 0.523370
vt 0.924750 0.529020
vt 0.943450 0.186340
vt 0.950740 0.180130
vt 0.952550 0.182600
vt 0.963220 0.189320
vt 0.939640 0.207950
vt 0.110110 0.058900
vt 0.116380 0.068430
vt 0.230430 0.044160
vt 0.245220 0.045160
vt 0.234800 0.047960
vt 0.898460 0.943940
vt 0.892880 0.943020
vt 0.410480 0.685860
vt 0.408380 0.693660
vt 0.309310 0.105610
vt 0.305330 0.104160
vt 0.435830 0.164140
vt 0.437010 0.158440
vt 0.442320 0.165540
vt 0.233630 0.707680
vt 0.230230 0.732440
vt 0.217360 0.716790
vt 0.205740 0.959650
vt 0.203970 0.957820
vt 0.658800 0.285940
vt 0.661900 0.291500
vt 0.648140 0.284030
vt 0.690080 0.061840
vt 0.697990 0.064490
vt 0.689560 0.076610
vt 0.961940 0.348970
vt 0.119780 0.925910
vt 0.954510 0.339800
vt 0.460960 0.108830
vt 0.334190 0.597310
vt 0.324410 0.598100
vt 0.315800 0.594660
vt 0.095490 0.768380
vt 0.073700 0.451350
vt 0.084050 0.439580
vt 0.094670 0.443410
vt 0.333670 0.464430
vt 0.328340 0.474320
vt 0.325990 0.466140
vt 0.955110 0.345470
vt 0.361830 0.154100
vt 0.354190 0.152410
vt 0.345800 0.563600
vt 0.340450 0.561710
vt 0.339750 0.556160
vt 0.102400 0.083260
vt 0.887020 0.937230
vt 0.881980 0.945940
vt 0.108310 0.091550
vt 0.884370 0.721500
vt 0.884440 0.703550
vt 0.570740 0.694110
vt 0.570800 0.239820
vt 0.568330 0.245500
vt 0.566150 0.243920
vt 0.903720 0.916920
vt 0.901250 0.911390
vt 0.118560 0.570870
vt 0.090970 0.557740
vt 0.876230 0.931810
vt 0.874320 0.927220
vt 0.801860 0.967320
vt 0.806410 0.966780
vt 0.666130 0.427470
vt 0.670260 0.433430
vt 0.666230 0.433030
vt 0.590300 0.199890
vt 0.754870 0.641980
vt 0.294800 0.083170
vt 0.293820 0.087940
vt 0.105090 0.833070
vt 0.957900 0.315030
vt 0.949100 0.317370
vt 0.939850 0.282190
vt 0.343310 0.123450
vt 0.338730 0.126930
vt 0.350050 0.123010
vt 0.340010 0.111130
vt 0.033410 0.260720
vt 0.043380 0.254190
vt 0.045700 0.262660
vt 0.379430 0.884070
vt 0.370370 0.879880
vt 0.374870 0.878300
vt 0.114610 0.054280
vt 0.399100 0.098540
vt 0.435570 0.137860
vt 0.316290 0.563260
vt 0.324640 0.561470
vt 0.320750 0.564780
vt 0.866240 0.947680
vt 0.853560 0.945480
vt 0.022780 0.201160
vt 0.032290 0.203690
vt 0.021200 0.206260
vt 0.220530 0.596240
vt 0.226380 0.576120
vt 0.749380 0.112840
vt 0.730300 0.108230
vt 0.913980 0.713240
vt 0.346280 0.595410
vt 0.572280 0.558920
vt 0.560860 0.556870
vt 0.562600 0.551190
vt 0.487740 0.096560
vt 0.487360 0.106210
vt 0.082100 0.616540
vt 0.090810 0.620590
vt 0.697740 0.119510
vt 0.865940 0.933200
vt 0.035920 0.214840
vt 0.032010 0.222920
vt 0.029080 0.213490
vt 0.557960 0.539790
vt 0.556510 0.535900
vt 0.557090 0.898170
vt 0.577480 0.901500
vt 0.946210 0.155920
vt 0.949000 0.148020
vt 0.956170 0.154670
vt 0.243240 0.918480
vt 0.251450 0.918890
vt 0.919650 0.891110
vt 0.921430 0.897110
vt 0.444420 0.027460
vt 0.542180 0.085480
vt 0.547730 0.091520
vt 0.535490 0.751580
vt 0.954900 0.742840
vt 0.951290 0.778650
vt 0.941750 0.776950
vt 0.495690 0.042270
vt 0.484900 0.042090
vt 0.486830 0.036810
vt 0.907260 0.363840
vt 0.913790 0.372300
vt 0.451750 0.040480
vt 0.454190 0.041080
vt 0.115240 0.920550
vt 0.759100 0.224640
vt 0.750280 0.231790
vt 0.735110 0.230530
vt 0.763420 0.197640
vt 0.746810 0.206340
vt 0.753910 0.183660
vt 0.404850 0.090920
vt 0.408650 0.091050
vt 0.405550 0.087470
vt 0.938410 0.346660
vt 0.941790 0.342600
vt 0.945460 0.346150
vt 0.281170 0.453970
vt 0.266310 0.446210
vt 0.271190 0.434890
vt 0.103430 0.202430
vt 0.099110 0.213110
vt 0.087530 0.192640
vt 0.680280 0.148690
vt 0.670310 0.156810
vt 0.669350 0.150520
vt 0.384650 0.040320
vt 0.390510 0.031880
vt 0.318290 0.455690
vt 0.324210 0.450400
vt 0.325420 0.459600
vt 0.475630 0.720300
vt 0.465180 0.700380
vt 0.485670 0.707380
vt 0.244400 0.957130
vt 0.248250 0.953440
vt 0.832470 0.510530
vt 0.842100 0.523810
vt 0.816840 0.973940
vt 0.807170 0.976770
vt 0.156020 0.836860
vt 0.166100 0.841690
vt 0.150590 0.840990
vt 0.458920 0.043200
vt 0.573090 0.237310
vt 0.574620 0.226540
vt 0.073930 0.931020
vt 0.071270 0.922510
vt 0.079690 0.924580
vt 0.577340 0.880360
vt 0.576910 0.884300
vt 0.573940 0.884710
vt 0.580680 0.886850
vt 0.575280 0.895450
vt 0.575930 0.139240
vt 0.570140 0.140860
vt 0.572620 0.148740
vt 0.577610 0.155150
vt 0.653140 0.151260
vt 0.643100 0.146770
vt 0.648680 0.138210
vt 0.628340 0.315070
vt 0.635390 0.325860
vt 0.632060 0.327470
vt 0.635240 0.314400
vt 0.376550 0.250520
vt 0.375480 0.267070
vt 0.369250 0.255880
vt 0.520390 0.168370
vt 0.524430 0.173170
vt 0.517150 0.171160
vt 0.514280 0.162210
vt 0.553110 0.195200
vt 0.555550 0.191390
vt 0.352300 0.260650
vt 0.944480 0.354000
vt 0.936530 0.351850
vt 0.348580 0.173630
vt 0.403380 0.063550
vt 0.405470 0.062380
vt 0.581560 0.457420
vt 0.557650 0.465870
vt 0.567460 0.453640
vt 0.840970 0.948020
vt 0.829190 0.944730
vt 0.268580 0.755650
vt 0.250240 0.755790
vt 0.252410 0.733990
vt 0.248410 0.761100
vt 0.234220 0.766410
vt 0.215800 0.939310
vt 0.213250 0.942760
vt 0.529730 0.298140
vt 0.535640 0.306960
vt 0.823140 0.207320
vt 0.819370 0.205390
vt 0.825770 0.199480
vt 0.940200 0.349660
vt 0.712100 0.574170
vt 0.709360 0.566970
vt 0.715790 0.573910
vt 0.419430 0.092700
vt 0.426840 0.084820
vt 0.547770 0.845920
vt 0.547830 0.821350
vt 0.561310 0.843230
vt 0.421080 0.752840
vt 0.414560 0.747900
vt 0.419510 0.746920
vt 0.498870 0.290450
vt 0.499190 0.283230
vt 0.935760 0.509920
vt 0.487060 0.922070
vt 0.479580 0.905770
vt 0.510170 0.896070
vt 0.832760 0.640430
vt 0.824720 0.635420
vt 0.692370 0.517030
vt 0.684720 0.527560
vt 0.496780 0.284320
vt 0.493450 0.293970
vt 0.510560 0.165110
vt 0.505840 0.165310
vt 0.477980 0.887160
vt 0.473090 0.892740
vt 0.460180 0.877370
vt 0.491170 0.563550
vt 0.665540 0.178760
vt 0.676210 0.170770
vt 0.300710 0.822440
vt 0.443970 0.291430
vt 0.425750 0.290530
vt 0.428490 0.280200
vt 0.896640 0.276890
vt 0.378400 0.043390
vt 0.538010 0.913110
vt 0.611140 0.189460
vt 0.616170 0.192080
vt 0.640260 0.160610
vt 0.643210 0.155120
vt 0.646920 0.157150
vt 0.166370 0.414440
vt 0.150540 0.406720
vt 0.168150 0.397660
vt 0.710680 0.558980
vt 0.716900 0.559950
vt 0.661710 0.154640
vt 0.663130 0.146940
vt 0.666800 0.152430
vt 0.063980 0.367030
vt 0.848310 0.363210
vt 0.868030 0.360910
vt 0.868780 0.375650
vt 0.159250 0.911940
vt 0.158700 0.905100
vt 0.545750 0.193280
vt 0.962780 0.231360
vt 0.867130 0.895270
vt 0.864040 0.100730
vt 0.881100 0.108740
vt 0.868840 0.112950
vt 0.792770 0.910870
vt 0.283310 0.509110
vt 0.276000 0.510030
vt 0.024410 0.222050
vt 0.019650 0.211000
vt 0.371980 0.220150
vt 0.377010 0.220260
vt 0.375200 0.222680
vt 0.940780 0.507440
vt 0.583190 0.404520
vt 0.574670 0.400140
vt 0.583330 0.383360
vt 0.400260 0.085150
vt 0.395000 0.079430
vt 0.403400 0.077090
vt 0.500780 0.064170
vt 0.673830 0.482310
vt 0.675880 0.487740
vt 0.330630 0.291750
vt 0.343940 0.286570
vt 0.672510 0.492460
vt 0.667940 0.484370
vt 0.264930 0.765300
vt 0.258740 0.769730
vt 0.777620 0.939510
vt 0.059040 0.450720
vt 0.049730 0.455790
vt 0.052180 0.442900
vt 0.370600 0.040040
vt 0.368930 0.034110
vt 0.374190 0.034250
vt 0.552750 0.295210
vt 0.560260 0.310940
vt 0.549930 0.310230
vt 0.898750 0.492480
vt 0.892960 0.483170
vt 0.841020 0.783470
vt 0.826450 0.782130
vt 0.675340 0.411710
vt 0.668260 0.417230
vt 0.667140 0.412400
vt 0.827940 0.906870
vt 0.843550 0.916910
vt 0.474370 0.901860
vt 0.477480 0.897650
vt 0.303100 0.436430
vt 0.294270 0.427160
vt 0.313100 0.416770
vt 0.073320 0.749880
vt 0.931760 0.565990
vt 0.928460 0.554480
vt 0.936370 0.559190
vt 0.210080 0.940340
vt 0.924000 0.560100
vt 0.613050 0.646390
vt 0.616510 0.650360
vt 0.798400 0.943730
vt 0.801260 0.951700
vt 0.800080 0.955880
vt 0.497710 0.188060
vt 0.501170 0.192650
vt 0.487760 0.191520
vt 0.754230 0.648130
vt 0.740400 0.643440
vt 0.744280 0.644300
vt 0.748160 0.652730
vt 0.325680 0.565880
vt 0.334990 0.556590
vt 0.495480 0.768160
vt 0.492560 0.754990
vt 0.496940 0.756620
vt 0.498740 0.771360
vt 0.500420 0.747980
vt 0.898110 0.039090
vt 0.907980 0.047070
vt 0.896970 0.051230
vt 0.588600 0.262580
vt 0.580270 0.255770
vt 0.582700 0.255190
vt 0.324330 0.116190
vt 0.885030 0.059510
vt 0.886750 0.045410
vt 0.821310 0.045230
vt 0.144150 0.322680
vt 0.131110 0.306060
vt 0.149200 0.315480
vt 0.278640 0.960750
vt 0.272130 0.963790
vt 0.273340 0.959360
vt 0.464890 0.087930
vt 0.461880 0.083430
vt 0.245850 0.213140
vt 0.253530 0.195460
vt 0.808690 0.101400
vt 0.795540 0.107130
vt 0.353650 0.226150
vt 0.353230 0.231220
vt 0.541150 0.147820
vt 0.131300 0.180600
vt 0.130350 0.165690
vt 0.159910 0.174780
vt 0.420820 0.132340
vt 0.422100 0.123890
vt 0.354440 0.318460
vt 0.789860 0.016430
vt 0.782300 0.026490
vt 0.777590 0.019650
vt 0.036040 0.267810
vt 0.706870 0.563360
vt 0.703270 0.562720
vt 0.492660 0.174060
vt 0.497510 0.174040
vt 0.495880 0.176460
vt 0.076840 0.493870
vt 0.444760 0.547170
vt 0.450460 0.542310
vt 0.568680 0.120830
vt 0.573370 0.118500
vt 0.571620 0.112490
vt 0.582720 0.108710
vt 0.228290 0.289760
vt 0.252020 0.282980
vt 0.244100 0.296330
vt 0.925540 0.732410
vt 0.919620 0.725250
vt 0.214440 0.934580
vt 0.124910 0.074090
vt 0.125610 0.066550
vt 0.921470 0.402590
vt 0.905980 0.389180
vt 0.922260 0.394090
vt 0.937050 0.486070
vt 0.081170 0.293360
vt 0.078060 0.295230
vt 0.328700 0.397860
vt 0.546790 0.137970
vt 0.539590 0.131450
vt 0.077790 0.456320
vt 0.066250 0.454860
vt 0.368690 0.918870
vt 0.370240 0.912590
vt 0.092480 0.374410
vt 0.100850 0.363590
vt 0.449170 0.144220
vt 0.446680 0.149320
vt 0.444700 0.145850
vt 0.470030 0.123940
vt 0.349690 0.395710
vt 0.347190 0.390460
vt 0.070190 0.459010
vt 0.073580 0.461100
vt 0.864440 0.200670
vt 0.884480 0.201750
vt 0.878370 0.215220
vt 0.532090 0.162010
vt 0.278920 0.052280
vt 0.184450 0.948240
vt 0.190280 0.951300
vt 0.066660 0.099350
vt 0.068070 0.095480
vt 0.076320 0.103260
vt 0.072450 0.107330
vt 0.066920 0.114370
vt 0.032990 0.211600
vt 0.031180 0.209070
vt 0.382470 0.649630
vt 0.367660 0.646620
vt 0.374900 0.636270
vt 0.415240 0.540390
vt 0.415030 0.549630
vt 0.408180 0.558810
vt 0.330220 0.911960
vt 0.327990 0.909350
vt 0.328100 0.906190
vt 0.327020 0.450250
vt 0.132460 0.901610
vt 0.861400 0.566200
vt 0.871990 0.586290
vt 0.853000 0.588580
vt 0.553640 0.176000
vt 0.557080 0.171250
vt 0.433440 0.305510
vt 0.427240 0.300410
vt 0.452710 0.300850
vt 0.926510 0.151820
vt 0.912100 0.135690
vt 0.929850 0.134390
vt 0.679470 0.250220
vt 0.686690 0.229530
vt 0.598730 0.220370
vt 0.595110 0.216380
vt 0.139760 0.936630
vt 0.153190 0.939850
vt 0.150340 0.942980
vt 0.454830 0.503150
vt 0.841350 0.189560
vt 0.070580 0.743500
vt 0.416210 0.041270
vt 0.905930 0.218770
vt 0.918380 0.210840
vt 0.931900 0.222070
vt 0.675020 0.660300
vt 0.670960 0.664890
vt 0.105180 0.473610
vt 0.079220 0.479040
vt 0.084700 0.455780
vt 0.666610 0.662080
vt 0.450360 0.266600
vt 0.446970 0.273550
vt 0.368680 0.052400
vt 0.367130 0.047310
vt 0.676190 0.646390
vt 0.676410 0.649030
vt 0.670800 0.645390
vt 0.026570 0.235250
vt 0.035230 0.225950
vt 0.778090 0.377750
vt 0.776250 0.364930
vt 0.797030 0.372680
vt 0.671790 0.253230
vt 0.654140 0.243490
vt 0.672030 0.237550
vt 0.772280 0.953300
vt 0.950260 0.835410
vt 0.953280 0.826140
vt 0.958840 0.832330
vt 0.647700 0.249820
vt 0.150590 0.057880
vt 0.151180 0.070440
vt 0.148900 0.064800
vt 0.656690 0.267860
vt 0.761000 0.038320
vt 0.751400 0.044060
vt 0.770850 0.946950
vt 0.769620 0.945470
vt 0.050930 0.230060
vt 0.050610 0.237520
vt 0.729640 0.636130
vt 0.727700 0.639610
vt 0.279910 0.072540
vt 0.286580 0.072870
vt 0.286360 0.080850
vt 0.494830 0.672240
vt 0.422330 0.056510
vt 0.189320 0.074680
vt 0.184160 0.064840
vt 0.427720 0.259130
vt 0.207750 0.935150
vt 0.209740 0.929100
vt 0.764840 0.035030
vt 0.762640 0.043370
vt 0.315160 0.426850
vt 0.325120 0.442880
vt 0.967000 0.786730
vt 0.962890 0.777660
vt 0.967460 0.777800
vt 0.226120 0.061670
vt 0.223300 0.062020
vt 0.048470 0.310050
vt 0.050190 0.323950
vt 0.044620 0.313200
vt 0.932540 0.849830
vt 0.925660 0.846250
vt 0.115330 0.912020
vt 0.528350 0.195060
vt 0.803170 0.028910
vt 0.791560 0.046460
vt 0.791310 0.035650
vt 0.339260 0.940970
vt 0.345440 0.931380
vt 0.107880 0.785460
vt 0.324370 0.428000
vt 0.173050 0.325390
vt 0.159830 0.324360
vt 0.163810 0.316430
vt 0.855720 0.790820
vt 0.871930 0.788140
vt 0.874470 0.789910
vt 0.392410 0.891150
vt 0.389600 0.879130
vt 0.679810 0.482340
vt 0.681680 0.490320
vt 0.761860 0.093640
vt 0.587680 0.654480
vt 0.569430 0.646710
vt 0.076570 0.809340
vt 0.748340 0.930380
vt 0.731160 0.922960
vt 0.742330 0.911650
vt 0.427760 0.065970
vt 0.656750 0.141880
vt 0.652110 0.132400
vt 0.735010 0.325150
vt 0.716760 0.331750
vt 0.425800 0.138140
vt 0.421270 0.138580
vt 0.463160 0.144500
vt 0.948710 0.123330
vt 0.914790 0.697070
vt 0.404450 0.703130
vt 0.465970 0.922850
vt 0.470320 0.919270
vt 0.483710 0.926080
vt 0.479210 0.386550
vt 0.485660 0.420530
vt 0.471210 0.403690
vt 0.098470 0.946620
vt 0.086000 0.950970
vt 0.637100 0.769730
vt 0.666890 0.761780
vt 0.444120 0.039940
vt 0.445870 0.039740
vt 0.854450 0.050380
vt 0.259710 0.099010
vt 0.249980 0.090790
vt 0.612300 0.207530
vt 0.603770 0.214590
vt 0.608960 0.202170
vt 0.403170 0.117990
vt 0.393000 0.108590
vt 0.402230 0.112990
vt 0.680850 0.625570
vt 0.689990 0.629080
vt 0.451640 0.138480
vt 0.454430 0.146630
vt 0.193670 0.913560
vt 0.190980 0.922210
vt 0.186380 0.924610
vt 0.903460 0.163380
vt 0.898510 0.175390
vt 0.891180 0.166170
vt 0.629040 0.208320
vt 0.559290 0.204790
vt 0.564530 0.199520
vt 0.564160 0.203920
vt 0.422890 0.157200
vt 0.418720 0.160830
vt 0.275430 0.529830
vt 0.269380 0.517490
vt 0.147660 0.919670
vt 0.346690 0.446190
vt 0.341790 0.452410
vt 0.334530 0.449590
vt 0.345540 0.457680
vt 0.435250 0.031960
vt 0.439950 0.027730
vt 0.150650 0.901120
vt 0.799100 0.018130
vt 0.794950 0.024590
vt 0.662850 0.350110
vt 0.655700 0.339390
vt 0.671300 0.348730
vt 0.541650 0.168250
vt 0.539120 0.173670
vt 0.416300 0.028600
vt 0.417460 0.025090
vt 0.425310 0.027180
vt 0.937330 0.757610
vt 0.666350 0.575760
vt 0.666130 0.555620
vt 0.680240 0.558680
vt 0.459030 0.919020
vt 0.460960 0.917990
vt 0.094510 0.093870
vt 0.091890 0.083180
vt 0.630660 0.653180
vt 0.628710 0.638970
vt 0.882560 0.044530
vt 0.889200 0.131860
vt 0.893880 0.112220
vt 0.898030 0.130840
vt 0.660020 0.513460
vt 0.639310 0.211640
vt 0.636730 0.197990
vt 0.628830 0.195680
vt 0.688570 0.088980
vt 0.678300 0.083460
vt 0.808820 0.648270
vt 0.811590 0.657960
vt 0.960300 0.184930
vt 0.813240 0.298810
vt 0.813560 0.308770
vt 0.797350 0.314250
vt 0.698320 0.490780
vt 0.689980 0.495490
vt 0.817600 0.310680
vt 0.814850 0.311400
vt 0.760250 0.926380
vt 0.811650 0.315750
vt 0.274650 0.770240
vt 0.265720 0.784830
vt 0.266650 0.778200
vt 0.812600 0.042530
vt 0.218690 0.955180
vt 0.218360 0.958070
vt 0.215010 0.957790
vt 0.355010 0.941800
vt 0.312130 0.399750
vt 0.591490 0.267190
vt 0.596580 0.259050
vt 0.530120 0.083800
vt 0.096570 0.540720
vt 0.089020 0.544100
vt 0.043600 0.241320
vt 0.184450 0.781990
vt 0.169240 0.793680
vt 0.321520 0.513070
vt 0.314540 0.509010
vt 0.306520 0.505440
vt 0.607440 0.252920
vt 0.602530 0.253020
vt 0.397470 0.730330
vt 0.404050 0.721880
vt 0.447850 0.285860
vt 0.451940 0.279830
vt 0.454680 0.290750
vt 0.397900 0.738300
vt 0.534400 0.905200
vt 0.539550 0.883850
vt 0.539620 0.903740
vt 0.359270 0.746670
vt 0.333520 0.753640
vt 0.344530 0.741530
vt 0.409310 0.737110
vt 0.570350 0.681520
vt 0.580410 0.675450
vt 0.415380 0.765030
vt 0.412890 0.757700
vt 0.600520 0.210140
vt 0.591920 0.211820
vt 0.926300 0.533250
vt 0.912400 0.532940
vt 0.314110 0.501170
vt 0.329290 0.491980
vt 0.598010 0.212390
vt 0.338860 0.918910
vt 0.048950 0.207860
vt 0.046730 0.206490
vt 0.228430 0.423920
vt 0.225200 0.409040
vt 0.238510 0.403440
vt 0.535900 0.129400
vt 0.374280 0.204980
vt 0.374210 0.195710
vt 0.376060 0.199490
vt 0.424460 0.053210
vt 0.327190 0.549760
vt 0.319100 0.543510
vt 0.323530 0.538800
vt 0.980170 0.273250
vt 0.872870 0.648320
vt 0.860170 0.649780
vt 0.241060 0.972520
vt 0.237090 0.970480
vt 0.561520 0.895610
vt 0.563390 0.896190
vt 0.392150 0.057080
vt 0.385710 0.059360
vt 0.390590 0.054500
vt 0.486220 0.052000
vt 0.497140 0.048130
vt 0.067360 0.549440
vt 0.293300 0.900240
vt 0.087630 0.793050
vt 0.361050 0.093150
vt 0.371710 0.095950
vt 0.368540 0.091700
vt 0.342770 0.343140
vt 0.777160 0.966390
vt 0.776120 0.975120
vt 0.761090 0.655290
vt 0.122500 0.710570
vt 0.918420 0.254480
vt 0.093810 0.739660
vt 0.098440 0.733120
vt 0.097290 0.739860
vt 0.526740 0.532060
vt 0.526290 0.537330
vt 0.855580 0.730360
vt 0.852860 0.744230
vt 0.841810 0.730570
vt 0.106660 0.166950
vt 0.104290 0.148710
vt 0.124930 0.137790
vt 0.868310 0.699880
vt 0.273300 0.850480
vt 0.276060 0.849100
vt 0.284460 0.853260
vt 0.278950 0.843340
vt 0.805330 0.831800
vt 0.784640 0.822980
vt 0.790460 0.818000
vt 0.054930 0.180590
vt 0.051410 0.183110
vt 0.504230 0.188990
vt 0.508840 0.189110
vt 0.504420 0.194940
vt 0.510580 0.194940
vt 0.409060 0.081840
vt 0.409990 0.080700
vt 0.284670 0.937390
vt 0.286400 0.932470
vt 0.291720 0.944010
vt 0.657710 0.492000
vt 0.666320 0.503560
vt 0.072330 0.168800
vt 0.052390 0.172810
vt 0.657480 0.476320
vt 0.620850 0.254610
vt 0.623070 0.249230
vt 0.714170 0.948730
vt 0.715670 0.952430
vt 0.252130 0.922050
vt 0.607370 0.222280
vt 0.524320 0.166030
vt 0.898140 0.914070
vt 0.935870 0.832960
vt 0.930170 0.815650
vt 0.647900 0.368730
vt 0.635950 0.367500
vt 0.529940 0.536740
vt 0.683910 0.346920
vt 0.664470 0.355940
vt 0.936520 0.548880
vt 0.941370 0.550980
vt 0.943430 0.557360
vt 0.939740 0.543140
vt 0.848250 0.262670
vt 0.866590 0.265790
vt 0.855050 0.269200
vt 0.505230 0.548500
vt 0.421980 0.031200
vt 0.414380 0.112490
vt 0.417760 0.116480
vt 0.410050 0.110660
vt 0.728280 0.033320
vt 0.728820 0.041860
vt 0.215100 0.610600
vt 0.363310 0.234270
vt 0.032980 0.322540
vt 0.035760 0.303680
vt 0.610190 0.877610
vt 0.600930 0.878130
vt 0.934460 0.878810
vt 0.931430 0.877870
vt 0.348860 0.438050
vt 0.341340 0.446250
vt 0.414720 0.653430
vt 0.124370 0.305510
vt 0.120910 0.329540
vt 0.105380 0.303360
vt 0.959370 0.354140
vt 0.718860 0.704370
vt 0.704490 0.685410
vt 0.253940 0.869860
vt 0.260390 0.871820
vt 0.576210 0.538530
vt 0.563580 0.528900
vt 0.246500 0.042280
vt 0.241110 0.038540
vt 0.492520 0.184390
vt 0.499410 0.179850
vt 0.504610 0.184610
vt 0.561830 0.549250
vt 0.769630 0.349430
vt 0.764380 0.335630
vt 0.781810 0.339870
vt 0.334050 0.370820
vt 0.311190 0.344250
vt 0.288000 0.348000
vt 0.610300 0.672200
vt 0.610770 0.668030
vt 0.338130 0.197630
vt 0.335980 0.178090
vt 0.402980 0.105120
vt 0.095640 0.583600
vt 0.198510 0.837670
vt 0.594990 0.139090
vt 0.660560 0.426980
vt 0.126330 0.927910
vt 0.131340 0.920300
vt 0.131880 0.926070
vt 0.086720 0.509890
vt 0.088860 0.517480
vt 0.080510 0.516070
vt 0.705160 0.365890
vt 0.708500 0.380960
vt 0.696960 0.384190
vt 0.524380 0.149280
vt 0.841700 0.028110
vt 0.045230 0.213210
vt 0.722410 0.767650
vt 0.735150 0.754990
vt 0.736820 0.769770
vt 0.524880 0.156070
vt 0.072630 0.250560
vt 0.159530 0.934380
vt 0.067030 0.801290
vt 0.071340 0.804670
vt 0.077430 0.802100
vt 0.085970 0.797510
vt 0.083510 0.801520
vt 0.588050 0.341080
vt 0.570540 0.341500
vt 0.581590 0.322820
vt 0.942690 0.531180
vt 0.221660 0.962050
vt 0.230270 0.957530
vt 0.713490 0.064540
vt 0.705270 0.069570
vt 0.901740 0.681730
vt 0.907100 0.683590
vt 0.433920 0.033640
vt 0.299560 0.606330
vt 0.376940 0.907570
vt 0.615910 0.185340
vt 0.612280 0.186850
vt 0.666990 0.592920
vt 0.669150 0.583490
vt 0.672520 0.592070
vt 0.600370 0.145370
vt 0.450790 0.075600
vt 0.442070 0.073170
vt 0.450820 0.070630
vt 0.647710 0.899200
vt 0.629480 0.894660
vt 0.625060 0.881770
vt 0.458320 0.054560
vt 0.376270 0.706890
vt 0.370400 0.716800
vt 0.360740 0.709710
vt 0.505800 0.539680
vt 0.500270 0.536710
vt 0.347550 0.206340
vt 0.349930 0.199500
vt 0.549340 0.131730
vt 0.551540 0.138030
vt 0.643840 0.455300
vt 0.646340 0.449370
vt 0.868660 0.799340
vt 0.355810 0.951970
vt 0.350490 0.955770
vt 0.763710 0.492890
vt 0.772220 0.507200
vt 0.755150 0.515540
vt 0.733640 0.503160
vt 0.749860 0.499990
vt 0.189230 0.045920
vt 0.191370 0.048670
vt 0.186150 0.046950
vt 0.291420 0.931280
vt 0.284830 0.928160
vt 0.545800 0.862490
vt 0.551520 0.867120
vt 0.555300 0.878760
vt 0.388510 0.073620
vt 0.377560 0.071030
vt 0.381970 0.066080
vt 0.440540 0.167700
vt 0.444770 0.167360
vt 0.962230 0.178540
vt 0.977310 0.183250
vt 0.693770 0.337720
vt 0.665820 0.332920
vt 0.120230 0.785080
vt 0.414850 0.036090
vt 0.439080 0.039130
vt 0.956130 0.271100
vt 0.777780 0.163740
vt 0.756990 0.168890
vt 0.772480 0.153500
vt 0.094520 0.714040
vt 0.250280 0.455680
vt 0.260290 0.431570
vt 0.394530 0.098740
vt 0.949450 0.326250
vt 0.947420 0.341520
vt 0.269250 0.100880
vt 0.297910 0.103460
vt 0.268570 0.122380
vt 0.250700 0.108640
vt 0.735560 0.639710
vt 0.733710 0.644640
vt 0.733570 0.625440
vt 0.739730 0.631410
vt 0.309140 0.487670
vt 0.306560 0.476720
vt 0.310000 0.481700
vt 0.693880 0.143050
vt 0.704450 0.136410
vt 0.962430 0.362720
vt 0.966700 0.370880
vt 0.778980 0.956080
vt 0.782900 0.957690
vt 0.778310 0.960950
vt 0.732420 0.970810
vt 0.745950 0.980180
vt 0.735970 0.982450
vt 0.749200 0.974130
vt 0.219750 0.932760
vt 0.222810 0.933520
vt 0.582910 0.249400
vt 0.561900 0.109650
vt 0.557760 0.107660
vt 0.958260 0.320140
vt 0.967690 0.319390
vt 0.890600 0.306160
vt 0.872650 0.313690
vt 0.639980 0.203060
vt 0.645570 0.215310
vt 0.342790 0.574060
vt 0.338340 0.574190
vt 0.213470 0.644390
vt 0.202370 0.659260
vt 0.370160 0.275240
vt 0.364200 0.276740
vt 0.139940 0.057800
vt 0.143280 0.059710
vt 0.911370 0.937050
vt 0.906620 0.934700
vt 0.340940 0.261320
vt 0.727280 0.650080
vt 0.725080 0.646430
vt 0.070020 0.812860
vt 0.385050 0.853340
vt 0.387700 0.859470
vt 0.078870 0.796960
vt 0.069540 0.601570
vt 0.068070 0.596690
vt 0.970060 0.197530
vt 0.203460 0.955610
vt 0.566340 0.140700
vt 0.071960 0.909300
vt 0.076940 0.910300
vt 0.073380 0.917080
vt 0.560590 0.243520
vt 0.768400 0.305410
vt 0.783340 0.308730
vt 0.765320 0.319230
vt 0.497390 0.535680
vt 0.499870 0.540890
vt 0.655790 0.217760
vt 0.654550 0.210630
vt 0.248650 0.187270
vt 0.258660 0.180170
vt 0.766280 0.230220
vt 0.739340 0.150840
vt 0.735250 0.172820
vt 0.718440 0.156190
vt 0.941330 0.562240
vt 0.294140 0.463860
vt 0.305780 0.448570
vt 0.411520 0.750600
vt 0.382530 0.700690
vt 0.275570 0.784540
vt 0.281610 0.775210
vt 0.284000 0.785790
vt 0.968870 0.355930
vt 0.939570 0.878150
vt 0.955930 0.740260
vt 0.766770 0.629770
vt 0.869780 0.831400
vt 0.867910 0.817750
vt 0.877220 0.821160
vt 0.391170 0.693860
vt 0.395850 0.690550
vt 0.396940 0.694340
vt 0.081740 0.721600
vt 0.351810 0.923210
vt 0.120900 0.471440
vt 0.099190 0.457680
vt 0.118300 0.459240
vt 0.599130 0.113610
vt 0.592070 0.116000
vt 0.816540 0.015650
vt 0.821910 0.016370
vt 0.818490 0.022730
vt 0.269540 0.545500
vt 0.284780 0.541520
vt 0.207320 0.196640
vt 0.221560 0.196260
vt 0.215890 0.199300
vt 0.526890 0.667660
vt 0.535130 0.660820
vt 0.933510 0.140130
vt 0.935880 0.132350
vt 0.815000 0.221130
vt 0.808250 0.219310
vt 0.802890 0.211530
vt 0.071800 0.944450
vt 0.067180 0.941780
vt 0.075040 0.934080
vt 0.867720 0.918830
vt 0.509530 0.040330
vt 0.502910 0.042680
vt 0.506380 0.035570
vt 0.543980 0.070530
vt 0.401490 0.126360
vt 0.396160 0.125620
vt 0.430920 0.070000
vt 0.421480 0.079020
vt 0.907290 0.855060
vt 0.897240 0.867400
vt 0.891120 0.854300
vt 0.464150 0.032550
vt 0.464020 0.035480
vt 0.365530 0.316170
vt 0.369460 0.323250
vt 0.423330 0.498740
vt 0.437520 0.505320
vt 0.437040 0.522750
vt 0.559070 0.289870
vt 0.549780 0.289220
vt 0.552990 0.281630
vt 0.064780 0.787660
vt 0.428240 0.153510
vt 0.457950 0.123270
vt 0.906820 0.675940
vt 0.917240 0.053270
vt 0.922910 0.058810
vt 0.646250 0.437520
vt 0.646640 0.432520
vt 0.135970 0.929140
vt 0.134870 0.935090
vt 0.146180 0.261550
vt 0.149870 0.243470
vt 0.164260 0.244300
vt 0.707410 0.539420
vt 0.704530 0.545760
vt 0.776750 0.210400
vt 0.778170 0.189650
vt 0.496750 0.826810
vt 0.501090 0.815010
vt 0.529520 0.541550
vt 0.821480 0.214900
vt 0.825710 0.210380
vt 0.275020 0.174930
vt 0.098280 0.120960
vt 0.090970 0.110400
vt 0.093920 0.109380
vt 0.523180 0.289950
vt 0.653540 0.204550
vt 0.330570 0.936400
vt 0.332870 0.934840
vt 0.330660 0.939610
vt 0.080600 0.484830
vt 0.946560 0.116330
vt 0.949710 0.103550
vt 0.306030 0.901460
vt 0.302760 0.905850
vt 0.461230 0.837180
vt 0.463410 0.815830
vt 0.481180 0.819950
vt 0.975570 0.332100
vt 0.650680 0.826010
vt 0.661920 0.840650
vt 0.649360 0.847020
vt 0.602900 0.645800
vt 0.597340 0.649420
vt 0.594440 0.643990
vt 0.073550 0.684880
vt 0.075320 0.675310
vt 0.361700 0.637970
vt 0.736940 0.377020
vt 0.764780 0.372840
vt 0.761080 0.379150
vt 0.516880 0.929910
vt 0.521980 0.934440
vt 0.505520 0.929280
vt 0.638590 0.656640
vt 0.151820 0.908810
vt 0.835720 0.951060
vt 0.565450 0.208060
vt 0.571810 0.214320
vt 0.563970 0.213910
vt 0.568050 0.216210
vt 0.211000 0.204150
vt 0.214700 0.202500
vt 0.236560 0.534410
vt 0.233830 0.515940
vt 0.242760 0.507810
vt 0.366060 0.218260
vt 0.371810 0.214570
vt 0.120800 0.776630
vt 0.125050 0.779930
vt 0.330080 0.583510
vt 0.124000 0.787820
vt 0.123670 0.793430
vt 0.855460 0.782730
vt 0.850690 0.786420
vt 0.447870 0.438880
vt 0.428110 0.440190
vt 0.433450 0.420550
vt 0.395390 0.746140
vt 0.391730 0.742640
vt 0.403200 0.739700
vt 0.717760 0.953690
vt 0.249780 0.936170
vt 0.248810 0.926440
vt 0.057790 0.180710
vt 0.462700 0.069060
vt 0.467310 0.071180
vt 0.455170 0.156020
vt 0.450410 0.156610
vt 0.238810 0.836640
vt 0.912750 0.677190
vt 0.659330 0.103800
vt 0.260800 0.859400
vt 0.268490 0.854920
vt 0.394360 0.106310
vt 0.383420 0.100530
vt 0.307820 0.912070
vt 0.265630 0.875960
vt 0.582810 0.210230
vt 0.288120 0.866810
vt 0.274890 0.884330
vt 0.133690 0.047850
vt 0.137350 0.045500
vt 0.781720 0.982950
vt 0.101090 0.445820
vt 0.096980 0.430630
vt 0.940800 0.728230
vt 0.054540 0.935330
vt 0.460600 0.098350
vt 0.115930 0.545720
vt 0.229580 0.830790
vt 0.546850 0.199400
vt 0.538070 0.196840
vt 0.289980 0.924700
vt 0.552030 0.884460
vt 0.967950 0.224810
vt 0.672910 0.080930
vt 0.064550 0.798720
vt 0.648720 0.458510
vt 0.425370 0.109130
vt 0.431020 0.103620
vt 0.740700 0.961950
vt 0.657880 0.292200
vt 0.354740 0.166810
vt 0.361250 0.162170
vt 0.433230 0.550180
vt 0.092830 0.071040
vt 0.091390 0.064680
vt 0.671930 0.407030
vt 0.712340 0.425010
vt 0.413780 0.094970
vt 0.378050 0.074650
vt 0.370910 0.071170
vt 0.372300 0.738160
vt 0.357310 0.717220
vt 0.203650 0.515910
vt 0.224830 0.510760
vt 0.222220 0.518860
vt 0.263630 0.884570
vt 0.497960 0.054210
vt 0.504280 0.054520
vt 0.501590 0.051460
vt 0.680640 0.072330
vt 0.678440 0.067980
vt 0.686840 0.065950
vt 0.933470 0.702320
vt 0.923210 0.697050
vt 0.817420 0.742740
vt 0.796570 0.736500
vt 0.814470 0.737580
vt 0.728460 0.962000
vt 0.587560 0.231670
vt 0.736250 0.314190
vt 0.121800 0.371100
vt 0.109040 0.356590
vt 0.821420 0.965990
vt 0.120730 0.060220
vt 0.667190 0.641720
vt 0.653210 0.635930
vt 0.662370 0.634470
vt 0.083150 0.770760
vt 0.490850 0.666150
vt 0.479820 0.669370
vt 0.856850 0.237320
vt 0.864110 0.249340
vt 0.069190 0.436120
vt 0.060650 0.432210
vt 0.072260 0.430290
vt 0.638760 0.333570
vt 0.647840 0.336060
vt 0.641650 0.340190
vt 0.395270 0.136050
vt 0.950780 0.872950
vt 0.949840 0.862440
vt 0.954690 0.871180
vt 0.626110 0.258840
vt 0.623590 0.263860
vt 0.164030 0.155100
vt 0.164650 0.125530
vt 0.184790 0.135590
vt 0.901510 0.511440
vt 0.221000 0.838460
vt 0.463140 0.116250
vt 0.467120 0.112090
vt 0.146980 0.228360
vt 0.155290 0.219420
vt 0.166210 0.232590
vt 0.082760 0.216570
vt 0.070750 0.196340
vt 0.466130 0.900040
vt 0.327440 0.581000
vt 0.367730 0.843220
vt 0.347720 0.857770
vt 0.353120 0.840560
vt 0.356590 0.397920
vt 0.936640 0.087570
vt 0.954580 0.235590
vt 0.129170 0.822310
vt 0.127070 0.833440
vt 0.108170 0.844530
vt 0.837840 0.095350
vt 0.502520 0.136570
vt 0.348440 0.929130
vt 0.262280 0.769590
vt 0.037840 0.330610
vt 0.045780 0.329540
vt 0.044070 0.336360
vt 0.757030 0.151340
vt 0.745280 0.163240
vt 0.374240 0.305480
vt 0.370300 0.300590
vt 0.373530 0.298730
vt 0.465720 0.044330
vt 0.364270 0.900840
vt 0.361800 0.893260
vt 0.370670 0.898260
vt 0.335500 0.114140
vt 0.407960 0.074840
vt 0.953690 0.847940
vt 0.950370 0.855020
vt 0.331580 0.109210
vt 0.565750 0.889400
vt 0.410580 0.073180
vt 0.145770 0.299460
vt 0.147720 0.292040
vt 0.155810 0.304560
vt 0.096060 0.517020
vt 0.262000 0.054200
vt 0.347760 0.110340
vt 0.348990 0.118550
vt 0.194550 0.124100
vt 0.185150 0.126490
vt 0.556010 0.198870
vt 0.754430 0.967190
vt 0.140930 0.492020
vt 0.141780 0.482920
vt 0.156240 0.488700
vt 0.546990 0.157240
vt 0.917310 0.898710
vt 0.922900 0.917880
vt 0.415030 0.697850
vt 0.415770 0.702950
vt 0.669330 0.278160
vt 0.683640 0.304160
vt 0.686590 0.260300
vt 0.669590 0.267870
vt 0.696700 0.057300
vt 0.694620 0.051920
vt 0.701420 0.052050
vt 0.701560 0.057590
vt 0.596320 0.121550
vt 0.711330 0.636070
vt 0.599040 0.223680
vt 0.645990 0.348970
vt 0.639560 0.342330
vt 0.461780 0.526560
vt 0.341870 0.469990
vt 0.562310 0.483430
vt 0.546630 0.469140
vt 0.407040 0.477880
vt 0.397950 0.484380
vt 0.392910 0.463930
vt 0.692470 0.564870
vt 0.683830 0.566920
vt 0.321990 0.487740
vt 0.555580 0.236270
vt 0.561810 0.229240
vt 0.560960 0.239800
vt 0.896260 0.157270
vt 0.908770 0.155590
vt 0.565120 0.230020
vt 0.119980 0.903650
vt 0.434280 0.485490
vt 0.089060 0.077650
vt 0.803700 0.952540
vt 0.189910 0.928910
vt 0.809060 0.815140
vt 0.557960 0.561070
vt 0.556860 0.555050
vt 0.121950 0.801740
vt 0.063690 0.510590
vt 0.060530 0.505840
vt 0.446660 0.567080
vt 0.852850 0.670770
vt 0.858720 0.672320
vt 0.847220 0.676630
vt 0.489550 0.775690
vt 0.485100 0.774460
vt 0.104970 0.340940
vt 0.127410 0.343740
vt 0.701280 0.072720
vt 0.694490 0.075760
vt 0.862150 0.463780
vt 0.854540 0.456370
vt 0.868880 0.445280
vt 0.943620 0.825980
vt 0.943200 0.829670
vt 0.413440 0.139400
vt 0.411880 0.150710
vt 0.409530 0.140630
vt 0.486600 0.185700
vt 0.484340 0.180000
vt 0.485230 0.172510
vt 0.954030 0.209640
vt 0.962650 0.209660
vt 0.954260 0.212320
vt 0.189950 0.419160
vt 0.210080 0.403780
vt 0.207930 0.412650
vt 0.074600 0.694010
vt 0.229500 0.964500
vt 0.236710 0.962590
vt 0.095530 0.290140
vt 0.056000 0.465810
vt 0.353200 0.896320
vt 0.343880 0.881460
vt 0.363510 0.872270
vt 0.948180 0.262920
vt 0.505300 0.678210
vt 0.511600 0.655990
vt 0.515170 0.674420
vt 0.584550 0.643990
vt 0.670410 0.829240
vt 0.665640 0.376900
vt 0.170100 0.574050
vt 0.172510 0.554420
vt 0.097420 0.566520
vt 0.681120 0.976290
vt 0.685000 0.982270
vt 0.679430 0.980040
vt 0.414230 0.828240
vt 0.398950 0.825170
vt 0.410810 0.821570
vt 0.444990 0.034360
vt 0.176320 0.904330
vt 0.176340 0.896330
vt 0.479280 0.894500
vt 0.482320 0.897110
vt 0.521370 0.667090
vt 0.524590 0.665130
vt 0.609170 0.138400
vt 0.816150 0.318350
vt 0.135780 0.430900
vt 0.147760 0.428130
vt 0.920760 0.168910
vt 0.089490 0.741260
vt 0.682260 0.634980
vt 0.674210 0.631510
vt 0.301570 0.939150
vt 0.920720 0.925790
vt 0.511630 0.201610
vt 0.514400 0.124960
vt 0.503740 0.122320
vt 0.511750 0.118270
vt 0.162320 0.511250
vt 0.932860 0.791270
vt 0.496670 0.059230
vt 0.348970 0.405250
vt 0.377240 0.059740
vt 0.385010 0.055390
vt 0.575570 0.174560
vt 0.644640 0.410540
vt 0.645860 0.404270
vt 0.053190 0.281470
vt 0.059250 0.266630
vt 0.690730 0.470320
vt 0.614060 0.709430
vt 0.246810 0.466810
vt 0.194510 0.473040
vt 0.215480 0.459530
vt 0.217120 0.479460
vt 0.931150 0.776040
vt 0.640130 0.371170
vt 0.074550 0.718160
vt 0.070670 0.725150
vt 0.211120 0.667380
vt 0.227650 0.667690
vt 0.216670 0.680130
vt 0.626500 0.754510
vt 0.364250 0.832650
vt 0.291760 0.290680
vt 0.363450 0.906660
vt 0.359860 0.911930
vt 0.358720 0.896420
vt 0.564000 0.562490
vt 0.593940 0.256590
vt 0.595630 0.249130
vt 0.843280 0.385700
vt 0.855890 0.376500
vt 0.907130 0.473300
vt 0.892820 0.056770
vt 0.067440 0.181250
vt 0.510780 0.146780
vt 0.512340 0.185870
vt 0.965280 0.847860
vt 0.106860 0.133350
vt 0.088190 0.118960
vt 0.945160 0.122600
vt 0.221710 0.065670
vt 0.773710 0.457160
vt 0.783940 0.459720
vt 0.788220 0.468820
vt 0.326930 0.345810
vt 0.978430 0.213940
vt 0.727110 0.047380
vt 0.374210 0.109620
vt 0.710680 0.053890
vt 0.172840 0.274820
vt 0.179430 0.258250
vt 0.205250 0.271740
vt 0.776390 0.952000
vt 0.726220 0.071270
vt 0.233670 0.425520
vt 0.241930 0.419440
vt 0.409690 0.040760
vt 0.149200 0.909430
vt 0.738840 0.037650
vt 0.805890 0.490200
vt 0.836440 0.478270
vt 0.827430 0.490160
vt 0.282500 0.115250
vt 0.405050 0.102080
vt 0.412010 0.118350
vt 0.410490 0.123650
vt 0.407940 0.119020
vt 0.570390 0.154600
vt 0.940040 0.574110
vt 0.218050 0.921500
vt 0.217490 0.925680
vt 0.827080 0.626490
vt 0.837660 0.298030
vt 0.837370 0.287140
vt 0.554770 0.652700
vt 0.562340 0.649700
vt 0.552040 0.663390
vt 0.079500 0.913750
vt 0.088400 0.908830
vt 0.084940 0.913840
vt 0.601210 0.869680
vt 0.354620 0.217200
vt 0.331050 0.215040
vt 0.690550 0.556340
vt 0.922050 0.872750
vt 0.320430 0.517820
vt 0.745430 0.124510
vt 0.410740 0.157250
vt 0.415560 0.147580
vt 0.700460 0.090400
vt 0.686230 0.099570
vt 0.509970 0.352330
vt 0.504990 0.341510
vt 0.381310 0.801230
vt 0.387600 0.800080
vt 0.389710 0.811940
vt 0.067050 0.156570
vt 0.038830 0.347390
vt 0.052610 0.341030
vt 0.097340 0.414740
vt 0.908090 0.902070
vt 0.595570 0.675790
vt 0.602620 0.686140
vt 0.600930 0.233740
vt 0.099200 0.838900
vt 0.299250 0.948160
vt 0.290480 0.949740
vt 0.041900 0.384090
vt 0.054900 0.377630
vt 0.071070 0.486790
vt 0.578780 0.379280
vt 0.583610 0.359910
vt 0.586260 0.367570
vt 0.137210 0.290420
vt 0.137340 0.304630
vt 0.193940 0.928150
vt 0.963120 0.201630
vt 0.758930 0.936160
vt 0.738350 0.683550
vt 0.732890 0.685120
vt 0.965720 0.248400
vt 0.701320 0.532890
vt 0.693240 0.540380
vt 0.809730 0.157150
vt 0.815260 0.160250
vt 0.810630 0.162330
vt 0.976300 0.255840
vt 0.970360 0.245710
vt 0.089510 0.767540
vt 0.095620 0.763620
vt 0.100060 0.936740
vt 0.098870 0.928910
vt 0.104460 0.931280
vt 0.091980 0.575040
vt 0.095770 0.571240
vt 0.248040 0.252150
vt 0.232030 0.263630
vt 0.235350 0.235220
vt 0.067190 0.933650
vt 0.817360 0.716290
vt 0.359460 0.382100
vt 0.851320 0.631210
vt 0.845900 0.639700
vt 0.841960 0.632190
vt 0.202530 0.068700
vt 0.220010 0.075440
vt 0.196730 0.081290
vt 0.064960 0.734130
vt 0.686260 0.058790
vt 0.333310 0.103420
vt 0.326260 0.108310
vt 0.327830 0.105440
vt 0.236100 0.495440
vt 0.250530 0.483330
vt 0.257350 0.493840
vt 0.395980 0.034990
vt 0.049410 0.410310
vt 0.059620 0.422130
vt 0.050330 0.421350
vt 0.347090 0.261010
vt 0.138930 0.125080
vt 0.113200 0.123530
vt 0.133800 0.103020
vt 0.063820 0.325820
vt 0.065930 0.310060
vt 0.277360 0.204220
vt 0.273950 0.216930
vt 0.748610 0.640880
vt 0.592950 0.649030
vt 0.589960 0.660840
vt 0.371490 0.728450
vt 0.802500 0.782720
vt 0.800240 0.804160
vt 0.793790 0.776930
vt 0.398960 0.064870
vt 0.398450 0.067340
vt 0.564360 0.281210
vt 0.529580 0.346410
vt 0.546930 0.364820
vt 0.520700 0.360900
vt 0.242440 0.751890
vt 0.641120 0.311020
vt 0.644010 0.299960
vt 0.688420 0.275570
vt 0.594580 0.187490
vt 0.498580 0.548330
vt 0.449890 0.120590
vt 0.104450 0.908630
vt 0.110110 0.901710
vt 0.085570 0.830810
vt 0.503250 0.177810
vt 0.258600 0.118870
vt 0.225090 0.117490
vt 0.399340 0.090140
vt 0.648480 0.321840
vt 0.876480 0.912350
vt 0.271840 0.941980
vt 0.673800 0.379320
vt 0.937820 0.854100
vt 0.943060 0.859060
vt 0.678890 0.377920
vt 0.677630 0.368760
vt 0.637450 0.636640
vt 0.645180 0.644770
vt 0.640160 0.650840
vt 0.851010 0.665020
vt 0.306370 0.095020
vt 0.385610 0.687160
vt 0.372080 0.681770
vt 0.391670 0.675180
vt 0.630530 0.286180
vt 0.627770 0.277870
vt 0.637640 0.279020
vt 0.342920 0.673300
vt 0.681380 0.958060
vt 0.773860 0.100090
vt 0.376820 0.055540
vt 0.562770 0.708780
vt 0.163130 0.037440
vt 0.154780 0.034940
vt 0.160330 0.033980
vt 0.663750 0.166930
vt 0.342250 0.476510
vt 0.087740 0.666390
vt 0.079400 0.665660
vt 0.958380 0.166590
vt 0.177020 0.285640
vt 0.179540 0.281070
vt 0.186010 0.288600
vt 0.203510 0.826560
vt 0.215130 0.834940
vt 0.552230 0.675160
vt 0.560850 0.672240
vt 0.411270 0.777550
vt 0.413460 0.786400
vt 0.404180 0.785240
vt 0.400850 0.798760
vt 0.210350 0.213080
vt 0.185140 0.205110
vt 0.199920 0.193290
vt 0.823180 0.305980
vt 0.834960 0.313870
vt 0.166170 0.913200
vt 0.161200 0.912780
vt 0.568290 0.387370
vt 0.552300 0.392760
vt 0.559820 0.369750
vt 0.435880 0.323160
vt 0.413440 0.315970
vt 0.306950 0.751890
vt 0.317050 0.755890
vt 0.307450 0.765180
vt 0.447390 0.061990
vt 0.745310 0.638720
vt 0.345210 0.372770
vt 0.220090 0.094940
vt 0.447820 0.081160
vt 0.694320 0.668140
vt 0.684700 0.665360
vt 0.695770 0.661250
vt 0.560050 0.660290
vt 0.559060 0.666980
vt 0.606200 0.141170
vt 0.561750 0.120910
vt 0.562930 0.126910
vt 0.219650 0.964710
vt 0.411370 0.719720
vt 0.224160 0.573640
vt 0.226390 0.565240
vt 0.501990 0.278400
vt 0.493020 0.270080
vt 0.770670 0.567770
vt 0.783150 0.575400
vt 0.759670 0.581610
vt 0.061090 0.127910
vt 0.325100 0.800800
vt 0.335630 0.798150
vt 0.325790 0.817210
vt 0.499280 0.704600
vt 0.491440 0.689480
vt 0.534740 0.189940
vt 0.163620 0.050170
vt 0.166190 0.038040
vt 0.751160 0.027070
vt 0.360200 0.129770
vt 0.354790 0.125300
vt 0.358810 0.119840
vt 0.931730 0.535400
vt 0.273330 0.595320
vt 0.296990 0.571920
vt 0.288550 0.591810
vt 0.785510 0.636400
vt 0.889360 0.374840
vt 0.883050 0.391670
vt 0.547050 0.459380
vt 0.545930 0.462020
vt 0.113780 0.924730
vt 0.575950 0.184790
vt 0.746340 0.855080
vt 0.741020 0.835740
vt 0.759370 0.828520
vt 0.942820 0.731500
vt 0.929450 0.733430
vt 0.404220 0.081900
vt 0.086240 0.504090
vt 0.906910 0.877390
vt 0.763700 0.024420
vt 0.087560 0.488070
vt 0.904700 0.584480
vt 0.322920 0.129430
vt 0.312590 0.127400
vt 0.051880 0.348950
vt 0.043180 0.222740
vt 0.651880 0.638080
vt 0.654240 0.652030
vt 0.870260 0.659400
vt 0.859870 0.659400
vt 0.507240 0.268040
vt 0.499740 0.268990
vt 0.477460 0.299930
vt 0.480010 0.295390
vt 0.801710 0.065850
vt 0.812580 0.089030
vt 0.483620 0.796230
vt 0.501500 0.790430
vt 0.506910 0.810730
vt 0.706120 0.635640
vt 0.297040 0.450630
vt 0.835870 0.039900
vt 0.829280 0.044890
vt 0.912540 0.053630
vt 0.904870 0.233030
vt 0.895350 0.223690
vt 0.834710 0.058540
vt 0.855720 0.058990
vt 0.515290 0.561000
vt 0.638730 0.191300
vt 0.483760 0.073660
vt 0.620870 0.870010
vt 0.753660 0.542500
vt 0.759480 0.553380
vt 0.832160 0.375090
vt 0.760020 0.968960
vt 0.441180 0.085410
vt 0.439280 0.091930
vt 0.419310 0.568690
vt 0.422580 0.557750
vt 0.425000 0.570270
vt 0.424200 0.079200
vt 0.387130 0.827270
vt 0.387050 0.824460
vt 0.135220 0.532540
vt 0.130270 0.521430
vt 0.029610 0.281000
vt 0.026180 0.274300
vt 0.204710 0.425410
vt 0.425960 0.123360
vt 0.674830 0.422400
vt 0.263660 0.962720
vt 0.260330 0.966430
vt 0.603670 0.184810
vt 0.975750 0.326460
vt 0.430420 0.101280
vt 0.432330 0.096590
vt 0.435050 0.099520
vt 0.981850 0.188590
vt 0.241720 0.940580
vt 0.423800 0.099270
vt 0.416960 0.103010
vt 0.129490 0.932410
vt 0.348170 0.296050
vt 0.542490 0.292690
vt 0.064470 0.398420
vt 0.061690 0.402080
vt 0.895520 0.557630
vt 0.660060 0.941000
vt 0.042970 0.204540
vt 0.036780 0.196720
vt 0.046410 0.197510
vt 0.643600 0.478990
vt 0.647730 0.483870
vt 0.494990 0.132300
vt 0.196340 0.169030
vt 0.192530 0.177740
vt 0.177200 0.156690
vt 0.359990 0.369460
vt 0.061070 0.334430
vt 0.071220 0.336140
vt 0.049170 0.129140
vt 0.561750 0.100760
vt 0.725320 0.383750
vt 0.719010 0.371710
vt 0.728100 0.931740
vt 0.691600 0.369770
vt 0.327690 0.097570
vt 0.492570 0.495280
vt 0.058250 0.408490
vt 0.078540 0.131940
vt 0.335960 0.147190
vt 0.059840 0.186450
vt 0.933930 0.853710
vt 0.454200 0.877600
vt 0.359120 0.140070
vt 0.805720 0.230990
vt 0.788220 0.234630
vt 0.163820 0.384500
vt 0.144490 0.368990
vt 0.170860 0.364730
vt 0.841990 0.836590
vt 0.717640 0.668030
vt 0.723270 0.688600
vt 0.713440 0.679640
vt 0.469280 0.811050
vt 0.318910 0.382310
vt 0.395480 0.024960
vt 0.235370 0.876260
vt 0.498160 0.161470
vt 0.494290 0.170960
vt 0.489260 0.172280
vt 0.768610 0.137180
vt 0.787990 0.135320
vt 0.788300 0.147360
vt 0.365960 0.307400
vt 0.059600 0.145070
vt 0.209460 0.371370
vt 0.216370 0.352740
vt 0.762300 0.431050
vt 0.762290 0.420450
vt 0.768800 0.421040
vt 0.317460 0.483530
vt 0.100880 0.819000
vt 0.685040 0.498880
vt 0.818850 0.135460
vt 0.827800 0.124450
vt 0.830050 0.147490
vt 0.542840 0.104800
vt 0.545480 0.112940
vt 0.603210 0.117170
vt 0.110290 0.194430
vt 0.102730 0.184650
vt 0.111650 0.180740
vt 0.131810 0.045520
vt 0.563130 0.764780
vt 0.581710 0.764710
vt 0.195540 0.737010
vt 0.185740 0.717980
vt 0.376070 0.212000
vt 0.366660 0.228600
vt 0.042360 0.412630
vt 0.041790 0.400540
vt 0.046400 0.415020
vt 0.232480 0.555110
vt 0.185270 0.189460
vt 0.191680 0.185580
vt 0.257790 0.241160
vt 0.264560 0.222330
vt 0.274470 0.241350
vt 0.784630 0.954980
vt 0.559480 0.305360
vt 0.826160 0.319770
vt 0.828680 0.336990
vt 0.421360 0.143120
vt 0.421530 0.141710
vt 0.213820 0.966130
vt 0.365920 0.104310
vt 0.580710 0.214020
vt 0.202660 0.054320
vt 0.038960 0.233500
vt 0.036230 0.242960
vt 0.524270 0.674830
vt 0.105020 0.733280
vt 0.580170 0.244730
vt 0.571710 0.242130
vt 0.585580 0.240140
vt 0.577060 0.238770
vt 0.878810 0.868830
vt 0.076260 0.441620
vt 0.602130 0.261430
vt 0.244230 0.694800
vt 0.786740 0.890130
vt 0.800670 0.904250
vt 0.783980 0.900060
vt 0.693530 0.794320
vt 0.708390 0.796780
vt 0.694280 0.811940
vt 0.134100 0.287390
vt 0.142240 0.281030
vt 0.883710 0.463870
vt 0.875560 0.458630
vt 0.890150 0.456400
vt 0.057370 0.116230
vt 0.057830 0.118850
vt 0.052830 0.120960
vt 0.050690 0.284830
vt 0.398270 0.146220
vt 0.402250 0.143170
vt 0.408070 0.153930
vt 0.154360 0.852340
vt 0.133120 0.856330
vt 0.554910 0.225080
vt 0.540380 0.231160
vt 0.136400 0.840220
vt 0.130350 0.847850
vt 0.898270 0.139880
vt 0.884040 0.148880
vt 0.893430 0.139860
vt 0.132370 0.394750
vt 0.870950 0.073610
vt 0.281830 0.606370
vt 0.662940 0.482590
vt 0.474320 0.057880
vt 0.300900 0.080720
vt 0.291500 0.079280
vt 0.301040 0.077880
vt 0.897510 0.061880
vt 0.901300 0.066450
vt 0.278560 0.079350
vt 0.929110 0.523300
vt 0.878820 0.680530
vt 0.894970 0.684750
vt 0.877190 0.694190
vt 0.883680 0.136580
vt 0.888390 0.134840
vt 0.524260 0.424350
vt 0.515790 0.433430
vt 0.502530 0.412100
vt 0.446010 0.100230
vt 0.440620 0.100680
vt 0.770410 0.795480
vt 0.775650 0.822850
vt 0.865520 0.123280
vt 0.062670 0.928920
vt 0.065850 0.922780
vt 0.198440 0.244810
vt 0.203670 0.262100
vt 0.454220 0.086610
vt 0.340450 0.516180
vt 0.172740 0.893570
vt 0.240660 0.061420
vt 0.229030 0.055660
vt 0.864190 0.379090
vt 0.863950 0.382170
vt 0.507500 0.320680
vt 0.667050 0.139370
vt 0.658010 0.128300
vt 0.538760 0.176540
vt 0.758910 0.695780
vt 0.752620 0.711780
vt 0.749210 0.708690
vt 0.343890 0.205220
vt 0.336550 0.953940
vt 0.332320 0.947860
vt 0.809030 0.021290
vt 0.099010 0.687130
vt 0.612620 0.764730
vt 0.629330 0.870350
vt 0.639180 0.857840
vt 0.636240 0.876860
vt 0.565550 0.549410
vt 0.311710 0.452950
vt 0.324300 0.934690
vt 0.332620 0.923530
vt 0.323690 0.185860
vt 0.424880 0.081900
vt 0.437700 0.080160
vt 0.157590 0.825540
vt 0.167740 0.830710
vt 0.463940 0.079840
vt 0.946650 0.805520
vt 0.940180 0.807440
vt 0.954150 0.819780
vt 0.316900 0.646120
vt 0.319660 0.659420
vt 0.064980 0.948810
vt 0.059760 0.943870
vt 0.339900 0.425590
vt 0.423190 0.573130
vt 0.785350 0.248940
vt 0.773780 0.258400
vt 0.092610 0.795560
vt 0.358100 0.676070
vt 0.295050 0.068030
vt 0.867950 0.412540
vt 0.865950 0.395190
vt 0.881230 0.399940
vt 0.125040 0.445280
vt 0.118640 0.434820
vt 0.558730 0.785810
vt 0.568740 0.795400
vt 0.555820 0.801630
vt 0.755240 0.811070
vt 0.267300 0.788660
vt 0.269960 0.534280
vt 0.793720 0.385210
vt 0.803300 0.380270
vt 0.052070 0.404880
vt 0.281300 0.258600
vt 0.293550 0.235980
vt 0.305640 0.252860
vt 0.267900 0.866200
vt 0.289090 0.680390
vt 0.299650 0.683260
vt 0.285400 0.700870
vt 0.675760 0.442100
vt 0.052130 0.256550
vt 0.777230 0.219770
vt 0.758680 0.208290
vt 0.625050 0.241650
vt 0.631370 0.229510
vt 0.792550 0.212360
vt 0.282950 0.571280
vt 0.268940 0.562730
vt 0.294210 0.549920
vt 0.547230 0.083180
vt 0.542400 0.164300
vt 0.551780 0.176750
vt 0.944050 0.782120
vt 0.360180 0.930980
vt 0.525380 0.206790
vt 0.269230 0.793630
vt 0.265210 0.799940
vt 0.692060 0.954600
vt 0.690750 0.971790
vt 0.469490 0.693960
vt 0.468330 0.682890
vt 0.977840 0.208220
vt 0.984070 0.219710
vt 0.590610 0.645530
vt 0.468570 0.051760
vt 0.567170 0.920760
vt 0.563370 0.915900
vt 0.568690 0.912840
vt 0.233270 0.097550
vt 0.156870 0.558470
vt 0.148960 0.546180
vt 0.165310 0.539960
vt 0.068640 0.746150
vt 0.183820 0.927670
vt 0.533580 0.533820
vt 0.788700 0.186250
vt 0.775790 0.181600
vt 0.796180 0.172970
vt 0.227690 0.930270
vt 0.699350 0.595610
vt 0.918580 0.768880
vt 0.908450 0.779880
vt 0.200360 0.879200
vt 0.194790 0.868290
vt 0.209320 0.879430
vt 0.462540 0.266710
vt 0.463390 0.272180
vt 0.573240 0.512470
vt 0.569160 0.518860
vt 0.566740 0.506860
vt 0.589380 0.155390
vt 0.840940 0.308820
vt 0.625190 0.287520
vt 0.411680 0.808250
vt 0.396040 0.808690
vt 0.270400 0.131700
vt 0.364120 0.362160
vt 0.415340 0.795260
vt 0.976780 0.235760
vt 0.386560 0.878600
vt 0.390350 0.866310
vt 0.720670 0.134170
vt 0.595440 0.247700
vt 0.108060 0.750990
vt 0.723010 0.937720
vt 0.708530 0.939730
vt 0.651140 0.127220
vt 0.389710 0.069660
vt 0.665160 0.533190
vt 0.899600 0.439380
vt 0.910080 0.429590
vt 0.977640 0.163960
vt 0.787250 0.034870
vt 0.786430 0.049150
vt 0.055820 0.483700
vt 0.561830 0.891010
vt 0.561590 0.893750
vt 0.232780 0.366230
vt 0.915650 0.441240
vt 0.951540 0.736570
vt 0.417110 0.129460
vt 0.596370 0.199590
vt 0.593420 0.206220
vt 0.484910 0.833160
vt 0.807940 0.661000
vt 0.804650 0.668880
vt 0.801490 0.660930
vt 0.476330 0.757600
vt 0.486080 0.760170
vt 0.445640 0.070230
vt 0.106820 0.940470
vt 0.560770 0.812310
vt 0.578860 0.815900
vt 0.570730 0.829160
vt 0.366420 0.664120
vt 0.085960 0.103550
vt 0.503860 0.305010
vt 0.506350 0.302370
vt 0.084100 0.928590
vt 0.083730 0.922840
vt 0.949900 0.882760
vt 0.945460 0.880640
vt 0.570260 0.216610
vt 0.537430 0.555190
vt 0.544390 0.559330
vt 0.436130 0.054540
vt 0.051350 0.432220
vt 0.914820 0.275290
vt 0.903390 0.298750
vt 0.806640 0.629980
vt 0.687060 0.361790
vt 0.708200 0.340000
vt 0.706140 0.353280
vt 0.752770 0.530970
vt 0.673550 0.834830
vt 0.679130 0.840150
vt 0.167040 0.256360
vt 0.491240 0.677770
vt 0.168460 0.493420
vt 0.177430 0.479500
vt 0.698570 0.886050
vt 0.958660 0.796460
vt 0.951640 0.803360
vt 0.506400 0.110050
vt 0.517290 0.105130
vt 0.373820 0.055270
vt 0.192160 0.285470
vt 0.207150 0.289610
vt 0.185460 0.196300
vt 0.175580 0.205220
vt 0.239600 0.076150
vt 0.288420 0.944770
vt 0.285290 0.944310
vt 0.529100 0.766340
vt 0.545850 0.760930
vt 0.476110 0.877900
vt 0.450350 0.139850
vt 0.440690 0.140880
vt 0.310460 0.093420
vt 0.310560 0.093120
vt 0.594060 0.912940
vt 0.308420 0.092410
vt 0.632710 0.338700
vt 0.869330 0.184970
vt 0.710390 0.746630
vt 0.714660 0.760060
vt 0.380320 0.090740
vt 0.464820 0.302450
vt 0.451870 0.317250
vt 0.769110 0.978950
vt 0.271130 0.930910
vt 0.060010 0.323900
vt 0.051460 0.330770
vt 0.651630 0.695490
vt 0.625060 0.355640
vt 0.714950 0.040250
vt 0.393010 0.801440
vt 0.048390 0.279650
vt 0.546090 0.780500
vt 0.556540 0.916510
vt 0.243810 0.825650
vt 0.392490 0.078900
vt 0.807400 0.956490
vt 0.938820 0.252590
vt 0.933940 0.262520
vt 0.811970 0.326440
vt 0.559530 0.211890
vt 0.560520 0.221610
vt 0.208350 0.186010
vt 0.886950 0.677810
vt 0.668390 0.853670
vt 0.590170 0.243350
vt 0.431210 0.145480
vt 0.628920 0.271730
vt 0.964610 0.126910
vt 0.896570 0.097960
vt 0.369260 0.902550
vt 0.387490 0.661810
vt 0.396350 0.667830
vt 0.812080 0.789350
vt 0.811970 0.779340
vt 0.815800 0.801650
vt 0.443010 0.070800
vt 0.599440 0.861700
vt 0.615750 0.855180
vt 0.489550 0.281270
vt 0.485910 0.271880
vt 0.469180 0.675560
vt 0.470720 0.667810
vt 0.500860 0.392110
vt 0.487820 0.377050
vt 0.501930 0.358730
vt 0.327490 0.270580
vt 0.233370 0.194220
vt 0.537570 0.844270
vt 0.523450 0.848240
vt 0.536310 0.826170
vt 0.901750 0.526930
vt 0.651640 0.709450
vt 0.627890 0.703230
vt 0.037070 0.396650
vt 0.050190 0.389890
vt 0.549320 0.149360
vt 0.691690 0.500060
vt 0.942340 0.798030
vt 0.937890 0.804890
vt 0.942850 0.806200
vt 0.714570 0.398250
vt 0.305400 0.234760
vt 0.311130 0.242400
vt 0.404550 0.051900
vt 0.526140 0.823000
vt 0.938940 0.523480
vt 0.526820 0.160080
vt 0.268950 0.945650
vt 0.872150 0.519350
vt 0.856120 0.509270
vt 0.876230 0.506570
vt 0.773060 0.981990
vt 0.672000 0.070630
vt 0.412100 0.081860
vt 0.398630 0.645450
vt 0.396910 0.658300
vt 0.392900 0.645130
vt 0.219520 0.915740
vt 0.222730 0.918920
vt 0.266630 0.960370
vt 0.580240 0.165720
vt 0.838150 0.045590
vt 0.675360 0.394040
vt 0.661210 0.388570
vt 0.707800 0.921000
vt 0.396810 0.716370
vt 0.478620 0.290340
vt 0.478100 0.287360
vt 0.481060 0.282690
vt 0.296300 0.124500
vt 0.728020 0.798560
vt 0.724800 0.812300
vt 0.725960 0.791660
vt 0.729150 0.785160
vt 0.685070 0.320080
vt 0.498340 0.128570
vt 0.889860 0.816070
vt 0.185090 0.036680
vt 0.188010 0.034390
vt 0.538080 0.417940
vt 0.539880 0.409350
vt 0.818040 0.664230
vt 0.809860 0.553760
vt 0.811750 0.571590
vt 0.897510 0.516020
vt 0.663110 0.528470
vt 0.428140 0.018880
vt 0.553720 0.106010
vt 0.554710 0.102890
vt 0.896660 0.553260
vt 0.751900 0.458530
vt 0.744970 0.445460
vt 0.660200 0.177340
vt 0.619390 0.639390
vt 0.497860 0.733120
vt 0.487640 0.721780
vt 0.857280 0.788090
vt 0.319670 0.557870
vt 0.631010 0.367050
vt 0.461660 0.424170
vt 0.456020 0.404520
vt 0.975030 0.152300
vt 0.367300 0.334720
vt 0.549620 0.376920
vt 0.174260 0.664680
vt 0.730010 0.859990
vt 0.714210 0.854020
vt 0.718290 0.842370
vt 0.679520 0.965460
vt 0.684090 0.968580
vt 0.678400 0.972510
vt 0.193360 0.409310
vt 0.191850 0.393800
vt 0.097060 0.170940
vt 0.080380 0.172700
vt 0.391440 0.657910
vt 0.960070 0.147520
vt 0.493160 0.544270
vt 0.492230 0.558930
vt 0.880230 0.659060
vt 0.309410 0.744040
vt 0.304080 0.734680
vt 0.533150 0.146730
vt 0.821170 0.072990
vt 0.360310 0.227250
vt 0.109260 0.653420
vt 0.791780 0.656060
vt 0.789360 0.679970
vt 0.296720 0.304160
vt 0.981040 0.263370
vt 0.279480 0.650370
vt 0.287810 0.654850
vt 0.278090 0.664210
vt 0.687530 0.669660
vt 0.392120 0.760350
vt 0.400840 0.757280
vt 0.833230 0.048950
vt 0.232770 0.960390
vt 0.957590 0.838850
vt 0.645540 0.387880
vt 0.944810 0.291530
vt 0.952210 0.290990
vt 0.767650 0.668720
vt 0.696040 0.500390
vt 0.686420 0.504260
vt 0.839040 0.759080
vt 0.823920 0.767050
vt 0.157510 0.309110
vt 0.313840 0.568640
vt 0.316380 0.565120
vt 0.702400 0.550800
vt 0.279710 0.090260
vt 0.180920 0.496210
vt 0.198000 0.501680
vt 0.573530 0.547800
vt 0.551940 0.099960
vt 0.544520 0.102690
vt 0.584930 0.671580
vt 0.845870 0.957010
vt 0.849300 0.963440
vt 0.762680 0.248700
vt 0.756910 0.258480
vt 0.752090 0.253660
vt 0.647210 0.865530
vt 0.532060 0.550460
vt 0.037530 0.284610
vt 0.031440 0.292130
vt 0.070970 0.826030
vt 0.386160 0.134880
vt 0.374570 0.120100
vt 0.837620 0.902700
vt 0.860720 0.901110
vt 0.223070 0.701080
vt 0.175520 0.764620
vt 0.687150 0.222620
vt 0.706030 0.217650
vt 0.486870 0.200050
vt 0.697640 0.109810
vt 0.883470 0.785180
vt 0.896340 0.796960
vt 0.885570 0.793140
vt 0.123990 0.919360
vt 0.091810 0.484470
vt 0.529650 0.285820
vt 0.539710 0.278850
vt 0.650640 0.122730
vt 0.657210 0.628840
vt 0.667710 0.625320
vt 0.811710 0.825780
vt 0.234530 0.477600
vt 0.217800 0.424760
vt 0.406490 0.047370
vt 0.408290 0.046530
vt 0.700690 0.872610
vt 0.243560 0.608500
vt 0.302970 0.161040
vt 0.770940 0.767480
vt 0.793760 0.759190
vt 0.873670 0.446430
vt 0.513370 0.206490
vt 0.086640 0.088870
vt 0.083170 0.078930
vt 0.077380 0.472050
vt 0.081400 0.458510
vt 0.689210 0.538930
vt 0.701130 0.513710
vt 0.119850 0.719570
vt 0.715330 0.123540
vt 0.586820 0.804250
vt 0.490680 0.329710
vt 0.486450 0.338720
vt 0.475980 0.318080
vt 0.821930 0.412450
vt 0.827470 0.399840
vt 0.842530 0.399380
vt 0.432130 0.051290
vt 0.369800 0.164860
vt 0.673200 0.638800
vt 0.692710 0.977710
vt 0.318120 0.591980
vt 0.207570 0.636080
vt 0.697730 0.207350
vt 0.069590 0.582720
vt 0.372060 0.311790
vt 0.817080 0.460500
vt 0.814680 0.444770
vt 0.826700 0.445240
vt 0.333580 0.706990
vt 0.321810 0.777460
vt 0.306960 0.780950
vt 0.320680 0.669070
vt 0.311980 0.688140
vt 0.290980 0.064700
vt 0.940970 0.131510
vt 0.693470 0.560250
vt 0.086660 0.572580
vt 0.233820 0.976130
vt 0.229840 0.976460
vt 0.233250 0.969820
vt 0.083370 0.113890
vt 0.136160 0.141360
vt 0.068990 0.306130
vt 0.348060 0.870710
vt 0.259430 0.813440
vt 0.241540 0.799560
vt 0.180800 0.054480
vt 0.851690 0.201080
vt 0.169680 0.284600
vt 0.512630 0.268340
vt 0.891920 0.037160
vt 0.570530 0.921990
vt 0.812690 0.229200
vt 0.560150 0.498340
vt 0.577130 0.495170
vt 0.445400 0.452280
vt 0.457580 0.434300
vt 0.399090 0.034390
vt 0.401650 0.026050
vt 0.406540 0.028750
vt 0.761500 0.067250
vt 0.779480 0.046940
vt 0.763560 0.052840
vt 0.812090 0.151050
vt 0.580450 0.170700
vt 0.656150 0.943870
vt 0.339130 0.544990
vt 0.337100 0.532600
vt 0.340840 0.535530
vt 0.979470 0.182450
vt 0.189860 0.142730
vt 0.187510 0.143660
vt 0.641190 0.276840
vt 0.539390 0.078080
vt 0.736920 0.555380
vt 0.754910 0.561260
vt 0.747370 0.566860
vt 0.531210 0.471370
vt 0.304000 0.702500
vt 0.316130 0.699710
vt 0.300210 0.712990
vt 0.870400 0.236680
vt 0.879050 0.224480
vt 0.513830 0.903610
vt 0.855030 0.279910
vt 0.514750 0.901520
vt 0.339180 0.527370
vt 0.954500 0.103640
vt 0.741740 0.528400
vt 0.645110 0.633130
vt 0.199090 0.034860
vt 0.531630 0.480090
vt 0.541780 0.503470
vt 0.524080 0.503420
vt 0.579320 0.859860
vt 0.583410 0.876130
vt 0.960530 0.172210
vt 0.194690 0.145580
vt 0.308060 0.804660
vt 0.314960 0.823040
vt 0.332320 0.154110
vt 0.327330 0.155240
vt 0.732740 0.876540
vt 0.490290 0.163590
vt 0.218600 0.301550
vt 0.536280 0.297940
vt 0.460970 0.150260
vt 0.578320 0.105750
vt 0.583520 0.103220
vt 0.222610 0.127900
vt 0.216440 0.123250
vt 0.780820 0.855740
vt 0.777220 0.841160
vt 0.285540 0.795900
vt 0.810980 0.190270
vt 0.565860 0.926480
vt 0.147210 0.051790
vt 0.723940 0.738940
vt 0.710490 0.741660
vt 0.310450 0.538470
vt 0.672030 0.711720
vt 0.813240 0.914820
vt 0.202480 0.308270
vt 0.190280 0.308820
vt 0.197940 0.305780
vt 0.771580 0.441880
vt 0.780720 0.441080
vt 0.658340 0.485960
vt 0.631960 0.910270
vt 0.623940 0.928300
vt 0.368710 0.909750
vt 0.779070 0.112900
vt 0.761960 0.125290
vt 0.179860 0.231810
vt 0.177720 0.217020
vt 0.928440 0.710670
vt 0.411500 0.527830
vt 0.407680 0.511890
vt 0.535440 0.387710
vt 0.516940 0.371840
vt 0.155380 0.278870
vt 0.308360 0.860150
vt 0.303580 0.849390
vt 0.418040 0.392910
vt 0.406790 0.375010
vt 0.426840 0.377620
vt 0.210470 0.528300
vt 0.222540 0.539570
vt 0.432900 0.397120
vt 0.453850 0.391650
vt 0.680590 0.806850
vt 0.670420 0.801770
vt 0.691010 0.781000
vt 0.572320 0.360030
vt 0.585560 0.352400
vt 0.639000 0.232680
vt 0.642640 0.244530
vt 0.197110 0.444990
vt 0.181200 0.445640
vt 0.193460 0.429960
vt 0.522510 0.194210
vt 0.723510 0.580050
vt 0.723240 0.583810
vt 0.339600 0.550570
vt 0.265060 0.691020
vt 0.234000 0.749320
vt 0.216120 0.750680
vt 0.220890 0.748180
vt 0.325890 0.256050
vt 0.325200 0.249840
vt 0.086160 0.071410
vt 0.617200 0.901150
vt 0.566890 0.252860
vt 0.639410 0.376700
vt 0.330540 0.783650
vt 0.327040 0.787550
vt 0.872420 0.949070
vt 0.862870 0.953150
vt 0.404780 0.399100
vt 0.495980 0.038880
vt 0.147750 0.825490
vt 0.737350 0.182780
vt 0.266310 0.051890
vt 0.573570 0.095350
vt 0.095070 0.922930
vt 0.266180 0.948720
vt 0.673890 0.452640
vt 0.067230 0.606160
vt 0.948180 0.288270
vt 0.726550 0.251850
vt 0.522490 0.190810
vt 0.165730 0.195860
vt 0.150940 0.185540
vt 0.243600 0.655800
vt 0.231220 0.660450
vt 0.973070 0.346330
vt 0.689480 0.254020
vt 0.290680 0.136250
vt 0.262290 0.663350
vt 0.388560 0.062270
vt 0.319760 0.731120
vt 0.817660 0.353270
vt 0.816780 0.376830
vt 0.724100 0.539560
vt 0.718440 0.535980
vt 0.078440 0.309480
vt 0.525110 0.681730
vt 0.695160 0.575940
vt 0.701140 0.587880
vt 0.405540 0.043430
vt 0.208990 0.173010
vt 0.538360 0.907600
vt 0.245890 0.039140
vt 0.260360 0.044140
vt 0.967120 0.316670
vt 0.654400 0.180100
vt 0.404610 0.814150
vt 0.729170 0.577910
vt 0.788210 0.063630
vt 0.626960 0.301780
vt 0.796980 0.449910
vt 0.805090 0.468060
vt 0.925160 0.111220
vt 0.560510 0.699330
vt 0.711900 0.835070
vt 0.047170 0.923100
vt 0.057220 0.921630
vt 0.971850 0.153740
vt 0.102000 0.313330
vt 0.709990 0.268590
vt 0.196300 0.879920
vt 0.190160 0.870780
vt 0.481460 0.188920
vt 0.742340 0.846470
vt 0.928300 0.883490
vt 0.931680 0.895630
vt 0.402800 0.068780
vt 0.294300 0.664080
vt 0.588020 0.866330
vt 0.739880 0.517770
vt 0.254560 0.540230
vt 0.254410 0.523210
vt 0.889130 0.869470
vt 0.227680 0.919960
vt 0.378430 0.784690
vt 0.130140 0.550670
vt 0.159210 0.435090
vt 0.255580 0.822550
vt 0.150020 0.307930
vt 0.548860 0.172290
vt 0.962660 0.830800
vt 0.963180 0.824260
vt 0.403210 0.858340
vt 0.211870 0.486090
vt 0.188170 0.482240
vt 0.256640 0.205040
vt 0.635510 0.823580
vt 0.638840 0.845620
vt 0.453100 0.519720
vt 0.789130 0.162990
vt 0.788050 0.168460
vt 0.199790 0.781950
vt 0.197090 0.804480
vt 0.186470 0.802130
vt 0.180960 0.856200
vt 0.189570 0.861690
vt 0.950240 0.725570
vt 0.788860 0.039150
vt 0.783630 0.786920
vt 0.468490 0.120980
vt 0.092290 0.929690
vt 0.147230 0.861120
vt 0.574100 0.267010
vt 0.581810 0.264600
vt 0.646570 0.201670
vt 0.323940 0.833890
vt 0.801980 0.620640
vt 0.149150 0.795020
vt 0.335920 0.718230
vt 0.089560 0.600160
vt 0.257320 0.910310
vt 0.903550 0.060420
vt 0.902430 0.069100
vt 0.838870 0.445360
vt 0.825780 0.430780
vt 0.398900 0.782740
vt 0.334400 0.832460
vt 0.341770 0.819800
vt 0.042510 0.158770
vt 0.744280 0.283640
vt 0.740860 0.301030
vt 0.733210 0.281380
vt 0.438950 0.256340
vt 0.237250 0.142220
vt 0.217610 0.142070
vt 0.855220 0.922890
vt 0.250890 0.766610
vt 0.510770 0.649420
vt 0.530330 0.647870
vt 0.703950 0.085200
vt 0.133650 0.417600
vt 0.382340 0.662430
vt 0.251560 0.551130
vt 0.781790 0.748030
vt 0.765290 0.763040
vt 0.767130 0.751710
vt 0.943410 0.321230
vt 0.947020 0.321260
vt 0.141620 0.043680
vt 0.073730 0.234100
vt 0.220260 0.327070
vt 0.223370 0.317080
vt 0.425030 0.361990
vt 0.410430 0.359910
vt 0.797610 0.624230
vt 0.800150 0.634520
vt 0.166380 0.849250
vt 0.618150 0.894980
vt 0.281920 0.330320
vt 0.692810 0.706000
vt 0.474240 0.561260
vt 0.463800 0.550420
vt 0.290910 0.491340
vt 0.271400 0.472660
vt 0.295010 0.479690
vt 0.536890 0.435330
vt 0.211050 0.866080
vt 0.222450 0.875450
vt 0.557230 0.328040
vt 0.551280 0.334280
vt 0.548030 0.322860
vt 0.354960 0.304930
vt 0.207990 0.739040
vt 0.132450 0.215410
vt 0.750740 0.736240
vt 0.704620 0.458560
vt 0.715800 0.445800
vt 0.191080 0.844010
vt 0.196070 0.853490
vt 0.537450 0.792110
vt 0.550510 0.804180
vt 0.693290 0.529000
vt 0.661950 0.238150
vt 0.649370 0.234100
vt 0.470370 0.768250
vt 0.459350 0.749260
vt 0.831010 0.294350
vt 0.079580 0.579500
vt 0.805300 0.566460
vt 0.786750 0.732070
vt 0.762440 0.723580
vt 0.774730 0.710190
vt 0.175070 0.873600
vt 0.282510 0.408650
vt 0.265470 0.401710
vt 0.273830 0.389290
vt 0.405850 0.054820
vt 0.866740 0.480230
vt 0.243300 0.054340
vt 0.778010 0.522510
vt 0.938810 0.289560
vt 0.692790 0.845920
vt 0.712980 0.844640
vt 0.073580 0.091000
vt 0.690200 0.957560
vt 0.260500 0.393900
vt 0.743000 0.217170
vt 0.732210 0.216910
vt 0.737070 0.201370
vt 0.204160 0.124160
vt 0.186430 0.121490
vt 0.605050 0.774800
vt 0.456010 0.886620
vt 0.416710 0.051140
vt 0.242350 0.192490
vt 0.228410 0.470300
vt 0.737920 0.650330
vt 0.753550 0.302320
vt 0.372050 0.938660
vt 0.223930 0.049800
vt 0.265440 0.909410
vt 0.270050 0.871840
vt 0.270990 0.865740
vt 0.306370 0.193250
vt 0.832040 0.803010
vt 0.827460 0.795780
vt 0.170910 0.427360
vt 0.845560 0.042810
vt 0.336040 0.103900
vt 0.729510 0.411160
vt 0.738020 0.401560
vt 0.720590 0.238990
vt 0.885850 0.746130
vt 0.901490 0.741880
vt 0.154680 0.049410
vt 0.157560 0.043980
vt 0.071930 0.093850
vt 0.903180 0.125280
vt 0.818330 0.703870
vt 0.399060 0.686120
vt 0.067010 0.122400
vt 0.372120 0.776200
vt 0.364190 0.798740
vt 0.354560 0.775910
vt 0.846550 0.649530
vt 0.835870 0.648810
vt 0.857130 0.213550
vt 0.647050 0.226710
vt 0.631010 0.335360
vt 0.803220 0.860930
vt 0.798050 0.844010
vt 0.381560 0.117110
vt 0.314870 0.573730
vt 0.325050 0.570170
vt 0.179020 0.947780
vt 0.942490 0.513300
vt 0.375970 0.749020
vt 0.733440 0.119620
vt 0.413320 0.772210
vt 0.354610 0.046740
vt 0.060570 0.937520
vt 0.827640 0.114420
vt 0.843120 0.124130
vt 0.543970 0.170210
vt 0.651480 0.346950
vt 0.654860 0.349760
vt 0.160230 0.468450
vt 0.897810 0.838680
vt 0.877390 0.945580
vt 0.646660 0.210740
vt 0.784920 0.318460
vt 0.799300 0.323370
vt 0.956800 0.783970
vt 0.080210 0.549490
vt 0.234660 0.929710
vt 0.390520 0.690910
vt 0.447240 0.280270
vt 0.205420 0.388910
vt 0.414110 0.572790
vt 0.408750 0.564400
vt 0.762160 0.414120
vt 0.773270 0.393680
vt 0.785430 0.408840
vt 0.642320 0.291820
vt 0.636650 0.298390
vt 0.634330 0.286050
vt 0.266580 0.671790
vt 0.213020 0.809480
vt 0.193920 0.821050
vt 0.504300 0.198060
vt 0.618680 0.885420
vt 0.973840 0.298280
vt 0.601350 0.738010
vt 0.043740 0.174750
vt 0.363230 0.159320
vt 0.208450 0.439640
vt 0.031220 0.300020
vt 0.133760 0.720700
vt 0.539110 0.350300
vt 0.559120 0.347490
vt 0.749710 0.659510
vt 0.896710 0.406380
vt 0.382490 0.913550
vt 0.708940 0.582540
vt 0.708510 0.593060
vt 0.885330 0.562550
vt 0.771390 0.290780
vt 0.756220 0.274980
vt 0.282800 0.302810
vt 0.253970 0.293480
vt 0.270590 0.283130
vt 0.858640 0.499620
vt 0.854560 0.474530
vt 0.234870 0.313490
vt 0.719040 0.278560
vt 0.708770 0.287570
vt 0.889630 0.503230
vt 0.633300 0.170410
vt 0.738640 0.267820
vt 0.288020 0.829390
vt 0.295450 0.841360
vt 0.081350 0.938610
vt 0.357080 0.427160
vt 0.879970 0.537950
vt 0.880910 0.527010
vt 0.889150 0.538630
vt 0.274690 0.484620
vt 0.718260 0.590360
vt 0.721430 0.593330
vt 0.879560 0.835180
vt 0.252920 0.414970
vt 0.265960 0.420170
vt 0.206140 0.791450
vt 0.856270 0.440960
vt 0.861620 0.424940
vt 0.919660 0.277550
vt 0.913230 0.294460
vt 0.662550 0.323220
vt 0.651640 0.326330
vt 0.076940 0.124230
vt 0.915180 0.555050
vt 0.537600 0.331670
vt 0.073810 0.701900
vt 0.241710 0.952890
vt 0.242250 0.949260
vt 0.352130 0.793270
vt 0.351650 0.800460
vt 0.923280 0.712060
vt 0.184210 0.298250
vt 0.286790 0.749780
vt 0.294420 0.756980
vt 0.240520 0.426910
vt 0.197980 0.922590
vt 0.132720 0.279170
vt 0.111160 0.288810
vt 0.125530 0.269540
vt 0.827690 0.469570
vt 0.838570 0.462670
vt 0.391590 0.749500
vt 0.989070 0.211850
vt 0.148170 0.731420
vt 0.129070 0.487360
vt 0.965300 0.291450
vt 0.705070 0.185950
vt 0.270970 0.500080
vt 0.288430 0.193940
vt 0.280800 0.184820
vt 0.451730 0.423850
vt 0.867700 0.744710
vt 0.205030 0.454120
vt 0.909950 0.404930
vt 0.585480 0.169100
vt 0.583690 0.174330
vt 0.938040 0.321190
vt 0.697610 0.559650
vt 0.478780 0.272820
vt 0.226540 0.493990
vt 0.889330 0.472160
vt 0.268490 0.825510
vt 0.125210 0.681350
vt 0.129790 0.696050
vt 0.887310 0.585520
vt 0.715170 0.767430
vt 0.689380 0.979060
vt 0.407130 0.058980
vt 0.077250 0.388070
vt 0.064380 0.374560
vt 0.642390 0.286190
vt 0.293540 0.777080
vt 0.603930 0.900310
vt 0.649050 0.377050
vt 0.223620 0.275230
vt 0.524690 0.883490
vt 0.539640 0.852360
vt 0.449990 0.371940
vt 0.450030 0.363410
vt 0.419020 0.457030
vt 0.413260 0.435290
vt 0.928950 0.903930
vt 0.925230 0.910430
vt 0.942220 0.787060
vt 0.361450 0.809890
vt 0.379810 0.724130
vt 0.247710 0.056590
vt 0.526370 0.460060
vt 0.509400 0.469600
vt 0.523500 0.447880
vt 0.657850 0.348230
vt 0.686410 0.912950
vt 0.663650 0.917260
vt 0.940130 0.589490
vt 0.929690 0.581900
vt 0.937000 0.581130
vt 0.732110 0.704710
vt 0.542250 0.453020
vt 0.268940 0.798210
vt 0.661420 0.417240
vt 0.571970 0.263040
vt 0.408440 0.023800
vt 0.769310 0.178920
vt 0.187280 0.463310
vt 0.796430 0.691570
vt 0.402950 0.296620
vt 0.239850 0.810940
vt 0.648780 0.429080
vt 0.704360 0.978330
vt 0.849840 0.468380
vt 0.223470 0.794720
vt 0.736870 0.673290
vt 0.689050 0.902420
vt 0.698110 0.909040
vt 0.088180 0.365050
vt 0.084280 0.339380
vt 0.272740 0.335560
vt 0.736740 0.253970
vt 0.632620 0.307960
vt 0.544810 0.145670
vt 0.808820 0.404290
vt 0.385490 0.117320
vt 0.414750 0.045300
vt 0.792350 0.941600
vt 0.372540 0.903240
vt 0.467530 0.378190
vt 0.474020 0.365250
vt 0.206950 0.329290
vt 0.318500 0.917980
vt 0.869150 0.023910
vt 0.341440 0.495160
vt 0.238610 0.127800
vt 0.162350 0.811780
vt 0.202020 0.678210
vt 0.804220 0.180120
vt 0.802270 0.191620
vt 0.217530 0.081580
vt 0.072410 0.219750
vt 0.642140 0.392670
vt 0.640560 0.384480
vt 0.234960 0.958020
vt 0.306460 0.888990
vt 0.297080 0.210760
vt 0.513160 0.808040
vt 0.208230 0.242250
vt 0.275140 0.269850
vt 0.267610 0.247750
vt 0.940380 0.718600
vt 0.407920 0.832730
vt 0.983750 0.243740
vt 0.982130 0.250330
vt 0.247950 0.879430
vt 0.824570 0.280050
vt 0.801390 0.293410
vt 0.877860 0.850790
vt 0.162670 0.716350
vt 0.243850 0.127230
vt 0.789720 0.582280
vt 0.772730 0.598900
vt 0.800060 0.130890
vt 0.794280 0.490500
vt 0.809110 0.506110
vt 0.853260 0.580640
vt 0.777890 0.604510
vt 0.797100 0.590250
vt 0.805710 0.597650
vt 0.363350 0.150410
vt 0.179430 0.954200
vt 0.320280 0.328590
vt 0.886680 0.947070
vt 0.832510 0.875780
vt 0.245560 0.560450
vt 0.611850 0.691510
vt 0.687430 0.761690
vt 0.031090 0.191880
vt 0.507230 0.778650
vt 0.497240 0.779860
vt 0.308190 0.725080
vt 0.080690 0.350990
vt 0.080260 0.373190
vt 0.850390 0.555810
vt 0.871260 0.556090
vt 0.872460 0.718820
vt 0.858450 0.717120
vt 0.244110 0.576910
vt 0.254650 0.577340
vt 0.545830 0.086860
vt 0.886450 0.414570
vt 0.852880 0.957280
vt 0.822300 0.747120
vt 0.815050 0.750290
vt 0.287270 0.084600
vt 0.551800 0.112980
vt 0.581020 0.127780
vt 0.623490 0.805040
vt 0.621060 0.819610
vt 0.596690 0.811070
vt 0.695950 0.301010
vt 0.745730 0.702080
vt 0.661720 0.811030
vt 0.469510 0.273980
vt 0.371050 0.206930
vt 0.922720 0.263180
vt 0.926550 0.267610
vt 0.097680 0.905080
vt 0.088540 0.904880
vt 0.807970 0.884280
vt 0.822020 0.873100
vt 0.461450 0.734770
vt 0.462690 0.715670
vt 0.216360 0.253070
vt 0.401540 0.073510
vt 0.237450 0.277110
vt 0.245530 0.267530
vt 0.255410 0.269900
vt 0.884570 0.515750
vt 0.279730 0.740970
vt 0.282920 0.726630
vt 0.846750 0.411130
vt 0.193450 0.810890
vt 0.180940 0.818150
vt 0.286500 0.092390
vt 0.081320 0.909610
vt 0.418070 0.120630
vt 0.312770 0.371260
vt 0.848440 0.189830
vt 0.718350 0.494360
vt 0.180250 0.377380
vt 0.187500 0.359160
vt 0.276780 0.416630
vt 0.831130 0.828920
vt 0.667500 0.965390
vt 0.241470 0.226840
vt 0.135690 0.799310
vt 0.484680 0.560910
vt 0.161040 0.652520
vt 0.155360 0.642470
vt 0.842410 0.427810
vt 0.546140 0.142050
vt 0.345290 0.639300
vt 0.183530 0.242540
vt 0.106330 0.527500
vt 0.089350 0.528830
vt 0.271010 0.196920
vt 0.795120 0.407470
vt 0.155160 0.756950
vt 0.145550 0.392990
vt 0.530220 0.715400
vt 0.159460 0.690830
vt 0.156260 0.708590
vt 0.324700 0.311130
vt 0.432050 0.474530
vt 0.145270 0.446570
vt 0.908690 0.418670
vt 0.800370 0.399320
vt 0.820770 0.392280
vt 0.582540 0.430000
vt 0.539420 0.081870
vt 0.659810 0.228630
vt 0.818760 0.767630
vt 0.717250 0.586580
vt 0.082540 0.521450
vt 0.826920 0.969600
vt 0.375020 0.903400
vt 0.197430 0.226420
vt 0.544510 0.851560
vt 0.786130 0.544240
vt 0.797420 0.549140
vt 0.796990 0.347920
vt 0.178550 0.318390
vt 0.285880 0.230320
vt 0.292460 0.073760
vt 0.501560 0.164980
vt 0.607200 0.197760
vt 0.166220 0.448880
vt 0.223480 0.805380
vt 0.231450 0.816490
vt 0.918850 0.685200
vt 0.695750 0.755790
vt 0.249960 0.154980
vt 0.254580 0.138630
vt 0.273830 0.151070
vt 0.561240 0.413480
vt 0.271360 0.160580
vt 0.250250 0.168230
vt 0.323080 0.113240
vt 0.162350 0.667860
vt 0.836040 0.044980
vt 0.440100 0.404250
vt 0.560770 0.450720
vt 0.548160 0.439290
vt 0.556070 0.427640
vt 0.450160 0.917650
vt 0.470740 0.278690
vt 0.602750 0.924220
vt 0.568960 0.228240
vt 0.212170 0.769810
vt 0.210010 0.783970
vt 0.196220 0.765770
vt 0.927910 0.309360
vt 0.799900 0.581160
vt 0.257930 0.218320
vt 0.104170 0.905450
vt 0.655260 0.514180
vt 0.212180 0.337660
vt 0.880650 0.557920
vt 0.668660 0.309070
vt 0.689450 0.931320
vt 0.076530 0.431310
vt 0.062820 0.393230
vt 0.800870 0.746400
vt 0.519100 0.114310
vt 0.720300 0.290630
vt 0.151320 0.692220
vt 0.138940 0.703440
vt 0.698730 0.556870
vt 0.451600 0.162010
vt 0.445180 0.162740
vt 0.042110 0.170330
vt 0.560540 0.553070
vt 0.723620 0.346840
vt 0.590400 0.203930
vt 0.970910 0.818720
vt 0.721780 0.657710
vt 0.540610 0.380370
vt 0.745520 0.625950
vt 0.726510 0.776420
vt 0.582310 0.667880
vt 0.227580 0.084090
vt 0.685760 0.165410
vt 0.064760 0.748210
vt 0.134660 0.245640
vt 0.118760 0.261500
vt 0.116370 0.249300
vt 0.174150 0.310170
vt 0.299990 0.562340
vt 0.370250 0.929970
vt 0.107530 0.331290
vt 0.748540 0.752430
vt 0.681690 0.551630
vt 0.410190 0.307770
vt 0.737180 0.129120
vt 0.143400 0.610780
vt 0.151250 0.608510
vt 0.246280 0.707190
vt 0.248960 0.725850
vt 0.697650 0.823010
vt 0.579920 0.236430
vt 0.486510 0.650920
vt 0.501980 0.646930
vt 0.807380 0.360540
vt 0.509430 0.397620
vt 0.945970 0.888790
vt 0.415900 0.413220
vt 0.399730 0.429260
vt 0.154460 0.528180
vt 0.810380 0.261430
vt 0.310050 0.267650
vt 0.222670 0.383380
vt 0.572900 0.873960
vt 0.099940 0.237990
vt 0.094490 0.249940
vt 0.087820 0.237310
vt 0.548410 0.855830
vt 0.744210 0.487420
vt 0.762120 0.470810
vt 0.575380 0.918890
vt 0.868050 0.541810
vt 0.876240 0.550430
vt 0.575860 0.204630
vt 0.169220 0.085510
vt 0.181230 0.103430
vt 0.125910 0.533930
vt 0.881170 0.798590
vt 0.877280 0.796980
vt 0.853870 0.798380
vt 0.785350 0.429620
vt 0.802590 0.423840
vt 0.865910 0.026300
vt 0.908620 0.193850
vt 0.737510 0.595640
vt 0.476040 0.843280
vt 0.723560 0.569310
vt 0.490240 0.158320
vt 0.151820 0.569810
vt 0.119580 0.739800
vt 0.486450 0.747520
vt 0.648030 0.777390
vt 0.754820 0.391750
vt 0.235950 0.355720
vt 0.194000 0.663090
vt 0.177790 0.680020
vt 0.752170 0.142890
vt 0.375830 0.923010
vt 0.402540 0.455360
vt 0.829300 0.809600
vt 0.858690 0.634300
vt 0.483440 0.352060
vt 0.835240 0.538770
vt 0.859140 0.528670
vt 0.587740 0.718320
vt 0.180170 0.394080
vt 0.319950 0.201000
vt 0.318430 0.210190
vt 0.361190 0.308610
vt 0.506670 0.647080
vt 0.882140 0.732250
vt 0.219000 0.777180
vt 0.107610 0.264720
vt 0.548410 0.153120
vt 0.599730 0.203910
vt 0.152090 0.455720
vt 0.141320 0.464650
vt 0.772480 0.693270
vt 0.228390 0.166880
vt 0.226630 0.185000
vt 0.188760 0.611580
vt 0.774720 0.675200
vt 0.250470 0.354780
vt 0.251900 0.331950
vt 0.522950 0.796400
vt 0.529810 0.815000
vt 0.755090 0.347730
vt 0.738840 0.367860
vt 0.076380 0.648710
vt 0.765210 0.778710
vt 0.808760 0.807460
vt 0.717980 0.479740
vt 0.532830 0.558800
vt 0.786580 0.118200
vt 0.409930 0.129530
vt 0.769660 0.025240
vt 0.753870 0.903980
vt 0.504360 0.477980
vt 0.500550 0.466730
vt 0.784180 0.961230
vt 0.745010 0.326420
vt 0.132900 0.358740
vt 0.503790 0.442650
vt 0.365430 0.762180
vt 0.052360 0.943450
vt 0.560820 0.317220
vt 0.218860 0.970490
vt 0.062720 0.783080
vt 0.764690 0.046810
vt 0.376210 0.128830
vt 0.056680 0.472760
vt 0.231590 0.874010
vt 0.140570 0.778120
vt 0.213160 0.125090
vt 0.969140 0.839810
vt 0.828610 0.502310
vt 0.860080 0.187460
vt 0.853000 0.164690
vt 0.836240 0.180470
vt 0.711040 0.516640
vt 0.097600 0.159820
vt 0.481550 0.648770
vt 0.802170 0.516160
vt 0.526670 0.896150
vt 0.788060 0.507170
vt 0.118930 0.226370
vt 0.445960 0.333250
vt 0.345090 0.103130
vt 0.848220 0.143300
vt 0.841490 0.163310
vt 0.549060 0.490830
vt 0.263120 0.724660
vt 0.711800 0.197930
vt 0.241660 0.183810
vt 0.245830 0.179760
vt 0.468090 0.434090
vt 0.656860 0.728950
vt 0.197980 0.368840
vt 0.653200 0.414140
vt 0.572600 0.921470
vt 0.949700 0.374120
vt 0.462640 0.563870
vt 0.060010 0.439900
vt 0.614140 0.930980
vt 0.971870 0.319460
vt 0.815280 0.514490
vt 0.479330 0.035450
vt 0.423590 0.418890
vt 0.781590 0.864020
vt 0.704070 0.477900
vt 0.307130 0.217500
vt 0.177480 0.209970
vt 0.335630 0.846670
vt 0.245610 0.314490
vt 0.326250 0.329980
vt 0.849270 0.107190
vt 0.171760 0.467860
vt 0.574070 0.431310
vt 0.934770 0.892000
vt 0.640800 0.742150
vt 0.302040 0.790060
vt 0.697960 0.782550
vt 0.180630 0.117640
vt 0.693330 0.472220
vt 0.211880 0.158480
vt 0.366400 0.819260
vt 0.597360 0.845150
vt 0.757430 0.673800
vt 0.493480 0.093180
vt 0.319360 0.157210
vt 0.778030 0.736860
vt 0.350020 0.656530
vt 0.182560 0.831290
vt 0.376500 0.287050
vt 0.521990 0.396870
vt 0.881160 0.576070
vt 0.764350 0.537560
vt 0.188300 0.546360
vt 0.248210 0.340720
vt 0.279270 0.710390
vt 0.261900 0.707970
vt 0.572080 0.233660
vt 0.332640 0.097130
vt 0.229930 0.907590
vt 0.536160 0.647410
vt 0.136030 0.608210
vt 0.776870 0.554030
vt 0.892740 0.190810
vt 0.114500 0.483600
vt 0.795960 0.318960
vt 0.794710 0.877720
vt 0.186850 0.596880
vt 0.493980 0.927790
vt 0.767550 0.907610
vt 0.174650 0.912130
vt 0.206550 0.226800
vt 0.486130 0.461440
vt 0.304410 0.909820
vt 0.504730 0.036990
vt 0.088430 0.256710
vt 0.263930 0.305510
vt 0.641110 0.662930
vt 0.263590 0.850710
vt 0.657660 0.521130
vt 0.925620 0.875920
vt 0.867580 0.136070
vt 0.203320 0.759150
vt 0.779300 0.622280
vt 0.790170 0.622440
vt 0.375430 0.762990
vt 0.819170 0.750360
vt 0.688180 0.394300
vt 0.488570 0.404010
vt 0.630300 0.342580
vt 0.826950 0.578430
vt 0.820790 0.602110
vt 0.587330 0.733740
vt 0.222430 0.827360
vt 0.741110 0.342880
vt 0.572430 0.477900
vt 0.540850 0.651400
vt 0.061730 0.914570
vt 0.982530 0.236290
vt 0.116370 0.650590
vt 0.746100 0.862850
vt 0.066900 0.916410
vt 0.853660 0.344080
vt 0.445230 0.486410
vt 0.321810 0.928740
vt 0.749100 0.585590
vt 0.750790 0.597840
vt 0.552120 0.237150
vt 0.404620 0.322530
vt 0.636730 0.718400
vt 0.732370 0.359710
vt 0.114460 0.517670
vt 0.143850 0.666660
vt 0.302180 0.084420
vt 0.648090 0.445070
vt 0.597430 0.750690
vt 0.584110 0.796880
vt 0.371450 0.023760
vt 0.266410 0.965120
vt 0.185030 0.578790
vt 0.132280 0.952700
vt 0.418660 0.327490
vt 0.807750 0.155440
vt 0.455790 0.561770
vt 0.382530 0.026410
vt 0.751970 0.771210
vt 0.735030 0.897350
vt 0.775410 0.477700
vt 0.778630 0.494570
vt 0.161620 0.604900
vt 0.167260 0.612000
vt 0.612680 0.638770
vt 0.688990 0.056180
vt 0.523750 0.783730
vt 0.412510 0.650100
vt 0.842160 0.743210
vt 0.335470 0.486100
vt 0.121030 0.666330
vt 0.682450 0.885600
vt 0.868780 0.152520
vt 0.308270 0.093930
vt 0.284280 0.315000
vt 0.858460 0.131730
vt 0.464530 0.782870
vt 0.706980 0.770280
vt 0.116530 0.846030
vt 0.327140 0.660820
vt 0.403260 0.343040
vt 0.560130 0.551480
vt 0.555950 0.074760
vt 0.227540 0.974780
vt 0.354310 0.072350
vt 0.573110 0.283560
vt 0.175540 0.593390
vt 0.936610 0.708310
vt 0.242510 0.444430
vt 0.722040 0.064370
vt 0.496660 0.530080
vt 0.810120 0.348290
vt 0.309560 0.094430
vt 0.375980 0.236170
vt 0.942980 0.487610
vt 0.362170 0.951090
vt 0.400060 0.494760
vt 0.404930 0.578490
vt 0.392030 0.447160
vt 0.239600 0.903080
vt 0.626340 0.273160
vt 0.327480 0.644940
vt 0.626280 0.319950
vt 0.644820 0.487110
vt 0.967510 0.834790
vt 0.645080 0.427340
vt 0.285750 0.055640
vt 0.362440 0.024330
vt 0.934040 0.388280
vt 0.561110 0.550190
s 1
f 3/1/1 1/2/2 2/3/3
f 6/4/4 4/5/5 5/6/6
f 9/7/7 7/8/8 8/9/9
f 12/10/10 10/11/11 11/12/12
f 15/13/13 13/14/14 14/15/15
f 18/16/16 16/17/17 17/18/18
f 21/19/19 19/20/20 20/21/21
f 24/22/22 22/23/23 23/24/24
f 27/25/25 25/26/26 26/27/27
f 30/28/28 28/29/29 29/30/30
f 33/31/31 31/32/32 32/33/33
f 36/34/34 34/35/35 35/36/36
f 39/37/37 37/38/38 38/39/39
f 42/40/40 40/41/41 41/42/42
f 45/43/43 43/44/44 44/45/45
f 48/46/46 46/47/47 47/48/48
f 51/49/49 49/50/50 50/51/51
f 54/52/52 52/53/53 53/54/54
f 57/55/55 55/56/56 56/57/57
f 60/58/58 58/59/59 59/60/60
f 63/61/61 61/62/62 62/63/63
f 66/64/64 64/65/65 65/66/66
f 69/67/67 67/68/68 68/69/69
f 72/70/70 70/71/71 71/72/72
f 75/73/73 73/74/74 74/75/75
f 78/76/76 76/77/77 77/78/78
f 81/79/79 79/80/80 80/81/81
f 84/82/82 82/83/83 83/84/84
f 87/85/85 85/86/86 86/87/87
f 11/12/12 88/88/88 12/10/10
f 91/89/89 89/90/90 90/91/91
f 94/92/92 92/93/93 93/94/94
f 97/95/95 95/96/96 96/97/97
f 100/98/98 98/99/99 99/100/100
f 103/101/101 101/102/102 102/103/103
f 106/104/104 104/105/105 105/106/106
f 109/107/107 107/108/108 108/109/109
f 112/110/110 110/111/111 111/112/112
f 115/113/113 113/114/114 114/115/115
f 118/116/116 116/117/117 117/118/118
f 120/119/119 119/120/120 53/54/54
f 123/121/121 121/122/122 122/123/123
f 126/124/124 124/125/125 125/126/126
f 129/127/127 127/128/128 128/129/129
f 132/130/130 130/131/131 131/132/132
f 135/133/133 133/134/134 134/135/135
f 138/136/136 136/137/137 137/138/138
f 141/139/139 139/140/140 140/141/141
f 144/142/142 142/143/143 143/144/144
f 147/145/145 145/146/146 146/147/147
f 150/148/148 148/149/149 149/150/150
f 153/151/151 151/152/152 152/153/153
f 156/154/154 154/155/155 155/156/156
f 159/157/157 157/158/158 158/159/159
f 160/160/160 116/117/117 118/116/116
f 163/161/161 161/162/162 162/163/163
f 166/164/164 164/165/165 165/166/166
f 169/167/167 167/168/168 168/169/169
f 172/170/170 170/171/171 171/172/172
f 175/173/173 173/174/174 174/175/175
f 178/176/176 176/177/177 177/178/178
f 181/179/179 179/180/180 180/181/181
f 184/182/182 182/183/183 183/184/184
f 187/185/185 185/186/186 186/187/187
f 190/188/188 188/189/189 189/190/190
f 193/191/191 191/192/192 192/193/193
f 196/194/194 194/195/195 195/196/196
f 199/197/197 197/198/198 198/199/199
f 202/200/200 200/201/201 201/202/202
f 205/203/203 203/204/204 204/205/205
f 208/206/206 206/207/207 207/208/208
f 211/209/209 209/210/210 210/211/211
f 214/212/212 212/213/213 213/214/214
f 217/215/215 215/216/216 216/217/217
f 220/218/218 218/219/219 219/220/220
f 222/221/221 217/222/215 221/223/222
f 225/224/223 223/225/224 224/226/225
f 228/227/226 226/228/227 227/229/228
f 231/230/229 229/231/230 230/232/231
f 234/233/232 232/234/233 233/235/234
f 237/236/235 235/237/236 236/238/237
f 240/239/238 238/240/239 239/241/240
f 243/242/241 241/243/242 242/244/243
f 246/245/244 244/246/245 245/247/246
f 249/248/247 247/249/248 248/250/249
f 252/251/250 250/252/251 251/253/252
f 255/254/253 253/255/254 254/256/255
f 258/257/256 256/258/257 257/259/258
f 261/260/259 259/261/260 260/262/261
f 264/263/262 262/264/263 263/265/264
f 59/60/60 265/266/265 266/267/266
f 269/268/267 267/269/268 268/270/269
f 272/271/270 270/272/271 271/273/272
f 266/267/266 273/274/273 274/275/274
f 277/276/275 275/277/276 276/278/277
f 280/279/278 278/280/279 279/281/280
f 200/201/201 281/282/281 201/202/202
f 284/283/282 282/284/283 283/285/284
f 287/286/285 285/287/286 286/288/287
f 290/289/288 288/290/289 289/291/290
f 293/292/291 291/293/292 292/294/293
f 296/295/294 294/296/295 295/297/296
f 298/298/297 120/119/119 297/299/298
f 301/300/299 299/301/300 300/302/301
f 304/303/302 302/304/303 303/305/304
f 307/306/305 305/307/306 306/308/307
f 310/309/308 308/310/309 309/311/310
f 313/312/311 311/313/312 312/314/313
f 316/315/314 314/316/315 315/317/316
f 319/318/317 317/319/318 318/320/319
f 182/183/183 184/182/182 320/321/320
f 323/322/321 321/323/322 322/324/323
f 326/325/324 324/326/325 325/327/326
f 329/328/327 327/329/328 328/330/329
f 330/331/330 306/308/307 305/307/306
f 333/332/331 331/333/332 332/334/333
f 336/335/334 334/336/335 335/337/336
f 339/338/337 337/339/338 338/340/339
f 342/341/340 340/342/341 341/343/342
f 343/344/343 340/342/341 342/341/340
f 346/345/344 344/346/345 345/347/346
f 349/348/347 347/349/348 348/350/349
f 352/351/350 350/352/351 351/353/352
f 355/354/353 353/355/354 354/356/355
f 357/357/356 351/353/352 356/358/357
f 360/359/358 358/360/359 359/361/360
f 363/362/361 361/363/362 362/364/363
f 366/365/364 364/366/365 365/367/366
f 369/368/367 367/369/368 368/370/369
f 372/371/370 370/372/371 371/373/372
f 375/374/373 373/375/374 374/376/375
f 378/377/376 376/378/377 377/379/378
f 151/152/152 229/231/230 152/153/153
f 379/380/379 151/152/152 153/151/151
f 382/381/380 380/382/381 381/383/382
f 385/384/383 383/385/384 384/386/385
f 388/387/386 386/388/387 387/389/388
f 391/390/389 389/391/390 390/392/391
f 394/393/392 392/394/393 393/395/394
f 397/396/395 395/397/396 396/398/397
f 400/399/398 398/400/399 399/401/400
f 403/402/401 401/403/402 402/404/403
f 406/405/404 404/406/405 405/407/406
f 408/408/407 407/409/408 265/410/265
f 411/411/409 409/412/410 410/413/411
f 414/414/412 412/415/413 413/416/414
f 417/417/415 415/418/416 416/419/417
f 258/257/256 418/420/418 419/421/419
f 422/422/420 420/423/421 421/424/422
f 425/425/423 423/426/424 424/427/425
f 428/428/426 426/429/427 427/430/428
f 431/431/429 429/432/430 430/433/431
f 432/434/432 24/22/22 23/24/24
f 435/435/433 433/436/434 434/437/435
f 438/438/436 436/439/437 437/440/438
f 440/441/439 437/440/438 439/442/440
f 443/443/441 441/444/442 442/445/443
f 446/446/444 444/447/445 445/448/446
f 449/449/447 447/450/448 448/451/449
f 452/452/450 450/453/451 451/454/452
f 455/455/453 453/456/454 454/457/455
f 458/458/456 456/459/457 457/460/458
f 461/461/459 459/462/460 460/463/461
f 464/464/462 462/465/463 463/466/464
f 467/467/465 465/468/466 466/469/467
f 465/468/466 468/470/468 466/469/467
f 471/471/469 469/472/470 470/473/471
f 473/474/472 472/475/473 358/476/359
f 476/477/474 474/478/475 475/479/476
f 230/232/231 477/480/477 231/230/229
f 480/481/478 478/482/479 479/483/480
f 483/484/481 481/485/482 482/486/483
f 485/487/484 272/488/270 484/489/485
f 488/490/486 486/491/487 487/492/488
f 491/493/489 489/494/490 490/495/491
f 491/496/489 492/497/492 493/498/493
f 496/499/494 494/500/495 495/501/496
f 499/502/497 497/503/498 498/504/499
f 502/505/500 500/506/501 501/507/502
f 505/508/503 503/509/504 504/510/505
f 508/511/506 506/512/507 507/513/508
f 511/514/509 509/515/510 510/516/511
f 514/517/512 512/518/513 513/519/514
f 517/520/515 515/521/516 516/522/517
f 520/523/518 518/524/519 519/525/520
f 523/526/521 521/527/522 522/528/523
f 171/172/172 524/529/524 525/530/525
f 307/306/305 526/531/526 527/532/527
f 530/533/528 528/534/529 529/535/530
f 533/536/531 531/537/532 532/538/533
f 536/539/534 534/540/535 535/541/536
f 539/542/537 537/543/538 538/544/539
f 542/545/540 540/546/541 541/547/542
f 545/548/543 543/549/544 544/550/545
f 548/551/546 546/552/547 547/553/548
f 551/554/549 549/555/550 550/556/551
f 161/162/162 552/557/552 553/558/553
f 556/559/554 554/560/555 555/561/556
f 559/562/557 557/563/558 558/564/559
f 562/565/560 560/566/561 561/567/562
f 565/568/563 563/569/564 564/570/565
f 424/427/425 566/571/566 567/572/567
f 570/573/568 568/574/569 569/575/570
f 573/576/571 571/577/572 572/578/573
f 575/579/574 574/580/575 26/27/27
f 578/581/576 576/582/577 577/583/578
f 581/584/579 579/585/580 580/586/581
f 584/587/582 582/588/583 583/589/584
f 215/216/216 582/590/583 585/591/585
f 588/592/586 586/593/587 587/594/588
f 590/595/589 589/596/590 123/121/121
f 593/597/591 591/598/592 592/599/593
f 596/600/594 594/601/595 595/602/596
f 599/603/597 597/604/598 598/605/599
f 602/606/600 600/607/601 601/608/602
f 605/609/603 603/610/604 604/611/605
f 608/612/606 606/613/607 607/614/608
f 611/615/609 609/616/610 610/617/611
f 614/618/612 612/619/613 613/620/614
f 617/621/615 615/622/616 616/623/617
f 620/624/618 618/625/619 619/626/620
f 623/627/621 621/628/622 622/629/623
f 626/630/624 624/631/625 625/632/626
f 629/633/627 627/634/628 628/635/629
f 630/636/630 625/632/626 624/631/625
f 633/637/631 631/638/632 632/639/633
f 273/274/273 308/310/309 310/309/308
f 636/640/634 634/641/635 635/642/636
f 639/643/637 637/644/638 638/645/639
f 642/646/640 640/647/641 641/648/642
f 645/649/643 643/650/644 644/651/645
f 648/652/646 646/653/647 647/654/648
f 651/655/649 649/656/650 650/657/651
f 654/658/652 652/659/653 653/660/654
f 657/661/655 655/662/656 656/663/657
f 660/664/658 658/665/659 659/666/660
f 663/667/661 661/668/662 662/669/663
f 666/670/664 664/671/665 665/672/666
f 668/673/667 437/440/438 667/674/668
f 671/675/669 669/676/670 670/677/671
f 672/678/672 205/203/203 204/205/205
f 675/679/673 673/680/674 674/681/675
f 678/682/676 676/683/677 677/684/678
f 681/685/679 679/686/680 680/687/681
f 684/688/682 682/689/683 683/690/684
f 686/691/685 572/578/573 685/692/686
f 689/693/687 687/694/688 688/695/689
f 692/696/690 690/697/691 691/698/692
f 695/699/693 693/700/694 694/701/695
f 698/702/696 696/703/697 697/704/698
f 86/705/87 468/470/468 699/706/699
f 701/707/700 287/286/285 700/708/701
f 704/709/702 702/710/703 703/711/704
f 707/712/705 705/713/706 706/714/707
f 709/715/708 708/716/709 5/6/6
f 712/717/710 710/718/711 711/719/712
f 715/720/713 713/721/714 714/722/715
f 718/723/716 716/724/717 717/725/718
f 721/726/719 719/727/720 720/728/721
f 723/729/722 610/617/611 722/730/723
f 726/731/724 724/732/725 725/733/726
f 729/734/727 727/735/728 728/736/729
f 732/737/730 730/738/731 731/739/732
f 735/740/733 733/741/734 734/742/735
f 738/743/736 736/744/737 737/745/738
f 228/227/226 227/229/228 739/746/739
f 742/747/740 740/748/741 741/749/742
f 745/750/743 743/751/744 744/752/745
f 748/753/746 746/754/747 747/755/748
f 295/756/296 749/757/749 284/283/282
f 59/758/60 408/408/407 265/410/265
f 752/759/750 750/760/751 751/761/752
f 755/762/753 753/763/754 754/764/755
f 757/765/756 756/766/757 295/297/296
f 760/767/758 758/768/759 759/769/760
f 762/770/761 597/604/598 761/771/762
f 433/436/434 763/772/763 764/773/764
f 766/774/765 765/775/766 411/776/409
f 769/777/767 767/778/768 768/779/769
f 772/780/770 770/781/771 771/782/772
f 774/783/773 772/784/770 773/785/774
f 777/786/775 775/787/776 776/788/777
f 780/789/778 778/790/779 779/791/780
f 783/792/781 781/793/782 782/794/783
f 786/795/784 784/796/785 785/797/786
f 789/798/787 787/799/788 788/800/789
f 248/250/249 790/801/790 249/248/247
f 595/602/596 791/802/791 792/803/792
f 795/804/793 793/805/794 794/806/795
f 797/807/796 796/808/797 129/127/127
f 800/809/798 798/810/799 799/811/800
f 802/812/801 305/307/306 801/813/802
f 805/814/803 803/815/804 804/816/805
f 808/817/806 806/818/807 807/819/808
f 810/820/809 327/329/328 809/821/810
f 813/822/811 811/823/812 812/824/813
f 816/825/814 814/826/815 815/827/816
f 819/828/817 817/829/818 818/830/819
f 822/831/820 820/832/821 821/833/822
f 108/109/109 823/834/823 824/835/824
f 826/836/825 825/837/826 88/88/88
f 829/838/827 827/839/828 828/840/829
f 832/841/830 830/842/831 831/843/832
f 670/677/671 833/844/833 834/845/834
f 837/846/835 835/847/836 836/848/837
f 838/849/838 833/850/833 669/851/670
f 407/409/408 263/265/264 262/264/263
f 290/289/288 289/291/290 839/852/839
f 408/408/407 59/758/60 840/853/840
f 59/758/60 58/854/59 841/855/841
f 842/856/842 138/136/136 137/138/138
f 844/857/843 843/858/844 365/367/366
f 846/859/845 844/857/843 845/860/846
f 849/861/847 847/862/848 848/863/849
f 852/864/850 850/865/851 851/866/852
f 855/867/853 853/868/854 854/869/855
f 858/870/856 856/871/857 857/872/858
f 857/872/858 859/873/859 753/763/754
f 862/874/860 860/875/861 861/876/862
f 865/877/863 863/878/864 864/879/865
f 867/880/866 866/881/867 223/225/224
f 578/581/576 868/882/868 869/883/869
f 469/472/470 870/884/870 871/885/871
f 872/886/872 869/883/869 868/882/868
f 347/349/348 873/887/873 348/350/349
f 875/888/874 348/350/349 874/889/875
f 878/890/876 876/891/877 877/892/878
f 881/893/879 879/894/880 880/895/881
f 6/4/4 5/6/6 882/896/882
f 885/897/883 883/898/884 884/899/885
f 888/900/886 886/901/887 887/902/888
f 891/903/889 889/904/890 890/905/891
f 893/906/892 892/907/893 160/160/160
f 57/55/55 252/251/250 251/253/252
f 251/253/252 55/56/56 57/55/55
f 896/908/894 894/909/895 895/910/896
f 899/911/897 897/912/898 898/913/899
f 901/914/900 900/915/901 641/648/642
f 904/916/902 902/917/903 903/918/904
f 907/919/905 905/920/906 906/921/907
f 909/922/908 242/244/243 908/923/909
f 910/924/910 242/244/243 241/243/242
f 911/925/911 327/329/328 444/447/445
f 913/926/912 335/337/336 912/927/913
f 76/928/77 78/929/76 914/930/914
f 916/931/915 915/932/916 195/196/196
f 919/933/917 917/934/918 918/935/919
f 921/936/920 127/128/128 920/937/921
f 924/938/922 922/939/923 923/940/924
f 927/941/925 925/942/926 926/943/927
f 930/944/928 928/945/929 929/946/930
f 930/944/928 929/946/930 931/947/931
f 509/515/510 511/514/509 932/948/932
f 935/949/933 933/950/934 934/951/935
f 933/950/934 935/949/933 936/952/936
f 937/953/937 456/459/457 458/458/456
f 939/954/938 938/955/939 497/503/498
f 942/956/940 940/957/941 941/958/942
f 945/959/943 943/960/944 944/961/945
f 11/12/12 946/962/946 947/963/947
f 950/964/948 948/965/949 949/966/950
f 953/967/951 951/968/952 952/969/953
f 954/970/954 473/971/472 358/360/359
f 957/972/955 955/973/956 956/974/957
f 960/975/958 958/976/959 959/977/960
f 785/978/786 961/979/961 962/980/962
f 965/981/963 963/982/964 964/983/965
f 182/183/183 966/984/966 183/184/184
f 969/985/967 967/986/968 968/987/969
f 972/988/970 970/989/971 971/990/972
f 973/991/973 471/471/469 470/473/471
f 412/415/413 974/992/974 413/416/414
f 975/993/975 974/992/974 412/415/413
f 977/994/976 755/762/753 976/995/977
f 980/996/978 978/997/979 979/998/980
f 983/999/981 981/1000/982 982/1001/983
f 984/1002/984 329/328/327 328/330/329
f 987/1003/985 985/1004/986 986/1005/987
f 990/1006/988 988/1007/989 989/1008/990
f 916/931/915 195/196/196 991/1009/991
f 655/662/656 992/1010/992 993/1011/993
f 996/1012/994 994/1013/995 995/1014/996
f 174/175/175 997/1015/997 527/532/527
f 1000/1016/998 998/1017/999 999/1018/1000
f 889/904/890 891/903/889 1001/1019/1001
f 1004/1020/1002 1002/1021/1003 1003/1022/1004
f 60/58/58 243/242/241 1005/1023/1005
f 1008/1024/1006 1006/1025/1007 1007/1026/1008
f 1010/1027/1009 602/606/600 1009/1028/1010
f 323/322/321 322/324/323 1011/1029/1011
f 1014/1030/1012 1012/1031/1013 1013/1032/1014
f 851/866/852 323/322/321 1011/1029/1011
f 1017/1033/1015 1015/1034/1016 1016/1035/1017
f 1020/1036/1018 1018/1037/1019 1019/1038/1020
f 1023/1039/1021 1021/1040/1022 1022/1041/1023
f 490/495/491 1024/1042/1024 1025/1043/1025
f 1028/1044/1026 1026/1045/1027 1027/1046/1028
f 1030/1047/1029 1029/1048/1030 451/454/452
f 1032/1049/1031 1031/1050/1032 316/315/314
f 1035/1051/1033 1033/1052/1034 1034/1053/1035
f 1038/1054/1036 1036/1055/1037 1037/1056/1038
f 1041/1057/1039 1039/1058/1040 1040/1059/1041
f 1043/1060/1042 893/906/892 1042/1061/1043
f 750/760/751 1044/1062/1044 1045/1063/1045
f 1047/1064/1046 1046/1065/1047 1042/1061/1043
f 1042/1061/1043 1046/1065/1047 1048/1066/1048
f 1050/1067/1049 55/56/56 1049/1068/1050
f 642/646/640 1051/1069/1051 1052/1070/1052
f 1055/1071/1053 1053/1072/1054 1054/1073/1055
f 319/318/317 1056/1074/1056 317/319/318
f 505/508/503 422/422/420 1057/1075/1057
f 240/239/238 1058/1076/1058 1059/1077/1059
f 1062/1078/1060 1060/1079/1061 1061/1080/1062
f 1065/1081/1063 1063/1082/1064 1064/1083/1065
f 1068/1084/1066 1066/1085/1067 1067/1086/1068
f 1070/1087/1069 1069/1088/1070 504/510/505
f 422/422/420 1071/1089/1071 420/423/421
f 1073/1090/1072 1072/1091/1073 646/653/647
f 1075/1092/1074 1073/1090/1072 1074/1093/1075
f 1078/1094/1076 1076/1095/1077 1077/1096/1078
f 1081/1097/1079 1079/1098/1080 1080/1099/1081
f 1084/1100/1082 1082/1101/1083 1083/1102/1084
f 488/490/486 487/492/488 1085/1103/1085
f 130/131/131 132/130/130 1086/1104/1086
f 1089/1105/1087 1087/1106/1088 1088/1107/1089
f 849/861/847 1090/1108/1090 847/862/848
f 570/573/568 1091/1109/1091 1092/1110/1092
f 1095/1111/1093 1093/1112/1094 1094/1113/1095
f 525/530/525 1096/1114/1096 1097/1115/1097
f 1098/1116/1098 591/1117/592 593/1118/591
f 685/692/686 1099/1119/1099 686/691/685
f 1102/1120/1100 1100/1121/1101 1101/1122/1102
f 1105/1123/1103 1103/1124/1104 1104/1125/1105
f 1106/1126/1106 103/101/101 102/103/103
f 1108/1127/1107 834/845/834 1107/1128/1108
f 1111/1129/1109 1109/1130/1110 1110/1131/1111
f 1113/1132/1112 72/70/70 1112/1133/1113
f 1116/1134/1114 1114/1135/1115 1115/1136/1116
f 1119/1137/1117 1117/1138/1118 1118/1139/1119
f 1121/1140/1120 808/817/806 1120/1141/1121
f 768/779/769 960/975/958 769/777/767
f 1124/1142/1122 1122/1143/1123 1123/1144/1124
f 1126/1145/1125 1125/1146/1126 832/1147/830
f 1129/1148/1127 1127/1149/1128 1128/1150/1129
f 64/65/65 1130/1151/1130 1131/1152/1131
f 1132/1153/1132 357/357/356 356/358/357
f 1133/1154/1133 819/828/817 818/830/819
f 1136/1155/1134 1134/1156/1135 1135/1157/1136
f 1139/1158/1137 1137/1159/1138 1138/1160/1139
f 1142/1161/1140 1140/1162/1141 1141/1163/1142
f 1144/1164/1143 1137/1159/1138 1143/1165/1144
f 560/566/561 562/565/560 1145/1166/1145
f 1147/1167/1146 792/803/792 1146/1168/1147
f 1150/1169/1148 1148/1170/1149 1149/1171/1150
f 1153/1172/1151 1151/1173/1152 1152/1174/1153
f 973/991/973 1154/1175/1154 471/471/469
f 1155/1176/1155 560/566/561 1145/1166/1145
f 1156/1177/1156 137/138/138 136/137/137
f 1159/1178/1157 1157/1179/1158 1158/1180/1159
f 1161/1181/1160 96/97/97 1160/1182/1161
f 1163/1183/1162 333/332/331 1162/1184/1163
f 1166/1185/1164 1164/1186/1165 1165/1187/1166
f 1167/1188/1167 273/274/273 310/309/308
f 1169/1189/1168 1168/1190/1169 350/352/351
f 1172/1191/1170 1170/1192/1171 1171/1193/1172
f 1174/1194/1173 1173/1195/1174 1150/1169/1148
f 1175/1196/1175 1148/1170/1149 1150/1169/1148
f 1178/1197/1176 1176/1198/1177 1177/1199/1178
f 1181/1200/1179 1179/1201/1180 1180/1202/1181
f 1173/1195/1174 1174/1194/1173 1181/1200/1179
f 1183/1203/1182 1182/1204/1183 587/1205/588
f 603/610/604 626/630/624 1184/1206/1184
f 1185/1207/1185 152/153/153 229/231/230
f 1188/1208/1186 1186/1209/1187 1187/1210/1188
f 1191/1211/1189 1189/1212/1190 1190/1213/1191
f 1193/1214/1192 1192/1215/1193 839/852/839
f 1195/1216/1194 536/539/534 1194/1217/1195
f 1198/1218/1196 1196/1219/1197 1197/1220/1198
f 1201/1221/1199 1199/1222/1200 1200/1223/1201
f 1204/1224/1202 1202/1225/1203 1203/1226/1204
f 1207/1227/1205 1205/1228/1206 1206/1229/1207
f 1209/1230/1208 371/373/372 1208/1231/1209
f 1212/1232/1210 1210/1233/1211 1211/1234/1212
f 1215/1235/1213 1213/1236/1214 1214/1237/1215
f 1218/1238/1216 1216/1239/1217 1217/1240/1218
f 1221/1241/1219 1219/1242/1220 1220/1243/1221
f 1224/1244/1222 1222/1245/1223 1223/1246/1224
f 1226/1247/1225 553/558/553 1225/1248/1226
f 669/851/670 1227/1249/1227 838/849/838
f 1225/1248/1226 553/558/553 1228/1250/1228
f 282/284/283 1229/1251/1229 1230/1252/1230
f 1233/1253/1231 1231/1254/1232 1232/1255/1233
f 1235/1256/1234 284/283/282 1234/1257/1235
f 1237/1258/1236 1223/1246/1224 1236/1259/1237
f 1240/1260/1238 1238/1261/1239 1239/1262/1240
f 1241/1263/1241 916/1264/915 953/1265/951
f 916/1264/915 203/204/204 1242/1266/1242
f 1244/1267/1243 950/964/948 1243/1268/1244
f 1247/1269/1245 1245/1270/1246 1246/1271/1247
f 1250/1272/1248 1248/1273/1249 1249/1274/1250
f 1253/1275/1251 1251/1276/1252 1252/1277/1253
f 1256/1278/1254 1254/1279/1255 1255/1280/1256
f 785/797/786 1257/1281/1257 786/795/784
f 628/635/629 1258/1282/1258 629/633/627
f 1261/1283/1259 1259/1284/1260 1260/1285/1261
f 497/503/498 1262/1286/1262 939/954/938
f 1265/1287/1263 1263/1288/1264 1264/1289/1265
f 1268/1290/1266 1266/1291/1267 1267/1292/1268
f 232/234/233 1268/1290/1266 1267/1292/1268
f 1271/1293/1269 1269/1294/1270 1270/1295/1271
f 1274/1296/1272 1272/1297/1273 1273/1298/1274
f 1277/1299/1275 1275/1300/1276 1276/1301/1277
f 609/616/610 1278/1302/1278 610/617/611
f 1279/1303/1279 936/952/936 935/949/933
f 355/354/353 165/166/166 353/355/354
f 1282/1304/1280 1280/1305/1281 1281/1306/1282
f 20/21/21 1283/1307/1283 1284/1308/1284
f 1284/1308/1284 1283/1307/1283 1285/1309/1285
f 676/683/677 400/399/398 677/684/678
f 1288/1310/1286 1286/1311/1287 1287/1312/1288
f 1289/1313/1289 340/1314/341 343/1315/343
f 1292/1316/1290 1290/1317/1291 1291/1318/1292
f 1295/1319/1293 1293/1320/1294 1294/1321/1295
f 1296/1322/1296 423/426/424 425/425/423
f 1299/1323/1297 1297/1324/1298 1298/1325/1299
f 1301/1326/1300 1300/1327/1301 1299/1323/1297
f 1304/1328/1302 1302/1329/1303 1303/1330/1304
f 1307/1331/1305 1305/1332/1306 1306/1333/1307
f 596/600/594 1303/1330/1304 594/601/595
f 1304/1328/1302 1303/1330/1304 596/600/594
f 1110/1131/1111 671/675/669 670/677/671
f 1310/1334/1308 1308/1335/1309 1309/1336/1310
f 1312/1337/1311 559/562/557 1311/1338/1312
f 135/133/133 134/135/135 1313/1339/1313
f 133/134/134 135/133/133 1314/1340/1314
f 1315/1341/1315 1282/1304/1280 1281/1306/1282
f 1281/1306/1282 1316/1342/1316 1315/1341/1315
f 1319/1343/1317 1317/1344/1318 1318/1345/1319
f 1322/1346/1320 1320/1347/1321 1321/1348/1322
f 1318/1345/1319 1323/1349/1323 1324/1350/1324
f 1327/1351/1325 1325/1352/1326 1326/1353/1327
f 1325/1352/1326 1328/1354/1328 1329/1355/1329
f 1332/1356/1330 1330/1357/1331 1331/1358/1332
f 1335/1359/1333 1333/1360/1334 1334/1361/1335
f 717/725/718 1336/1362/1336 1337/1363/1337
f 1340/1364/1338 1338/1365/1339 1339/1366/1340
f 1342/1367/1341 1341/1368/1342 1338/1365/1339
f 1345/1369/1343 1343/1370/1344 1344/1371/1345
f 983/999/981 1340/1364/1338 1346/1372/1346
f 1346/1372/1346 981/1000/982 983/999/981
f 513/519/514 1347/1373/1347 1348/1374/1348
f 1350/1375/1349 1349/1376/1350 512/518/513
f 1353/1377/1351 1351/1378/1352 1352/1379/1353
f 139/140/140 141/139/139 1127/1149/1128
f 1323/1349/1323 1354/1380/1354 1324/1350/1324
f 768/779/769 1355/1381/1355 960/975/958
f 329/328/327 1356/1382/1356 1357/1383/1357
f 677/684/678 1358/1384/1358 1359/1385/1359
f 1362/1386/1360 1360/1387/1361 1361/1388/1362
f 1359/1385/1359 1358/1384/1358 1188/1389/1186
f 1365/1390/1363 1363/1391/1364 1364/1392/1365
f 953/1265/951 952/1393/953 1241/1263/1241
f 1368/1394/1366 1366/1395/1367 1367/1396/1368
f 994/1013/995 1369/1397/1369 1370/1398/1370
f 627/634/628 625/632/626 630/636/630
f 1373/1399/1371 1371/1400/1372 1372/1401/1373
f 1376/1402/1374 1374/1403/1375 1375/1404/1376
f 1374/1403/1375 1377/1405/1377 1378/1406/1378
f 1381/1407/1379 1379/1408/1380 1380/1409/1381
f 1384/1410/1382 1382/1411/1383 1383/1412/1384
f 303/305/304 1385/1413/1385 1386/1414/1386
f 1388/1415/1387 427/430/428 1387/1416/1388
f 1390/1417/1389 1389/1418/1390 556/559/554
f 1391/1419/1391 939/954/938 1115/1136/1116
f 1394/1420/1392 1392/1421/1393 1393/1422/1394
f 277/1423/275 842/1424/842 1395/1425/1395
f 1398/1426/1396 1396/1427/1397 1397/1428/1398
f 1401/1429/1399 1399/1430/1400 1400/1431/1401
f 1404/1432/1402 1402/1433/1403 1403/1434/1404
f 1407/1435/1405 1405/1436/1406 1406/1437/1407
f 1134/1156/1135 1408/1438/1408 1409/1439/1409
f 1410/1440/1410 499/502/497 1321/1441/1322
f 1413/1442/1411 1411/1443/1412 1412/1444/1413
f 726/731/724 1009/1028/1010 1414/1445/1414
f 1417/1446/1415 1415/1447/1416 1416/1448/1417
f 1420/1449/1418 1418/1450/1419 1419/1451/1420
f 87/85/85 86/87/87 699/1452/699
f 1423/1453/1421 1421/1454/1422 1422/1455/1423
f 1425/1456/1424 1191/1211/1189 1424/1457/1425
f 1428/1458/1426 1426/1459/1427 1427/1460/1428
f 1431/1461/1429 1429/1462/1430 1430/1463/1431
f 237/236/235 543/549/544 1432/1464/1432
f 1435/1465/1433 1433/1466/1434 1434/1467/1435
f 237/236/235 1432/1464/1432 1436/1468/1436
f 1438/1469/1437 44/45/45 1437/1470/1438
f 1441/1471/1439 1439/1472/1440 1440/1473/1441
f 1443/1474/1442 496/499/494 1442/1475/1443
f 1444/1476/1444 185/186/186 187/185/185
f 969/985/967 968/987/969 1445/1477/1445
f 1447/1478/1446 1445/1477/1445 1446/1479/1447
f 1450/1480/1448 1448/1481/1449 1449/1482/1450
f 1453/1483/1451 1451/1484/1452 1452/1485/1453
f 1453/1483/1451 1452/1485/1453 1454/1486/1454
f 1457/1487/1455 1455/1488/1456 1456/1489/1457
f 1209/1230/1208 1457/1487/1455 1456/1489/1457
f 1081/1097/1079 775/787/776 1458/1490/1458
f 1459/1491/1459 831/843/832 830/842/831
f 810/820/809 1460/1492/1460 1461/1493/1461
f 1464/1494/1462 1462/1495/1463 1463/1496/1464
f 1093/1112/1094 1465/1497/1465 1466/1498/1466
f 1469/1499/1467 1467/1500/1468 1468/1501/1469
f 1471/1502/1470 1470/1503/1471 52/53/53
f 1474/1504/1472 1472/1505/1473 1473/1506/1474
f 1477/1507/1475 1475/1508/1476 1476/1509/1477
f 1480/1510/1478 1478/1511/1479 1479/1512/1480
f 501/507/502 1481/1513/1481 1480/1510/1478
f 1484/1514/1482 1482/1515/1483 1483/1516/1484
f 1487/1517/1485 1485/1518/1486 1486/1519/1487
f 1490/1520/1488 1488/1521/1489 1489/1522/1490
f 1493/1523/1491 1491/1524/1492 1492/1525/1493
f 1494/1526/1494 443/443/441 442/445/443
f 995/1014/996 259/1527/260 261/1528/259
f 1495/1529/1495 261/1530/259 1259/1284/1260
f 1497/1531/1496 357/357/356 1496/1532/1497
f 1500/1533/1498 1498/1534/1499 1499/1535/1500
f 1503/1536/1501 1501/1537/1502 1502/1538/1503
f 771/782/772 1504/1539/1504 1505/1540/1505
f 1508/1541/1506 1506/1542/1507 1507/1543/1508
f 1511/1544/1509 1509/1545/1510 1510/1546/1511
f 1513/1547/1512 1512/1548/1513 1508/1541/1506
f 1516/1549/1514 1514/1550/1515 1515/1551/1516
f 1519/1552/1517 1517/1553/1518 1518/1554/1519
f 1521/1555/1520 517/520/515 1520/1556/1521
f 1524/1557/1522 1522/1558/1523 1523/1559/1524
f 1527/1560/1525 1525/1561/1526 1526/1562/1527
f 189/190/190 1528/1563/1528 1529/1564/1529
f 1532/1565/1530 1530/1566/1531 1531/1567/1532
f 1534/1568/1533 1533/1569/1534 449/449/447
f 1535/1570/1535 1112/1133/1113 771/782/772
f 1538/1571/1536 1536/1572/1537 1537/1573/1538
f 1538/1571/1536 1537/1573/1538 1539/1574/1539
f 1542/1575/1540 1540/1576/1541 1541/1577/1542
f 1543/1578/1543 195/196/196 915/932/916
f 1301/1326/1300 888/900/886 1300/1327/1301
f 1545/1579/1544 1544/1580/1545 165/166/166
f 1548/1581/1546 1546/1582/1547 1547/1583/1548
f 1551/1584/1549 1549/1585/1550 1550/1586/1551
f 1554/1587/1552 1552/1588/1553 1553/1589/1554
f 1557/1590/1555 1555/1591/1556 1556/1592/1557
f 1558/1593/1558 572/578/573 571/577/572
f 82/83/83 84/82/82 1559/1594/1559
f 82/83/83 1560/1595/1560 275/277/276
f 790/801/790 1214/1237/1215 1561/1596/1561
f 1564/1597/1562 1562/1598/1563 1563/1599/1564
f 1567/1600/1565 1565/1601/1566 1566/1602/1567
f 1570/1603/1568 1568/1604/1569 1569/1605/1570
f 1569/1605/1570 1571/1606/1571 1572/1607/1572
f 1575/1608/1573 1573/1609/1574 1574/1610/1575
f 1573/1609/1574 1576/1611/1576 1574/1610/1575
f 1578/1612/1577 1417/1446/1415 1577/1613/1578
f 1581/1614/1579 1579/1615/1580 1580/1616/1581
f 1584/1617/1582 1582/1618/1583 1583/1619/1584
f 63/61/61 1585/1620/1585 1586/1621/1586
f 1123/1144/1124 1587/1622/1587 1588/1623/1588
f 1591/1624/1589 1589/1625/1590 1590/1626/1591
f 1594/1627/1592 1592/1628/1593 1593/1629/1594
f 1597/1630/1595 1595/1631/1596 1596/1632/1597
f 1600/1633/1598 1598/1634/1599 1599/1635/1600
f 774/783/773 773/785/774 1601/1636/1601
f 1604/1637/1602 1602/1638/1603 1603/1639/1604
f 1607/1640/1605 1605/1641/1606 1606/1642/1607
f 1609/1643/1608 1582/1618/1583 1608/1644/1609
f 1612/1645/1610 1610/1646/1611 1611/1647/1612
f 1310/1334/1308 1611/1647/1612 1308/1335/1309
f 1615/1648/1613 1613/1649/1614 1614/1650/1615
f 1617/1651/1616 1606/1642/1607 1616/1652/1617
f 1620/1653/1618 1618/1654/1619 1619/1655/1620
f 1623/1656/1621 1621/1657/1622 1622/1658/1623
f 561/567/562 560/566/561 1624/1659/1624
f 1626/1660/1625 1625/1661/1626 634/641/635
f 1629/1662/1627 1627/1663/1628 1628/1664/1629
f 692/1665/690 1630/1666/1630 1631/1667/1631
f 1633/1668/1632 856/871/857 1632/1669/1633
f 1313/1339/1313 1634/1670/1634 1314/1340/1314
f 1634/1671/1634 1635/1672/1635 1636/1673/1636
f 1637/1674/1637 1174/1194/1173 757/765/756
f 1640/1675/1638 1638/1676/1639 1639/1677/1640
f 1642/1678/1641 607/614/608 1641/1679/1642
f 935/949/933 934/951/935 614/618/612
f 1645/1680/1643 1643/1681/1644 1644/1682/1645
f 1648/1683/1646 1646/1684/1647 1647/1685/1648
f 1650/1686/1649 1649/1687/1650 627/634/628
f 1653/1688/1651 1651/1689/1652 1652/1690/1653
f 46/47/47 1654/1691/1654 977/994/976
f 1657/1692/1655 1655/1693/1656 1656/1694/1657
f 1660/1695/1658 1658/1696/1659 1659/1697/1660
f 644/651/645 646/653/647 1072/1091/1073
f 1662/1698/1661 816/825/814 1661/1699/1662
f 914/930/914 1663/1700/1663 76/928/77
f 1666/1701/1664 1664/1702/1665 1665/1703/1666
f 1668/1704/1667 1667/1705/1668 827/839/828
f 257/259/258 1669/1706/1669 1670/1707/1670
f 1671/1708/1671 421/1709/422 420/1710/421
f 1674/1711/1672 1672/1712/1673 1673/1713/1674
f 1053/1072/1054 1675/1714/1675 1054/1073/1055
f 1669/1706/1669 1663/1700/1663 914/930/914
f 1534/1568/1533 528/1715/529 1676/1716/1676
f 1679/1717/1677 1677/1718/1678 1678/1719/1679
f 1682/1720/1680 1680/1721/1681 1681/1722/1682
f 1683/1723/1683 1469/1499/1467 1468/1501/1469
f 1135/1157/1136 1409/1439/1409 1684/1724/1684
f 1686/1725/1685 1015/1726/1016 1685/1727/1686
f 1262/1286/1262 497/503/498 1687/1728/1687
f 1018/1037/1019 1020/1036/1018 1688/1729/1688
f 1689/1730/1689 1686/1725/1685 1685/1727/1686
f 1692/1731/1690 1690/1732/1691 1691/1733/1692
f 1695/1734/1693 1693/1735/1694 1694/1736/1695
f 455/455/453 1696/1737/1696 453/456/454
f 458/458/456 1697/1738/1697 937/953/937
f 1368/1394/1366 1224/1244/1222 1698/1739/1698
f 1288/1310/1286 1699/1740/1699 1286/1311/1287
f 1702/1741/1700 1700/1742/1701 1701/1743/1702
f 1705/1744/1703 1703/1745/1704 1704/1746/1705
f 1708/1747/1706 1706/1748/1707 1707/1749/1708
f 1603/1750/1604 1709/1751/1709 1710/1752/1710
f 1602/1753/1603 1711/1754/1711 638/645/639
f 266/267/266 265/266/265 273/274/273
f 1714/1755/1712 1712/1756/1713 1713/1757/1714
f 1712/1756/1713 1706/1748/1707 1708/1747/1706
f 1717/1758/1715 1715/1759/1716 1716/1760/1717
f 1720/1761/1718 1718/1762/1719 1719/1763/1720
f 980/1764/978 1721/1765/1721 1722/1766/1722
f 519/525/520 518/524/519 1723/1767/1723
f 1724/1768/1724 1723/1767/1723 518/524/519
f 1726/1769/1725 1725/1770/1726 1347/1373/1347
f 1728/1771/1727 1080/1099/1081 1727/1772/1728
f 1731/1773/1729 1729/1774/1730 1730/1775/1731
f 60/58/58 1732/1776/1732 58/59/59
f 1735/1777/1733 1733/1778/1734 1734/1779/1735
f 380/382/381 1736/1780/1736 381/383/382
f 1738/1781/1737 1737/1782/1738 1346/1372/1346
f 1740/1783/1739 1739/1784/1740 875/888/874
f 1742/1785/1741 1477/1507/1475 1741/1786/1742
f 224/226/225 1743/1787/1743 1744/1788/1744
f 1747/1789/1745 1745/1790/1746 1746/1791/1747
f 1750/1792/1748 1748/1793/1749 1749/1794/1750
f 1753/1795/1751 1751/1796/1752 1752/1797/1753
f 1745/1790/1746 1754/1798/1754 1755/1799/1755
f 840/853/840 841/855/841 1756/1800/1756
f 1758/1801/1757 1631/1667/1631 1757/1802/1758
f 1759/1803/1759 1273/1298/1274 1272/1297/1273
f 1073/1090/1072 1760/1804/1760 1761/1805/1761
f 1763/1806/1762 1309/1336/1310 1762/1807/1763
f 1766/1808/1764 1764/1809/1765 1765/1810/1766
f 791/802/791 877/892/878 795/804/793
f 1109/1130/1110 1767/1811/1767 1110/1131/1111
f 1769/1812/1768 1768/1813/1769 110/111/111
f 1772/1814/1770 1770/1815/1771 1771/1816/1772
f 1774/1817/1773 1773/1818/1774 475/479/476
f 389/391/390 1775/1819/1775 390/392/391
f 1777/1820/1776 1327/1351/1325 1776/1821/1777
f 909/922/908 1778/1822/1778 1779/1823/1779
f 1782/1824/1780 1780/1825/1781 1781/1826/1782
f 1785/1827/1783 1783/1828/1784 1784/1829/1785
f 1787/1830/1786 1786/1831/1787 1138/1160/1139
f 635/642/636 1788/1832/1788 1789/1833/1789
f 184/182/182 1790/1834/1790 1791/1835/1791
f 73/74/74 1792/1836/1792 446/1837/444
f 1795/1838/1793 1793/1839/1794 1794/1840/1795
f 1459/1491/1459 1796/1841/1796 1797/1842/1797
f 1799/1843/1798 1798/1844/1799 958/976/959
f 1793/1839/1794 1795/1838/1793 1601/1845/1601
f 1801/1846/1800 1800/1847/1801 1775/1819/1775
f 1804/1848/1802 1802/1849/1803 1803/1850/1804
f 1675/1714/1675 1805/1851/1805 1806/1852/1806
f 1309/1336/1310 1308/1335/1309 3/1/1
f 1808/1853/1807 923/940/924 1807/1854/1808
f 1811/1855/1809 1809/1856/1810 1810/1857/1811
f 1813/1858/1812 1010/1027/1009 1812/1859/1813
f 643/650/644 349/348/347 647/654/648
f 643/650/644 429/432/430 349/348/347
f 1816/1860/1814 1814/1861/1815 1815/1862/1816
f 1819/1863/1817 1817/1864/1818 1818/1865/1819
f 1821/1866/1820 1169/1189/1168 1820/1867/1821
f 1783/1828/1784 1726/1769/1725 1784/1829/1785
f 1801/1846/1800 1775/1819/1775 1822/1868/1822
f 1753/1795/1751 1823/1869/1823 1824/1870/1824
f 1826/1871/1825 985/1004/986 1825/1872/1826
f 1827/1873/1827 985/1004/986 987/1003/985
f 1829/1874/1828 689/1875/687 1828/1876/1829
f 1831/1877/1830 1755/1799/1755 1830/1878/1831
f 1834/1879/1832 1832/1880/1833 1833/1881/1834
f 1834/1879/1832 1835/1882/1835 1836/1883/1836
f 861/876/862 1837/1884/1837 1838/1885/1838
f 1841/1886/1839 1839/1887/1840 1840/1888/1841
f 1356/1382/1356 1592/1628/1593 1357/1383/1357
f 1056/1074/1056 1842/1889/1842 1843/1890/1843
f 1845/1891/1844 1844/1892/1845 580/586/581
f 1847/1893/1846 854/869/855 1846/1894/1847
f 1850/1895/1848 1848/1896/1849 1849/1897/1850
f 1853/1898/1851 1851/1899/1852 1852/1900/1853
f 1202/1225/1203 1854/1901/1854 1855/1902/1855
f 1858/1903/1856 1856/1904/1857 1857/1905/1858
f 1861/1906/1859 1859/1907/1860 1860/1908/1861
f 1862/1909/1862 1827/1873/1827 987/1003/985
f 1863/1910/1863 820/832/821 822/831/820
f 1864/1911/1864 1827/1873/1827 1862/1909/1862
f 1865/1912/1865 721/726/719 1633/1668/1632
f 1866/1913/1866 289/291/290 288/290/289
f 1868/1914/1867 1867/1915/1868 289/291/290
f 1869/1916/1869 966/984/966 182/183/183
f 1872/1917/1870 1870/1918/1871 1871/1919/1872
f 1875/1920/1873 1873/1921/1874 1874/1922/1875
f 1607/1640/1605 1604/1637/1602 1603/1639/1604
f 1862/1909/1862 1876/1923/1876 1864/1911/1864
f 1047/1064/1046 1042/1061/1043 893/906/892
f 1878/1924/1877 1236/1259/1237 1877/1925/1878
f 1881/1926/1879 1879/1927/1880 1880/1928/1881
f 943/960/944 1551/1584/1549 1882/1929/1882
f 1225/1248/1226 1883/1930/1883 1884/1931/1884
f 1551/1584/1549 1885/1932/1885 1882/1929/1882
f 1887/1933/1886 1886/1934/1887 1162/1184/1163
f 1782/1824/1780 1781/1826/1782 1888/1935/1888
f 1891/1936/1889 1889/1937/1890 1890/1938/1891
f 1893/1939/1892 319/318/317 1892/1940/1893
f 1895/1941/1894 245/247/246 1894/1942/1895
f 1225/1248/1226 1896/1943/1896 1897/1944/1897
f 1899/1945/1898 1898/1946/1899 1792/1836/1792
f 1902/1947/1900 1900/1948/1901 1901/1949/1902
f 1903/1950/1903 525/530/525 524/529/524
f 1088/1107/1089 1904/1951/1904 687/694/688
f 1906/1952/1905 1398/1426/1396 1905/1953/1906
f 1369/1397/1369 1907/1954/1907 1370/1398/1370
f 571/577/572 1908/1955/1908 1909/1956/1909
f 1687/1728/1687 1410/1440/1410 1910/1957/1910
f 318/320/319 553/558/553 552/557/552
f 1912/1958/1911 898/913/899 1911/1959/1912
f 1914/1960/1913 1912/1958/1911 1913/1961/1914
f 1917/1962/1915 1915/1963/1916 1916/1964/1917
f 1920/1965/1918 1918/1966/1919 1919/1967/1920
f 715/720/713 1837/1884/1837 1921/1968/1921
f 1922/1969/1922 1067/1086/1068 696/703/697
f 82/83/83 1923/1970/1923 83/84/84
f 1926/1971/1924 1924/1972/1925 1925/1973/1926
f 1928/1974/1927 1927/1975/1928 788/800/789
f 959/1976/960 1929/1977/1929 1930/1978/1930
f 959/977/960 958/976/959 957/972/955
f 1103/1124/1104 1931/1979/1931 1932/1980/1932
f 1934/1981/1933 1933/1982/1934 1049/1068/1050
f 1935/1983/1935 623/627/621 622/629/623
f 1866/1913/1866 288/290/289 1936/1984/1936
f 1936/1985/1936 1937/1986/1937 1938/1987/1938
f 857/872/858 1939/1988/1939 1940/1989/1940
f 602/606/600 1004/1990/1002 600/607/601
f 1002/1991/1003 1004/1990/1002 602/606/600
f 1179/1201/1180 1181/1200/1179 1941/1992/1941
f 1942/1993/1942 1928/1974/1927 787/799/788
f 1945/1994/1943 1943/1995/1944 1944/1996/1945
f 1947/1997/1946 1443/1474/1442 1946/1998/1947
f 1949/1999/1948 1948/2000/1949 907/919/905
f 1952/2001/1950 1950/2002/1951 1951/2003/1952
f 1954/2004/1953 1953/2005/1954 1216/1239/1217
f 1700/1742/1701 1955/2006/1955 1956/2007/1956
f 1957/2008/1957 1015/1726/1016 1686/1725/1685
f 1958/2009/1958 467/467/465 466/469/467
f 866/881/867 467/467/465 1959/2010/1959
f 1290/1317/1291 1292/1316/1290 1960/2011/1960
f 476/477/474 1961/2012/1961 951/968/952
f 1963/2013/1962 1962/2014/1963 1543/1578/1543
f 1966/2015/1964 1964/2016/1965 1965/2017/1966
f 1968/2018/1967 1639/1677/1640 1967/2019/1968
f 1970/2020/1969 1969/2021/1970 413/416/414
f 444/447/445 327/329/328 810/820/809
f 1971/2022/1971 1863/1910/1863 822/831/820
f 1974/2023/1972 1972/2024/1973 1973/2025/1974
f 1977/2026/1975 1975/2027/1976 1976/2028/1977
f 1979/2029/1978 1978/2030/1979 696/703/697
f 1979/2029/1978 1980/2031/1980 1978/2030/1979
f 1983/2032/1981 1981/2033/1982 1982/2034/1983
f 1986/2035/1984 1984/2036/1985 1985/2037/1986
f 1989/2038/1987 1987/2039/1988 1988/2040/1989
f 1992/2041/1990 1990/2042/1991 1991/2043/1992
f 1156/1177/1156 136/137/137 858/870/856
f 248/250/249 1993/2044/1993 1994/2045/1994
f 1997/2046/1995 1995/2047/1996 1996/2048/1997
f 2000/2049/1998 1998/2050/1999 1999/2051/2000
f 101/102/102 2001/2052/2001 2002/2053/2002
f 740/748/741 2003/2054/2003 2004/2055/2004
f 708/716/709 2005/2056/2005 2006/2057/2006
f 2009/2058/2007 2007/2059/2008 2008/2060/2009
f 1969/2021/1970 1689/1730/1689 2010/2061/2010
f 2012/2062/2011 2011/2063/2012 802/812/801
f 2015/2064/2013 2013/2065/2014 2014/2066/2015
f 2018/2067/2016 2016/2068/2017 2017/2069/2018
f 2019/2070/2019 2016/2068/2017 2018/2067/2016
f 2016/2068/2017 2019/2070/2019 2020/2071/2020
f 2022/2072/2021 917/934/918 2021/2073/2022
f 2024/2074/2023 917/934/918 2023/2075/2024
f 2025/2076/2025 437/2077/438 668/2078/667
f 2028/2079/2026 2026/2080/2027 2027/2081/2028
f 2028/2079/2026 2029/2082/2029 2026/2080/2027
f 667/674/668 437/440/438 436/439/437
f 2032/2083/2030 2030/2084/2031 2031/2085/2032
f 2034/2086/2033 2033/2087/2034 1387/1416/1388
f 2034/2086/2033 2035/2088/2035 2036/2089/2036
f 2038/2090/2037 1468/1501/1469 2037/2091/2038
f 1789/1833/1789 2039/2092/2039 635/642/636
f 2041/2093/2040 1491/1524/1492 2040/2094/2041
f 1237/1258/1236 2042/2095/2042 1223/1246/1224
f 2044/2096/2043 1213/1236/1214 2043/2097/2044
f 2047/2098/2045 2045/2099/2046 2046/2100/2047
f 2049/2101/2048 2048/2102/2049 522/528/523
f 1054/1073/1055 1675/1714/1675 1806/1852/1806
f 2052/2103/2050 2050/2104/2051 2051/2105/2052
f 2054/2106/2053 1207/1227/1205 2053/2107/2054
f 2056/2108/2055 1204/1224/1202 2055/2109/2056
f 941/958/942 1585/1620/1585 755/762/753
f 1456/1489/1457 2057/2110/2057 2058/2111/2058
f 2061/2112/2059 2059/2113/2060 2060/2114/2061
f 1983/2032/1981 1982/2034/1983 2062/2115/2062
f 780/789/778 101/102/102 2002/2053/2002
f 2065/2116/2063 2063/2117/2064 2064/2118/2065
f 1540/1576/1541 2066/2119/2066 2067/2120/2067
f 2067/2120/2067 2066/2119/2066 1727/1772/1728
f 2070/2121/2068 2068/2122/2069 2069/2123/2070
f 2072/2124/2071 2071/2125/2072 1804/2126/1802
f 2074/2127/2073 2073/2128/2074 936/952/936
f 1754/1798/1754 1109/1130/1110 2075/2129/2075
f 2077/2130/2076 2076/2131/2077 1212/1232/1210
f 196/194/194 972/988/970 971/990/972
f 1211/1234/1212 1374/1403/1375 2078/2132/2078
f 2080/2133/2079 1276/1301/1277 2079/2134/2080
f 1286/1311/1287 2081/2135/2081 2082/2136/2082
f 2074/2127/2073 2083/2137/2083 2073/2128/2074
f 2083/2137/2083 2074/2127/2073 2084/2138/2084
f 2086/2139/2085 189/190/190 2085/2140/2086
f 2089/2141/2087 2087/2142/2088 2088/2143/2089
f 743/751/744 2090/2144/2090 744/752/745
f 2092/2145/2091 2091/2146/2092 1490/1520/1488
f 1821/1866/1820 1820/1867/1821 1312/1337/1311
f 674/681/675 673/680/674 2093/2147/2093
f 2096/2148/2094 2094/2149/2095 2095/2150/2096
f 1769/1812/1768 201/202/202 2097/2151/2097
f 2098/2152/2098 1741/1786/1742 1993/2044/1993
f 906/921/907 905/920/906 2099/2153/2099
f 2100/2154/2100 1779/2155/1779 1518/1554/1519
f 439/2156/440 2101/2157/2101 2102/2158/2102
f 2105/2159/2103 2103/2160/2104 2104/2161/2105
f 263/265/264 407/409/408 408/408/407
f 2107/2162/2106 2106/2163/2107 2063/2117/2064
f 2110/2164/2108 2108/2165/2109 2109/2166/2110
f 1709/1751/1709 638/645/639 637/644/638
f 2111/2167/2111 954/970/954 358/360/359
f 2114/2168/2112 2112/2169/2113 2113/2170/2114
f 2116/2171/2115 2115/2172/2116 310/309/308
f 651/655/649 1813/1858/1812 246/245/244
f 1683/1723/1683 2117/2173/2117 661/668/662
f 1695/1734/1693 1694/1736/1695 2118/2174/2118
f 162/163/163 2119/2175/2119 166/164/164
f 2122/2176/2120 2120/2177/2121 2121/2178/2122
f 2123/2179/2123 6/4/4 882/896/882
f 2125/2180/2124 2124/2181/2125 1326/1353/1327
f 236/238/237 543/549/544 237/236/235
f 1387/1416/1388 889/904/890 1388/1415/1387
f 769/2182/767 2126/2183/2126 1944/1996/1945
f 2128/2184/2127 938/2185/939 2127/2186/2128
f 1108/1127/1107 1107/1128/1108 2129/2187/2129
f 2132/2188/2130 2130/2189/2131 2131/2190/2132
f 1359/1385/1359 1188/1389/1186 1360/1387/1361
f 2135/2191/2133 2133/2192/2134 2134/2193/2135
f 500/506/501 1141/1163/1142 1481/1513/1481
f 85/86/86 48/46/46 2136/2194/2136
f 1580/1616/1581 2137/2195/2137 2138/2196/2138
f 2140/2197/2139 1788/1832/1788 2139/2198/2140
f 2138/2196/2138 2141/2199/2141 2142/2200/2142
f 2050/2104/2051 2143/2201/2143 2144/2202/2144
f 416/419/417 2145/2203/2145 417/417/415
f 945/959/943 364/366/365 387/389/388
f 2148/2204/2146 2146/2205/2147 2147/2206/2148
f 2151/2207/2149 2149/2208/2150 2150/2209/2151
f 2149/2208/2150 2151/2207/2149 520/523/518
f 2154/2210/2152 2152/2211/2153 2153/2212/2154
f 2156/2213/2155 2155/2214/2156 1233/1253/1231
f 2158/2215/2157 2157/2216/2158 89/90/90
f 2161/2217/2159 2159/2218/2160 2160/2219/2161
f 2163/2220/2162 2162/2221/2163 523/526/521
f 2076/2131/2077 2164/2222/2164 2165/2223/2165
f 2168/2224/2166 2166/2225/2167 2167/2226/2168
f 2169/2227/2169 706/714/707 639/643/637
f 2172/2228/2170 2170/2229/2171 2171/2230/2172
f 1204/1224/1202 1203/1226/1204 2173/2231/2173
f 2174/2232/2174 2170/2229/2171 2172/2228/2170
f 424/427/425 2175/2233/2175 2176/2234/2176
f 2179/2235/2177 2177/2236/2178 2178/2237/2179
f 1002/1021/1003 2152/2211/2153 1003/1022/1004
f 2182/2238/2180 2180/2239/2181 2181/2240/2182
f 1641/1679/1642 2183/2241/2183 1904/1951/1904
f 2186/2242/2184 2184/2243/2185 2185/2244/2186
f 2188/2245/2187 2187/2246/2188 1879/1927/1880
f 2191/2247/2189 2189/2248/2190 2190/2249/2191
f 2193/2250/2192 2192/2251/2193 1295/1319/1293
f 2190/2249/2191 2192/2251/2193 2193/2250/2192
f 2196/2252/2194 2194/2253/2195 2195/2254/2196
f 2199/2255/2197 2197/2256/2198 2198/2257/2199
f 1698/1739/1698 1366/1395/1367 1368/1394/1366
f 96/97/97 1514/1550/1515 1516/1549/1514
f 2200/2258/2200 1403/1434/1404 855/867/853
f 2202/2259/2201 1323/1349/1323 2201/2260/2202
f 2202/2259/2201 1354/1380/1354 1323/1349/1323
f 1800/1847/1801 2203/2261/2203 390/392/391
f 2206/2262/2204 2204/2263/2205 2205/2264/2206
f 2209/2265/2207 2207/2266/2208 2208/2267/2209
f 1106/1126/1106 227/229/228 2208/2267/2209
f 983/999/981 982/1001/983 1342/1367/1341
f 2211/2268/2210 375/374/373 2210/2269/2211
f 2213/2270/2212 1422/1455/1423 2212/2271/2213
f 752/759/750 2214/2272/2214 2215/2273/2215
f 2217/2274/2216 2216/2275/2217 30/28/28
f 2218/2276/2218 605/609/603 604/611/605
f 2221/2277/2219 2219/2278/2220 2220/2279/2221
f 2223/2280/2222 2222/2281/2223 83/84/84
f 2224/2282/2224 1178/1197/1176 1177/1199/1178
f 290/2283/288 2225/2284/2225 1936/2285/1936
f 1324/1350/1324 1319/1343/1317 1318/1345/1319
f 2226/2286/2226 1917/1962/1915 1916/1964/1917
f 2228/2287/2227 2063/2117/2064 2227/2288/2228
f 2231/2289/2229 2229/2290/2230 2230/2291/2231
f 361/363/362 363/362/361 2232/2292/2232
f 1234/1257/1235 2233/2293/2233 1230/1252/1230
f 1230/1252/1230 1229/1251/1229 2234/2294/2234
f 2236/2295/2235 2235/2296/2236 418/420/418
f 2235/2296/2236 2237/2297/2237 419/421/419
f 2238/2298/2238 256/258/257 419/421/419
f 2241/2299/2239 2239/2300/2240 2240/2301/2241
f 2243/2302/2242 2242/2303/2243 1332/1356/1330
f 2244/2304/2244 2056/2108/2055 2055/2109/2056
f 676/683/677 1284/1308/1284 1285/1309/1285
f 2246/2305/2245 2245/2306/2246 944/961/945
f 2249/2307/2247 2247/2308/2248 2248/2309/2249
f 833/844/833 2250/2310/2250 834/845/834
f 2252/2311/2251 2251/2312/2252 142/143/143
f 179/180/180 209/210/210 2253/2313/2253
f 2255/2314/2254 2254/2315/2255 973/991/973
f 2257/2316/2256 2256/2317/2257 1872/1917/1870
f 1359/1385/1359 1360/1387/1361 1362/1386/1360
f 2259/2318/2258 2258/2319/2259 1718/1762/1719
f 948/965/949 2260/2320/2260 2261/2321/2261
f 2264/2322/2262 2262/2323/2263 2263/2324/2264
f 277/276/275 2265/2325/2265 842/856/842
f 2267/2326/2266 210/211/211 2266/2327/2267
f 339/338/337 2268/2328/2268 2269/2329/2269
f 2272/2330/2270 2270/2331/2271 2271/2332/2272
f 146/147/147 2273/2333/2273 147/145/145
f 489/494/490 491/493/489 493/2334/493
f 2275/2335/2274 2274/2336/2275 491/496/489
f 2278/2337/2276 2276/2338/2277 2277/2339/2278
f 2280/2340/2279 2279/2341/2280 2278/2337/2276
f 2282/2342/2281 1944/1996/1945 2281/2343/2282
f 2285/2344/2283 2283/2345/2284 2284/2346/2285
f 210/211/211 384/386/385 211/209/209
f 2284/2347/2285 2286/2348/2286 2287/2349/2287
f 2290/2350/2288 2288/2351/2289 2289/2352/2290
f 1610/1646/1611 1308/1335/1309 1611/1647/1612
f 1996/2048/1997 1995/2047/1996 2291/2353/2291
f 1732/1776/1732 2292/2354/2292 58/59/59
f 2253/2313/2253 180/181/181 179/180/180
f 2295/2355/2293 2293/2356/2294 2294/2357/2295
f 345/347/346 2296/2358/2296 2297/2359/2297
f 2300/2360/2298 2298/2361/2299 2299/2362/2300
f 1749/1794/1750 1748/1793/1749 1814/1861/1815
f 2303/2363/2301 2301/2364/2302 2302/2365/2303
f 158/159/159 2304/2366/2304 2305/2367/2305
f 2307/2368/2306 527/532/527 2306/2369/2307
f 1520/1556/1521 2308/2370/2308 1521/1555/1520
f 1520/1556/1521 2309/2371/2309 2310/2372/2310
f 385/384/383 1627/1663/1628 1502/1538/1503
f 52/53/53 2311/2373/2311 53/54/54
f 1153/1172/1151 2312/2374/2312 2060/2114/2061
f 1234/1257/1235 283/285/284 2233/2293/2233
f 1234/1257/1235 284/283/282 283/285/284
f 1622/1658/1623 2169/2227/2169 2313/2375/2313
f 2314/2376/2314 1714/1755/1712 1713/1757/1714
f 2317/2377/2315 2315/2378/2316 2316/2379/2317
f 1590/1626/1591 2318/2380/2318 2319/2381/2319
f 2322/2382/2320 2320/2383/2321 2321/2384/2322
f 2319/2381/2319 96/97/97 2323/2385/2323
f 781/793/782 1842/2386/1842 2324/2387/2324
f 2326/2388/2325 570/573/568 2325/2389/2326
f 568/574/569 570/573/568 2326/2388/2325
f 2329/2390/2327 2327/2391/2328 2328/2392/2329
f 2331/2393/2330 1943/1995/1944 2330/2394/2331
f 2334/2395/2332 2332/2396/2333 2333/2397/2334
f 2337/2398/2335 2335/2399/2336 2336/2400/2337
f 2338/2401/2338 1483/1516/1484 450/453/451
f 2341/2402/2339 2339/2403/2340 2340/2404/2341
f 2337/2398/2335 1339/1366/1340 2342/2405/2342
f 2112/2169/2113 148/149/149 1640/1675/1638
f 2345/2406/2343 2343/2407/2344 2344/2408/2345
f 1339/1366/1340 2346/2409/2346 1346/1372/1346
f 2348/2410/2347 2347/2411/2348 509/515/510
f 417/417/415 2349/2412/2349 2350/2413/2350
f 1062/1078/1060 1061/1080/1062 2351/2414/2351
f 1061/1080/1062 2352/2415/2352 2351/2414/2351
f 767/778/768 2353/2416/2353 2354/2417/2354
f 2349/2412/2349 452/452/450 2350/2413/2350
f 2357/2418/2355 2355/2419/2356 2356/2420/2357
f 1144/1164/1143 2358/2421/2358 1137/1159/1138
f 927/941/925 2359/2422/2359 777/786/775
f 1473/1506/1474 2360/2423/2360 2361/2424/2361
f 2362/2425/2362 782/794/783 1535/1570/1535
f 2244/2304/2244 2363/2426/2363 2364/2427/2364
f 2366/2428/2365 2365/2429/2366 2348/2410/2347
f 2368/2430/2367 1503/1536/1501 2367/2431/2368
f 484/2432/485 2369/2433/2369 2370/2434/2370
f 476/477/474 991/1009/991 474/478/475
f 2372/2435/2371 2371/2436/2372 342/341/340
f 2375/2437/2373 2373/2438/2374 2374/2439/2375
f 2377/2440/2376 1382/1411/1383 2376/2441/2377
f 2378/2442/2378 528/1715/529 1778/1822/1778
f 2379/2443/2379 1555/1591/1556 1557/1590/1555
f 2382/2444/2380 2380/2445/2381 2381/2446/2382
f 1302/1329/1303 2383/2447/2383 2384/2448/2384
f 842/1424/842 1155/1176/1155 1395/1425/1395
f 183/184/184 2385/2449/2385 657/661/655
f 680/687/681 1742/1785/1741 681/685/679
f 2325/2389/2326 1742/1785/1741 680/687/681
f 1503/1536/1501 2368/2430/2367 2386/2450/2386
f 2389/2451/2387 2387/2452/2388 2388/2453/2389
f 527/532/527 997/1015/997 307/306/305
f 2392/2454/2390 2390/2455/2391 2391/2456/2392
f 2394/2457/2393 1920/1965/1918 2393/2458/2394
f 2396/2459/2395 2395/2460/2396 2137/2195/2137
f 2137/2195/2137 2395/2460/2396 2138/2196/2138
f 2397/2461/2397 1049/1068/1050 1044/1062/1044
f 2399/2462/2398 207/208/208 2398/2463/2399
f 2400/2464/2400 656/663/657 996/1012/994
f 2044/2096/2043 2043/2097/2044 925/942/926
f 2403/2465/2401 2401/2466/2402 2402/2467/2403
f 554/560/555 2404/2468/2404 555/561/556
f 708/716/709 2006/2057/2006 1898/1946/1899
f 2406/2469/2405 2025/2076/2025 2405/2470/2406
f 2408/2471/2407 2407/2472/2408 268/270/269
f 2410/2473/2409 542/545/540 2409/2474/2410
f 275/277/276 277/276/275 2411/2475/2411
f 1523/1559/1524 1379/1408/1380 2412/2476/2412
f 141/139/139 140/141/141 912/927/913
f 2413/2477/2413 621/628/622 332/334/333
f 379/380/379 629/633/627 1258/1282/1258
f 409/412/410 580/586/581 2414/2478/2414
f 224/2479/225 2415/2480/2415 225/2481/223
f 2418/2482/2416 2416/2483/2417 2417/2484/2418
f 114/115/115 113/114/114 1490/1520/1488
f 2420/2485/2419 593/597/591 2419/2486/2420
f 2422/2487/2421 2421/2488/2422 378/377/376
f 2424/2489/2423 1351/1378/1352 2423/2490/2424
f 1169/1189/1168 1821/1866/1820 2425/2491/2425
f 1716/1760/1717 2426/2492/2426 2427/2493/2427
f 2430/2494/2428 2428/2495/2429 2429/2496/2430
f 2433/2497/2431 2431/2498/2432 2432/2499/2433
f 1343/2500/1344 2434/2501/2434 956/974/957
f 2436/2502/2435 275/277/276 2435/2503/2436
f 2436/2502/2435 2435/2503/2436 2264/2322/2262
f 18/2504/16 2437/2505/2437 1231/2506/1232
f 2440/2507/2438 2438/2508/2439 2439/2509/2440
f 1804/1848/1802 1696/2510/1696 1802/1849/1803
f 2443/2511/2441 2441/2512/2442 2442/2513/2443
f 2445/2514/2444 2444/2515/2445 541/547/542
f 2446/2516/2446 2125/2180/2124 1329/1355/1329
f 2125/2180/2124 2447/2517/2447 2124/2181/2125
f 2448/2518/2448 516/522/517 515/521/516
f 2451/2519/2449 2449/2520/2450 2450/2521/2451
f 2194/2522/2195 2449/2520/2450 2451/2519/2449
f 2453/2523/2452 2452/2524/2453 1957/2008/1957
f 274/275/274 2454/2525/2454 266/267/266
f 2456/2526/2455 2455/2527/2456 290/2283/288
f 2459/2528/2457 2457/2529/2458 2458/2530/2459
f 2461/2531/2460 2460/2532/2461 1001/1019/1001
f 2464/2533/2462 2462/2534/2463 2463/2535/2464
f 196/194/194 2465/2536/2465 194/195/195
f 2467/2537/2466 1685/2538/1686 2466/2539/2467
f 2469/2540/2468 586/593/587 2468/2541/2469
f 1885/1932/1885 2470/2542/2470 2471/2543/2471
f 2473/2544/2472 425/425/423 2472/2545/2473
f 2474/2546/2474 1323/1349/1323 1318/1345/1319
f 1317/1344/1318 2474/2546/2474 1318/1345/1319
f 2477/2547/2475 2475/2548/2476 2476/2549/2477
f 1288/1310/1286 2478/2550/2478 156/154/154
f 846/859/845 843/858/844 844/857/843
f 2480/2551/2479 1696/2510/1696 2479/2552/2480
f 1696/2510/1696 455/2553/453 2479/2552/2480
f 2482/2554/2481 2481/2555/2482 1860/1908/1861
f 2484/2556/2483 1275/1300/1276 2483/2557/2484
f 1833/1881/1834 2485/2558/2485 1835/1882/1835
f 2488/2559/2486 2486/2560/2487 2487/2561/2488
f 2396/2459/2395 2489/2562/2489 2490/2563/2490
f 2486/2560/2487 2491/2564/2491 2492/2565/2492
f 415/418/416 417/417/415 2493/2566/2493
f 2494/2567/2494 2486/2560/2487 2492/2565/2492
f 2497/2568/2495 2495/2569/2496 2496/2570/2497
f 1775/1819/1775 2498/2571/2498 390/392/391
f 2501/2572/2499 2499/2573/2500 2500/2574/2501
f 1304/1328/1302 2502/2575/2502 978/997/979
f 383/385/384 2167/2226/2168 2503/2576/2503
f 260/262/261 2504/2577/2504 2505/2578/2505
f 86/705/87 2136/2579/2136 466/469/467
f 2342/2405/2342 1339/1366/1340 1338/1365/1339
f 2507/2580/2506 2506/2581/2507 672/678/672
f 2508/2582/2508 2352/2415/2352 1061/1080/1062
f 2510/2583/2509 2509/2584/2510 658/665/659
f 138/136/136 842/856/842 2265/2325/2265
f 2512/2585/2511 1777/1820/1776 2511/2586/2512
f 1777/1820/1776 2513/2587/2513 2511/2586/2512
f 2515/2588/2514 2514/2589/2515 393/395/394
f 454/457/455 2516/2590/2516 2517/2591/2517
f 2520/2592/2518 2518/2593/2519 2519/2594/2520
f 2516/2590/2516 454/457/455 2521/2595/2521
f 2524/2596/2522 2522/2597/2523 2523/2598/2524
f 2527/2599/2525 2525/2600/2526 2526/2601/2527
f 454/457/455 453/456/454 2528/2602/2528
f 2530/2603/2529 208/206/206 2529/2604/2530
f 1111/1129/1109 1110/1131/1111 1108/1127/1107
f 2072/2124/2071 2531/2605/2531 2532/2606/2532
f 2531/2605/2531 998/1017/999 2532/2606/2532
f 304/303/302 2533/2607/2533 2534/2608/2534
f 1831/1877/1830 1830/1878/1831 2535/2609/2535
f 19/20/20 2536/2610/2536 2535/2609/2535
f 881/893/879 2537/2611/2537 2538/2612/2538
f 2534/2608/2534 2533/2607/2533 2539/2613/2539
f 1316/1342/1316 1281/1306/1282 31/32/32
f 792/803/792 1147/1167/1146 2502/2575/2502
f 1309/1336/1310 2540/2614/2540 1310/1334/1308
f 2201/2260/2202 1323/1349/1323 2474/2546/2474
f 1598/1634/1599 2541/2615/2541 2542/2616/2542
f 2545/2617/2543 2543/2618/2544 2544/2619/2545
f 379/380/379 153/151/151 2546/2620/2546
f 498/2621/499 2547/2622/2547 499/2623/497
f 1707/1749/1708 2548/2624/2548 1708/1747/1706
f 2551/2625/2549 2549/2626/2550 2550/2627/2551
f 497/503/498 2552/2628/2552 498/504/499
f 1721/1765/1721 1364/1392/1365 1363/1391/1364
f 2554/2629/2553 2553/2630/2554 473/474/472
f 584/2631/582 2555/2632/2555 585/591/585
f 1949/1999/1948 2556/2633/2556 2557/2634/2557
f 2560/2635/2558 2558/2636/2559 2559/2637/2560
f 1434/1467/1435 1655/1693/1656 1025/1043/1025
f 2562/2638/2561 2561/2639/2562 47/48/48
f 2370/2640/2370 1242/1266/1242 484/489/485
f 84/82/82 139/140/140 1559/1594/1559
f 1250/1272/1248 2563/2641/2563 1248/1273/1249
f 183/184/184 657/661/655 2564/2642/2564
f 497/503/498 499/502/497 1687/1728/1687
f 2566/2643/2565 799/811/800 2565/2644/2566
f 633/637/631 2567/2645/2567 799/811/800
f 2568/2646/2568 1069/1088/1070 1070/1087/1069
f 2570/2647/2569 2569/2648/2570 1484/1514/1482
f 1641/1679/1642 607/614/608 2571/2649/2571
f 329/328/327 2572/2650/2572 327/329/328
f 829/838/827 828/840/829 2573/2651/2573
f 2576/2652/2574 2574/2653/2575 2575/2654/2576
f 1274/1296/1272 2577/2655/2577 2578/2656/2578
f 2581/2657/2579 2579/2658/2580 2580/2659/2581
f 2584/2660/2582 2582/2661/2583 2583/2662/2584
f 825/837/826 826/836/825 2585/2663/2585
f 2588/2664/2586 2586/2665/2587 2587/2666/2588
f 2586/2665/2587 2588/2664/2586 2589/2667/2589
f 227/229/228 226/228/227 2209/2265/2207
f 2592/2668/2590 2590/2669/2591 2591/2670/2592
f 1466/1498/1466 1094/1113/1095 1093/1112/1094
f 1005/1023/1005 242/244/243 2292/2354/2292
f 242/244/243 1005/1023/1005 243/242/241
f 2594/2671/2593 2593/2672/2594 1344/1371/1345
f 2597/2673/2595 2595/2674/2596 2596/2675/2597
f 2595/2674/2596 2598/2676/2598 2596/2675/2597
f 629/633/627 1184/1206/1184 625/632/626
f 2600/2677/2599 2599/2678/2600 1978/2030/1979
f 2603/2679/2601 2601/2680/2602 2602/2681/2603
f 2605/2682/2604 481/485/482 2604/2683/2605
f 2605/2682/2604 2604/2683/2605 1575/1608/1573
f 2607/2684/2606 2606/2685/2607 1420/1449/1418
f 1722/1766/1722 1581/1614/1579 2608/2686/2608
f 1341/1368/1342 2609/2687/2609 2610/2688/2610
f 1616/1652/1617 2611/2689/2611 2612/2690/2612
f 1216/1239/1217 2613/2691/2613 1217/1240/1218
f 2430/2494/2428 2614/2692/2614 2428/2495/2429
f 2034/2086/2033 2036/2089/2036 2615/2693/2615
f 319/318/317 2616/2694/2616 1892/1940/1893
f 2618/2695/2617 1130/1151/1130 2617/2696/2618
f 2616/2694/2616 319/318/317 552/557/552
f 2428/2495/2429 2539/2613/2539 2533/2607/2533
f 134/135/135 2139/2198/2140 1788/1832/1788
f 928/945/929 2619/2697/2619 929/946/930
f 929/946/930 2619/2697/2619 2620/2698/2620
f 2578/2656/2578 2577/2655/2577 2621/2699/2621
f 616/623/617 1275/1300/1276 2484/2556/2483
f 2458/2530/2459 2622/2700/2622 2623/2701/2623
f 2625/2702/2624 2624/2703/2625 1337/2704/1337
f 2625/2702/2624 2626/2705/2626 2624/2703/2625
f 2629/2706/2627 2627/2707/2628 2628/2708/2629
f 51/49/49 50/51/51 2619/2697/2619
f 2349/2412/2349 2338/2401/2338 452/452/450
f 1739/1784/1740 348/350/349 875/888/874
f 1065/1081/1063 2630/2709/2630 1273/1298/1274
f 2423/2490/2424 974/992/974 2424/2489/2423
f 2464/2533/2462 2463/2535/2464 2631/2710/2631
f 2634/2711/2632 2632/2712/2633 2633/2713/2634
f 1063/2714/1064 2635/2715/2635 1059/1077/1059
f 1892/1940/1893 2616/2694/2616 552/557/552
f 1931/1979/1931 1103/1124/1104 2636/2716/2636
f 1932/1980/1932 1931/1979/1931 1372/1401/1373
f 1626/1660/1625 2216/2275/2217 2637/2717/2637
f 2374/2439/2375 615/2718/616 2638/2719/2638
f 2640/2720/2639 80/81/81 2639/2721/2640
f 2642/2722/2641 2641/2723/2642 1383/1412/1384
f 2644/2724/2643 2643/2725/2644 2367/2431/2368
f 2405/2470/2406 2025/2076/2025 668/2078/667
f 2645/2726/2645 668/673/667 667/674/668
f 2647/2727/2646 2204/2263/2205 2646/2728/2647
f 2647/2727/2646 2646/2728/2647 2648/2729/2648
f 1876/1923/1876 1862/1909/1862 2649/2730/2649
f 2651/2731/2650 1674/1711/1672 2650/2732/2651
f 501/507/502 1480/1510/1478 1479/1512/1480
f 2653/2733/2652 1117/1138/1118 2652/2734/2653
f 1868/2735/1867 1947/1997/1946 2654/2736/2654
f 2655/2737/2655 1839/1887/1840 2129/2738/2129
f 2230/2291/2231 2656/2739/2656 2231/2289/2229
f 2658/2740/2657 2657/2741/2658 2656/2739/2656
f 1947/1997/1946 2659/2742/2659 1439/1472/1440
f 2662/2743/2660 2660/2744/2661 2661/2745/2662
f 503/509/504 2663/2746/2663 504/510/505
f 2665/2747/2664 2664/2748/2665 963/982/964
f 2667/2749/2666 2666/2750/2667 423/426/424
f 2669/2751/2668 2668/2752/2669 1224/1244/1222
f 1911/1959/1912 847/862/848 1090/1108/1090
f 2432/2499/2433 2431/2498/2432 2670/2753/2670
f 245/247/246 244/246/245 2671/2754/2671
f 2672/2755/2672 118/116/116 117/118/118
f 1670/1707/1670 1669/1706/1669 2673/2756/2673
f 1739/1784/1740 1740/1783/1739 2674/2757/2674
f 2677/2758/2675 2675/2759/2676 2676/2760/2677
f 2680/2761/2678 2678/2762/2679 2679/2763/2680
f 2683/2764/2681 2681/2765/2682 2682/2766/2683
f 1664/1702/1665 2099/2153/2099 905/920/906
f 630/636/630 2684/2767/2684 32/33/33
f 356/358/357 350/352/351 2685/2768/2685
f 2686/2769/2686 1945/1994/1943 2282/2342/2281
f 2689/2770/2687 2687/2771/2688 2688/2772/2689
f 2685/2768/2685 350/352/351 1168/1190/1169
f 2690/2773/2690 2684/2767/2684 605/609/603
f 143/144/144 1060/1079/1061 2691/2774/2691
f 838/849/838 1221/1241/1219 2275/2335/2274
f 1520/1556/1521 322/324/323 2692/2775/2692
f 2693/2776/2693 1791/1835/1791 1697/2777/1697
f 2696/2778/2694 2694/2779/2695 2695/2780/2696
f 651/2781/649 2697/2782/2697 1813/2783/1812
f 67/68/68 1274/1296/1272 68/69/69
f 1289/1313/1289 728/2784/729 340/1314/341
f 2699/2785/2698 286/288/287 2698/2786/2699
f 1351/1378/1352 2453/2523/2452 1957/2008/1957
f 2701/2787/2700 1810/1857/1811 2700/2788/2701
f 1163/1183/1162 2702/2789/2702 2703/2790/2703
f 1351/1378/1352 2704/2791/2704 2453/2523/2452
f 1867/1915/1868 2705/2792/2705 1193/1214/1192
f 830/842/831 1718/1762/1719 2706/2793/2706
f 2258/2319/2259 2706/2793/2706 1718/1762/1719
f 2292/2794/2292 1779/2155/1779 2707/2795/2707
f 2708/2796/2708 1965/2797/1966 586/2798/587
f 1404/1432/1402 1403/1434/1404 2200/2258/2200
f 1820/1867/1821 559/562/557 1312/1337/1311
f 2151/2207/2149 518/524/519 520/523/518
f 407/409/408 262/264/263 2709/2799/2709
f 265/410/265 407/409/408 2709/2799/2709
f 2712/2800/2710 2710/2801/2711 2711/2802/2712
f 2715/2803/2713 2713/2804/2714 2714/2805/2715
f 940/957/941 414/414/412 2716/2806/2716
f 1434/1467/1435 1659/1697/1660 1655/1693/1656
f 2719/2807/2717 2717/2808/2718 2718/2809/2719
f 259/261/260 2504/2577/2504 260/262/261
f 1273/1298/1274 2720/2810/2720 2721/2811/2721
f 1140/1162/1141 2722/2812/2722 2723/2813/2723
f 2255/2314/2254 973/991/973 2724/2814/2724
f 2725/2815/2725 2255/2314/2254 2724/2814/2724
f 2727/2816/2726 2726/2817/2727 873/887/873
f 1159/1178/1157 2728/2818/2728 354/356/355
f 592/599/593 2419/2486/2420 593/597/591
f 773/785/774 772/784/770 1608/1644/1609
f 979/998/980 2727/2819/2726 1364/2820/1365
f 2731/2821/2729 2729/2822/2730 2730/2823/2731
f 2730/2823/2731 2732/2824/2732 2733/2825/2733
f 435/435/433 439/2156/440 2102/2158/2102
f 941/958/942 940/957/941 2716/2806/2716
f 433/436/434 439/2156/440 434/437/435
f 2736/2826/2734 2734/2827/2735 2735/2828/2736
f 973/991/973 153/151/151 1154/1175/1154
f 2738/2829/2737 2601/2680/2602 2737/2830/2738
f 717/725/718 2734/2827/2735 2736/2826/2734
f 2741/2831/2739 2739/2832/2740 2740/2833/2741
f 2744/2834/2742 2742/2835/2743 2743/2836/2744
f 2746/2837/2745 1849/1897/1850 2745/2838/2746
f 2748/2839/2747 990/1006/988 2747/2840/2748
f 1171/1193/1172 899/911/897 1172/1191/1170
f 2184/2243/2185 1904/1951/1904 2185/2244/2186
f 2750/2841/2749 2458/2530/2459 2749/2842/2750
f 966/984/966 2751/2843/2751 2385/2449/2385
f 1122/1143/1123 2464/2533/2462 2752/2844/2752
f 2753/2845/2753 975/993/975 1352/1379/1353
f 2754/2846/2754 1115/1136/1116 1262/1286/1262
f 2757/2847/2755 2755/2848/2756 2756/2849/2757
f 2758/2850/2758 1461/1493/1461 444/447/445
f 2760/2851/2759 2759/2852/2760 1984/2036/1985
f 1922/1969/1922 2761/2853/2761 1067/1086/1068
f 2763/2854/2762 2762/2855/2763 1981/2033/1982
f 1135/1157/1136 563/569/564 1136/1155/1134
f 2765/2856/2764 1397/1428/1398 2764/2857/2765
f 2767/2858/2766 2766/2859/2767 2765/2856/2764
f 2769/2860/2768 2768/2861/2769 2353/2416/2353
f 2331/2862/2330 2770/2863/2770 2353/2416/2353
f 2773/2864/2771 2771/2865/2772 2772/2866/2773
f 1438/1469/1437 2774/2867/2774 2775/2868/2775
f 2570/2647/2569 1484/1514/1482 1483/1516/1484
f 1493/1523/1491 2776/2869/2776 2777/2870/2777
f 2780/2871/2778 2778/2872/2779 2779/2873/2780
f 434/437/435 439/2156/440 435/435/433
f 2782/2874/2781 2781/2875/2782 1711/2876/1711
f 2783/2877/2783 2781/2875/2782 2782/2874/2781
f 2785/2878/2784 2784/2879/2785 2056/2108/2055
f 2197/2256/2198 2786/2880/2786 2198/2257/2199
f 2788/2881/2787 2787/2882/2788 460/463/461
f 1826/1871/1825 2789/2883/2789 2790/2884/2790
f 460/463/461 459/462/460 2788/2881/2787
f 1475/1508/1476 1477/1507/1475 2150/2209/2151
f 2792/2885/2791 150/148/148 2791/2886/2792
f 2794/2887/2793 2793/2888/2794 2480/2551/2479
f 2456/2889/2455 290/289/288 2795/2890/2795
f 2797/2891/2796 404/406/405 2796/2892/2797
f 2799/2893/2798 2798/2894/2799 1788/1832/1788
f 2798/2894/2799 134/135/135 1788/1832/1788
f 2801/2895/2800 2800/2896/2801 714/722/715
f 1038/1054/1036 2802/2897/2802 2803/2898/2803
f 1788/1832/1788 2804/2899/2804 1789/1833/1789
f 2768/2861/2769 2805/2900/2805 2806/2901/2806
f 1697/2777/1697 2400/2464/2400 937/2902/937
f 2807/2903/2807 1726/1769/1725 1349/1376/1350
f 1784/1829/1785 1726/1769/1725 2808/2904/2808
f 1697/2777/1697 2696/2778/2694 2400/2464/2400
f 1697/2777/1697 2809/2905/2809 2696/2778/2694
f 1222/1245/1223 1224/1244/1222 2668/2752/2669
f 1414/1445/1414 2810/2906/2810 199/2907/197
f 1636/1673/1636 1635/1672/1635 2811/2908/2811
f 738/743/736 840/853/840 1756/1800/1756
f 2812/2909/2812 1202/1225/1203 1855/1902/1855
f 2813/2910/2813 1819/1863/1817 1729/1774/1730
f 2515/2911/2514 392/2912/393 2814/2913/2814
f 1890/1938/1891 1889/1937/1890 2815/2914/2815
f 2818/2915/2816 2816/2916/2817 2817/2917/2818
f 1002/1991/1003 602/606/600 1010/1027/1009
f 2820/2918/2819 2721/2811/2721 2819/2919/2820
f 1488/1521/1489 2821/2920/2821 2822/2921/2822
f 2824/2922/2823 2823/2923/2824 2212/2271/2213
f 1974/2023/1972 2825/2924/2825 1972/2024/1973
f 1481/1513/1481 1140/1162/1141 2723/2813/2723
f 2369/2433/2369 915/932/916 2370/2434/2370
f 2828/2925/2826 2826/2926/2827 2827/2927/2828
f 2171/2230/2172 2829/2928/2829 2172/2228/2170
f 1128/1150/1129 1127/1149/1128 141/139/139
f 2831/2929/2830 2830/2930/2831 2771/2865/2772
f 2832/2931/2832 2532/2606/2532 1000/1016/998
f 2719/2807/2717 2833/2932/2833 581/584/579
f 2836/2933/2834 2834/2934/2835 2835/2935/2836
f 987/1003/985 2837/2936/2837 1862/1909/1862
f 2838/2937/2838 2642/2722/2641 1383/1412/1384
f 1961/2012/1961 2839/2938/2839 952/969/953
f 1330/1357/1331 2242/2303/2243 1935/1983/1935
f 689/693/687 2840/2939/2840 687/694/688
f 2843/2940/2841 2841/2941/2842 2842/2942/2843
f 2846/2943/2844 2844/2944/2845 2845/2945/2846
f 579/585/580 2846/2943/2844 2845/2945/2846
f 1461/1493/1461 1623/1656/1621 2847/2946/2847
f 878/890/876 2848/2947/2848 876/891/877
f 2851/2948/2849 2849/2949/2850 2850/2950/2851
f 2853/2951/2852 2852/2952/2853 256/258/257
f 1880/2953/1881 2854/2954/2854 2855/2955/2855
f 2857/2956/2856 1328/1354/1328 2856/2957/2857
f 2860/2958/2858 2858/2959/2859 2859/2960/2860
f 549/555/550 1817/1864/1818 550/556/551
f 1033/1052/1034 2861/2961/2861 2862/2962/2862
f 2864/2963/2863 2302/2365/2303 2863/2964/2864
f 2867/2965/2865 2865/2966/2866 2866/2967/2867
f 2870/2968/2868 2868/2969/2869 2869/2970/2870
f 1226/1247/1225 1942/1993/1942 2871/2971/2871
f 233/235/234 2099/2153/2099 1664/1702/1665
f 1744/2972/1744 2872/2973/2872 2468/2974/2469
f 1744/1788/1744 1743/1787/1743 2872/2975/2872
f 2433/2497/2431 2873/2976/2873 2874/2977/2874
f 1397/1428/1398 1396/1427/1397 2764/2857/2765
f 2876/2978/2875 2875/2979/2876 2404/2468/2404
f 2879/2980/2877 2877/2981/2878 2878/2982/2879
f 2881/2983/2880 2880/2984/2881 1689/1730/1689
f 2883/2985/2882 2882/2986/2883 2224/2282/2224
f 2886/2987/2884 2884/2988/2885 2885/2989/2886
f 2888/2990/2887 2887/2991/2888 219/2992/220
f 1710/1752/1710 184/182/182 2889/2993/2889
f 2328/2392/2329 1589/1625/1590 1591/1624/1589
f 1190/1213/1191 2890/2994/2890 1191/1211/1189
f 1191/1211/1189 540/546/541 1424/1457/1425
f 2891/2995/2891 276/278/277 1560/1595/1560
f 2702/2789/2702 1052/1070/1052 2892/2996/2892
f 156/154/154 2478/2550/2478 1575/1608/1573
f 2451/2997/2449 2644/2998/2643 1758/1801/1757
f 1146/2999/1147 2893/3000/2893 873/887/873
f 2676/2760/2677 2894/3001/2894 2895/3002/2895
f 1384/1410/1382 2877/2981/2878 2879/2980/2877
f 2898/3003/2896 2896/3004/2897 2897/3005/2898
f 1390/1417/1389 556/559/554 555/561/556
f 2900/3006/2899 2107/2162/2106 2899/3007/2900
f 312/314/313 2901/3008/2901 2902/3009/2902
f 1378/1406/1378 2903/3010/2903 2904/3011/2904
f 1230/1252/1230 2233/2293/2233 283/285/284
f 2578/2656/2578 2905/3012/2905 1272/1297/1273
f 2907/3013/2906 2061/2112/2059 2906/3014/2907
f 1084/1100/1082 107/108/108 2908/3015/2908
f 2911/3016/2909 2909/3017/2910 2910/3018/2911
f 1676/1716/1676 528/1715/529 2378/2442/2378
f 1279/1303/1279 2912/3019/2912 1457/1487/1455
f 1489/1522/1490 1488/1521/1489 2913/3020/2913
f 2916/3021/2914 2914/3022/2915 2915/3023/2916
f 363/362/361 2917/3024/2917 2232/2292/2232
f 2919/3025/2918 818/830/819 2918/3026/2919
f 2563/2641/2563 2920/3027/2920 2566/3028/2565
f 2923/3029/2921 2921/3030/2922 2922/3031/2923
f 1878/3032/1877 986/1005/987 985/1004/986
f 817/829/818 213/214/214 818/830/819
f 2454/2525/2454 60/58/58 266/267/266
f 2926/3033/2924 2924/3034/2925 2925/3035/2926
f 2928/3036/2927 2927/3037/2928 2278/3038/2276
f 1759/1803/1759 1065/1081/1063 1273/1298/1274
f 1593/1629/1594 2005/3039/2005 2929/3040/2929
f 2283/2345/2284 2930/3041/2930 2284/2346/2285
f 2933/3042/2931 2931/3043/2932 2932/3044/2933
f 2935/3045/2934 2853/3046/2852 2934/3047/2935
f 2473/2544/2472 2936/3048/2936 1514/1550/1515
f 1362/1386/1360 677/684/678 1359/1385/1359
f 850/865/851 2937/3049/2937 851/866/852
f 1795/1838/1793 2938/3050/2938 2049/2101/2048
f 224/2479/225 2468/2541/2469 2415/2480/2415
f 2941/3051/2939 2939/3052/2940 2940/3053/2941
f 2939/3052/2940 2942/3054/2942 2940/3053/2941
f 384/386/385 383/385/384 211/209/209
f 2944/3055/2943 2860/2958/2858 2943/3056/2944
f 2056/2108/2055 2784/2879/2785 700/708/701
f 2947/3057/2945 2945/3058/2946 2946/3059/2947
f 1423/1453/1421 2944/3055/2943 1421/1454/1422
f 2128/2184/2127 2948/3060/2948 2949/3061/2949
f 2951/3062/2950 2950/3063/2951 966/984/966
f 839/852/839 2952/3064/2952 290/289/288
f 2954/3065/2953 2953/3066/2954 2751/2843/2751
f 2956/3067/2955 2955/3068/2956 91/89/89
f 2950/3063/2951 2954/3065/2953 2751/2843/2751
f 2959/3069/2957 2957/3070/2958 2958/3071/2959
f 423/426/424 1296/1322/1296 2667/2749/2666
f 2962/3072/2960 2960/3073/2961 2961/3074/2962
f 2612/2690/2612 2611/2689/2611 2963/3075/2963
f 882/896/882 2145/2203/2145 416/419/417
f 365/367/366 364/366/365 2343/2407/2344
f 2521/2595/2521 2961/3074/2962 2960/3073/2961
f 2965/3076/2964 1218/1238/1216 2964/3077/2965
f 2966/3078/2966 2593/2672/2594 2594/2671/2593
f 2964/3077/2965 1445/1477/1445 2965/3076/2964
f 896/908/894 2967/3079/2967 2968/3080/2968
f 2970/3081/2969 2969/3082/2970 2435/2503/2436
f 1255/1280/1256 1046/1065/1047 2971/3083/2971
f 2892/2996/2892 1051/1069/1051 2972/3084/2972
f 1113/1132/1112 1112/1133/1113 782/794/783
f 1149/1171/1150 1148/1170/1149 2973/3085/2973
f 2258/2319/2259 2259/2318/2258 794/806/795
f 1922/1969/1922 2670/2753/2670 2761/2853/2761
f 2975/3086/2974 1117/1138/1118 2974/3087/2975
f 2761/2853/2761 2976/3088/2976 2977/3089/2977
f 2431/2498/2432 2977/3089/2977 2976/3088/2976
f 1135/1157/1136 3/1/1 800/3090/798
f 2978/3091/2978 2652/2734/2653 1117/1138/1118
f 304/303/302 2534/2608/2534 2979/3092/2979
f 2981/3093/2980 564/570/565 2980/3094/2981
f 2453/2523/2452 2704/2791/2704 2463/2535/2464
f 2983/3095/2982 2982/3096/2983 2801/2895/2800
f 74/75/75 73/74/74 2984/3097/2984
f 2986/3098/2985 1871/1919/1872 2985/3099/2986
f 2536/2610/2536 1831/1877/1830 2535/2609/2535
f 2501/2572/2499 700/708/701 286/288/287
f 2987/3100/2987 2243/2302/2242 1332/1356/1330
f 2988/3101/2988 1261/1283/1259 1260/1285/1261
f 1633/1668/1632 721/726/719 2989/3102/2989
f 2655/2737/2655 1658/1696/1659 1660/1695/1658
f 2990/3103/2990 1894/1942/1895 885/897/883
f 1047/1064/1046 2991/3104/2991 2971/3083/2971
f 2993/3105/2992 2992/3106/2993 2117/2173/2117
f 419/421/419 2237/2297/2237 2238/2298/2238
f 962/3107/962 2738/2829/2737 2737/2830/2738
f 2522/2597/2523 2740/2833/2741 2994/3108/2994
f 1668/1704/1667 2995/3109/2995 2118/2174/2118
f 2481/2555/2482 294/296/295 2996/3110/2996
f 1791/1835/1791 2693/2776/2693 2997/3111/2997
f 2998/3112/2998 431/431/429 1365/1390/1363
f 1255/1280/1256 2588/2664/2586 1256/1278/1254
f 3000/3113/2999 2999/3114/3000 335/337/336
f 1030/1047/1029 451/454/452 3001/3115/3001
f 1856/1904/1857 3002/3116/3002 1427/1460/1428
f 1698/1739/1698 3003/3117/3003 3004/3118/3004
f 851/866/852 1011/1029/1011 516/522/517
f 282/284/283 3005/3119/3005 1229/1251/1229
f 1943/1995/1944 2331/2393/2330 769/2182/767
f 860/875/861 3006/3120/3006 3007/3121/3007
f 3008/3122/3008 1808/1853/1807 168/169/169
f 1506/1542/1507 3009/3123/3009 1507/1543/1508
f 1656/1694/1657 1658/1696/1659 1657/1692/1655
f 505/508/503 504/510/505 422/422/420
f 3010/3124/3010 1728/1771/1727 2066/2119/2066
f 2546/2620/2546 603/610/604 1184/1206/1184
f 404/406/405 2797/2891/2796 405/407/406
f 3012/3125/3011 3011/3126/3012 2742/2835/2743
f 569/575/570 3011/3126/3012 570/573/568
f 3014/3127/3013 2527/2599/2525 3013/3128/3014
f 3017/3129/3015 3015/3130/3016 3016/3131/3017
f 2980/3094/2981 3018/3132/3018 2978/3091/2978
f 3020/3133/3019 3019/3134/3020 2136/2194/2136
f 3020/3133/3019 3021/3135/3021 3019/3134/3020
f 3024/3136/3022 3022/3137/3023 3023/3138/3024
f 3025/3139/3025 622/629/623 2146/3140/2147
f 3028/3141/3026 3026/3142/3027 3027/3143/3028
f 3029/3144/3029 1606/1642/1607 1617/1651/1616
f 1764/1809/1765 1616/1652/1617 1606/1642/1607
f 174/175/175 3030/3145/3030 997/1015/997
f 1613/1649/1614 1615/1648/1613 2557/2634/2557
f 2408/2471/2407 267/269/268 3031/3146/3031
f 3033/3147/3032 2261/2321/2261 3032/3148/3033
f 709/715/708 522/528/523 3034/3149/3034
f 2245/2306/2246 1837/1884/1837 3035/3150/3035
f 3038/3151/3036 3036/3152/3037 3037/3153/3038
f 1709/1751/1709 320/321/320 1710/1752/1710
f 320/321/320 1709/1751/1709 637/644/638
f 637/644/638 3039/3154/3039 320/321/320
f 1786/1831/1787 1787/1830/1786 3040/3155/3040
f 3041/3156/3041 1186/1209/1187 3040/3155/3040
f 3043/3157/3042 3042/3158/3043 2629/2706/2627
f 3046/3159/3044 3044/3160/3045 3045/3161/3046
f 3049/3162/3047 3047/3163/3048 3048/3164/3049
f 1430/1463/1431 1429/1462/1430 3050/3165/3050
f 2167/2226/2168 1444/1476/1444 2503/2576/2503
f 3053/3166/3051 3051/3167/3052 3052/3168/3053
f 1826/1871/1825 2790/2884/2790 985/1004/986
f 634/641/635 636/640/634 1626/1660/1625
f 3055/3169/3054 3054/3170/3055 2609/2687/2609
f 3058/3171/3056 3056/3172/3057 3057/3173/3058
f 3059/3174/3059 1767/1811/1767 1754/1798/1754
f 2095/2150/2096 1113/1132/1112 782/794/783
f 3060/3175/3060 893/906/892 160/160/160
f 3062/3176/3061 3061/3177/3062 138/136/136
f 3065/3178/3063 3063/3179/3064 3064/3180/3065
f 3067/3181/3066 3066/3182/3067 1988/2040/1989
f 3068/3183/3068 2165/2223/2165 2164/2222/2164
f 3068/3183/3068 2087/2142/2088 2165/2223/2165
f 3069/3184/3069 839/852/839 1192/1215/1193
f 3072/3185/3070 3070/3186/3071 3071/3187/3072
f 691/698/692 2267/2326/2266 212/3188/213
f 214/212/212 691/3189/692 212/213/213
f 3073/3190/3073 1667/1705/1668 2118/2174/2118
f 3075/3191/3074 3074/3192/3075 2815/3193/2815
f 1667/1705/1668 3073/3190/3073 1693/1735/1694
f 3076/3194/3076 1548/1581/1546 1547/1583/1548
f 906/921/907 2523/2598/2524 907/919/905
f 560/566/561 1155/1176/1155 3077/3195/3077
f 1763/1806/1762 2848/2947/2848 3078/3196/3078
f 2144/2202/2144 3079/3197/3079 2496/2570/2497
f 2218/2276/2218 147/145/145 605/609/603
f 147/145/145 2218/2276/2218 145/146/146
f 3082/3198/3080 3080/3199/3081 3081/3200/3082
f 3084/3201/3083 2755/2848/2756 3083/3202/3084
f 3087/3203/3085 3085/3204/3086 3086/3205/3087
f 2880/2984/2881 3088/3206/3088 2010/2061/2010
f 2010/2061/2010 1689/1730/1689 2880/2984/2881
f 701/707/700 700/708/701 2784/2879/2785
f 3091/3207/3089 3089/3208/3090 3090/3209/3091
f 1948/2000/1949 2020/2071/2020 81/79/79
f 1402/1433/1403 1404/1432/1402 3092/3210/3092
f 2134/2193/2135 3093/3211/3093 2600/2677/2599
f 218/219/219 220/218/218 3094/3212/3094
f 3095/3213/3095 3094/3212/3094 220/218/218
f 3092/3210/3092 1404/1432/1402 3096/3214/3096
f 3097/3215/3097 1614/1650/1615 1613/1649/1614
f 1081/1097/1079 2404/2468/2404 1079/1098/1080
f 1614/1650/1615 3097/3215/3097 2017/2069/2018
f 1080/1099/1081 3098/3216/3098 1081/1097/1079
f 3101/3217/3099 3099/3218/3100 3100/3219/3101
f 2680/2761/2678 3102/3220/3102 2678/2762/2679
f 374/376/375 373/375/374 480/481/478
f 2144/2202/2144 2054/2106/2053 2050/2104/2051
f 634/641/635 2031/2085/2032 635/642/636
f 810/820/809 1461/1493/1461 2758/2850/2758
f 3103/3221/3103 1657/1692/1655 1658/1696/1659
f 1920/1965/1918 1796/1841/1796 1918/1966/1919
f 1560/1595/1560 82/83/83 1559/1594/1559
f 3104/3222/3104 2777/3223/2777 1913/1961/1914
f 3106/3224/3105 3057/3173/3058 3105/3225/3106
f 2993/3105/2992 3107/3226/3107 2443/2511/2441
f 1071/1089/1071 1069/1088/1070 2568/2646/2568
f 1483/1516/1484 3108/3227/3108 450/453/451
f 1712/1756/1713 1708/1747/1706 1713/1757/1714
f 114/115/115 1490/1520/1488 1437/1470/1438
f 475/479/476 971/990/972 1774/1817/1773
f 3111/3228/3109 3109/3229/3110 3110/3230/3111
f 2129/2738/2129 1839/1887/1840 1841/1886/1839
f 474/478/475 2465/2536/2465 196/194/194
f 145/146/146 3112/3231/3112 804/816/805
f 2414/2478/2414 410/413/411 409/412/410
f 3114/3232/3113 3113/3233/3114 1527/1560/1525
f 410/413/411 3115/3234/3115 766/3235/765
f 3117/3236/3116 3116/3237/3117 1856/1904/1857
f 3119/3238/3118 3118/3239/3119 2304/2366/2304
f 3121/3240/3120 3120/3241/3121 2090/3242/2090
f 2090/3242/2090 3122/3243/3122 3121/3240/3120
f 1027/1046/1028 1637/1674/1637 757/765/756
f 1174/1194/1173 1637/1674/1637 1027/1046/1028
f 1669/1706/1669 257/259/258 3123/3244/3123
f 769/777/767 960/975/958 2126/3245/2126
f 979/998/980 1147/1167/1146 2727/2819/2726
f 527/532/527 2307/2368/2306 3124/3246/3124
f 2497/2568/2495 2836/2933/2834 2495/2569/2496
f 3126/3247/3125 3125/3248/3126 3048/3164/3049
f 2369/2433/2369 1963/2013/1962 1543/1578/1543
f 1850/1895/1848 1189/1212/1190 1191/1211/1189
f 1470/1503/1471 237/236/235 3127/3249/3127
f 1618/1654/1619 1873/1921/1874 2196/3250/2194
f 3129/3251/3128 3128/3252/3129 2045/2099/2046
f 3131/3253/3130 3130/3254/3131 1653/3255/1651
f 2466/2539/2467 3132/3256/3132 3133/3257/3133
f 2537/2611/2537 2773/2864/2771 3134/3258/3134
f 1048/1066/1048 1046/1065/1047 1255/1280/1256
f 3137/3259/3135 3135/3260/3136 3136/3261/3137
f 3139/3262/3138 3138/3263/3139 2440/2507/2438
f 3136/3261/3137 3135/3260/3136 3140/3264/3140
f 1778/1822/1778 530/3265/528 1779/1823/1779
f 2884/2988/2885 2886/2987/2884 3141/3266/3141
f 2471/2543/2471 3142/3267/3142 1882/1929/1882
f 2177/2236/2178 3143/3268/3143 2178/2237/2179
f 1219/1242/1220 1221/1241/1219 3144/3269/3144
f 3145/3270/3145 2592/2668/2590 2591/2670/2592
f 1563/1599/1564 2473/2544/2472 1514/1550/1515
f 1937/1986/1937 3146/3271/3146 3147/3272/3147
f 655/662/656 3148/3273/3148 992/1010/992
f 1501/1537/1502 2368/2430/2367 383/385/384
f 991/1009/991 194/195/195 474/478/475
f 1642/1678/1641 1641/1679/1642 1088/1107/1089
f 1787/1830/1786 1138/1160/1139 1137/1159/1138
f 361/363/362 2839/3274/2839 3149/3275/3149
f 296/3276/294 284/283/282 1235/1256/1234
f 3152/3277/3150 3150/3278/3151 3151/3279/3152
f 1149/1171/1150 756/766/757 757/765/756
f 3154/3280/3153 3153/3281/3154 2191/2247/2189
f 3156/3282/3155 2646/2728/2647 3155/3283/3156
f 1859/1907/1860 3157/3284/3157 3158/3285/3158
f 138/136/136 3061/3177/3062 136/137/137
f 3161/3286/3159 3159/3287/3160 3160/3288/3161
f 3163/3289/3162 3162/3290/3163 2618/2695/2617
f 3166/3291/3164 3164/3292/3165 3165/3293/3166
f 1429/1462/1430 3165/3293/3166 3164/3292/3165
f 3168/3294/3167 3167/3295/3168 2970/3296/2969
f 3171/3297/3169 3169/3298/3170 3170/3299/3171
f 1555/1591/1556 2992/3106/2993 2993/3105/2992
f 3174/3300/3172 3172/3301/3173 3173/3302/3174
f 2006/3303/2006 1597/1630/1595 1596/1632/1597
f 3176/3304/3175 3175/3305/3176 585/591/585
f 722/730/723 3177/3306/3177 2648/2729/2648
f 3025/3307/3025 2146/2205/2147 2256/2317/2257
f 2268/2328/2268 3025/3307/3025 2256/2317/2257
f 3180/3308/3178 3178/3309/3179 3179/3310/3180
f 3181/3311/3181 1115/1136/1116 2754/2846/2754
f 3184/3312/3182 3182/3313/3183 3183/3314/3184
f 3185/3315/3185 2399/2462/2398 2398/2463/2399
f 2924/3034/2925 2926/3033/2924 3186/3316/3186
f 3187/3317/3187 49/50/50 51/49/49
f 3189/3318/3188 3188/3319/3189 533/536/531
f 671/675/669 1232/1255/1233 669/676/670
f 3190/3320/3190 1894/1942/1895 245/247/246
f 2709/2799/2709 262/264/263 1298/1325/1299
f 3191/3321/3191 1697/3322/1697 458/3323/456
f 3194/3324/3192 3192/3325/3193 3193/3326/3194
f 1351/1378/1352 1957/2008/1957 3195/3327/3195
f 78/3328/76 308/310/309 3196/3329/3196
f 1386/1414/1386 172/170/170 303/305/304
f 2165/2223/2165 3197/3330/3197 3198/3331/3198
f 3200/3332/3199 3199/3333/3200 2861/2961/2861
f 3197/3330/3197 2165/2223/2165 2089/2141/2087
f 2165/2223/2165 2087/2142/2088 2089/2141/2087
f 78/929/76 3196/3334/3196 914/930/914
f 2491/2564/2491 3201/3335/3201 2492/2565/2492
f 216/217/217 215/216/216 2001/2052/2001
f 429/432/430 347/349/348 349/348/347
f 1386/1414/1386 1385/1413/1385 2442/2513/2443
f 2442/2513/2443 1385/1413/1385 2941/3051/2939
f 2737/2830/2738 2601/2680/2602 1823/1869/1823
f 3203/3336/3202 2103/2160/2104 3202/3337/3203
f 24/22/22 3204/3338/3204 2303/2363/2301
f 721/726/719 373/375/374 2989/3102/2989
f 3205/3339/3205 1621/1657/1622 2574/2653/2575
f 720/728/721 1129/1148/1127 721/726/719
f 1128/1150/1129 373/375/374 1129/1148/1127
f 1343/2500/1344 3206/3340/3206 3207/3341/3207
f 2738/2829/2737 1493/3342/1491 2601/2680/2602
f 1493/3342/1491 2602/2681/2603 2601/2680/2602
f 1036/1055/1037 1525/1561/1526 3208/3343/3208
f 2251/2312/2252 464/464/462 142/143/143
f 3209/3344/3209 2596/2675/2597 2598/2676/2598
f 3211/3345/3210 1940/3346/1940 3210/3347/3211
f 3184/3312/3182 1139/1158/1137 3182/3313/3183
f 1139/1158/1137 3184/3312/3182 1137/1159/1138
f 983/999/981 1342/1367/1341 1340/1364/1338
f 1554/1587/1552 1816/1860/1814 3212/3348/3212
f 1962/2014/1963 3213/3349/3213 65/66/66
f 2136/2194/2136 48/46/46 3214/3350/3214
f 3215/3351/3215 384/386/385 210/211/211
f 384/386/385 3215/3351/3215 690/697/691
f 2558/2636/2559 3216/3352/3216 3217/3353/3217
f 2237/2297/2237 461/461/459 460/463/461
f 3218/3354/3218 345/347/346 344/346/345
f 3218/3354/3218 2296/2358/2296 345/347/346
f 1782/1824/1780 1888/1935/1888 1780/1825/1781
f 340/342/341 728/736/729 727/735/728
f 1720/3355/1718 1719/3356/1720 1125/1146/1126
f 2649/2730/2649 1862/1909/1862 2837/2936/2837
f 2063/2117/2064 2228/2287/2227 2107/2162/2106
f 143/144/144 3219/3357/3219 3220/3358/3220
f 1419/1451/1420 1418/1450/1419 1565/1601/1566
f 1760/1804/1760 3221/3359/3221 1761/1805/1761
f 863/878/864 865/877/863 3222/3360/3222
f 3223/3361/3223 178/176/176 2760/2851/2759
f 3226/3362/3224 3224/3363/3225 3225/3364/3226
f 1212/1232/1210 1268/1290/1266 232/234/233
f 913/926/912 2632/2712/2633 335/337/336
f 1962/2014/1963 65/66/66 3227/3365/3227
f 873/887/873 431/431/429 2727/2816/2726
f 2674/2757/2674 1902/1947/1900 1901/1949/1902
f 2674/2757/2674 1901/1949/1902 1739/1784/1740
f 3228/3366/3228 2620/2698/2620 2619/2697/2619
f 2984/3367/2984 2847/2946/2847 3229/3368/3229
f 3232/3369/3230 3230/3370/3231 3231/3371/3232
f 1379/1408/1380 421/1709/422 1380/1409/1381
f 864/879/865 3233/3372/3233 865/877/863
f 3071/3187/3072 3234/3373/3234 3072/3185/3070
f 3235/3374/3235 902/917/903 904/916/902
f 3238/3375/3236 3236/3376/3237 3237/3377/3238
f 991/1009/991 476/477/474 951/968/952
f 1936/1985/1936 3239/3378/3239 1937/1986/1937
f 3241/3379/3240 2199/2255/2197 3240/3380/3241
f 3243/3381/3242 2114/2168/2112 3242/3382/3243
f 3244/3383/3244 18/16/16 1231/1254/1232
f 745/750/743 2630/2709/2630 1064/1083/1065
f 3236/3376/3237 1762/1807/1763 3237/3377/3238
f 3245/3384/3245 2201/2260/2202 2196/2252/2194
f 1988/2040/1989 3066/3182/3067 3246/3385/3246
f 31/32/32 3247/3386/3247 32/33/33
f 1435/1465/1433 1434/1467/1435 1025/1043/1025
f 3248/3387/3248 427/430/428 2595/2674/2596
f 3249/3388/3249 219/220/220 218/219/219
f 3248/3387/3248 1387/1416/1388 427/430/428
f 3251/3389/3250 3250/3390/3251 2911/3016/2909
f 2302/2365/2303 3252/3391/3252 2863/2964/2864
f 343/344/343 342/341/340 3253/3392/3253
f 3256/3393/3254 3254/3394/3255 3255/3395/3256
f 186/187/187 2665/2747/2664 3257/3396/3257
f 296/295/294 2996/3110/2996 294/296/295
f 3169/3298/3170 3258/3397/3258 2995/3109/2995
f 2234/2294/2234 1234/1257/1235 1230/1252/1230
f 238/240/239 240/239/238 3259/3398/3259
f 1675/1714/1675 1053/1072/1054 1248/3399/1249
f 2701/2787/2700 3260/3400/3260 1058/1076/1058
f 3263/3401/3261 3261/3402/3262 3262/3403/3263
f 1050/1067/1049 1810/1857/1811 2701/2787/2700
f 3264/3404/3264 2780/2871/2778 2779/2873/2780
f 1714/1755/1712 2314/2376/2314 2752/2844/2752
f 3265/3405/3265 57/55/55 56/57/57
f 82/83/83 275/277/276 2436/2502/2435
f 3267/3406/3266 2545/2617/2543 3266/3407/3267
f 2752/2844/2752 2314/2376/2314 3268/3408/3268
f 2292/2354/2292 242/244/243 909/922/908
f 2292/2354/2292 909/922/908 1779/1823/1779
f 850/865/851 3269/3409/3269 2937/3049/2937
f 1063/2714/1064 932/948/932 3270/3410/3270
f 1063/2714/1064 252/251/250 2635/2715/2635
f 3273/3411/3271 3271/3412/3272 3272/3413/3273
f 3274/3414/3274 2765/2856/2764 2764/2857/2765
f 698/702/696 3275/3415/3275 696/703/697
f 3002/3116/3002 1428/1458/1426 1427/1460/1428
f 3278/3416/3276 3276/3417/3277 3277/3418/3278
f 2024/2074/2023 2023/2075/2024 3279/3419/3279
f 2011/2063/2012 330/331/330 305/307/306
f 2172/2228/2170 2829/2928/2829 1538/3420/1536
f 2172/2228/2170 1538/3420/1536 399/401/400
f 2364/2427/2364 3280/3421/3280 3281/3422/3281
f 615/622/616 3082/3423/3080 2079/2134/2080
f 112/110/110 3282/3424/3282 3283/3425/3283
f 3007/3426/3007 3284/3427/3284 3285/3428/3285
f 3288/3429/3286 3286/3430/3287 3287/3431/3288
f 3289/3432/3289 2640/2720/2639 2639/2721/2640
f 3291/3433/3290 3290/3434/3291 1142/1161/1140
f 2466/2539/2467 3292/3435/3292 3132/3256/3132
f 1383/1412/1384 2641/2723/2642 3293/3436/3293
f 3294/3437/3294 1777/1820/1776 2512/2585/2511
f 523/526/521 522/528/523 4/5/5
f 2814/2913/2814 3288/3429/3286 2014/2066/2015
f 980/996/978 979/998/980 1364/2820/1365
f 1934/1981/1933 3295/3438/3295 1933/1982/1934
f 3297/3439/3296 3164/3292/3165 3296/3440/3297
f 2941/3051/2939 2443/2511/2441 2442/2513/2443
f 3298/3441/3298 2482/2554/2481 1860/1908/1861
f 2481/2555/2482 3299/3442/3299 294/296/295
f 3301/3443/3300 3300/3444/3301 370/372/371
f 3304/3445/3302 3302/3446/3303 3303/3447/3304
f 3305/3448/3305 1420/1449/1418 1419/1451/1420
f 3307/3449/3306 3081/3200/3082 3306/3450/3307
f 3308/3451/3308 106/104/104 105/106/106
f 2187/2246/2188 1880/1928/1881 1879/1927/1880
f 3309/3452/3309 1893/1939/1892 1892/1940/1893
f 566/571/566 3310/3453/3310 567/572/567
f 566/571/566 3311/3454/3311 3310/3453/3310
f 174/175/175 3124/3246/3124 3312/3455/3312
f 1907/1954/1907 3313/3456/3313 1370/1398/1370
f 2777/3457/2777 3104/3458/3104 2602/2681/2603
f 2554/3459/2553 954/970/954 3314/3460/3314
f 3315/3461/3315 363/362/361 362/364/363
f 3318/3462/3316 3316/3463/3317 3317/3464/3318
f 2341/2402/2339 2618/2695/2617 3162/3290/3163
f 2341/2402/2339 3094/3212/3094 2618/2695/2617
f 3320/3465/3319 3101/3217/3099 3319/3466/3320
f 1231/2506/1232 2437/2505/2437 3321/3467/3321
f 1500/1533/1498 1072/1091/1073 1761/1805/1761
f 1836/1883/1836 3322/3468/3322 3171/3297/3169
f 417/417/415 452/452/450 3323/3469/3323
f 824/835/824 1236/1259/1237 1223/1246/1224
f 3325/3470/3324 299/301/300 3324/3471/3325
f 861/876/862 860/875/861 3007/3121/3007
f 1391/1419/1391 3326/3472/3326 939/954/938
f 1199/1222/1200 3327/3473/3327 2899/3007/2900
f 3328/3474/3328 1199/1222/1200 2899/3007/2900
f 3331/3475/3329 3329/3476/3330 3330/3477/3331
f 3333/3478/3332 3326/3472/3326 3332/3479/3333
f 1869/1916/1869 3334/3480/3334 3335/3481/3335
f 3338/3482/3336 3336/3483/3337 3337/3484/3338
f 562/565/560 561/567/562 1145/1166/1145
f 3340/3485/3339 3339/3486/3340 245/247/246
f 3190/3320/3190 245/247/246 3339/3486/3340
f 3343/3487/3341 3341/3488/3342 3342/3489/3343
f 2870/2968/2868 2869/2970/2870 592/599/593
f 2869/2970/2870 2868/2969/2869 3344/3490/3344
f 3027/3143/3028 3345/3491/3345 10/11/11
f 710/718/711 1524/3492/1522 711/719/712
f 647/654/648 644/651/645 643/650/644
f 647/654/648 646/653/647 644/651/645
f 359/3493/360 3346/3494/3346 3307/3495/3306
f 3349/3496/3347 3347/3497/3348 3348/3498/3349
f 314/3499/315 3229/3368/3229 1623/1656/1621
f 3023/3138/3024 3022/3137/3023 3350/3500/3350
f 2209/3501/2207 3351/3502/3351 3352/3503/3352
f 3355/3504/3353 3353/3505/3354 3354/3506/3355
f 2696/2778/2694 2809/2905/2809 2694/2779/2695
f 2711/2802/2712 895/910/896 894/909/895
f 1994/2045/1994 3356/3507/3356 248/250/249
f 3358/3508/3357 3357/3509/3358 1051/3510/1051
f 2804/2899/2804 3359/3511/3359 1789/1833/1789
f 3362/3512/3360 3360/3513/3361 3361/3514/3362
f 3277/3418/3278 2433/2497/2431 2432/2499/2433
f 609/616/610 3363/3515/3363 3364/3516/3364
f 3008/3122/3008 2161/2217/2159 2160/2219/2161
f 2212/2271/2213 3365/3517/3365 3366/3518/3366
f 3367/3519/3367 2184/2243/2185 2186/2242/2184
f 3369/3520/3368 3368/3521/3369 2399/2462/2398
f 3370/3522/3370 3014/3127/3013 3013/3128/3014
f 3373/3523/3371 3371/3524/3372 3372/3525/3373
f 633/637/631 1806/1852/1806 2565/2644/2566
f 3127/3249/3127 52/53/53 1470/1503/1471
f 3375/3526/3374 3374/3527/3375 2744/2834/2742
f 1004/1020/1002 1003/1022/1004 3249/3528/3249
f 1606/1642/1607 1604/1637/1602 1607/1640/1605
f 898/913/899 847/862/848 1911/1959/1912
f 645/649/643 644/651/645 1499/1535/1500
f 3378/3529/3376 3376/3530/3377 3377/3531/3378
f 2051/2105/2052 2050/2104/2051 3379/3532/3379
f 1647/1685/1648 3380/3533/3380 3381/3534/3381
f 732/737/730 489/494/490 493/2334/493
f 3118/3239/3119 3382/3535/3382 3117/3236/3116
f 854/869/855 1847/1893/1846 2200/2258/2200
f 736/744/737 3383/3536/3383 171/172/172
f 3384/3537/3384 2630/2709/2630 745/750/743
f 744/752/745 3384/3537/3384 745/750/743
f 3385/3538/3385 1127/1149/1128 3062/3176/3061
f 3386/3539/3386 2430/3540/2428 528/1715/529
f 529/535/530 528/534/529 2430/2494/2428
f 994/1013/995 3387/3541/3387 995/1014/996
f 2657/2741/2658 2658/2740/2657 3388/3542/3388
f 2766/2859/2767 3389/3543/3389 3390/3544/3390
f 1067/1086/1068 3391/3545/3391 1979/2029/1978
f 2149/2208/2150 1475/1508/1476 2150/2209/2151
f 1214/1237/1215 1213/1236/1214 1561/1596/1561
f 1647/1685/1648 3392/3546/3392 3380/3533/3380
f 553/558/553 3393/3547/3393 161/162/162
f 252/251/250 57/55/55 2635/2715/2635
f 1753/1795/1751 1824/1870/1824 3394/3548/3394
f 51/49/49 3395/3549/3395 3187/3317/3187
f 3397/3550/3396 3051/3167/3052 3396/3551/3397
f 3319/3466/3320 2205/2264/2206 2204/2263/2205
f 3399/3552/3398 3395/3549/3395 3398/3553/3399
f 1353/1377/1351 1706/1748/1707 1712/1756/1713
f 3327/3473/3327 2900/3006/2899 2899/3007/2900
f 1566/3554/1567 3400/3555/3400 3401/3556/3401
f 3150/3278/3151 3152/3277/3150 3402/3557/3402
f 3182/3313/3183 3199/3333/3200 3200/3332/3199
f 1906/1952/1905 583/589/584 3403/3558/3403
f 3406/3559/3404 3404/3560/3405 3405/3561/3406
f 3208/3343/3208 1037/1056/1038 1036/1055/1037
f 3408/3562/3407 1531/3563/1532 3407/3564/3408
f 1405/1436/1406 3409/3565/3409 1406/1437/1407
f 835/847/836 3410/3566/3410 367/369/368
f 2215/2273/2215 3411/3567/3411 752/759/750
f 3217/3353/3217 3412/3568/3412 679/686/680
f 3165/3293/3166 1429/1462/1430 3166/3291/3164
f 3166/3291/3164 1429/1462/1430 1431/1461/1429
f 3413/3569/3413 1509/1545/1510 1511/1544/1509
f 3416/3570/3414 3414/3571/3415 3415/3572/3416
f 2110/2164/2108 3417/3573/3417 2102/2158/2102
f 3418/3574/3418 1618/1654/1619 2196/3250/2194
f 1601/1636/1601 3419/3575/3419 1793/3576/1794
f 23/24/24 1952/2001/1950 3420/3577/3420
f 3423/3578/3421 3421/3579/3422 3422/3580/3423
f 3425/3581/3424 3424/3582/3425 2672/2755/2672
f 3427/3583/3426 3426/3584/3427 1041/1057/1039
f 2609/3585/2609 3054/3586/3055 3428/3587/3428
f 3428/3587/3428 1530/1566/1531 3429/3588/3429
f 1532/1565/1530 3429/3588/3429 1530/1566/1531
f 3432/3589/3430 3430/3590/3431 3431/3591/3432
f 3434/3592/3433 111/112/112 3433/3593/3434
f 3436/3594/3435 3435/3595/3436 309/311/310
f 3439/3596/3437 3437/3597/3438 3438/3598/3439
f 3441/3599/3440 3440/3600/3441 2300/2360/2298
f 2300/2360/2298 3440/3600/3441 2298/2361/2299
f 3444/3601/3442 3442/3602/3443 3443/3603/3444
f 2141/2199/2141 483/484/481 482/486/483
f 412/415/413 3445/3604/3445 975/993/975
f 2186/2242/2184 3446/3605/3446 3367/3519/3367
f 3447/3606/3447 710/718/711 2663/2746/2663
f 537/543/538 539/542/537 3448/3607/3448
f 3398/3553/3399 3395/3549/3395 51/49/49
f 3449/3608/3449 479/483/480 478/482/479
f 1597/1630/1595 2006/3303/2006 2005/3039/2005
f 1798/1844/1799 3450/3609/3450 3451/3610/3451
f 3452/3611/3452 3450/3609/3450 1798/1844/1799
f 724/732/725 1414/1445/1414 199/2907/197
f 2546/2620/2546 629/633/627 379/380/379
f 1875/1920/1873 2449/2520/2450 2194/2522/2195
f 3454/3612/3453 206/207/207 3453/3613/3454
f 208/206/206 3453/3613/3454 206/207/207
f 2709/2799/2709 3455/3614/3455 265/410/265
f 470/473/471 3456/3615/3456 3457/3616/3457
f 2496/2570/2497 2495/2569/2496 2144/2202/2144
f 3458/3617/3458 2500/2574/2501 2499/2573/2500
f 1775/1819/1775 1800/1847/1801 2498/2571/2498
f 1858/1903/1856 1857/1905/1858 1737/1782/1738
f 3459/3618/3459 409/412/410 411/411/409
f 3461/3619/3460 3460/3620/3461 1104/1125/1105
f 3463/3621/3462 2073/2128/2074 3462/3622/3463
f 3466/3623/3464 3464/3624/3465 3465/3625/3466
f 3467/3626/3467 574/580/575 575/579/574
f 3470/3627/3468 3468/3628/3469 3469/3629/3470
f 3472/3630/3471 3471/3631/3472 746/754/747
f 3473/3632/3473 661/668/662 2117/2173/2117
f 787/799/788 1928/1974/1927 788/800/789
f 3475/3633/3474 3474/3634/3475 845/860/846
f 3476/3635/3476 509/515/510 932/948/932
f 2837/3636/2837 3477/3637/3477 2776/3638/2776
f 3478/3639/3478 2535/2609/2535 1830/1878/1831
f 3477/3637/3477 1914/1960/1913 2776/3638/2776
f 3481/3640/3479 3479/3641/3480 3480/3642/3481
f 3482/3643/3482 1013/1032/1014 1642/1678/1641
f 1387/1416/1388 2033/2087/2034 889/904/890
f 2257/2316/2256 1872/1917/1870 2321/2384/2322
f 2429/2496/2430 2428/2495/2429 2533/2607/2533
f 3484/3644/3483 2247/2308/2248 3483/3645/3484
f 798/810/799 3012/3125/3011 631/638/632
f 3486/3646/3485 3128/3252/3129 3485/3647/3486
f 3487/3648/3487 2378/2442/2378 1971/2022/1971
f 919/933/917 1300/1327/1301 917/934/918
f 1386/1414/1386 1095/1111/1093 3488/3649/3488
f 1971/2022/1971 1778/1822/1778 1863/1910/1863
f 3491/3650/3489 3489/3651/3490 3490/3652/3491
f 3493/3653/3492 3492/3654/3493 2987/3100/2987
f 2134/2193/2135 2600/2677/2599 3494/3655/3494
f 42/40/40 3045/3161/3046 3357/3509/3358
f 3102/3220/3102 3495/3656/3495 1750/1792/1748
f 163/161/161 3496/3657/3496 1702/1741/1700
f 1741/1786/1742 1476/1509/1477 1994/2045/1994
f 2366/2428/2365 2348/2410/2347 3146/3658/3146
f 2348/2410/2347 509/515/510 3146/3658/3146
f 2232/2292/2232 2917/3024/2917 3497/3659/3497
f 678/682/676 677/684/678 3498/3660/3498
f 855/867/853 3499/3661/3499 3500/3662/3500
f 3499/3661/3499 855/867/853 1403/1434/1404
f 359/361/360 3501/3663/3501 360/359/358
f 3198/3331/3198 1374/1403/1375 1211/1234/1212
f 3198/3331/3198 3197/3330/3197 2089/2141/2087
f 3502/3664/3502 1943/1995/1944 1945/1994/1943
f 3504/3665/3503 3038/3151/3036 3503/3666/3504
f 2803/2898/2803 1056/1074/1056 1038/1054/1036
f 1088/1107/1089 1641/1679/1642 1904/1951/1904
f 3506/3667/3505 3150/3278/3151 3505/3668/3506
f 3508/3669/3507 3463/3621/3462 3507/3670/3508
f 3445/3604/3445 940/957/941 942/956/940
f 2084/2138/2084 3509/3671/3509 3510/3672/3510
f 3512/3673/3511 3511/3674/3512 751/761/752
f 3236/3376/3237 793/805/794 877/892/878
f 3030/3145/3030 802/812/801 801/813/802
f 3515/3675/3513 3513/3676/3514 3514/3677/3515
f 1338/1365/1339 1340/1364/1338 1342/1367/1341
f 1930/3678/1930 2126/3245/2126 960/975/958
f 2831/2929/2830 3516/3679/3516 2830/2930/2831
f 1132/1153/1132 3517/3680/3517 3518/3681/3518
f 2451/2997/2449 3519/3682/3519 2194/2253/2195
f 2317/2377/2315 3520/3683/3520 3521/3684/3521
f 1546/1582/1547 3522/3685/3522 3523/3686/3523
f 1059/3687/1059 1064/1083/1065 1063/1082/1064
f 1117/1138/1118 1254/1279/1255 1256/1278/1254
f 765/775/766 3524/3688/3524 411/776/409
f 1086/1104/1086 2387/2452/2388 2389/2451/2387
f 3525/3689/3525 753/763/754 977/994/976
f 2640/2720/2639 3526/3690/3526 2714/2805/2715
f 1285/1309/1285 400/399/398 676/683/677
f 3528/3691/3527 3527/3692/3528 1449/1482/1450
f 3529/3693/3529 2114/2168/2112 3243/3381/3242
f 474/478/475 196/194/194 971/990/972
f 2037/2091/2038 1468/1501/1469 1466/1498/1466
f 3530/3694/3530 316/315/314 3108/3227/3108
f 1542/1575/1540 3531/3695/3531 3532/3696/3532
f 3531/3695/3531 478/482/479 3532/3696/3532
f 2546/2620/2546 973/991/973 2254/2315/2255
f 1322/1346/1320 1479/1512/1480 1368/1394/1366
f 3535/3697/3533 3533/3698/3534 3534/3699/3535
f 2876/2978/2875 3536/3700/3536 2875/2979/2876
f 1348/1374/1348 3537/3701/3537 3538/3702/3538
f 3540/3703/3539 3539/3704/3540 1816/1860/1814
f 3541/3705/3541 1089/3706/1087 2226/2286/2226
f 3173/3302/3174 3542/3707/3542 3174/3300/3172
f 661/668/662 3473/3632/3473 428/428/426
f 3239/3378/3239 3146/3271/3146 1937/1986/1937
f 2262/2323/2263 2264/2322/2262 2435/2503/2436
f 3543/3708/3543 2632/2712/2633 913/926/912
f 1883/1930/1883 1228/1250/1228 1843/1890/1843
f 2989/3102/2989 2211/2268/2210 1633/1668/1632
f 2161/2217/2159 168/169/169 3544/3709/3544
f 216/217/217 3545/3710/3545 221/3711/222
f 290/289/288 1936/1984/1936 288/290/289
f 2100/2154/2100 1518/1554/1519 3546/3712/3546
f 2075/2129/2075 1108/1127/1107 2129/2187/2129
f 3547/3713/3547 1878/3032/1877 985/1004/986
f 3550/3714/3548 3548/3715/3549 3549/3716/3550
f 1/2/2 1684/1724/1684 2/3/3
f 1166/1185/1164 1165/1187/1166 2315/2378/2316
f 2811/2908/2811 2747/2840/2748 3086/3717/3087
f 997/1015/997 801/813/802 307/306/305
f 1447/1478/1446 2002/2053/2002 3551/3718/3551
f 2981/3093/2980 2587/2666/2588 564/570/565
f 3553/3719/3552 3552/3720/3553 697/704/698
f 1691/1733/1692 821/833/822 3554/3721/3554
f 1176/1198/1177 2140/2197/2139 3555/3722/3555
f 990/1006/988 989/1008/990 2747/2840/2748
f 3556/3723/3556 2887/2991/2888 2154/2210/2152
f 461/461/459 469/472/470 871/885/871
f 1508/1541/1506 1900/1948/1901 3544/3709/3544
f 41/42/42 3557/3724/3557 104/105/105
f 3557/3724/3557 41/42/42 3558/3725/3558
f 3559/3726/3559 1284/1308/1284 676/683/677
f 369/368/367 3560/3727/3560 1098/1116/1098
f 3563/3728/3561 3561/3729/3562 3562/3730/3563
f 978/3731/979 1735/1777/1733 3564/3732/3564
f 2625/2702/2624 1337/2704/1337 2171/2230/2172
f 3077/3195/3077 137/3733/138 1624/1659/1624
f 91/89/89 90/91/91 814/826/815
f 777/786/775 925/942/926 927/941/925
f 3567/3734/3565 3565/3735/3566 3566/3736/3567
f 1247/1269/1245 463/466/464 2375/2437/2373
f 1524/3492/1522 710/718/711 1522/3737/1523
f 77/78/78 76/77/77 1665/1703/1666
f 1591/1624/1589 2323/2385/2323 96/97/97
f 3569/3738/3568 3568/3739/3569 360/359/358
f 1566/1602/1567 2472/3740/2473 575/579/574
f 722/730/723 610/617/611 1278/1302/1278
f 867/880/866 460/463/461 3570/3741/3570
f 866/881/867 867/880/866 3570/3741/3570
f 2266/2327/2267 209/210/210 179/180/180
f 3572/3742/3571 3571/3743/3572 2933/3042/2931
f 3573/3744/3573 2403/2465/2401 1029/1048/1030
f 2683/2764/2681 2682/2766/2683 3574/3745/3574
f 2634/2711/2632 2633/2713/2634 336/335/334
f 3575/3746/3575 1392/1421/1393 221/223/222
f 69/67/67 1471/1502/1470 3576/3747/3576
f 1846/1894/1847 854/869/855 1396/1427/1397
f 3558/3725/3558 40/41/41 3577/3748/3577
f 27/25/25 26/27/27 3578/3749/3578
f 898/913/899 3579/3750/3579 848/863/849
f 2100/2154/2100 2707/2795/2707 1779/2155/1779
f 3066/3182/3067 3562/3730/3563 3580/3751/3580
f 2377/2440/2376 3581/3752/3581 1382/1411/1383
f 3396/3551/3397 1382/1411/1383 3581/3752/3581
f 722/730/723 2251/2312/2252 2252/2311/2251
f 3582/3753/3582 1078/1094/1076 2088/2143/2089
f 1877/1925/1878 897/912/898 3583/3754/3583
f 3585/3755/3584 665/672/666 3584/3756/3585
f 3588/3757/3586 3586/3758/3587 3587/3759/3588
f 3589/3760/3589 353/355/354 1544/1580/1545
f 1498/1534/1499 1500/1533/1498 2396/2459/2395
f 3592/3761/3590 3590/3762/3591 3591/3763/3592
f 2922/3031/2923 3593/3764/3593 3515/3675/3513
f 1994/2045/1994 1993/2044/1993 1741/1786/1742
f 2503/2576/2503 187/185/185 3594/3765/3594
f 1574/3766/1575 1994/2045/1994 1476/1509/1477
f 1351/1378/1352 2424/2489/2423 2753/2845/2753
f 892/907/893 1118/1139/1119 3595/3767/3595
f 3598/3768/3596 3596/3769/3597 3597/3770/3598
f 3597/3770/3598 3596/3769/3597 2231/2289/2229
f 2671/2754/2671 3340/3485/3339 245/247/246
f 3601/3771/3599 3599/3772/3600 3600/3773/3601
f 1982/2034/1983 2762/2855/2763 1876/1923/1876
f 2883/2985/2882 2224/2282/2224 3602/3774/3602
f 1982/2034/1983 1876/1923/1876 2649/2730/2649
f 605/609/603 147/145/145 2690/2773/2690
f 1567/1600/1565 1566/1602/1567 3603/3775/3603
f 3605/3776/3604 1101/1122/1102 3604/3777/3605
f 3608/3778/3606 3606/3779/3607 3607/3780/3608
f 2773/2864/2771 3609/3781/3609 3134/3258/3134
f 1133/1154/1133 818/830/819 2919/3025/2918
f 993/1011/993 1907/1954/1907 3610/3782/3610
f 3611/3783/3611 154/155/155 2141/2199/2141
f 316/315/314 2783/2877/2783 1032/1049/1031
f 3614/3784/3612 3612/3785/3613 3613/3786/3614
f 1603/1639/1604 1605/1641/1606 1607/1640/1605
f 1185/1207/1185 3615/3787/3615 3616/3788/3616
f 1663/1700/1663 3123/3244/3123 1666/3789/1664
f 3619/3790/3617 3617/3791/3618 3618/3792/3619
f 1500/1533/1498 644/651/645 1072/1091/1073
f 3620/3793/3620 2983/3095/2982 713/721/714
f 3622/3794/3621 3621/3795/3622 1240/1260/1238
f 1852/1900/1853 3623/3796/3623 3624/3797/3624
f 2080/2133/2079 2079/2134/2080 3346/3494/3346
f 1742/1785/1741 2150/2209/2151 1477/1507/1475
f 408/408/407 840/853/840 263/265/264
f 1943/1995/1944 769/2182/767 1944/1996/1945
f 2989/3102/2989 373/375/374 375/374/373
f 2211/2268/2210 2989/3102/2989 375/374/373
f 938/2185/939 2128/2184/2127 2552/3798/2552
f 2128/2184/2127 2127/2186/2128 3625/3799/3625
f 1864/1911/1864 1825/1872/1826 1827/1873/1827
f 642/3800/640 3626/3801/3626 3627/3802/3627
f 3627/3802/3627 3626/3801/3626 3358/3508/3357
f 3460/3620/3461 531/537/532 3628/3803/3628
f 3630/3804/3629 3565/3735/3566 3629/3805/3630
f 3633/3806/3631 3631/3807/3632 3632/3808/3633
f 3634/3809/3634 2178/2237/2179 75/73/73
f 1003/1022/1004 3635/3810/3635 2154/2210/2152
f 1227/1249/1227 1221/1241/1219 838/849/838
f 3637/3811/3636 3433/3593/3434 3636/3812/3637
f 3639/3813/3638 3638/3814/3639 542/545/540
f 1894/1942/1895 1577/1613/1578 1417/1446/1415
f 3458/3617/3458 3640/3815/3640 2500/2574/2501
f 1805/1851/1805 1248/3399/1249 2563/3816/2563
f 3641/3817/3641 330/331/330 2939/3052/2940
f 1628/1664/1629 1627/1663/1628 384/386/385
f 277/1423/275 1395/1425/1395 1282/1304/1280
f 716/724/717 3642/3818/3642 3349/3496/3347
f 1664/1702/1665 905/920/906 1665/1703/1666
f 2352/2415/2352 2508/2582/2508 3643/3819/3643
f 2508/2582/2508 3644/3820/3644 3643/3819/3643
f 3200/3332/3199 2861/2961/2861 3645/3821/3645
f 884/899/885 883/898/884 2507/2580/2506
f 1460/1492/1460 3646/3822/3646 2574/2653/2575
f 3649/3823/3647 3647/3824/3648 3648/3825/3649
f 3650/3826/3650 3648/3825/3649 3647/3824/3648
f 3008/3122/3008 2160/2219/2161 1808/1853/1807
f 3651/3827/3651 162/163/163 166/164/164
f 2305/2367/2305 2304/2366/2304 2336/2400/2337
f 1896/1943/1896 1226/1247/1225 1897/1944/1897
f 3652/3828/3652 1872/1917/1870 2148/2204/2146
f 2515/2588/2514 393/395/394 392/394/393
f 3653/3829/3653 2505/2578/2505 2514/2589/2515
f 395/397/396 3654/3830/3654 396/398/397
f 3657/3831/3655 3655/3832/3656 3656/3833/3657
f 3660/3834/3658 3658/3835/3659 3659/3836/3660
f 3099/3218/3100 3661/3837/3661 3662/3838/3662
f 3665/3839/3663 3663/3840/3664 3664/3841/3665
f 3668/3842/3666 3666/3843/3667 3667/3844/3668
f 328/330/329 327/329/328 911/925/911
f 3219/3357/3219 463/466/464 3669/3845/3669
f 3671/3846/3670 3670/3847/3671 3595/3848/3595
f 2008/2060/2009 3672/3849/3672 403/3850/401
f 2983/3095/2982 3620/3793/3620 2982/3096/2983
f 403/402/401 3673/3851/3673 3674/3852/3674
f 3675/3853/3675 403/3850/401 3674/3854/3674
f 3678/3855/3676 3676/3856/3677 3677/3857/3678
f 1243/1268/1244 949/966/950 3679/3858/3679
f 1678/1719/1679 1547/1583/1548 3680/3859/3680
f 3681/3860/3681 3481/3640/3479 3480/3642/3481
f 2080/2133/2079 3346/3494/3346 1276/1301/1277
f 3524/3688/3524 2794/2887/2793 2479/2552/2480
f 3682/3861/3682 1580/1616/1581 2142/2200/2142
f 3683/3862/3683 1585/1620/1585 63/61/61
f 179/180/180 181/179/179 2266/2327/2267
f 3686/3863/3684 3684/3864/3685 3685/3865/3686
f 3688/3866/3687 3687/3867/3688 1677/1718/1678
f 1679/1717/1677 3688/3866/3687 1677/1718/1678
f 2317/2377/2315 829/838/827 3520/3683/3520
f 1620/1653/1618 1873/1921/1874 1618/1654/1619
f 1955/2006/1955 1700/1742/1701 3496/3657/3496
f 247/249/248 681/685/679 1993/2044/1993
f 2356/2420/2357 3689/3868/3689 2357/2418/2355
f 3478/3639/3478 3690/3869/3690 1289/1313/1289
f 3693/3870/3691 3691/3871/3692 3692/3872/3693
f 457/460/458 456/459/457 1259/1284/1260
f 3695/3873/3694 2477/2547/2475 3694/3874/3695
f 2322/2382/2320 2321/2384/2322 2849/2949/2850
f 3698/3875/3696 3696/3876/3697 3697/3877/3698
f 3665/3839/3663 3664/3841/3665 16/17/17
f 3700/3878/3699 1128/1150/1129 3699/3879/3700
f 3624/3797/3624 3623/3796/3623 1198/1218/1196
f 2279/2341/2280 3666/3843/3667 3668/3842/3666
f 3334/3480/3334 1869/1916/1869 182/183/183
f 3702/3880/3701 3701/3881/3702 1023/1039/1021
f 3322/3468/3322 3169/3298/3170 3171/3297/3169
f 3703/3882/3703 2121/2178/2122 2477/2547/2475
f 3705/3883/3704 3704/3884/3705 2015/2064/2013
f 3261/3402/3262 3706/3885/3706 3707/3886/3707
f 2539/2613/2539 2428/2495/2429 2307/2368/2306
f 479/483/480 2712/2800/2710 3708/3887/3708
f 2795/2890/2795 290/289/288 2952/3064/2952
f 352/3888/350 2512/2585/2511 880/895/881
f 308/310/309 265/266/265 3455/3889/3455
f 2049/2101/2048 2938/3050/2938 2048/2102/2049
f 998/1017/999 1007/1026/1008 999/1018/1000
f 1840/1888/1841 3709/3890/3709 3710/3891/3710
f 3242/3382/3243 3711/3892/3711 3712/3893/3712
f 371/373/372 370/372/371 3713/3894/3713
f 3715/3895/3714 2405/2470/2406 3714/3896/3715
f 662/669/663 428/428/426 3716/3897/3716
f 3136/3261/3137 3140/3264/3140 1891/1936/1889
f 3719/3898/3717 3717/3899/3718 3718/3900/3719
f 3720/3901/3720 2723/2813/2723 2722/2812/2722
f 519/3902/520 1723/3903/1723 1304/1328/1302
f 1304/1328/1302 1723/3903/1723 1302/1329/1303
f 853/868/854 855/867/853 3500/3662/3500
f 2382/2444/2380 1881/3904/1879 1822/1868/1822
f 1356/1382/1356 3721/3905/3721 1592/1628/1593
f 2422/2487/2421 3722/3906/3722 3233/3372/3233
f 2704/2791/2704 2631/2710/2631 2463/2535/2464
f 2552/3798/2552 2128/2184/2127 2949/3061/2949
f 422/422/420 504/510/505 1069/1088/1070
f 3725/3907/3723 3723/3908/3724 3724/3909/3725
f 2659/2742/2659 3726/3910/3726 1938/1987/1938
f 3727/3911/3727 1995/2047/1996 1997/2046/1995
f 3592/3761/3590 3450/3609/3450 3452/3611/3452
f 1092/3912/1092 1611/1647/1612 3728/3913/3728
f 3729/3914/3729 2668/2752/2669 2669/2751/2668
f 3731/3915/3730 2876/2978/2875 3730/3916/3731
f 3730/3916/3731 2067/2120/2067 3731/3915/3730
f 3733/3917/3732 3732/3918/3733 2009/2058/2007
f 3734/3919/3734 896/908/894 2968/3080/2968
f 3736/3920/3735 197/198/198 3735/3921/3736
f 3737/3922/3737 3735/3921/3736 197/198/198
f 3130/3923/3131 3738/3924/3738 1653/1688/1651
f 186/187/187 797/807/796 2664/2748/2665
f 3739/3925/3739 368/3926/369 2868/2969/2869
f 2973/3085/2973 295/297/296 756/766/757
f 2644/2724/2643 1503/1536/1501 3740/3927/3740
f 2367/2431/2368 1503/1536/1501 2644/2724/2643
f 2973/3928/2973 3534/3699/3535 295/756/296
f 3742/3929/3741 695/699/693 3741/3930/3742
f 656/663/657 2694/2779/2695 3743/3931/3743
f 3404/3560/3405 2718/2809/2719 3744/3932/3744
f 1502/1538/1503 1501/1537/1502 385/384/383
f 3458/3933/3458 2355/2419/2356 730/738/731
f 952/1393/953 2839/3274/2839 2679/2763/2680
f 2419/2486/2420 1494/1526/1494 442/445/443
f 1055/1071/1053 2431/2498/2432 2433/2497/2431
f 917/934/918 2024/2074/2023 2021/2073/2022
f 3/1/1 2/3/3 1309/1336/1310
f 438/438/436 437/440/438 440/441/439
f 3747/3934/3745 3745/3935/3746 3746/3936/3747
f 3749/3937/3748 3748/3938/3749 3203/3336/3202
f 2608/2686/2608 1580/1616/1581 3682/3861/3682
f 3752/3939/3750 3750/3940/3751 3751/3941/3752
f 1021/1040/1022 3753/3942/3753 3489/3651/3490
f 2836/2933/2834 3754/3943/3754 2495/2569/2496
f 3755/3944/3755 2447/2517/2447 2446/2516/2446
f 2472/2545/2473 1566/3554/1567 3401/3556/3401
f 425/425/423 2176/2234/2176 2472/2545/2473
f 2534/2608/2534 526/531/526 2979/3092/2979
f 304/303/302 2979/3092/2979 302/304/303
f 3757/3945/3756 2333/2397/2334 3756/3946/3757
f 3667/3844/3668 3467/3626/3467 2472/3740/2473
f 3577/3748/3577 3358/3508/3357 3758/3947/3758
f 396/398/397 3230/3370/3231 397/396/395
f 3761/3948/3759 3759/3949/3760 3760/3950/3761
f 3038/3151/3036 2328/2392/2329 1591/1624/1589
f 2523/2598/2524 1949/1999/1948 907/919/905
f 2975/3086/2974 3762/3951/3762 2978/3091/2978
f 3693/3870/3691 901/914/900 640/647/641
f 3765/3952/3763 3763/3953/3764 3764/3954/3765
f 1513/1547/1512 3766/3955/3766 1512/1548/1513
f 3220/3358/3220 1916/1964/1917 3767/3956/3767
f 3769/3957/3768 3768/3958/3769 2901/3008/2901
f 1338/1365/1339 2531/3959/2531 2072/3960/2071
f 3769/3957/3768 3770/3961/3770 3584/3756/3585
f 3773/3962/3771 3771/3963/3772 3772/3964/3773
f 3774/3965/3774 223/225/224 1959/2010/1959
f 146/147/147 145/146/146 3775/3966/3775
f 1469/1499/1467 3776/3967/3776 2296/2358/2296
f 1962/2014/1963 1963/2013/1962 3777/3968/3777
f 57/55/55 3265/3405/3265 3259/3398/3259
f 1442/1475/1443 1946/1998/1947 1443/1474/1442
f 3122/3243/3122 1859/1907/1860 3121/3240/3120
f 586/593/587 588/592/586 2468/2541/2469
f 1902/1947/1900 2159/2218/2160 3544/3709/3544
f 877/892/878 3778/3969/3778 878/890/876
f 2993/3105/2992 3779/3970/3779 1555/1591/1556
f 1556/1592/1557 1555/1591/1556 3779/3970/3779
f 3279/3419/3279 344/346/345 550/556/551
f 3781/3971/3780 3780/3972/3781 1205/1228/1206
f 3783/3973/3782 1766/1808/1764 3782/3974/3783
f 455/455/453 454/457/455 3459/3618/3459
f 916/931/915 991/1009/991 953/967/951
f 3784/3975/3784 3498/3976/3498 1999/2051/2000
f 3258/3397/3258 3785/3977/3785 2030/3978/2031
f 2017/2069/2018 3097/3215/3097 2018/2067/2016
f 1374/1403/1375 1376/1402/1374 2078/2132/2078
f 3369/3520/3368 2399/2462/2398 2276/3979/2277
f 414/414/412 3786/3980/3786 2716/2806/2716
f 3789/3981/3787 3787/3982/3788 3788/3983/3789
f 898/913/899 1912/1958/1911 1172/1191/1170
f 3790/3984/3790 2766/2859/2767 3390/3544/3390
f 810/820/809 2758/2850/2758 444/447/445
f 1657/1692/1655 1025/1043/1025 1655/1693/1656
f 1742/1785/1741 2151/2207/2149 2150/2209/2151
f 3793/3985/3791 3791/3986/3792 3792/3987/3793
f 2589/2667/2589 2587/2666/2588 2586/2665/2587
f 599/603/597 3791/3986/3792 3793/3985/3791
f 3734/3919/3734 754/764/755 2211/2268/2210
f 2313/2375/2313 2169/2227/2169 315/3988/316
f 1231/2506/1232 3144/3269/3144 1232/3989/1233
f 921/936/920 128/129/129 127/128/128
f 2131/2190/2132 2130/2189/2131 3439/3596/3437
f 2577/2655/2577 1274/1296/1272 3794/3990/3794
f 1833/1881/1834 2748/2839/2747 2485/2558/2485
f 3797/3991/3795 3795/3992/3796 3796/3993/3797
f 3062/3176/3061 719/727/720 3061/3177/3062
f 1735/1777/1733 1734/1779/1735 3564/3732/3564
f 3798/3994/3798 701/707/700 2784/2879/2785
f 587/1205/588 1182/1204/1183 3799/3995/3799
f 3801/3996/3800 65/66/66 3800/3997/3801
f 1841/1886/1839 727/735/728 729/734/727
f 2746/3998/2745 3802/3999/3802 1189/4000/1190
f 2803/4001/2803 2518/2593/2519 2324/2387/2324
f 2519/2594/2520 2518/2593/2519 2802/4002/2802
f 2705/4003/2705 3803/4004/3803 3804/4005/3804
f 2180/2239/2181 2597/2673/2595 2596/2675/2597
f 888/900/886 3805/4006/3805 737/745/738
f 3636/3812/3637 3433/3593/3434 3806/4007/3806
f 656/663/657 3610/3782/3610 994/1013/995
f 3408/3562/3407 3807/4008/3807 1531/3563/1532
f 1531/1567/1532 3807/4009/3807 1532/1565/1530
f 2723/2813/2723 2669/2751/2668 1478/1511/1479
f 1532/1565/1530 3808/4010/3808 3429/3588/3429
f 3389/3543/3389 2767/2858/2766 3809/4011/3809
f 3810/4012/3810 1057/1075/1057 421/424/422
f 1530/1566/1531 3428/3587/3428 3811/4013/3811
f 3246/3385/3246 2606/2685/2607 2607/2684/2606
f 2370/2434/2370 915/932/916 916/931/915
f 3332/3479/3333 1695/1734/1693 3812/4014/3812
f 3814/4015/3813 1784/1829/1785 3813/4016/3814
f 1659/1697/1660 1656/1694/1657 1655/1693/1656
f 2828/2925/2826 2827/2927/2828 3815/4017/3815
f 2786/2880/2786 3649/3823/3647 3816/4018/3816
f 3670/3847/3671 3050/3165/3050 1429/1462/1430
f 2830/2930/2831 3727/3911/3727 2771/2865/2772
f 2710/2801/2711 2712/2800/2710 3449/3608/3449
f 2712/2800/2710 2711/2802/2712 894/909/895
f 3496/3657/3496 1384/1410/1382 3293/3436/3293
f 1533/1569/1534 1534/1568/1533 1676/1716/1676
f 3487/3648/3487 1533/1569/1534 1676/1716/1676
f 1801/1846/1800 2203/2261/2203 1800/1847/1801
f 705/713/706 3817/4019/3817 3335/3481/3335
f 2622/2700/2622 3398/3553/3399 2623/2701/2623
f 133/134/134 2139/2198/2140 134/135/135
f 3819/4020/3818 1617/1651/1616 3818/4021/3819
f 3166/3291/3164 3296/3440/3297 3164/3292/3165
f 2645/4022/2645 2405/2470/2406 668/2078/667
f 33/31/31 1316/1342/1316 31/32/32
f 3375/3526/3374 3820/4023/3820 2560/2635/2558
f 3163/3289/3162 2339/2403/2340 3162/3290/3163
f 3821/4024/3821 2082/2136/2082 1016/1035/1017
f 849/861/847 3500/3662/3500 3499/3661/3499
f 3212/3348/3212 1815/1862/1816 1552/1588/1553
f 3823/4025/3822 14/15/15 3822/4026/3823
f 2882/4027/2883 989/1008/990 988/1007/989
f 3544/3709/3544 167/168/168 1508/1541/1506
f 2225/2284/2225 3824/4028/3824 3825/4029/3825
f 211/209/209 2253/2313/2253 209/210/210
f 3826/4030/3826 338/340/339 337/339/338
f 3315/3461/3315 3826/4030/3826 337/339/338
f 3828/4031/3827 1613/1649/1614 3827/4032/3828
f 3499/3661/3499 1403/1434/1404 1090/1108/1090
f 3605/3776/3604 3604/3777/3605 3829/4033/3829
f 2597/2673/2595 2657/2741/2658 1529/1564/1529
f 3544/3709/3544 2159/2218/2160 2161/2217/2159
f 2597/2673/2595 1529/1564/1529 3248/3387/3248
f 18/16/16 17/18/18 3830/4034/3830
f 1961/2012/1961 3149/4035/3149 2839/2938/2839
f 1431/1461/1429 3831/4036/3831 2223/2280/2222
f 2317/2377/2315 2316/2379/2317 829/838/827
f 1903/1950/1903 3832/4037/3832 3833/4038/3833
f 3834/4039/3834 2904/3011/2904 2903/3010/2903
f 1247/1269/1245 2638/2719/2638 1245/1270/1246
f 3837/4040/3835 3835/4041/3836 3836/4042/3837
f 3301/3443/3300 3378/3529/3376 3377/3531/3378
f 3839/4043/3838 1464/1494/1462 3838/4044/3839
f 2711/2802/2712 3840/4045/3840 895/910/896
f 1690/1732/1691 3841/4046/3841 822/831/820
f 1462/1495/1463 2000/2049/1998 1463/1496/1464
f 3844/4047/3842 3842/4048/3843 3843/4049/3844
f 3404/3560/3405 3845/4050/3845 3405/3561/3406
f 3846/4051/3846 2910/3018/2911 2909/3017/2910
f 3644/3820/3644 2331/2393/2330 3643/3819/3643
f 2444/2515/2445 3297/3439/3296 541/547/542
f 3848/4052/3847 2074/2127/2073 3847/4053/3848
f 3850/4054/3849 2014/2066/2015 3849/4055/3850
f 3053/3166/3051 612/4056/613 3851/4057/3851
f 3052/3168/3053 612/4056/613 3053/3166/3051
f 330/331/330 3852/4058/3852 2939/3052/2940
f 3853/4059/3853 494/500/495 3476/4060/3476
f 556/559/554 3854/4061/3854 975/993/975
f 3044/3160/3045 2972/4062/2972 1051/3510/1051
f 3856/4063/3855 3855/4064/3856 2097/2151/2097
f 3505/3668/3506 2554/2629/2553 3506/3667/3505
f 617/621/615 616/623/617 3857/4065/3857
f 1971/2022/1971 2378/2442/2378 1778/1822/1778
f 2079/2134/2080 616/623/617 615/622/616
f 1950/2002/1951 1381/1407/1379 1380/1409/1381
f 3860/4066/3858 3858/4067/3859 3859/4068/3860
f 3532/3696/3532 478/482/479 3700/3878/3699
f 3528/3691/3527 3861/4069/3861 3527/3692/3528
f 3863/4070/3862 3186/3316/3186 3862/4071/3863
f 1941/1992/1941 1181/1200/1179 1174/1194/1173
f 47/48/48 3020/3133/3019 3214/3350/3214
f 3309/3452/3309 1527/1560/1525 1893/1939/1892
f 3402/3557/3402 3151/3279/3152 869/883/869
f 1133/1154/1133 2302/2365/2303 819/828/817
f 2898/3003/2896 3864/4072/3864 3263/3401/3261
f 3040/3155/3040 2358/2421/2358 3865/4073/3865
f 736/744/737 58/854/59 2292/2794/2292
f 3867/4074/3866 3110/3230/3111 3866/4075/3867
f 381/383/382 1736/1780/1736 3868/4076/3868
f 1608/1644/1609 1582/1618/1583 3419/3575/3419
f 3870/4077/3869 271/273/272 3869/4078/3870
f 706/714/707 637/644/638 639/643/637
f 271/273/272 197/198/198 3869/4078/3870
f 3869/4078/3870 197/198/198 3736/3920/3735
f 2744/2834/2742 2743/2836/2744 3820/4023/3820
f 1347/1373/1347 1725/1770/1726 3537/3701/3537
f 477/480/477 3871/4079/3871 3872/4080/3872
f 1725/1770/1726 3538/3702/3538 3537/3701/3537
f 1634/1670/1634 2798/2894/2799 2799/2893/2798
f 3216/3352/3216 3873/4081/3873 3412/3568/3412
f 3422/3580/3423 3874/4082/3874 3875/4083/3875
f 2135/2191/2133 3391/3545/3391 2133/2192/2134
f 2199/2255/2197 2198/2257/2199 3240/3380/3241
f 3877/4084/3876 3876/4085/3877 3630/3804/3629
f 3430/3590/3431 3876/4085/3877 3877/4084/3876
f 3710/3891/3710 3709/3890/3709 3878/4086/3878
f 1723/3903/1723 2915/3023/2916 2914/3022/2915
f 3117/3236/3116 1856/1904/1857 1858/1903/1856
f 3880/4087/3879 3879/4088/3880 2603/2679/2601
f 2602/2681/2603 3880/4087/3879 2603/2679/2601
f 3882/4089/3881 1960/2011/1960 3881/4090/3882
f 1810/1857/1811 1809/1856/1810 3157/3284/3157
f 2089/2141/2087 3883/4091/3883 1374/1403/1375
f 551/554/549 1818/1865/1819 549/555/550
f 3678/3855/3676 2476/2549/2477 2301/2364/2302
f 230/232/231 229/231/230 151/152/152
f 151/152/152 379/380/379 230/232/231
f 3270/3410/3270 932/948/932 511/514/509
f 2702/2789/2702 3691/3871/3692 1052/1070/1052
f 2436/2502/2435 2264/2322/2262 3884/4092/3884
f 2264/2322/2262 3885/4093/3885 3884/4092/3884
f 1314/1340/1314 135/133/133 1313/1339/1313
f 2670/2753/2670 3275/3415/3275 2633/2713/2634
f 2902/3009/2902 3768/3958/3769 1977/2026/1975
f 217/222/215 3886/4094/3886 3887/4095/3887
f 81/79/79 3888/4096/3888 1948/2000/1949
f 582/588/583 3889/4097/3889 583/589/584
f 2156/2213/2155 1767/1811/1767 3059/3174/3059
f 1421/1454/1422 2858/2959/2859 1422/1455/1423
f 941/958/942 2967/3079/2967 942/956/940
f 930/944/928 931/947/931 3890/4098/3890
f 2270/2331/2271 2272/2330/2270 3891/4099/3891
f 3893/4100/3892 2687/2771/2688 3892/4101/3893
f 1068/1084/1066 3894/4102/3894 632/639/633
f 249/248/247 3217/3353/3217 247/249/248
f 3216/3352/3216 3412/3568/3412 3217/3353/3217
f 2230/2291/2231 2658/2740/2657 2656/2739/2656
f 3896/4103/3895 3895/4104/3896 2299/2362/2300
f 2569/2648/2570 3897/4105/3897 1484/1514/1482
f 3898/4106/3898 1257/1281/1257 1753/1795/1751
f 3900/4107/3899 3899/4108/3900 3080/3199/3081
f 95/96/96 3901/4109/3901 1564/1597/1562
f 1505/1540/1505 1535/1570/1535 771/782/772
f 929/946/930 3813/4110/3814 931/947/931
f 1059/1077/1059 1058/1076/1058 743/4111/744
f 331/333/332 2703/2790/2703 332/334/333
f 42/40/40 3357/3509/3358 40/41/41
f 729/734/727 2129/2738/2129 1841/1886/1839
f 2404/2468/2404 2875/2979/2876 1079/1098/1080
f 3808/4010/3808 3303/3447/3304 3902/4112/3902
f 3669/3845/3669 3903/4113/3903 3219/3357/3219
f 2447/2517/2447 2125/2180/2124 2446/2516/2446
f 1289/1313/1289 343/1315/343 2626/2705/2626
f 3904/4114/3904 3622/3794/3621 3752/3939/3750
f 3523/3686/3523 2425/2491/2425 1311/1338/1312
f 3904/4114/3904 3881/4090/3882 3622/3794/3621
f 1588/1623/1588 1587/1622/1587 248/250/249
f 905/920/906 3905/4115/3905 1665/1703/1666
f 3906/4116/3906 2971/3083/2971 2991/3104/2991
f 1068/1084/1066 3907/4117/3907 1066/1085/1067
f 699/706/699 468/470/468 3872/4080/3872
f 1817/1864/1818 2813/2910/2813 550/556/551
f 2723/2813/2723 1478/1511/1479 1480/1510/1478
f 3908/4118/3908 1899/1945/1898 2178/2237/2179
f 3910/4119/3909 3181/3311/3181 3909/4120/3910
f 3911/4121/3911 2494/2567/2494 3201/3335/3201
f 832/1147/830 1125/1146/1126 1719/3356/1720
f 3569/3738/3568 3306/3450/3307 3899/4108/3900
f 3913/4122/3912 3912/4123/3913 3673/3851/3673
f 2858/2959/2859 2860/2958/2858 3914/4124/3914
f 3693/3870/3691 3915/4125/3915 3691/3871/3692
f 92/93/93 3916/4126/3916 93/94/94
f 175/173/173 3917/4127/3917 173/174/174
f 1601/1636/1601 773/785/774 3419/3575/3419
f 1424/1457/1425 540/546/541 3918/4128/3918
f 2669/2751/2668 1224/1244/1222 1478/1511/1479
f 981/1000/982 3407/3564/3408 3919/4129/3919
f 1522/1558/1523 3810/4130/3810 1379/1408/1380
f 630/636/630 1650/1686/1649 627/634/628
f 3112/3231/3112 805/814/803 804/816/805
f 1854/1901/1854 1202/1225/1203 3640/3815/3640
f 3920/4131/3920 1572/1607/1572 2475/2548/2476
f 111/112/112 3806/4007/3806 3433/3593/3434
f 3921/4132/3921 3091/3207/3089 3090/3209/3091
f 982/1001/983 1341/1368/1342 1342/1367/1341
f 170/171/171 172/170/170 3488/3649/3488
f 3121/3240/3120 1859/1907/1860 1861/1906/1859
f 3923/4133/3922 436/439/437 3922/4134/3923
f 1208/1231/1209 3848/4052/3847 3847/4053/3848
f 2173/2231/2173 2244/2304/2244 2055/2109/2056
f 59/758/60 841/855/841 840/853/840
f 1791/1835/1791 2809/2905/2809 1697/2777/1697
f 139/140/140 1127/1149/1128 3385/3538/3385
f 2157/2216/2158 3924/4135/3924 3925/4136/3925
f 3924/4135/3924 3926/4137/3926 3373/3523/3371
f 2710/2801/2711 3927/4138/3927 3840/4045/3840
f 3695/3873/3694 3694/3874/3695 3677/3857/3678
f 3821/4024/3821 1286/1311/1287 2082/2136/2082
f 3929/4139/3928 813/822/811 3928/4140/3929
f 1956/2007/1956 3114/3232/3113 1701/1743/1702
f 1691/1733/1692 1690/1732/1691 821/833/822
f 3930/4141/3930 3113/4142/3114 3462/3622/3463
f 3150/3278/3151 826/836/825 3151/3279/3152
f 88/88/88 3151/3279/3152 826/836/825
f 3498/3976/3498 1361/4143/1362 3041/3156/3041
f 1361/4143/1362 1360/4144/1361 3041/3156/3041
f 3933/4145/3931 3931/4146/3932 3932/4147/3933
f 3934/4148/3934 2804/2899/2804 2140/2197/2139
f 1227/1249/1227 3144/3269/3144 1221/1241/1219
f 3935/4149/3935 2212/2271/2213 1422/1455/1423
f 2593/2672/2594 2966/3078/2966 3580/3751/3580
f 691/698/692 690/697/691 2267/2326/2266
f 3938/4150/3936 3936/4151/3937 3937/4152/3938
f 1138/1160/1139 3182/3313/3183 1139/1158/1137
f 3939/4153/3939 1745/1790/1746 1747/1789/1745
f 3941/4154/3940 3940/4155/3941 3901/4109/3901
f 3943/4156/3942 2554/3459/2553 3942/4157/3943
f 1889/1937/1890 1891/1936/1889 3647/3824/3648
f 3944/4158/3944 1818/1865/1819 551/554/549
f 578/581/576 577/583/578 3835/4041/3836
f 3731/3915/3730 1727/1772/1728 2875/2979/2876
f 2050/2104/2051 2054/2106/2053 3379/3532/3379
f 246/245/244 245/247/246 1895/1941/1894
f 2395/2460/2396 3945/4159/3945 3611/3783/3611
f 2118/2174/2118 2995/3109/2995 3812/4014/3812
f 3869/4078/3870 3736/3920/3735 3946/4160/3946
f 3946/4160/3946 3736/3920/3735 3947/4161/3947
f 3947/4161/3947 3213/3349/3213 3946/4160/3946
f 3948/4162/3948 3735/3921/3736 3947/4161/3947
f 950/964/948 3308/3451/3308 105/106/106
f 3572/3742/3571 3949/4163/3949 2681/2765/2682
f 2467/2537/2466 2466/2539/2467 3133/3257/3133
f 3616/3788/3616 1154/1175/1154 1185/1207/1185
f 3951/4164/3950 29/30/30 3950/4165/3951
f 2289/2352/2290 800/3090/798 3/1/1
f 3952/4166/3952 1213/1236/1214 1215/1235/1213
f 2904/3011/2904 3514/3677/3515 3953/4167/3953
f 728/2784/729 3690/3869/3690 3954/4168/3954
f 3690/3869/3690 2075/2129/2075 3954/4168/3954
f 2075/2129/2075 2129/2187/2129 3954/4168/3954
f 3955/4169/3955 2690/2773/2690 147/145/145
f 1824/1870/1824 739/746/739 3956/4170/3956
f 1772/1814/1770 1239/1262/1240 1770/1815/1771
f 385/384/383 384/386/385 1627/1663/1628
f 2358/2421/2358 1144/1164/1143 3865/4073/3865
f 3634/3809/3634 2778/2872/2779 2780/2871/2778
f 2953/3066/2954 3148/3273/3148 2751/2843/2751
f 3959/4171/3957 3957/4172/3958 3958/4173/3959
f 3743/3931/3743 2564/2642/2564 657/661/655
f 233/235/234 2524/2596/2522 2099/2153/2099
f 2984/3097/2984 3229/4174/3229 2569/2648/2570
f 2996/3110/2996 3960/4175/3960 3024/3136/3022
f 1978/2030/1979 3961/4176/3961 1728/1771/1727
f 2001/2052/2001 101/102/102 103/101/101
f 1088/1107/1089 1087/1106/1088 3482/3643/3482
f 2840/2939/2840 1088/1107/1089 687/694/688
f 521/527/522 2049/2101/2048 522/528/523
f 3963/4177/3962 3962/4178/3963 2287/4179/2287
f 887/902/888 886/901/887 2023/2075/2024
f 3280/3421/3280 3830/4180/3830 3964/4181/3964
f 2207/2266/2208 3965/4182/3965 2208/2267/2209
f 3252/3391/3252 2919/3025/2918 2412/2476/2412
f 3279/3419/3279 2023/2075/2024 3966/4183/3966
f 3967/4184/3967 3517/3680/3517 1168/1190/1169
f 670/677/671 669/676/670 833/844/833
f 3969/4185/3968 1808/1853/1807 3968/4186/3969
f 83/84/84 1923/1970/1923 2410/2473/2409
f 3573/3744/3573 3819/4020/3818 3970/4187/3970
f 3971/4188/3971 581/584/579 409/412/410
f 542/545/540 3638/3814/3639 2409/2474/2410
f 2409/2474/2410 3638/3814/3639 3639/3813/3638
f 661/668/662 428/428/426 662/669/663
f 1949/1999/1948 1615/1648/1613 1948/2000/1949
f 3974/4189/3972 3972/4190/3973 3973/4191/3974
f 2764/2857/2765 3975/4192/3975 3274/3414/3274
f 3977/4193/3976 3976/4194/3977 3658/3835/3659
f 1021/1040/1022 3978/4195/3978 3979/4196/3979
f 2750/2841/2749 2749/2842/2750 3980/4197/3980
f 684/688/682 3327/3473/3327 1201/1221/1199
f 1624/1659/1624 1156/4198/1156 1940/3346/1940
f 820/832/821 2677/2758/2675 821/833/822
f 3981/4199/3981 2842/2942/2843 2728/2818/2728
f 3982/4200/3982 2829/4201/2829 1336/1362/1336
f 3984/4202/3983 3698/3875/3696 3983/4203/3984
f 3985/4204/3985 1277/1299/1275 868/882/868
f 3987/4205/3986 741/749/742 3986/4206/3987
f 3939/4153/3939 3988/4207/3988 1745/1790/1746
f 3474/3634/3475 3475/3633/3474 3416/3570/3414
f 1015/1034/1016 3989/4208/3989 3821/4024/3821
f 2452/2524/2453 3989/4209/3989 1015/1726/1016
f 2787/2882/2788 3990/4210/3990 460/463/461
f 3990/4210/3990 3991/4211/3991 460/463/461
f 486/491/487 1271/1293/1269 1270/1295/1271
f 3992/4212/3992 1747/1789/1745 21/19/19
f 3994/4213/3993 487/492/488 3993/4214/3994
f 3417/3573/3417 3995/4215/3995 435/435/433
f 3667/4216/3668 2472/2545/2473 2176/2234/2176
f 2456/2889/2455 2795/2890/2795 1881/1926/1879
f 3997/4217/3996 1463/1496/1464 3996/4218/3997
f 91/89/89 3998/4219/3998 2956/3067/2955
f 1926/1971/1924 3999/4220/3999 1924/1972/1925
f 2675/2759/2676 910/924/910 1487/1517/1485
f 936/952/936 2073/2128/2074 3463/3621/3462
f 2393/4221/2394 3813/4110/3814 2620/2698/2620
f 1086/1104/1086 132/130/130 2387/2452/2388
f 2417/2484/2418 4000/4222/4000 4001/4223/4001
f 2504/2577/2504 2199/2255/2197 3241/3379/3240
f 420/1710/421 4002/4224/4002 1671/1708/1671
f 420/423/421 291/293/292 4002/4225/4002
f 2841/2941/2842 354/356/355 2728/2818/2728
f 3202/3337/3203 2103/2160/2104 2105/2159/2103
f 3438/3598/3439 4003/4226/4003 3376/3530/3377
f 35/36/36 34/35/35 4004/4227/4004
f 3644/3820/3644 1829/1874/1828 1828/1876/1829
f 3600/3773/3601 2757/2847/2755 2756/2849/2757
f 4007/4228/4005 4005/4229/4006 4006/4230/4007
f 1022/1041/1023 3979/4196/3979 2688/2772/2689
f 3734/3919/3734 3708/3887/3708 896/908/894
f 4009/4231/4008 4008/4232/4009 457/4233/458
f 323/322/321 851/866/852 2937/3049/2937
f 220/218/218 3051/3167/3052 3095/3213/3095
f 4011/4234/4010 4010/4235/4011 3172/3301/3173
f 2094/2149/2095 70/71/71 72/70/70
f 4013/4236/4012 1988/2040/1989 4012/4237/4013
f 2287/4179/2287 4014/4238/4014 2285/2344/2283
f 4015/4239/4015 1950/2002/1951 1380/1409/1381
f 4017/4240/4016 3384/3537/3384 4016/4241/4017
f 641/648/642 3943/4242/3942 642/646/640
f 631/638/632 3012/3125/3011 2744/2834/2742
f 4019/4243/4018 3444/3601/3442 4018/4244/4019
f 624/631/625 4020/4245/4020 2684/2767/2684
f 391/390/389 2203/2261/2203 4021/4246/4021
f 2543/2618/2544 3173/3302/3174 3172/3301/3173
f 3625/3799/3625 2637/2717/2637 4022/4247/4022
f 2427/2493/2427 2426/2492/2426 3790/3984/3790
f 1583/1619/1584 1609/1643/1608 71/4248/72
f 4024/4249/4023 577/583/578 4023/4250/4024
f 126/124/124 125/126/126 3672/3849/3672
f 3235/3374/3235 904/916/902 4025/4251/4025
f 4017/4240/4016 236/238/237 235/237/236
f 938/955/939 3333/3478/3332 2127/4252/2128
f 939/954/938 3333/3478/3332 938/955/939
f 4028/4253/4026 4026/4254/4027 4027/4255/4028
f 2650/2732/2651 4029/4256/4029 3450/3609/3450
f 3590/3762/3591 2651/2731/2650 2650/2732/2651
f 2927/3037/2928 3368/3521/3369 3369/3520/3368
f 1000/1016/998 4030/4257/4030 4031/4258/4031
f 2420/2485/2419 442/445/443 3841/4046/3841
f 1094/1113/1095 3218/3354/3218 3488/3649/3488
f 3488/3649/3488 1095/1111/1093 1094/1113/1095
f 3518/3681/3518 4032/4259/4032 3522/3685/3522
f 4033/4260/4033 3175/3305/3176 3176/3304/3175
f 2341/2402/2339 4034/4261/4034 218/219/219
f 306/308/307 526/531/526 307/306/305
f 2753/2845/2753 974/992/974 975/993/975
f 3968/4186/3969 1807/1854/1808 4035/4262/4035
f 2670/2753/2670 2976/3088/2976 2761/2853/2761
f 16/17/17 3664/3841/3665 17/18/18
f 4037/4263/4036 4036/4264/4037 685/692/686
f 2724/2814/2724 470/473/471 2725/2815/2725
f 2571/2649/2571 607/614/608 4038/4265/4038
f 3945/4159/3945 4039/4266/4039 4040/4267/4040
f 4042/4268/4041 89/90/90 4041/4269/4042
f 1415/1447/1416 484/489/485 1242/1266/1242
f 2388/2453/2389 2387/2452/2388 4043/4270/4043
f 150/148/148 149/150/150 2791/2886/2792
f 3641/3817/3641 2939/3052/2940 302/304/303
f 4045/4271/4044 1926/1971/1924 4044/4272/4045
f 2736/2826/2734 2735/2828/2736 1336/1362/1336
f 4046/4273/4046 2899/3007/2900 2107/2162/2106
f 2356/2420/2357 4047/4274/4047 3689/3868/3689
f 1552/1588/1553 4048/4275/4048 4049/4276/4049
f 1866/4277/1866 3726/3910/3726 1868/2735/1867
f 4051/4278/4050 3990/4210/3990 4050/4279/4051
f 3990/4210/3990 4051/4278/4050 3991/4211/3991
f 3368/3521/3369 567/572/567 4052/4280/4052
f 1601/1845/1601 4053/4281/4053 774/4282/773
f 782/794/783 781/793/782 2095/2150/2096
f 2663/2746/2663 710/718/711 712/717/710
f 4056/4283/4054 4054/4284/4055 4055/4285/4056
f 4057/4286/4057 2925/3035/2926 2924/3034/2925
f 2568/2646/2568 1070/1087/1069 1071/1089/1071
f 1751/1796/1752 779/791/780 1446/1479/1447
f 4058/4287/4058 3794/3990/3794 494/500/495
f 494/500/495 3794/3990/3794 495/501/496
f 4060/4288/4059 4059/4289/4060 3541/3705/3541
f 1108/1127/1107 2075/2129/2075 1109/1130/1110
f 4059/4289/4060 4060/4288/4059 1245/1270/1246
f 1495/4290/1495 996/1012/994 995/1014/996
f 1253/1275/1251 3018/4291/3018 1249/4292/1250
f 3945/4159/3945 2490/2563/2490 2489/2562/2489
f 1348/1374/1348 1347/1373/1347 3537/3701/3537
f 4062/4293/4061 4061/4294/4062 2162/2221/2163
f 2547/2622/2547 498/2621/499 502/505/500
f 1064/1083/1065 743/751/744 745/750/743
f 4063/4295/4063 1852/1900/1853 652/659/653
f 2393/2458/2394 1920/1965/1918 3814/4015/3813
f 2510/2583/2509 658/665/659 4064/4296/4064
f 2937/3049/2937 2116/2171/2115 323/322/321
f 4066/4297/4065 4065/4298/4066 2305/2367/2305
f 2554/3459/2553 473/971/472 954/970/954
f 4067/4299/4067 2181/2240/2182 2180/2239/2181
f 3079/3197/3079 2144/2202/2144 2143/2201/2143
f 4068/4300/4068 1941/1992/1941 1027/1046/1028
f 2876/2978/2875 2404/2468/2404 554/560/555
f 2710/2801/2711 554/560/555 3927/4138/3927
f 465/468/466 4050/4279/4051 3615/3787/3615
f 190/188/188 1529/1564/1529 3388/3542/3388
f 1512/1548/1513 1900/1948/1901 1508/1541/1506
f 828/840/829 3856/4063/3855 2573/2651/2573
f 4071/4301/4069 4069/4302/4070 4070/4303/4071
f 2677/2758/2675 1863/1910/1863 4072/4304/4072
f 2789/2883/2789 1826/1871/1825 1909/1956/1909
f 2917/3024/2917 2320/2383/2321 4073/4305/4073
f 495/501/496 3794/3990/3794 67/68/68
f 2620/2698/2620 3813/4110/3814 929/946/930
f 4074/4306/4074 613/620/614 3052/4307/3053
f 3052/4307/3053 613/620/614 612/619/613
f 3975/4192/3975 853/868/854 3500/3662/3500
f 205/203/203 1242/1266/1242 203/204/204
f 3431/3591/3432 2860/2958/2858 2944/3055/2943
f 1498/1534/1499 645/649/643 1499/1535/1500
f 645/649/643 1498/1534/1499 1579/1615/1580
f 2645/4022/2645 4075/4308/4075 3714/3896/3715
f 349/348/347 348/350/349 1451/1484/1452
f 623/627/621 332/334/333 621/628/622
f 679/686/680 247/249/248 3217/3353/3217
f 1641/1679/1642 2571/2649/2571 2183/2241/2183
f 4077/4309/4076 4076/4310/4077 3037/3153/3038
f 371/373/372 3713/3894/3713 3848/4052/3847
f 4078/4311/4078 2592/2668/2590 3145/3270/3145
f 3432/3589/3430 3431/3591/3432 2944/3055/2943
f 3353/3505/3354 4079/4312/4079 3223/3361/3223
f 3355/3504/3353 4079/4312/4079 3353/3505/3354
f 4080/4313/4080 2543/2618/2544 2545/2617/2543
f 2290/2350/2288 1610/1646/1611 1612/1645/1610
f 1566/1602/1567 575/579/574 3603/3775/3603
f 1012/1031/1013 1014/1030/1012 2484/2556/2483
f 4082/4314/4081 4081/4315/4082 927/941/925
f 382/381/380 4083/4316/4083 4005/4229/4006
f 1705/1744/1703 2047/4317/2045 1703/1745/1704
f 107/108/108 1084/1100/1082 4084/4318/4084
f 3372/3525/3373 4085/4319/4085 4086/4320/4086
f 241/243/242 1521/1555/1520 1485/1518/1486
f 4087/4321/4087 3160/3288/3161 15/13/13
f 3504/3665/3503 3503/3666/3504 3400/3555/3400
f 125/4322/126 3209/3344/3209 3779/3970/3779
f 1328/1354/1328 2857/2956/2856 3755/3944/3755
f 3051/3167/3052 1383/1412/1384 3396/3551/3397
f 3053/3166/3051 1383/1412/1384 3051/3167/3052
f 2471/2543/2471 4088/4323/4088 2398/4324/2399
f 2788/2881/2787 459/462/460 870/884/870
f 948/965/949 2261/2321/2261 3033/3147/3032
f 2321/2384/2322 4089/4325/4089 4090/4326/4090
f 4089/4325/4089 2269/2329/2269 4090/4326/4090
f 4091/4327/4091 3328/3474/3328 1017/1033/1015
f 155/156/156 4092/4328/4092 2081/2135/2081
f 189/190/190 2035/2088/2035 1528/1563/1528
f 481/485/482 483/484/481 2604/2683/2605
f 2572/2650/2572 4093/4329/4093 809/821/810
f 969/985/967 2613/2691/2613 967/986/968
f 3087/3203/3085 3602/3774/3602 3085/3204/3086
f 4094/4330/4094 3815/4017/3815 1941/1992/1941
f 1239/1262/1240 1772/1814/1770 4095/4331/4095
f 4098/4332/4096 4096/4333/4097 4097/4334/4098
f 154/155/155 2604/2683/2605 483/484/481
f 4101/4335/4099 4099/4336/4100 4100/4337/4101
f 1706/1748/1707 4102/4338/4102 1707/1749/1708
f 4096/4333/4097 1412/1444/1413 4097/4334/4098
f 2764/2857/2765 853/868/854 3975/4192/3975
f 3206/3340/3206 956/974/957 955/973/956
f 4103/4339/4103 1367/1396/1368 1366/1395/1367
f 4104/4340/4104 955/973/956 2329/2390/2327
f 1766/1808/1764 2997/4341/2997 3782/3974/3783
f 1363/1391/1364 1365/1390/1363 430/433/431
f 2025/2076/2025 2101/2157/2101 437/2077/438
f 2138/2196/2138 2395/2460/2396 3611/3783/3611
f 1193/1214/1192 839/852/839 4105/4342/4105
f 4106/4343/4106 2797/2891/2796 36/34/34
f 115/113/113 4066/4297/4065 113/114/114
f 115/113/113 4107/4344/4107 4066/4297/4065
f 725/733/726 724/732/725 270/4345/271
f 3602/3774/3602 3087/3203/3085 989/4346/990
f 4110/4347/4108 4108/4348/4109 4109/4349/4110
f 579/585/580 2845/2945/2846 580/586/581
f 3403/3558/3403 1396/1427/1397 1398/1426/1396
f 4111/4350/4111 1405/1436/1406 1407/1435/1405
f 456/459/457 937/953/937 1495/1529/1495
f 3006/3120/3006 1882/1929/1882 3142/3267/3142
f 3443/3603/3444 4112/4351/4112 4113/4352/4113
f 1651/1689/1652 4114/4353/4114 1652/1690/1653
f 818/830/819 213/214/214 2918/3026/2919
f 4114/4353/4114 1405/1436/1406 4115/4354/4115
f 61/62/62 1586/1621/1586 3088/3206/3088
f 3458/3933/3458 730/738/731 3640/4355/3640
f 2414/2478/2414 1844/1892/1845 3115/3234/3115
f 736/744/737 1517/1553/1518 3383/3536/3383
f 2864/2963/2863 4116/4356/4116 1379/1408/1380
f 4117/4357/4117 3132/3256/3132 3292/3435/3292
f 3898/4106/3898 786/795/784 1257/1281/1257
f 1577/1613/1578 4118/4358/4118 1578/1612/1577
f 3217/3353/3217 249/248/247 2559/2637/2560
f 4120/4359/4119 3686/4360/3684 4119/4361/4120
f 2279/2341/2280 2280/2340/2279 4121/4362/4121
f 3058/3171/3056 2219/2278/2220 4122/4363/4122
f 3364/3516/3364 462/465/463 4123/4364/4123
f 3179/3310/3180 3178/3309/3179 4124/4365/4124
f 1205/1228/1206 4125/4366/4125 4126/4367/4126
f 1050/1067/1049 2701/2787/2700 56/57/57
f 2361/2424/2361 846/859/845 4127/4368/4127
f 2272/2330/2270 4128/4369/4128 2312/2374/2312
f 2152/2211/2153 2154/2210/2152 3635/3810/3635
f 3423/3578/3421 4129/4370/4129 3421/3579/3422
f 1896/1943/1896 1942/1993/1942 1226/1247/1225
f 934/951/935 3508/3669/3507 4130/4371/4130
f 2474/2546/2474 3418/4372/3418 2201/2260/2202
f 1116/1134/1114 3181/3311/3181 1114/1135/1115
f 3789/3981/3787 3788/3983/3789 4131/4373/4131
f 2865/2966/2866 2867/2965/2865 4132/4374/4132
f 2038/2090/2037 2117/2173/2117 1683/1723/1683
f 981/1000/982 3055/3169/3054 982/1001/983
f 704/709/702 2416/2483/2417 3696/3876/3697
f 4133/4375/4133 3681/4376/3681 3804/4005/3804
f 1729/1774/1730 2021/2073/2022 2813/2910/2813
f 2907/3013/2906 4132/4374/4132 2867/2965/2865
f 1731/1773/1729 2022/2072/2021 2021/2073/2022
f 4135/4377/4134 2959/3069/2957 4134/4378/4135
f 1837/1884/1837 2245/2306/2246 1838/1885/1838
f 4136/4379/4136 1122/1143/1123 1124/1142/1122
f 4136/4379/4136 1576/4380/1576 4137/4381/4137
f 4139/4382/4138 1264/1289/1265 4138/4383/4139
f 4139/4382/4138 4140/4384/4140 1264/1289/1265
f 4141/4385/4141 3614/3784/3612 3613/3786/3614
f 1351/1378/1352 1353/1377/1351 2704/2791/2704
f 69/67/67 235/237/236 1471/1502/1470
f 3965/4182/3965 3545/3710/3545 103/101/101
f 170/171/171 3488/3649/3488 4142/4386/4142
f 3739/4387/3739 3560/3727/3560 368/370/369
f 1497/4388/1496 4143/4389/4143 357/4390/356
f 4047/4274/4047 2765/2856/2764 1433/1466/1434
f 3087/4391/3085 3086/3717/3087 2747/2840/2748
f 3057/3173/3058 4144/4392/4144 4145/4393/4145
f 1946/1998/1947 1442/1475/1443 2654/2736/2654
f 1346/1372/1346 4146/4394/4146 981/1000/982
f 3021/4395/3021 1743/1787/1743 3774/3965/3774
f 4149/4396/4147 4147/4397/4148 4148/4398/4149
f 3666/3843/3667 3467/3626/3467 3667/3844/3668
f 2197/2256/2198 1889/1937/1890 2786/2880/2786
f 670/677/671 834/845/834 1110/1131/1111
f 3485/3647/3486 3128/3252/3129 4150/4399/4150
f 623/627/621 1887/1933/1886 1162/1184/1163
f 2861/2961/2861 1033/1052/1034 3645/3821/3645
f 2725/2815/2725 470/473/471 3457/3616/3457
f 4153/4400/4151 4151/4401/4152 4152/4402/4153
f 2020/2071/2020 1614/1650/1615 2017/2069/2018
f 4155/4403/4154 4154/4404/4155 202/200/200
f 1267/1292/1268 1266/1291/1267 4156/4405/4156
f 2629/2706/2627 4157/4406/4157 3283/3425/3283
f 1266/1291/1267 4158/4407/4158 4156/4405/4156
f 1580/1616/1581 2138/2196/2138 2142/2200/2142
f 351/4408/352 4143/4389/4143 1018/1037/1019
f 1873/1921/1874 1875/1920/1873 2196/3250/2194
f 1588/1623/1588 1124/1142/1122 1123/1144/1124
f 212/213/213 711/4409/712 2918/3026/2919
f 1819/1863/1817 3457/3616/3457 1729/1774/1730
f 2496/2570/2497 3079/3197/3079 2143/2201/2143
f 706/714/707 3334/3480/3334 3039/3154/3039
f 1527/1560/1525 1526/1562/1527 1893/1939/1892
f 3038/3151/3036 1591/1624/1589 1161/1181/1160
f 1448/1481/1449 4159/4410/4159 3861/4069/3861
f 1048/1066/1048 1255/1280/1256 1254/1279/1255
f 3504/3665/3503 1565/4411/1566 3036/3152/3037
f 718/723/716 2624/4412/2625 3642/3818/3642
f 2181/2240/2182 3168/3294/3167 2656/2739/2656
f 910/924/910 908/923/909 242/244/243
f 4162/4413/4160 4160/4414/4161 4161/4415/4162
f 4073/4305/4073 2320/2383/2321 2322/2382/2320
f 3299/3442/3299 1026/1045/1027 1028/1044/1026
f 2897/3005/2898 3064/3180/3065 3261/3402/3262
f 4164/4416/4163 4163/4417/4164 2018/2067/2016
f 2139/2198/2140 133/134/134 3555/3722/3555
f 1560/1595/1560 3385/3538/3385 3062/3176/3061
f 2748/2839/2747 1832/1880/1833 990/1006/988
f 4165/4418/4165 990/1006/988 1832/1880/1833
f 2267/2326/2266 3215/3351/3215 210/211/211
f 1181/1200/1179 1175/1196/1175 1150/1169/1148
f 3057/3173/3058 3106/3224/3105 4166/4419/4166
f 673/680/674 4167/4420/4167 4168/4421/4168
f 2183/2241/2183 2185/2244/2186 1904/1951/1904
f 848/863/849 4169/4422/4169 4170/4423/4170
f 4171/4424/4171 380/382/381 382/381/380
f 3597/3770/3598 2970/3296/2969 4172/4425/4172
f 4173/4426/4173 3875/4083/3875 2241/2299/2239
f 3556/3723/3556 2058/2111/2058 4174/4427/4174
f 201/202/202 281/282/281 2097/2151/2097
f 1207/1227/1205 1206/1229/1207 2053/2107/2054
f 2316/2379/2317 1836/1883/1836 1668/1704/1667
f 1026/1045/1027 4068/4300/4068 1027/1046/1028
f 1003/1022/1004 2154/2210/2152 2887/2991/2888
f 1939/1988/1939 857/872/858 753/763/754
f 3736/3920/3735 3948/4162/3948 3947/4161/3947
f 2970/3081/2969 2435/2503/2436 4172/4428/4172
f 2238/2298/2238 4175/4429/4175 2934/4430/2935
f 4177/4431/4176 4176/4432/4177 3390/3544/3390
f 3359/3511/3359 1626/1660/1625 636/640/634
f 4179/4433/4178 122/123/123 4178/4434/4179
f 3781/3971/3780 4180/4435/4180 675/679/673
f 1151/1173/1152 1153/1172/1151 4181/4436/4181
f 492/497/492 1202/1225/1203 2812/2909/2812
f 492/497/492 1203/1226/1204 1202/1225/1203
f 3905/4115/3905 3787/3982/3788 2692/4437/2692
f 3471/3631/3472 3498/3976/3498 3865/4073/3865
f 268/270/269 2407/2472/2408 2750/2841/2749
f 2982/3096/2983 4182/4438/4182 2345/2406/2343
f 1096/1114/1096 303/305/304 1097/1115/1097
f 3690/3869/3690 1830/1878/1831 1755/1799/1755
f 3572/3742/3571 2681/2765/2682 3571/3743/3572
f 4184/4439/4183 2687/2771/2688 4183/4440/4184
f 2987/3100/2987 3492/3654/3493 2243/2302/2242
f 2549/2626/2550 4185/4441/4185 2550/2627/2551
f 1672/1712/1673 4186/4442/4186 97/95/95
f 2604/2683/2605 154/155/155 156/154/154
f 3317/3464/3318 2131/2190/2132 3318/3462/3316
f 4187/4443/4187 6/4/4 2123/2179/2123
f 4190/4444/4188 4188/4445/4189 4189/4446/4190
f 3256/3393/3254 4191/4447/4191 3254/3394/3255
f 4191/4447/4191 4192/4448/4192 3254/3394/3255
f 472/475/473 3346/3494/3346 359/3493/360
f 3526/3690/3526 3725/3907/3723 2714/2805/2715
f 2605/2682/2604 4193/4449/4193 481/485/482
f 2076/2131/2077 3198/3331/3198 1210/1233/1211
f 1927/1975/1928 4053/4281/4053 1795/1838/1793
f 4194/4450/4194 593/1118/591 2420/4451/2419
f 2793/2888/2794 1803/1850/1804 1802/1849/1803
f 3900/4107/3899 3080/3199/3081 2373/2438/2374
f 2655/2737/2655 1660/1695/1658 1839/1887/1840
f 2803/4001/2803 2324/2387/2324 1842/2386/1842
f 793/805/794 2258/2319/2259 794/806/795
f 793/805/794 4195/4452/4195 2258/2319/2259
f 1123/1144/1124 2752/2844/2752 3268/3408/3268
f 4197/4453/4196 4196/4454/4197 1934/1981/1933
f 730/738/731 2357/2418/2355 731/739/732
f 1763/1806/1762 3078/3196/3078 2540/2614/2540
f 2340/2404/2341 4034/4261/4034 2341/2402/2339
f 4199/4455/4198 3064/3180/3065 4198/4456/4199
f 4200/4457/4200 622/629/623 3025/3139/3025
f 3368/3521/3369 2927/3037/2928 567/572/567
f 2943/3056/2944 2858/2959/2859 1421/1454/1422
f 2273/2333/2273 890/905/891 2615/2693/2615
f 2930/4458/2930 4201/4459/4201 2885/2989/2886
f 3745/3935/3746 4100/4337/4101 3242/3382/3243
f 4146/4394/4146 1737/1782/1738 3407/3564/3408
f 3377/3531/3378 4202/4460/4202 4203/4461/4203
f 3099/3218/3100 3662/3838/3662 4204/4462/4204
f 1757/1802/1758 1631/1667/1631 1568/1604/1569
f 1570/1603/1568 1757/1802/1758 1568/1604/1569
f 2666/2750/2667 2667/2749/2666 566/571/566
f 1257/1281/1257 2737/2830/2738 1823/1869/1823
f 1753/1795/1751 1257/1281/1257 1823/1869/1823
f 1408/1438/1408 4205/4463/4205 4206/4464/4206
f 3740/3927/3740 1503/1536/1501 1502/1538/1503
f 3109/3229/3110 2851/2948/2849 2850/2950/2851
f 4208/4465/4207 4106/4466/4106 4207/4467/4208
f 531/537/532 4209/4468/4209 4210/4469/4210
f 2576/2652/2574 2575/2654/2576 3205/3339/3205
f 4212/4470/4211 4207/4467/4208 4211/4471/4212
f 569/575/570 2742/2835/2743 3011/3126/3012
f 295/756/296 284/283/282 296/3276/294
f 3660/3834/3658 4213/4472/4213 4214/4473/4214
f 2710/2801/2711 3730/3916/3731 2876/2978/2875
f 554/560/555 2710/2801/2711 2876/2978/2875
f 376/378/377 4215/4474/4215 4214/4473/4214
f 2383/2447/2383 1723/3903/1723 2914/3022/2915
f 3316/3463/3317 4216/4475/4216 4217/4476/4217
f 2136/2194/2136 86/87/87 85/86/86
f 2339/2403/2340 3737/3922/3737 2340/2404/2341
f 3248/3387/3248 1528/1563/1528 1387/1416/1388
f 1170/1192/1171 1914/1960/1913 3477/3637/3477
f 4218/4477/4218 1338/1365/1339 2072/3960/2071
f 1338/1365/1339 4218/4477/4218 4219/4478/4219
f 4222/4479/4220 4220/4480/4221 4221/4481/4222
f 3209/3344/3209 4223/4482/4223 1557/1590/1555
f 3163/3289/3162 2618/2695/2617 2617/2696/2618
f 2064/2118/2065 4224/4483/4224 4225/4484/4225
f 3724/3909/3725 2714/2805/2715 3725/3907/3723
f 546/552/547 191/192/192 547/553/548
f 2714/2805/2715 3724/3909/3725 2715/2803/2713
f 2854/4485/2854 2187/2246/2188 2551/2625/2549
f 2940/3053/2941 3912/4123/3913 3913/4122/3912
f 791/802/791 3778/3969/3778 877/892/878
f 3765/3952/3763 3764/3954/3765 4226/4486/4226
f 4229/4487/4227 4227/4488/4228 4228/4489/4229
f 4231/4490/4230 3760/3950/3761 4230/4491/4231
f 3934/4148/3934 3760/3950/3761 4231/4490/4230
f 3284/4492/3284 3007/3121/3007 3006/3120/3006
f 2713/2804/2714 4194/4450/4194 4232/4493/4232
f 1913/1961/1914 1402/1433/1403 3092/3210/3092
f 3313/4494/3313 1889/1937/1890 2197/2256/2198
f 1460/1492/1460 809/821/810 3646/3822/3646
f 3723/3908/3724 2925/3035/2926 4057/4286/4057
f 1487/1517/1485 241/243/242 1485/1518/1486
f 3824/4028/3824 290/2283/288 2455/2527/2456
f 1620/1653/1618 3609/3781/3609 2772/2866/2773
f 21/19/19 2536/2610/2536 19/20/20
f 3899/4108/3900 3081/3200/3082 3080/3199/3081
f 1036/1055/1037 319/318/317 1893/1939/1892
f 3312/3455/3312 3124/3246/3124 2614/2692/2614
f 3326/3472/3326 3333/3478/3332 939/954/938
f 3228/3366/3228 2394/4495/2393 2393/4221/2394
f 4112/4351/4112 4233/4496/4233 4234/4497/4234
f 3327/3473/3327 1199/1222/1200 1201/1221/1199
f 1928/1974/1927 1505/4498/1505 1504/4499/1504
f 4208/4465/4207 405/4500/406 4106/4466/4106
f 1654/1691/1654 46/47/47 48/46/46
f 1487/1517/1485 910/924/910 241/243/242
f 3772/3964/3773 2856/2957/2857 1020/1036/1018
f 3739/4387/3739 591/1117/592 3560/3727/3560
f 1098/1116/1098 3560/3727/3560 591/1117/592
f 638/645/639 1709/1751/1709 1602/1753/1603
f 1966/2015/1964 2708/4501/2708 2872/2973/2872
f 3041/3156/3041 1360/4144/1361 1187/1210/1188
f 4235/4502/4235 2008/2060/2009 3675/3853/3675
f 2755/2848/2756 1976/2028/1977 4236/4503/4236
f 1001/1019/1001 891/903/889 2273/2333/2273
f 2797/2891/2796 4106/4343/4106 405/407/406
f 4237/4504/4237 490/495/491 1657/1692/1655
f 867/880/866 4238/4505/4238 4175/4429/4175
f 164/165/165 2119/2175/2119 4061/4294/4062
f 4239/4506/4239 449/449/447 1533/1569/1534
f 99/100/100 3139/3262/3138 2439/2509/2440
f 102/103/103 4240/4507/4240 3956/4170/3956
f 1074/1093/1075 4241/4508/4241 1075/1092/1074
f 3766/3955/3766 1454/1486/1454 1901/1949/1902
f 2375/2437/2373 2374/2439/2375 1247/1269/1245
f 601/608/602 4242/4509/4242 1414/1445/1414
f 19/20/20 2535/2609/2535 3478/3639/3478
f 232/234/233 234/233/232 2935/3045/2934
f 2547/2622/2547 502/505/500 1322/1346/1320
f 2849/2949/2850 2986/3098/2985 2850/2950/2851
f 1469/1499/1467 2296/2358/2296 1467/1500/1468
f 1099/1119/1099 4243/4510/4243 1910/1957/1910
f 908/923/909 2675/2759/2676 4072/4304/4072
f 159/157/157 4244/4511/4244 157/158/158
f 1877/1925/1878 1236/1259/1237 897/912/898
f 4245/4512/4245 426/429/427 2379/2443/2379
f 2229/2290/2230 3388/3542/3388 2658/2740/2657
f 2229/2290/2230 190/188/188 3388/3542/3388
f 4247/4513/4246 4246/4514/4247 2220/2279/2221
f 4247/4513/4246 38/39/39 4246/4514/4247
f 404/406/405 4248/4515/4248 4249/4516/4249
f 986/1005/987 3583/4517/3583 987/1003/985
f 158/159/159 4250/4518/4250 2304/2366/2304
f 3274/3414/3274 3975/4192/3975 4251/4519/4251
f 4248/4515/4248 4252/4520/4252 397/396/395
f 2560/2635/2558 4253/4521/4253 2558/2636/2559
f 1982/2034/1983 1981/2033/1982 2762/2855/2763
f 2525/2600/2526 3442/3602/3443 4019/4243/4018
f 4254/4522/4254 2526/2601/2527 2525/2600/2526
f 1140/1162/1141 1142/1161/1140 2722/2812/2722
f 2413/2477/2413 332/334/333 2146/3140/2147
f 3529/3693/3529 4255/4523/4255 2114/2168/2112
f 2269/2329/2269 337/339/338 339/338/337
f 1394/1420/1392 222/221/221 221/223/222
f 633/637/631 3894/4102/3894 1806/1852/1806
f 3529/3693/3529 4256/4524/4256 4255/4523/4255
f 683/690/684 4257/4525/4257 4258/4526/4258
f 783/792/781 782/794/783 2362/2425/2362
f 3330/3477/3331 3796/3993/3797 3600/3773/3601
f 4259/4527/4259 3364/3516/3364 4123/4364/4123
f 609/616/610 3364/3516/3364 4259/4527/4259
f 3645/3821/3645 4260/4528/4260 3183/3314/3184
f 4107/4344/4107 115/113/113 114/115/115
f 1182/1204/1183 4261/4529/4261 4262/4530/4262
f 4082/4314/4081 1587/1622/1587 4263/4531/4263
f 3914/4124/3914 3567/3734/3565 4264/4532/4264
f 4016/4241/4017 3384/3537/3384 744/752/745
f 2523/2598/2524 4265/4533/4265 2524/2596/2522
f 1107/4534/1108 4266/4535/4266 2655/2737/2655
f 2789/2883/2789 4267/4536/4267 2790/2884/2790
f 4268/4537/4268 763/772/763 433/436/434
f 62/63/63 2562/2638/2561 976/995/977
f 4269/4538/4269 3303/3447/3304 3808/4010/3808
f 48/46/46 47/48/48 3214/3350/3214
f 4224/4483/4224 4270/4539/4270 4225/4484/4225
f 4271/4540/4271 1045/1063/1045 4138/4383/4139
f 633/637/631 798/810/799 631/638/632
f 2482/2554/2481 3299/3442/3299 2481/2555/2482
f 3807/4008/3807 3408/3562/3407 3193/4541/3194
f 3397/3550/3396 3396/3551/3397 3581/3752/3581
f 3254/3394/3255 4272/4542/4272 4273/4543/4273
f 213/214/214 817/829/818 4274/4544/4274
f 4275/4545/4275 1888/1935/1888 3413/3569/3413
f 402/404/403 3779/3970/3779 2993/3105/2992
f 2020/2071/2020 2019/2070/2019 81/79/79
f 4185/4441/4185 1019/1038/1020 2550/2627/2551
f 2096/2148/2094 2095/2150/2096 781/793/782
f 1705/1744/1703 1704/1746/1705 3481/3640/3479
f 4276/4546/4276 3976/4194/3977 3489/3651/3490
f 2743/2836/2744 4253/4521/4253 3820/4023/3820
f 4277/4547/4277 260/4548/261 1259/1284/1260
f 4015/4239/4015 1671/1708/1671 4278/4549/4278
f 1951/2003/1952 4015/4239/4015 4278/4549/4278
f 46/47/47 977/994/976 976/995/977
f 846/859/845 2361/2424/2361 843/858/844
f 4279/4550/4279 611/615/609 610/617/611
f 1211/1234/1212 2078/2132/2078 1268/1290/1266
f 3337/3484/3338 1533/1569/1534 3487/3648/3487
f 157/158/158 4280/4551/4280 3119/3238/3118
f 3802/3999/3802 2745/4552/2746 4067/4553/4067
f 2745/4554/2746 2181/2240/2182 4067/4299/4067
f 2173/2231/2173 2363/2426/2363 2244/2304/2244
f 3491/3650/3489 4007/4228/4005 4281/4555/4281
f 1571/1606/1571 691/3189/692 214/212/212
f 3491/3650/3489 4281/4555/4281 3489/3651/3490
f 2235/2296/2236 461/461/459 2237/2297/2237
f 3558/3725/3558 3577/3748/3577 3758/3947/3758
f 3557/3724/3557 3558/3725/3558 3758/3947/3758
f 1383/1412/1384 1382/1411/1383 3396/3551/3397
f 2929/3040/2929 1594/1627/1592 1593/1629/1594
f 4282/4556/4282 3508/4557/3507 1955/2006/1955
f 4209/4468/4209 3017/3129/3015 3016/3131/3017
f 776/788/777 3098/3216/3098 2044/2096/2043
f 2044/2096/2043 3098/3216/3098 4283/4558/4283
f 784/796/785 968/987/969 967/986/968
f 4026/4254/4027 1653/1688/1651 4284/4559/4284
f 3436/3594/3435 308/310/309 78/3328/76
f 4285/4560/4285 3929/4139/3928 2639/2721/2640
f 2097/2151/2097 281/282/281 3856/4063/3855
f 4283/4558/4283 3907/4117/3907 3374/3527/3375
f 683/690/684 2732/2824/2732 4286/4561/4286
f 3903/4113/3903 3220/3358/3220 3219/3357/3219
f 4288/4562/4287 2947/3057/2945 4287/4563/4288
f 778/790/779 1447/1478/1446 779/791/780
f 2877/2981/2878 3496/3657/3496 4289/4564/4289
f 193/191/191 2950/3063/2951 2951/3062/2950
f 2785/2878/2784 3281/3422/3281 2784/2879/2785
f 1747/1789/1745 1746/1791/1747 2536/2610/2536
f 2845/2945/2846 2844/2944/2845 1845/1891/1844
f 2784/2879/2785 3281/3422/3281 4290/4565/4290
f 999/1018/1000 1006/1025/1007 4291/4566/4291
f 2709/2799/2709 1297/1324/1298 2673/2756/2673
f 3791/3986/3792 4292/4567/4292 3540/3703/3539
f 4220/4480/4221 4293/4568/4293 4221/4481/4222
f 674/681/675 4294/4569/4294 4125/4366/4125
f 4077/4309/4076 3037/3153/3038 3036/3152/3037
f 4295/4570/4295 3101/3217/3099 3100/3219/3101
f 1453/1483/1451 3766/3955/3766 1513/1547/1512
f 3906/4116/3906 1255/1280/1256 2971/3083/2971
f 2789/2883/2789 1909/1956/1909 1908/1955/1908
f 4296/4571/4296 803/815/804 805/814/803
f 3037/3153/3038 4104/4340/4104 3038/3151/3036
f 3038/3151/3036 4104/4340/4104 2328/2392/2329
f 3036/3152/3037 3038/3151/3036 3504/3665/3503
f 3456/3615/3456 461/461/459 2236/2295/2235
f 2538/2612/2538 3134/3258/3134 1619/1655/1620
f 199/197/197 4297/4572/4297 4298/4573/4298
f 4299/4574/4299 512/518/513 514/517/512
f 2686/2769/2686 1598/1634/1599 1600/1633/1598
f 4049/4276/4049 3226/3362/3224 4300/4575/4300
f 4301/4576/4301 3226/3362/3224 4049/4276/4049
f 183/184/184 2564/2642/2564 1790/1834/1790
f 1106/1126/1106 102/103/103 227/229/228
f 4302/4577/4302 2212/2271/2213 3366/3518/3366
f 811/823/812 4303/4578/4303 812/824/813
f 4303/4578/4303 2926/3033/2924 4304/4579/4304
f 2036/2089/2036 2035/2088/2035 2086/2139/2085
f 2339/2403/2340 3163/3289/3162 3737/3922/3737
f 2885/2989/2886 4305/4580/4305 3127/3249/3127
f 4307/4581/4306 4306/4582/4307 2757/2847/2755
f 4310/4583/4308 4308/4584/4309 4309/4585/4310
f 2657/2741/2658 3388/3542/3388 1529/1564/1529
f 235/237/236 237/236/235 1470/1503/1471
f 4312/4586/4311 4311/4587/4312 124/125/125
f 3149/4035/3149 3493/3653/3492 362/4588/363
f 473/474/472 2553/2630/2554 472/475/473
f 3493/3653/3492 3149/4035/3149 1773/1818/1774
f 780/789/778 779/791/780 4240/4507/4240
f 3824/4028/3824 4313/4589/4313 3825/4029/3825
f 451/454/452 450/453/451 3108/3227/3108
f 2833/2932/2833 2846/2943/2844 579/585/580
f 579/585/580 581/584/579 2833/2932/2833
f 790/801/790 248/250/249 1214/1237/1215
f 248/250/249 1587/1622/1587 1214/1237/1215
f 243/242/241 850/865/851 852/864/850
f 2590/2669/2591 3702/3880/3701 4314/4590/4314
f 3512/3673/3511 4271/4540/4271 391/390/389
f 138/136/136 2265/2325/2265 4315/4591/4315
f 3595/3848/3595 3670/3847/3671 3164/3292/3165
f 4239/4506/4239 441/444/442 4316/4592/4316
f 443/443/441 4316/4592/4316 441/444/442
f 1094/1113/1095 1466/1498/1466 1467/1500/1468
f 257/259/258 256/258/257 3123/3244/3123
f 401/403/402 125/4322/126 3779/3970/3779
f 3672/3849/3672 125/126/126 401/4593/402
f 3387/4594/3387 4317/4595/4317 259/261/260
f 1489/1522/1490 4318/4596/4318 3524/3688/3524
f 4168/4421/4168 3469/3629/3470 4319/4597/4319
f 615/622/616 617/621/615 2638/4598/2638
f 15/13/13 3160/3288/3161 13/14/14
f 2302/2365/2303 1133/1154/1133 3252/3391/3252
f 2675/2759/2676 1486/1519/1487 2676/2760/2677
f 659/666/660 4320/4599/4320 660/664/658
f 4321/4600/4321 2526/2601/2527 4254/4522/4254
f 788/800/789 1927/1975/1928 521/527/522
f 716/724/717 1472/1505/1473 1474/1504/1472
f 677/684/678 400/399/398 1358/1384/1358
f 3648/3825/3649 173/174/174 3917/4127/3917
f 3648/3825/3649 3650/3826/3650 173/174/174
f 834/845/834 2250/2310/2250 1107/1128/1108
f 1010/1027/1009 1009/1028/1010 4322/4601/4322
f 2337/2398/2335 2346/2409/2346 1339/1366/1340
f 4322/4601/4322 1009/1028/1010 726/731/724
f 2249/4602/2247 967/986/968 1954/2004/1953
f 94/92/92 93/94/94 3862/4071/3863
f 649/656/650 597/604/598 762/770/761
f 3687/3867/3688 4323/4603/4323 4324/4604/4324
f 4326/4605/4325 4109/4349/4110 4325/4606/4326
f 3585/3755/3584 4132/4374/4132 665/672/666
f 2692/4437/2692 77/78/78 1665/1703/1666
f 1582/1618/1583 1584/1617/1582 3419/3575/3419
f 2609/3585/2609 4327/4607/4327 1008/1024/1006
f 4249/4516/4249 3230/3370/3231 3232/3369/3230
f 4329/4608/4328 4328/4609/4329 3071/3187/3072
f 902/917/903 3761/3948/3759 903/918/904
f 3265/3405/3265 2701/2787/2700 239/241/240
f 890/905/891 2033/2087/2034 2615/2693/2615
f 1418/1450/1419 4077/4610/4076 1565/1601/1566
f 1643/1681/1644 1645/1680/1643 4320/4599/4320
f 4332/4611/4330 4330/4612/4331 4331/4613/4332
f 1884/4614/1884 783/792/781 2362/2425/2362
f 4334/4615/4333 4333/4616/4334 4177/4431/4176
f 737/745/738 264/263/262 263/265/264
f 2864/2963/2863 1379/1408/1380 1381/1407/1379
f 2871/2971/2871 1942/1993/1942 4335/4617/4335
f 4336/4618/4336 2144/2202/2144 1207/1227/1205
f 3199/3333/3200 3620/4619/3620 1921/4620/1921
f 885/897/883 1894/1942/1895 1416/1448/1417
f 3158/3285/3158 4337/4621/4337 3298/3441/3298
f 2348/2410/2347 2365/2429/2366 4140/4384/4140
f 3203/3336/3202 1244/1267/1243 4338/4622/4338
f 3746/3936/3747 3745/3935/3746 3712/3893/3712
f 876/891/877 1762/1807/1763 3236/3376/3237
f 393/395/394 3816/4018/3816 394/393/392
f 3923/4133/3922 4339/4623/4339 4014/4238/4014
f 1162/1184/1163 1886/1934/1887 1163/1183/1162
f 3253/3392/3253 3347/3497/3348 3642/3818/3642
f 343/344/343 3253/3392/3253 3642/3818/3642
f 657/661/655 2751/2843/2751 655/662/656
f 4340/4624/4340 3628/3803/3628 4288/4562/4287
f 4343/4625/4341 4341/4626/4342 4342/4627/4343
f 3097/3215/3097 1613/1649/1614 3828/4031/3827
f 2790/2884/2790 3547/3713/3547 985/1004/986
f 116/117/117 160/160/160 892/907/893
f 2052/2103/2050 2497/2568/2495 2143/2201/2143
f 2463/2535/2464 3989/4209/3989 2453/2523/2452
f 3533/3698/3534 2286/2348/2286 3005/3119/3005
f 1450/1480/1448 4159/4410/4159 1448/1481/1449
f 2763/2854/2762 4344/4628/4344 4345/4629/4345
f 4182/4438/4182 4346/4630/4346 3414/3571/3415
f 3371/3524/3372 4314/4590/4314 3372/3525/3373
f 3371/3524/3372 2591/2670/2592 4314/4590/4314
f 2691/2774/2691 1062/1078/1060 4347/4631/4347
f 905/920/906 907/919/905 3905/4115/3905
f 3085/3204/3086 1314/1340/1314 3086/3205/3087
f 2500/2574/2501 1202/1225/1203 2501/2572/2499
f 1790/1834/1790 2694/2779/2695 2809/2905/2809
f 4349/4632/4348 4190/4444/4188 4348/4633/4349
f 207/208/208 206/207/207 2398/2463/2399
f 316/315/314 1031/1050/1032 3108/3227/3108
f 601/608/602 600/607/601 4242/4509/4242
f 1178/1197/1176 2224/2282/2224 293/292/291
f 3066/3182/3067 3580/3751/3580 3246/3385/3246
f 4350/4634/4350 36/4635/34 758/768/759
f 4008/4232/4009 3191/3321/3191 457/4233/458
f 2638/4598/2638 3857/4065/3857 4351/4636/4351
f 4351/4636/4351 3857/4065/3857 4352/4637/4352
f 4353/4638/4353 126/124/124 3672/3849/3672
f 1685/2538/1686 1015/1034/1016 1017/1033/1015
f 1027/1046/1028 3299/3442/3299 1028/1044/1026
f 4354/4639/4354 2713/2804/2714 4232/4493/4232
f 1315/1341/1315 3598/3768/3596 4172/4425/4172
f 1696/2510/1696 2480/2551/2479 1802/1849/1803
f 128/129/129 4355/4640/4355 2664/2748/2665
f 1347/1373/1347 512/518/513 1726/1769/1725
f 1073/1090/1072 646/653/647 1074/1093/1075
f 1074/1093/1075 646/653/647 4241/4508/4241
f 547/553/548 193/191/191 3817/4019/3817
f 3264/3404/3264 1483/1516/1484 2338/2401/2338
f 4356/4641/4356 1120/1141/1121 1672/1712/1673
f 777/786/775 2359/2422/2359 1458/1490/1458
f 2732/2824/2732 2730/2823/2731 4286/4561/4286
f 493/498/493 2812/2909/2812 1855/1902/1855
f 3350/4642/3350 4357/4643/4357 545/548/543
f 953/967/951 991/1009/991 951/968/952
f 4360/4644/4358 4358/4645/4359 4359/4646/4360
f 3738/3924/3738 1651/1689/1652 1653/1688/1651
f 2617/2696/2618 66/64/64 3213/3349/3213
f 3984/4202/3983 4361/4647/4361 3698/3875/3696
f 1482/1515/1483 3530/3694/3530 3108/3227/3108
f 4327/4607/4327 3304/3445/3302 4291/4566/4291
f 2783/2877/2783 315/317/316 2781/2875/2782
f 311/313/312 2866/2967/2867 3770/3961/3770
f 2133/2192/2134 3391/3545/3391 1066/1085/1067
f 454/457/455 2517/2591/2517 3459/3618/3459
f 3525/3689/3525 1654/1691/1654 87/85/85
f 4362/4648/4362 2444/4649/2445 1189/4000/1190
f 1585/1620/1585 3683/3862/3683 755/762/753
f 1811/1855/1809 1026/1045/1027 1809/1856/1810
f 4365/4650/4363 4363/4651/4364 4364/4652/4365
f 3260/3400/3260 2701/2787/2700 3122/3243/3122
f 3085/3204/3086 3602/3774/3602 4366/4653/4366
f 1852/1900/1853 1851/1899/1852 4367/4654/4367
f 4339/4623/4339 3845/4050/3845 2285/2344/2283
f 4014/4238/4014 4339/4623/4339 2285/2344/2283
f 88/88/88 947/963/947 3151/3279/3152
f 723/729/722 4279/4550/4279 610/617/611
f 2896/3004/2897 4368/4655/4368 3065/3178/3063
f 1668/1704/1667 3170/3299/3171 2995/3109/2995
f 542/545/540 2410/2473/2409 3918/4128/3918
f 604/611/605 2254/2315/2255 2255/2314/2254
f 2254/2315/2255 604/611/605 603/610/604
f 4151/4401/4152 4153/4400/4151 3763/3953/3764
f 12/10/10 88/88/88 825/837/826
f 4369/4656/4369 1195/1216/1194 1194/1217/1195
f 1973/2025/1974 1972/2024/1973 4055/4285/4056
f 3863/4070/3862 2924/3034/2925 3186/3316/3186
f 4371/4657/4370 4370/4658/4371 488/490/486
f 4373/4659/4372 117/118/118 4372/4660/4373
f 3827/4032/3828 1949/1999/1948 3828/4031/3827
f 4375/4661/4374 3751/3941/3752 4374/4662/4375
f 4091/4327/4091 2082/2136/2082 4376/4663/4376
f 4378/4664/4377 2335/2399/2336 4377/4665/4378
f 4379/4666/4379 279/4667/280 3839/4043/3838
f 3283/3425/3283 3282/3424/3282 4380/4668/4380
f 2673/2756/2673 3455/3614/3455 2709/2799/2709
f 2671/2754/2671 725/733/726 4381/4669/4381
f 1991/2043/1992 1990/2042/1991 2109/2166/2110
f 3987/4205/3986 3986/4206/3987 4382/4670/4382
f 4385/4671/4383 4383/4672/4384 4384/4673/4385
f 124/125/125 4067/4553/4067 4386/4674/4386
f 4389/4675/4387 4387/4676/4388 4388/4677/4389
f 1400/1431/1401 1639/1677/1640 1638/1676/1639
f 926/943/927 4390/4678/4390 927/941/925
f 735/740/733 4391/4679/4391 3665/3839/3663
f 3391/3545/3391 1067/1086/1068 1066/1085/1067
f 4392/4680/4392 1840/1888/1841 1839/1887/1840
f 3264/3404/3264 2779/2873/2780 1483/1516/1484
f 3652/3828/3652 2148/2204/2146 3046/3159/3044
f 2730/2823/2731 2729/2822/2730 4393/4681/4393
f 4394/4682/4394 1910/1957/1910 4243/4510/4243
f 4396/4683/4395 4395/4684/4396 94/92/92
f 4088/4323/4088 3185/4685/3185 2398/4324/2399
f 3783/3973/3782 3782/3974/3783 4397/4686/4397
f 1966/2015/1964 2561/2639/2562 2562/2638/2561
f 1134/1156/1135 1409/1439/1409 1135/1157/1136
f 4388/4677/4389 4387/4676/4388 4398/4687/4398
f 4401/4688/4399 4399/4689/4400 4400/4690/4401
f 3498/3976/3498 3041/3156/3041 3865/4073/3865
f 1356/1382/1356 984/1002/984 3721/3905/3721
f 2409/2474/2410 3296/3440/3297 3166/3291/3164
f 3296/3440/3297 3639/3813/3638 542/545/540
f 506/512/507 666/670/664 507/513/508
f 3296/3440/3297 2409/2474/2410 3639/3813/3638
f 3861/4069/3861 4286/4561/4286 2730/2823/2731
f 3053/3166/3051 3851/4057/3851 1383/1412/1384
f 1419/1451/1420 1565/1601/1566 1567/1600/1565
f 511/514/509 510/516/511 250/252/251
f 4176/4432/4177 4402/4691/4402 4403/4692/4403
f 4404/4693/4404 1770/1815/1771 1238/1261/1239
f 1082/1101/1083 3809/4011/3809 4251/4519/4251
f 1082/1101/1083 4251/4519/4251 1083/1102/1084
f 3021/4395/3021 2872/2975/2872 1743/1787/1743
f 3555/3722/3555 133/134/134 1314/1340/1314
f 3068/3183/3068 3799/4694/3799 2088/2143/2089
f 4322/4601/4322 1812/1859/1813 1010/1027/1009
f 2359/2422/2359 4405/4695/4405 2548/2624/2548
f 3592/3761/3590 3452/3611/3452 768/779/769
f 3935/4149/3935 4406/4696/4406 2212/2271/2213
f 4079/4312/4079 4407/4697/4407 3223/3361/3223
f 2185/2244/2186 4408/4698/4408 2186/2242/2184
f 1167/1188/1167 274/275/274 273/274/273
f 3031/3146/3031 4330/4612/4331 4409/4699/4409
f 3299/3442/3299 2482/2554/2481 1026/1045/1027
f 3057/3173/3058 3566/3736/3567 3058/3171/3056
f 427/430/428 1388/1415/1387 428/428/426
f 708/716/709 709/715/708 3034/3149/3034
f 854/869/855 853/868/854 1396/1427/1397
f 2764/2857/2765 1396/1427/1397 853/868/854
f 2893/4700/2893 792/803/792 791/802/791
f 282/284/283 284/283/282 749/757/749
f 1841/1886/1839 3710/3891/3710 4410/4701/4410
f 3469/3629/3470 4168/4421/4168 4167/4420/4167
f 967/986/968 2248/4702/2249 784/796/785
f 1699/1740/1699 155/156/156 1286/1311/1287
f 3362/3512/3360 3361/3514/3362 386/388/387
f 342/341/340 2371/2436/2372 3253/3392/3253
f 237/236/235 1436/1468/1436 3127/3249/3127
f 2882/2986/2883 2883/2985/2882 989/4346/990
f 2981/3093/2980 4411/4703/4411 4412/4704/4412
f 4413/4705/4413 109/107/107 108/109/109
f 88/88/88 11/12/12 947/963/947
f 2752/2844/2752 1712/1756/1713 1714/1755/1712
f 2546/2620/2546 153/151/151 973/991/973
f 2307/2368/2306 2306/2369/2307 2539/2613/2539
f 96/97/97 1516/1549/1514 1160/1182/1161
f 4415/4706/4414 4414/4707/4415 2158/2215/2157
f 2018/2067/2016 2639/2721/2640 2019/2070/2019
f 4293/4568/4293 2105/2159/2103 4416/4708/4416
f 2425/2491/2425 4417/4709/4417 1169/1189/1168
f 3092/3210/3092 3096/3214/3096 226/4710/227
f 3123/3244/3123 1663/1700/1663 1669/1706/1669
f 3321/3467/3321 1219/1242/1220 3144/3269/3144
f 2386/2450/2386 1501/1537/1502 1503/1536/1501
f 3720/3901/3720 1142/1161/1140 3290/3434/3291
f 2082/2136/2082 2081/2135/2081 1200/1223/1201
f 1316/1342/1316 2086/2139/2085 2085/2140/2086
f 1269/1294/1270 4418/4711/4418 4419/4712/4419
f 4399/4689/4400 1973/2025/1974 4420/4713/4420
f 970/989/971 4421/4714/4421 4422/4715/4422
f 3982/4200/3982 2735/2828/2736 1536/1572/1537
f 4424/4716/4423 4423/4717/4424 3475/3633/3474
f 439/442/440 3115/3234/3115 1844/1892/1845
f 4425/4718/4425 2276/2338/2277 3185/4685/3185
f 3553/3719/3552 2066/2119/2066 1540/1576/1541
f 2073/2128/2074 2083/2137/2083 3462/3622/3463
f 981/1000/982 4146/4394/4146 3407/3564/3408
f 2943/3056/2944 2859/2960/2860 2858/2959/2859
f 2871/2971/2871 553/558/553 1226/1247/1225
f 3846/4051/3846 1550/1586/1551 2910/3018/2911
f 4426/4719/4426 4274/4544/4274 2301/2364/2302
f 3056/3172/3057 3058/3171/3056 4122/4363/4122
f 1970/2020/1969 1686/1725/1685 1969/2021/1970
f 946/962/946 4427/4720/4427 576/582/577
f 877/892/878 876/891/877 3236/3376/3237
f 4428/4721/4428 438/438/436 440/441/439
f 1325/1352/1326 1329/1355/1329 1326/1353/1327
f 2290/2350/2288 1308/1335/1309 1610/1646/1611
f 2423/2490/2424 1351/1378/1352 3195/3327/3195
f 3344/3490/3344 3705/3883/3704 2015/2064/2013
f 4429/4722/4429 574/580/575 3467/3626/3467
f 4432/4723/4430 4430/4724/4431 4431/4725/4432
f 2574/2653/2575 3817/4019/3817 2575/2654/2576
f 3346/3494/3346 4433/4726/4433 4434/4727/4434
f 2019/2070/2019 79/80/80 81/79/79
f 4155/4403/4154 3043/3157/3042 4435/4728/4435
f 835/847/836 367/369/368 369/368/367
f 4436/4729/4436 1803/1850/1804 2793/2888/2794
f 2246/2305/2245 944/961/945 943/960/944
f 4090/4326/4090 2269/2329/2269 2257/2316/2256
f 1653/1688/1651 1652/1690/1653 4284/4559/4284
f 3890/4098/3890 514/4730/512 3048/3164/3049
f 514/4730/512 3049/3162/3047 3048/3164/3049
f 3501/3663/3501 359/361/360 3306/3450/3307
f 2592/2668/2590 4437/4731/4437 4438/4732/4438
f 1248/3399/1249 4439/4733/4439 1251/1276/1252
f 1400/1431/1401 1399/1430/1400 1981/2033/1982
f 3069/3184/3069 4440/4734/4440 4441/4735/4441
f 2250/4736/2250 838/849/838 2275/2335/2274
f 2376/2441/2377 2618/2695/2617 2377/2440/2376
f 4180/4435/4180 673/680/674 675/679/673
f 3284/4492/3284 3006/3120/3006 3142/3267/3142
f 2667/2749/2666 1562/1598/1563 566/571/566
f 3454/3612/3453 3285/3428/3285 3284/3427/3284
f 4277/4547/4277 1259/1284/1260 261/1530/259
f 4002/4225/4002 293/292/291 2882/2986/2883
f 3954/4168/3954 729/4737/727 728/2784/729
f 4442/4738/4442 2527/2599/2525 3014/3127/3013
f 1992/2041/1990 1991/2043/1992 3715/3895/3714
f 3922/4134/3923 3405/3561/3406 4339/4623/4339
f 4443/4739/4443 4094/4330/4094 1933/1982/1934
f 998/1017/999 2531/2605/2531 2610/4740/2610
f 570/573/568 1092/1110/1092 2915/4741/2916
f 1280/1305/1281 1155/1176/1155 31/32/32
f 2988/3101/2988 1260/1285/1261 4444/4742/4444
f 260/4548/261 4444/4742/4444 1260/1285/1261
f 1707/1749/1708 1389/1418/1390 2548/2624/2548
f 1126/1145/1125 922/939/923 924/938/922
f 3612/3785/3613 4445/4743/4445 4446/4744/4446
f 1658/1696/1659 4266/4535/4266 4237/4504/4237
f 891/903/889 890/905/891 2273/2333/2273
f 2461/2531/2460 803/815/804 4447/4745/4447
f 3913/4122/3912 2443/2511/2441 2941/3051/2939
f 3279/3419/3279 3966/4183/3966 4142/4386/4142
f 3601/3771/3599 4196/4454/4197 3599/3772/3600
f 2090/3242/2090 3260/3400/3260 3122/3243/3122
f 3126/3247/3125 4448/4746/4448 4449/4747/4449
f 3110/3230/3111 4450/4748/4450 3866/4075/3867
f 3661/3837/3661 3320/3465/3319 3319/3466/3320
f 281/282/281 2573/2651/2573 3856/4063/3855
f 1443/1474/1442 1947/1997/1946 1439/1472/1440
f 578/581/576 3985/4204/3985 868/882/868
f 595/602/596 594/601/595 3778/3969/3778
f 2335/2399/2336 4219/4478/4219 4218/4477/4218
f 2879/2980/2877 2878/2982/2879 4451/4749/4451
f 2675/2759/2676 2677/2758/2675 4072/4304/4072
f 1896/1943/1896 4452/4750/4452 1942/1993/1942
f 2821/2920/2821 2793/2888/2794 4453/4751/4453
f 389/391/390 2382/2444/2380 1822/1868/1822
f 37/38/38 39/37/37 4368/4655/4368
f 2661/2745/2662 4454/4752/4454 4455/4753/4455
f 912/927/913 2999/3114/3000 3699/3879/3700
f 3527/3692/3528 3466/3623/3464 4147/4397/4148
f 1823/1869/1823 3879/4088/3880 1824/1870/1824
f 4456/4754/4456 2369/2433/2369 484/2432/485
f 3985/4204/3985 578/581/576 3837/4040/3835
f 1024/1042/1024 2357/2418/2355 3689/3868/3689
f 907/919/905 1948/2000/1949 3788/3983/3789
f 2484/2556/2483 3836/4042/3837 1012/1031/1013
f 3116/3237/3117 268/270/269 3980/4197/3980
f 4457/4755/4457 1242/1266/1242 205/203/203
f 701/707/700 4458/4756/4458 287/286/285
f 2895/3002/2895 1692/1731/1690 1691/1733/1692
f 4459/4757/4459 3406/3559/3404 2844/2944/2845
f 4409/4699/4409 2817/2917/2818 3031/3146/3031
f 2096/2148/2094 4460/4758/4460 2520/2592/2518
f 1806/1852/1806 2977/3089/2977 1054/1073/1055
f 4010/4235/4011 4461/4759/4461 3172/3301/3173
f 1048/1066/1048 1254/1279/1255 1042/1061/1043
f 4462/4760/4462 3963/4761/3962 3535/3697/3533
f 4465/4762/4463 4463/4763/4464 4464/4764/4465
f 4408/4698/4408 2768/2861/2769 2186/2242/2184
f 328/330/329 2006/3303/2006 1596/1632/1597
f 4467/4765/4466 3381/3534/3381 4466/4766/4467
f 4468/4767/4468 4467/4765/4466 4466/4766/4467
f 3765/3952/3763 4469/4768/4469 4027/4255/4028
f 3242/3382/3243 2113/2170/2114 3711/3892/3711
f 3242/3382/3243 2114/2168/2112 2113/2170/2114
f 4471/4769/4470 4470/4770/4471 4308/4584/4309
f 687/694/688 1904/1951/1904 3367/3519/3367
f 3989/4208/3989 1286/1311/1287 3821/4024/3821
f 4338/4622/4338 1243/1268/1244 3679/3858/3679
f 1200/1223/1201 684/688/682 1201/1221/1199
f 4386/4771/4386 2180/2239/2181 2596/2675/2597
f 2714/2805/2715 4472/4772/4472 80/81/81
f 573/576/571 686/691/685 1320/4773/1321
f 3722/3906/3722 865/877/863 3233/3372/3233
f 4473/4774/4473 865/877/863 3722/3906/3722
f 2606/2685/2607 4474/4775/4474 1418/1450/1419
f 4103/4339/4103 1366/1395/1367 3547/4776/3547
f 3492/3654/3493 971/990/972 2243/2302/2242
f 1774/1817/1773 971/990/972 3492/3654/3493
f 913/926/912 912/927/913 84/82/82
f 462/465/463 3900/4107/3899 2373/2438/2374
f 1975/2027/1976 4401/4688/4399 4400/4690/4401
f 360/359/358 3306/3450/3307 3569/3738/3568
f 3138/3263/3139 3204/3338/3204 2440/2507/2438
f 432/434/432 3204/3338/3204 24/22/22
f 958/976/959 1798/1844/1799 3451/3610/3451
f 958/976/959 3451/3610/3451 957/972/955
f 4475/4777/4475 4222/4479/4220 4221/4481/4222
f 1072/1091/1073 1073/1090/1072 1761/1805/1761
f 2162/2221/2163 521/527/522 523/526/521
f 177/178/178 3542/3707/3542 4080/4313/4080
f 1245/1270/1246 2638/2719/2638 4351/4778/4351
f 4093/4329/4093 2572/2650/2572 4476/4779/4476
f 3236/3376/3237 4195/4452/4195 793/805/794
f 4163/4417/4164 4285/4560/4285 2639/2721/2640
f 4478/4780/4477 4477/4781/4478 3376/3530/3377
f 2571/2649/2571 4479/4782/4479 2183/2241/2183
f 3746/3936/3747 3483/3645/3484 4480/4783/4480
f 3800/3997/3801 4071/4301/4069 1661/1699/1662
f 832/841/830 1719/1763/1720 4481/4784/4481
f 2411/2475/2411 4172/4428/4172 2435/2503/2436
f 4262/4530/4262 4482/4785/4482 3582/4786/3582
f 4483/4787/4483 3559/3726/3559 678/682/676
f 694/701/695 4484/4788/4484 4485/4789/4485
f 2692/4437/2692 1665/1703/1666 3905/4115/3905
f 4488/4790/4486 4486/4791/4487 4487/4792/4488
f 4490/4793/4489 4489/4794/4490 734/742/735
f 3448/3607/3448 3790/3984/3790 3390/3544/3390
f 1920/1965/1918 1919/1967/1920 3814/4015/3813
f 4348/4633/4349 4173/4426/4173 4491/4795/4491
f 4493/4796/4492 4492/4797/4493 4280/4551/4280
f 3958/4173/3959 733/741/734 4494/4798/4494
f 1428/1458/1426 1648/1683/1646 3381/3534/3381
f 433/436/434 3115/4799/3115 439/2156/440
f 4054/4284/4055 4495/4800/4495 4055/4285/4056
f 4076/4310/4077 3207/3341/3207 4104/4340/4104
f 674/681/675 2093/2147/2093 4496/4801/4496
f 2589/2667/2589 4496/4801/4496 4497/4802/4497
f 1783/1828/1784 3179/3310/3180 4124/4365/4124
f 1944/1996/1945 1930/1978/1930 2281/2343/2282
f 4238/4505/4238 2934/4430/2935 4175/4429/4175
f 1919/1967/1920 1918/1966/1919 1785/1827/1783
f 1919/1967/1920 1785/1827/1783 3814/4015/3813
f 758/768/759 3441/3599/3440 759/769/760
f 3038/3151/3036 1161/1181/1160 3503/3666/3504
f 592/599/593 2869/2970/2870 4498/4803/4498
f 1944/1996/1945 2126/2183/2126 1930/1978/1930
f 1631/4804/1631 1628/1664/1629 692/696/690
f 4501/4805/4499 4499/4806/4500 4500/4807/4501
f 3181/3311/3181 2754/2846/2754 3909/4120/3910
f 3615/3787/3615 4050/4279/4051 3616/3788/3616
f 402/404/403 3913/4122/3912 3673/3851/3673
f 688/695/689 3446/3605/3446 2770/2863/2770
f 1586/1621/1586 61/62/62 63/61/61
f 106/104/104 41/42/42 104/105/105
f 3898/4106/3898 784/796/785 786/795/784
f 2434/2501/2434 957/972/955 956/974/957
f 4205/4463/4205 1408/1438/1408 1136/1155/1134
f 2550/2627/2551 1018/1037/1019 4143/4389/4143
f 4358/4645/4359 4502/4808/4502 3353/3505/3354
f 1561/1596/1561 3375/3526/3374 2560/2635/2558
f 106/104/104 42/40/40 41/42/42
f 4503/4809/4503 1078/4810/1076 3582/4786/3582
f 4504/4811/4504 2843/2940/2841 2842/2942/2843
f 2843/2940/2841 354/356/355 2841/2941/2842
f 2759/2852/2760 4505/4812/4505 4506/4813/4506
f 799/811/800 2567/2645/2567 2565/2644/2566
f 2278/3038/2276 3369/3520/3368 2276/3979/2277
f 3369/3520/3368 2278/3038/2276 2927/3037/2928
f 1224/1244/1222 1223/1246/1224 2042/2095/2042
f 1985/2037/1986 2759/2852/2760 4506/4813/4506
f 4310/4583/4308 4507/4814/4507 4308/4584/4309
f 2643/2725/2644 2291/2353/2291 2367/2431/2368
f 945/959/943 1549/1585/1550 943/960/944
f 4509/4815/4508 4508/4816/4509 3160/3288/3161
f 274/275/274 243/242/241 2454/2525/2454
f 1233/1253/1231 3244/3383/3244 1231/1254/1232
f 1783/1828/1784 3070/3186/3071 3072/3185/3070
f 4511/4817/4510 4394/4682/4394 4510/4818/4511
f 1584/1617/1582 1594/1627/1592 3419/3575/3419
f 1162/1184/1163 332/334/333 623/627/621
f 2265/2325/2265 277/276/275 276/278/277
f 1493/3342/1491 2777/3457/2777 2602/2681/2603
f 1646/1684/1647 4512/4819/4512 4513/4820/4513
f 169/167/167 2682/2766/2683 3949/4163/3949
f 30/28/28 29/30/30 3291/3433/3290
f 4514/4821/4514 574/580/575 4429/4722/4429
f 1024/1042/1024 3689/3868/3689 1435/1465/1433
f 2170/2229/2171 2174/2232/2174 4515/4822/4515
f 2112/2169/2113 149/150/150 148/149/149
f 4516/4823/4516 4364/4652/4365 4363/4651/4364
f 911/925/911 1792/4824/1792 328/330/329
f 1909/1956/1909 4345/4629/4345 4344/4628/4344
f 4518/4825/4517 287/286/285 4517/4826/4518
f 4520/4827/4519 4519/4828/4520 1306/1333/1307
f 1560/1595/1560 276/278/277 275/277/276
f 3762/3951/3762 2975/3086/2974 4412/4704/4412
f 1330/1357/1331 1935/1983/1935 4521/4829/4521
f 3423/3578/3421 3422/3580/3423 4522/4830/4522
f 1439/1472/1440 1441/1471/1439 1443/1474/1442
f 3896/4103/3895 2519/2594/2520 2802/4002/2802
f 1239/1262/1240 1238/1261/1239 1770/1815/1771
f 3458/3933/3458 2356/2420/2357 2355/2419/2356
f 2984/3367/2984 446/446/444 445/448/446
f 2364/2427/2364 2363/2426/2363 3321/3467/3321
f 4524/4831/4523 3444/3601/3442 4523/4832/4524
f 3267/3406/3266 3266/3407/3267 4525/4833/4525
f 4526/4834/4526 2364/2427/2364 3321/3467/3321
f 4529/4835/4527 4527/4836/4528 4528/4837/4529
f 4531/4838/4530 4530/4839/4531 3271/3412/3272
f 2905/3012/2905 2578/2656/2578 2621/2699/2621
f 4480/4783/4480 3483/3645/3484 2247/2308/2248
f 4532/4840/4532 4031/4258/4031 4030/4257/4030
f 3475/3633/3474 365/367/366 4424/4716/4423
f 3287/3431/3288 2014/2066/2015 3288/3429/3286
f 470/473/471 469/472/470 3456/3615/3456
f 3206/3340/3206 955/973/956 3207/3341/3207
f 1299/1323/1297 919/933/917 1297/1324/1298
f 1266/1291/1267 2078/2132/2078 4158/4407/4158
f 2755/2848/2756 3084/3201/3083 2756/2849/2757
f 1965/2797/1966 4261/4529/4261 1183/1203/1182
f 178/176/176 177/178/178 4525/4833/4525
f 3643/3819/3643 2330/2394/2331 2351/2414/2351
f 3785/3977/3785 1634/1671/1634 2799/4841/2798
f 4153/4400/4151 4152/4402/4153 3764/3954/3765
f 4533/4842/4533 1197/1220/1198 546/552/547
f 4128/4369/4128 2272/2330/2270 4435/4728/4435
f 2346/2409/2346 1738/1781/1737 1346/1372/1346
f 1814/1861/1815 4534/4843/4534 3111/3228/3109
f 2263/2324/2264 1425/1456/1424 1424/1457/1425
f 4535/4844/4535 1320/4773/1321 686/691/685
f 2827/2927/2828 44/45/45 1438/1469/1437
f 1441/1471/1439 3147/3272/3147 3476/4060/3476
f 494/500/495 1441/1471/1439 3476/4060/3476
f 3956/4170/3956 1751/1796/1752 3394/3548/3394
f 44/45/45 43/44/44 4536/4845/4536
f 3354/3506/3355 4502/4808/4502 4537/4846/4537
f 4539/4847/4538 4538/4848/4539 107/108/108
f 754/764/755 2968/3080/2968 755/762/753
f 1035/1051/1033 3426/3584/3427 3427/3583/3426
f 4304/4579/4304 812/824/813 4303/4578/4303
f 2017/2069/2018 2016/2068/2017 2020/2071/2020
f 2970/3296/2969 2656/2739/2656 3168/3294/3167
f 2958/3071/2959 4540/4849/4540 2959/3069/2957
f 3563/3728/3561 1929/1977/1929 3561/3729/3562
f 3909/4120/3910 1910/1957/1910 4394/4682/4394
f 4438/4732/4438 4179/4433/4178 2590/2669/2591
f 2579/2658/2580 2581/2657/2579 4541/4850/4541
f 3641/3817/3641 2979/3092/2979 526/531/526
f 2869/2970/2870 2014/2066/2015 4498/4803/4498
f 1326/1353/1327 1329/1355/1329 2125/2180/2124
f 4244/4511/4244 159/157/157 4420/4713/4420
f 1534/1568/1533 3386/3539/3386 528/1715/529
f 4260/4528/4260 3645/3821/3645 1033/1052/1034
f 3554/3721/3554 821/833/822 2677/2758/2675
f 4542/4851/4542 4222/4479/4220 4475/4777/4475
f 4412/4704/4412 2587/2666/2588 2981/3093/2980
f 772/784/770 71/4248/72 1608/1644/1609
f 4411/4703/4411 3762/3951/3762 4412/4704/4412
f 1455/1488/1456 2912/3019/2912 4074/4306/4074
f 1051/1069/1051 2892/2996/2892 1052/1070/1052
f 119/120/120 120/119/119 298/298/297
f 4027/4255/4028 4284/4559/4284 3765/3952/3763
f 556/559/554 1389/1418/1390 3854/4061/3854
f 4027/4255/4028 4469/4768/4469 4252/4520/4252
f 1288/1310/1286 156/154/154 1699/1740/1699
f 3911/4121/3911 3636/3812/3637 4255/4523/4255
f 321/323/322 323/322/321 3435/3595/3436
f 14/15/15 4480/4783/4480 4543/4852/4543
f 4142/4386/4142 4544/4853/4544 4545/4854/4545
f 1981/2033/1982 4546/4855/4546 2763/2854/2762
f 3854/4061/3854 1389/1418/1390 1707/1749/1708
f 4547/4856/4547 2227/2288/2228 3132/3256/3132
f 1541/1577/1542 1540/1576/1541 2067/2120/2067
f 2735/2828/2736 2734/2827/2735 4127/4368/4127
f 1445/1477/1445 968/987/969 1446/1479/1447
f 4397/4686/4397 4008/4232/4009 4009/4231/4008
f 1012/1031/1013 3836/4042/3837 4024/4249/4023
f 3459/3618/3459 3971/4188/3971 409/412/410
f 1205/1228/1206 2144/2202/2144 2495/2569/2496
f 3849/4055/3850 3287/3431/3288 448/451/449
f 45/43/43 4236/4503/4236 43/44/44
f 3542/3707/3542 3173/3302/3174 4080/4313/4080
f 3208/4857/3208 3113/4142/3114 3973/4191/3974
f 3355/3504/3353 4548/4858/4548 4079/4312/4079
f 2163/2220/2162 4062/4293/4061 2162/2221/2163
f 3665/3839/3663 16/17/17 4549/4859/4549
f 1320/1347/1321 1367/1396/1368 4103/4339/4103
f 1762/1807/1763 1309/1336/1310 2/3/3
f 4550/4860/4550 4294/4569/4294 674/681/675
f 329/328/327 4551/4861/4551 2572/2650/2572
f 4552/4862/4552 2572/2650/2572 4551/4861/4551
f 20/21/21 19/20/20 2170/2229/2171
f 4186/4442/4186 3941/4154/3940 3901/4109/3901
f 586/2798/587 1183/1203/1182 587/1205/588
f 222/221/221 1394/1420/1392 1393/1422/1394
f 678/682/676 3498/3660/3498 1998/4863/1999
f 2479/2552/2480 455/2553/453 411/776/409
f 4154/4404/4155 2271/2332/2272 3521/3684/3521
f 285/287/286 2001/2052/2001 3175/3305/3176
f 2266/2327/2267 210/211/211 209/210/210
f 3380/3533/3380 4466/4766/4467 3381/3534/3381
f 2689/2770/2687 4553/4864/4553 3892/4101/3893
f 647/654/648 1451/1484/1452 648/652/646
f 349/348/347 1451/1484/1452 647/654/648
f 1224/1244/1222 3003/3117/3003 1698/1739/1698
f 2693/4865/2693 1697/3322/1697 3782/3974/3783
f 4390/4678/4390 926/943/927 4554/4866/4554
f 1447/1478/1446 3551/3718/3551 2965/3076/2964
f 1060/1079/1061 3220/3358/3220 3767/3956/3767
f 4398/4687/4398 920/937/921 127/128/128
f 1966/2015/1964 2872/2973/2872 3021/3135/3021
f 1119/1137/1117 1254/1279/1255 1117/1138/1118
f 1537/1573/1538 3474/3634/3475 1539/1574/1539
f 1959/2010/1959 223/225/224 866/881/867
f 4556/4867/4555 4555/4868/4556 2111/2167/2111
f 2818/2915/2816 4484/4788/4484 2816/2916/2817
f 2473/2544/2472 1563/1599/1564 1296/1322/1296
f 2522/2597/2523 1949/1999/1948 2523/2598/2524
f 1426/1459/1427 4467/4765/4466 4557/4869/4557
f 1737/1782/1738 1426/1459/1427 4557/4869/4557
f 3422/3580/3423 3421/3579/3422 3874/4082/3874
f 221/3711/222 217/215/215 216/217/217
f 1064/1083/1065 2630/2709/2630 1065/1081/1063
f 3258/3397/3258 2030/3978/2031 2995/3109/2995
f 2642/2722/2641 3508/4557/3507 4282/4556/4282
f 2155/2214/2156 4549/4859/4549 1233/1253/1231
f 1817/1864/1818 549/555/550 1818/1865/1819
f 285/287/286 4518/4825/4517 2001/2052/2001
f 3443/3603/3444 4113/4352/4113 4558/4870/4558
f 1955/2006/1955 3496/3657/3496 4282/4556/4282
f 2188/2245/2187 2795/2890/2795 4441/4735/4441
f 4142/4386/4142 3488/3649/3488 3218/3354/3218
f 81/79/79 80/81/81 4559/4871/4559
f 4232/4493/4232 4559/4871/4559 80/81/81
f 2276/2338/2277 3846/4051/3846 2277/2339/2278
f 2617/2696/2618 3735/3921/3736 3163/3289/3162
f 3228/3366/3228 2619/2697/2619 4560/4872/4560
f 3875/4083/3875 3262/3403/3263 4561/4873/4561
f 397/396/395 3230/3370/3231 4249/4516/4249
f 4563/4874/4562 3936/4151/3937 4562/4875/4563
f 866/881/867 4051/4278/4050 4050/4279/4051
f 3692/3872/3693 1886/1934/1887 2585/2663/2585
f 1413/1442/1411 4564/4876/4564 4565/4877/4565
f 171/172/172 4545/4854/4545 736/744/737
f 3808/4010/3808 3902/4112/3902 3429/3588/3429
f 2957/3070/2958 4566/4878/4566 4567/4879/4567
f 391/390/389 2380/2445/2381 389/391/390
f 1501/1537/1502 383/385/384 385/384/383
f 1099/1119/1099 685/692/686 4036/4264/4037
f 2676/2760/2677 2895/3002/2895 3554/3721/3554
f 2615/2693/2615 2033/2087/2034 2034/2086/2033
f 3507/4880/3508 3462/4881/3463 1956/2007/1956
f 4456/4754/4456 3870/4077/3869 4568/4882/4568
f 2009/2058/2007 2008/2060/2009 4235/4502/4235
f 2960/3073/2961 2516/2590/2516 2521/2595/2521
f 159/157/157 158/159/159 2305/2367/2305
f 181/179/179 711/719/712 2266/2327/2267
f 4430/4724/4431 4569/4883/4569 4519/4828/4520
f 3014/3127/3013 4570/4884/4570 2516/2590/2516
f 413/416/414 1586/1621/1586 414/414/412
f 2636/2716/2636 1103/1124/1104 1105/1123/1103
f 4571/4885/4571 1715/1759/1716 3709/3890/3709
f 2373/2438/2374 2375/2437/2373 462/465/463
f 2416/2483/2417 4000/4222/4000 2417/2484/2418
f 1956/2007/1956 1701/1743/1702 1700/1742/1701
f 4574/4886/4572 4572/4887/4573 4573/4888/4574
f 3047/3163/3048 4575/4889/4575 4448/4746/4448
f 4335/4617/4335 2162/2221/2163 3393/3547/3393
f 62/63/63 1966/2015/1964 2562/2638/2561
f 62/63/63 1964/2016/1965 1966/2015/1964
f 4452/4750/4452 1505/4498/1505 1928/1974/1927
f 1171/1193/1172 3477/3637/3477 2837/3636/2837
f 4577/4890/4576 369/368/367 4576/4891/4577
f 3415/4892/3416 4578/4893/4578 1539/4894/1539
f 3718/3900/3719 1194/1217/1195 4579/4895/4579
f 452/452/450 2338/2401/2338 450/453/451
f 1208/1231/1209 3847/4053/3848 1279/1303/1279
f 1457/1487/1455 1208/1231/1209 1279/1303/1279
f 2224/2282/2224 1177/1199/1178 4366/4653/4366
f 1669/1706/1669 3196/3334/3196 3455/3614/3455
f 4580/4896/4580 4574/4886/4572 4573/4888/4574
f 4527/4836/4528 4529/4835/4527 2647/2727/2646
f 3781/3971/3780 4581/4897/4581 3780/3972/3781
f 1902/1947/1900 4582/4898/4582 2159/2218/2160
f 72/70/70 2095/2150/2096 2094/2149/2095
f 663/667/661 3776/3967/3776 1469/1499/1467
f 3413/3569/3413 1039/1058/1040 4275/4545/4275
f 1370/4899/1370 3313/4494/3313 2197/2256/2198
f 4411/4703/4411 2980/3094/2981 2978/3091/2978
f 1576/4380/1576 4583/4900/4583 2464/2533/2462
f 2757/2847/2755 4306/4582/4307 4584/4901/4584
f 4306/4582/4307 3795/3992/3796 4584/4901/4584
f 3224/3363/3225 3226/3362/3224 4542/4851/4542
f 3226/3362/3224 4585/4902/4585 4542/4851/4542
f 3188/3319/3189 3793/3985/3791 3792/3987/3793
f 1449/1482/1450 4147/4397/4148 4149/4396/4147
f 4023/4250/4024 577/583/578 4586/4903/4586
f 3570/3741/3570 460/463/461 3991/4211/3991
f 1259/1284/1260 1261/1283/1259 457/460/458
f 253/4904/254 2094/2149/2095 2298/2361/2299
f 1413/1442/1411 4565/4877/4565 1411/1443/1412
f 4125/4366/4125 4294/4569/4294 4587/4905/4587
f 485/487/484 1417/1446/1415 1578/1612/1577
f 3066/3182/3067 3067/3181/3066 1599/1635/1600
f 4588/4906/4588 1740/1783/1739 874/889/875
f 235/237/236 1470/1503/1471 1471/1502/1470
f 4358/4645/4359 2760/2851/2759 1984/2036/1985
f 3353/3505/3354 2760/2851/2759 4358/4645/4359
f 1136/1155/1134 1408/1438/1408 1134/1156/1135
f 2637/2717/2637 2216/2275/2217 4022/4247/4022
f 2216/2275/2217 2217/2274/2216 4022/4247/4022
f 1386/1414/1386 3488/3649/3488 172/170/170
f 4459/4757/4459 2844/2944/2845 2846/2943/2844
f 3246/3385/3246 4012/4237/4013 1988/2040/1989
f 2373/2438/2374 3080/3199/3081 2374/2439/2375
f 2696/2778/2694 2695/2780/2696 2400/2464/2400
f 3356/3507/3356 1576/4380/1576 4136/4379/4136
f 4125/4366/4125 4587/4905/4587 4126/4367/4126
f 3324/3471/3325 3590/3762/3591 3592/3761/3590
f 1765/1810/1766 2889/4907/2889 1766/1808/1764
f 3271/3412/3272 4530/4839/4531 4589/4908/4589
f 1206/1229/1207 4126/4367/4126 4590/4909/4590
f 1633/1668/1632 1632/1669/1633 3061/3177/3062
f 1915/1963/1916 1917/1962/1915 1829/1874/1828
f 4591/4910/4591 3324/3471/3325 3592/3761/3590
f 4593/4911/4592 4592/4912/4593 4577/4890/4576
f 3380/3533/3380 3392/3546/3392 2029/2082/2029
f 4595/4913/4594 4594/4914/4595 3156/3282/3155
f 2187/2246/2188 3999/4220/3999 2551/2625/2549
f 2187/2246/2188 1924/1972/1925 3999/4220/3999
f 128/129/129 4596/4915/4596 4355/4640/4355
f 1973/2025/1974 4244/4511/4244 4420/4713/4420
f 1731/1773/1729 2021/2073/2022 1729/1774/1730
f 1973/2025/1974 4597/4916/4597 4244/4511/4244
f 3194/4917/3192 3193/4541/3194 3380/3533/3380
f 4598/4918/4598 145/146/146 2218/2276/2218
f 2118/2174/2118 3812/4014/3812 1695/1734/1693
f 4325/4606/4326 4599/4919/4599 4101/4335/4099
f 1728/1771/1727 3961/4176/3961 1080/1099/1081
f 4420/4713/4420 159/157/157 4065/4298/4066
f 3612/3785/3613 3614/3784/3612 4445/4743/4445
f 1053/1072/1054 1055/1071/1053 4600/4920/4600
f 1053/1072/1054 4600/4920/4600 4439/4733/4439
f 2694/2779/2695 656/663/657 2695/2780/2696
f 3419/3575/3419 1594/1627/1592 1793/3576/1794
f 4601/4921/4601 4405/4695/4405 3268/3408/3268
f 4602/4922/4602 2178/2237/2179 3634/3809/3634
f 4603/4923/4603 4195/4452/4195 3921/4132/3921
f 1017/1033/1015 2082/2136/2082 4091/4327/4091
f 2955/3068/2956 2158/2215/2157 91/89/89
f 4605/4924/4604 4564/4876/4564 4604/4925/4605
f 4426/4719/4426 2301/2364/2302 2476/2549/2477
f 1679/1717/1677 3245/3384/3245 3688/3866/3687
f 1792/1836/1792 75/73/73 1899/1945/1898
f 1766/1808/1764 2889/4907/2889 2997/4341/2997
f 933/950/934 3508/3669/3507 934/951/935
f 2523/2598/2524 906/921/907 4265/4533/4265
f 3460/3620/3461 532/538/533 531/537/532
f 1200/1223/1201 4092/4328/4092 684/688/682
f 1818/1865/1819 2725/2815/2725 1819/1863/1817
f 1380/1409/1381 421/1709/422 4015/4239/4015
f 4015/4239/4015 421/1709/422 1671/1708/1671
f 3974/4189/3972 3973/4191/3974 3510/3672/3510
f 3417/3573/3417 2092/2145/2091 3995/4215/3995
f 1100/1121/1101 4188/4445/4189 4606/4926/4606
f 350/352/351 352/351/350 1169/1189/1168
f 2041/2093/2040 2062/2115/2062 1982/2034/1983
f 4448/4746/4448 3126/3247/3125 3048/3164/3049
f 837/846/835 3783/3973/3782 4397/4686/4397
f 948/965/949 4556/4867/4555 2260/2320/2260
f 3244/3383/3244 16/17/17 18/16/16
f 1344/1371/1345 1343/1370/1344 4474/4775/4474
f 4132/4374/4132 666/670/664 665/672/666
f 4392/4680/4392 1660/1695/1658 4571/4885/4571
f 1839/1887/1840 1660/1695/1658 4392/4680/4392
f 4607/4927/4607 2289/2352/2290 1612/1645/1610
f 4380/4668/4380 111/112/112 3434/3592/3433
f 1820/1867/1821 880/4928/881 557/563/558
f 880/895/881 879/894/880 557/4929/558
f 4607/4927/4607 800/3090/798 2289/2352/2290
f 3606/3779/3607 4465/4762/4463 3607/3780/3608
f 2911/3016/2909 2910/3018/2911 1549/1585/1550
f 2477/2547/2475 2476/2549/2477 3678/3855/3676
f 6/4/4 4187/4443/4187 4/5/5
f 3135/3260/3136 2942/3054/2942 3140/3264/3140
f 4168/4421/4168 2093/2147/2093 673/680/674
f 4177/4431/4176 3390/3544/3390 4608/4930/4608
f 1925/1973/1926 1924/1972/1925 2188/2245/2187
f 2835/2935/2836 4180/4435/4180 3781/3971/3780
f 1044/1062/1044 251/253/252 4139/4382/4138
f 2520/2592/2518 4460/4758/4460 2518/2593/2519
f 442/445/443 2420/2485/2419 2419/2486/2420
f 1252/1277/1253 1055/1071/1053 2874/2977/2874
f 375/374/373 374/376/375 2210/2269/2211
f 2145/2203/2145 882/896/882 4602/4922/4602
f 4602/4922/4602 3264/3404/3264 2145/2203/2145
f 3641/3817/3641 302/304/303 2979/3092/2979
f 2849/2949/2850 2851/2948/2849 2322/2382/2320
f 480/481/478 373/375/374 1128/1150/1129
f 2985/3099/2986 3308/3451/3308 1244/1267/1243
f 3246/3385/3246 3580/3751/3580 2966/3078/2966
f 3723/3908/3724 1335/1359/1333 3724/3909/3725
f 4261/4529/4261 2065/2116/2063 4482/4785/4482
f 1643/1681/1644 4609/4931/4609 4235/4502/4235
f 662/669/663 3716/3897/3716 663/667/661
f 1500/1533/1498 1499/1535/1500 644/651/645
f 3090/3209/3091 3089/3208/3090 1796/1841/1796
f 1986/2035/1984 1985/2037/1986 3516/3679/3516
f 3860/4066/3858 3574/3745/3574 3398/3553/3399
f 4609/4931/4609 3733/3917/3732 4235/4502/4235
f 4610/4932/4610 652/659/653 654/658/652
f 1795/1838/1793 1794/1840/1795 2938/3050/2938
f 4612/4933/4611 4611/4934/4612 312/314/313
f 4613/4935/4613 539/542/537 3348/3498/3349
f 1961/2012/1961 476/477/474 475/479/476
f 1961/2012/1961 475/479/476 1773/1818/1774
f 1416/1448/1417 4457/4755/4457 2506/2581/2507
f 3424/3582/3425 3060/3175/3060 118/116/116
f 4347/4631/4347 1062/1078/1060 4614/4936/4614
f 4035/4262/4035 831/4937/832 1797/4938/1797
f 3067/3181/3066 4347/4631/4347 4614/4936/4614
f 1482/1515/1483 314/316/315 3530/3694/3530
f 314/316/315 316/315/314 3530/3694/3530
f 1898/1946/1899 1899/1945/1898 3908/4118/3908
f 11/12/12 4427/4720/4427 946/962/946
f 11/12/12 3345/3491/3345 4427/4720/4427
f 641/648/642 900/915/901 3943/4242/3942
f 1060/1079/1061 3767/3956/3767 1061/1080/1062
f 3155/3283/3156 2646/2728/2647 2206/2262/2204
f 3854/4061/3854 1707/1749/1708 4102/4338/4102
f 4615/4939/4615 3175/3305/3176 4033/4260/4033
f 3320/3465/3319 3661/3837/3661 3099/3218/3100
f 1857/1905/1858 1426/1459/1427 1737/1782/1738
f 3125/3248/3126 3890/4098/3890 3048/3164/3049
f 3405/3561/3406 3922/4134/3923 438/438/436
f 4216/4475/4216 4477/4781/4478 4217/4476/4217
f 4378/4664/4377 2336/2400/2337 2335/2399/2336
f 624/631/625 2684/2767/2684 630/636/630
f 22/23/23 1952/2001/1950 23/24/24
f 4/5/5 709/715/708 5/6/6
f 1951/2003/1952 4278/4549/4278 3420/3577/3420
f 3938/4150/3936 2068/2122/2069 2070/2121/2068
f 1711/1754/1711 2169/2227/2169 639/643/637
f 4277/4547/4277 261/1530/259 260/4548/261
f 3834/4039/3834 2922/3031/2923 2904/3011/2904
f 2010/2061/2010 3088/3206/3088 413/416/414
f 3726/3910/3726 2659/2742/2659 1947/1997/1946
f 4616/4940/4616 1135/1157/1136 2920/3027/2920
f 1882/1929/1882 860/875/861 862/874/860
f 4617/4941/4617 3365/3517/3365 4539/4847/4538
f 4239/4506/4239 3336/3483/3337 441/444/442
f 3338/3482/3336 441/444/442 3336/3483/3337
f 3514/3677/3515 3513/3676/3514 4618/4942/4618
f 285/287/286 4615/4939/4615 2698/2786/2699
f 1256/1278/1254 2974/3087/2975 1117/1138/1118
f 1764/1809/1765 1605/1641/1606 1765/1810/1766
f 195/196/196 194/195/195 991/1009/991
f 2372/2435/2371 3878/4086/3878 3253/3392/3253
f 3710/3891/3710 3878/4086/3878 2372/2435/2371
f 489/494/490 732/737/730 731/739/732
f 489/494/490 731/739/732 1024/1042/1024
f 2103/2160/2104 4338/4622/4338 3679/3858/3679
f 4338/4622/4338 2103/2160/2104 3203/3336/3202
f 2584/2660/2582 3617/3791/3618 4013/4236/4012
f 2213/2270/2212 1423/1453/1421 1422/1455/1423
f 2433/2497/2431 2874/2977/2874 1055/1071/1053
f 1423/1453/1421 3342/3489/3343 4619/4943/4619
f 4621/4944/4620 3343/3487/3341 4620/4945/4621
f 198/199/199 197/198/198 271/273/272
f 4475/4777/4475 177/178/178 176/177/177
f 410/413/411 766/3235/765 411/411/409
f 362/4588/363 1331/1358/1332 3826/4946/3826
f 2987/3100/2987 1331/1358/1332 362/4588/363
f 1667/1705/1668 1693/1735/1694 1391/1419/1391
f 1391/1419/1391 1693/1735/1694 3326/3472/3326
f 3240/3380/3241 2786/2880/2786 3816/4018/3816
f 2028/4947/2026 513/519/514 1348/1374/1348
f 3942/4157/3943 3314/3460/3314 4555/4868/4556
f 113/114/114 2821/2920/2821 1488/1521/1489
f 3156/3282/3155 3155/3283/3156 3032/3148/3033
f 3993/4214/3994 4191/4447/4191 3256/3393/3254
f 996/1012/994 656/663/657 994/1013/995
f 3812/4014/3812 1625/4948/1626 4622/4949/4622
f 2795/2890/2795 2952/3064/2952 3069/3184/3069
f 2642/2722/2641 4282/4556/4282 2641/2723/2642
f 2653/2733/2652 3018/3132/3018 3671/4950/3670
f 3774/3965/3774 224/226/225 223/225/224
f 3554/3721/3554 2677/2758/2675 2676/2760/2677
f 3671/4950/3670 3595/3767/3595 1118/1139/1119
f 4624/4951/4623 4623/4952/4624 693/700/694
f 4625/4953/4625 4289/4564/4289 3651/3827/3651
f 1458/1490/1458 2359/2422/2359 2404/2468/2404
f 2368/2430/2367 2167/2226/2168 383/385/384
f 1408/1438/1408 3070/3186/3071 1409/1439/1409
f 4626/4954/4626 1198/1218/1196 4533/4842/4533
f 3177/3306/3177 722/730/723 2252/2311/2251
f 1768/1813/1769 3855/4064/3856 2792/2885/2791
f 3063/3179/3064 38/39/39 4247/4513/4246
f 3723/3908/3724 3725/3907/3723 4304/4579/4304
f 1343/2500/1344 956/974/957 3206/3340/3206
f 4177/4431/4176 4608/4930/4608 4334/4615/4333
f 4608/4930/4608 4627/4955/4627 4334/4615/4333
f 1570/1603/1568 1569/1605/1570 1572/1607/1572
f 1232/3989/1233 3144/3269/3144 1227/1249/1227
f 3464/3624/3465 4628/4956/4628 3465/3625/3466
f 3465/3625/3466 4628/4956/4628 2921/4957/2922
f 4129/4370/4129 3263/3401/3261 3421/3579/3422
f 4254/4522/4254 2525/2600/2526 4019/4243/4018
f 3965/4182/3965 1106/1126/1106 2208/2267/2209
f 239/241/240 1058/1076/1058 240/239/238
f 4629/4958/4629 4141/4385/4141 3600/3773/3601
f 4631/4959/4630 3273/3411/3271 4630/4960/4631
f 4632/4961/4632 2295/2355/2293 2294/2357/2295
f 3593/4962/3593 4633/4963/4633 4634/4964/4634
f 3978/4195/3978 3977/4193/3976 3658/3835/3659
f 986/4965/987 1878/1924/1877 1877/1925/1878
f 244/246/245 726/731/724 725/733/726
f 1435/1465/1433 1025/1043/1025 1024/1042/1024
f 1854/1901/1854 493/498/493 1855/1902/1855
f 1890/1938/1891 2815/2914/2815 3136/3261/3137
f 4417/4709/4417 4032/4259/4032 3967/4184/3967
f 2250/4736/2250 2275/2335/2274 4266/4966/4266
f 1054/1073/1055 2977/3089/2977 2431/2498/2432
f 4620/4945/4621 3632/3808/3633 3761/3948/3759
f 965/981/963 4635/4967/4635 963/982/964
f 1745/1790/1746 3059/3174/3059 1754/1798/1754
f 1843/1890/1843 1842/1889/1842 783/4968/781
f 3183/3314/3184 3182/3313/3183 3200/3332/3199
f 620/624/618 4636/4969/4636 618/625/619
f 563/569/564 4616/4940/4616 564/570/565
f 4637/4970/4637 3628/3803/3628 4340/4624/4340
f 3626/3801/3626 3943/4156/3942 3942/4157/3943
f 4638/4971/4638 3940/4155/3941 3222/3360/3222
f 598/605/599 4292/4567/4292 599/603/597
f 140/141/141 139/140/140 84/82/82
f 4215/4474/4215 376/378/377 4639/4972/4639
f 3252/3391/3252 1133/1154/1133 2919/3025/2918
f 1255/1280/1256 3906/4116/3906 4294/4569/4294
f 2136/2194/2136 3214/3350/3214 3020/3133/3019
f 2191/2247/2189 3838/4044/3839 2189/2248/2190
f 3561/3729/3562 1929/1977/1929 2434/4973/2434
f 3839/4043/3838 3838/4044/3839 3153/3281/3154
f 4641/4974/4640 4640/4975/4641 1295/1319/1293
f 4453/4751/4453 2793/2888/2794 4318/4596/4318
f 2793/2888/2794 2794/2887/2793 4318/4596/4318
f 4642/4976/4642 4254/4522/4254 4018/4244/4019
f 3809/4011/3809 4627/4955/4627 3389/3543/3389
f 4644/4977/4643 4595/4913/4594 4643/4978/4644
f 3821/4024/3821 1016/1035/1017 1015/1034/1016
f 583/589/584 3889/4097/3889 3403/3558/3403
f 316/315/314 315/317/316 2783/2877/2783
f 4646/4979/4645 4645/4980/4646 2295/2355/2293
f 4646/4979/4645 2295/2355/2293 278/280/279
f 4648/4981/4647 2581/2657/2579 4647/4982/4648
f 1246/1271/1247 3669/3845/3669 463/466/464
f 3679/3858/3679 949/966/950 3586/3758/3587
f 1105/1123/1103 4649/4983/4649 4650/4984/4650
f 185/186/186 4388/4677/4389 796/808/797
f 3924/4135/3924 3373/3523/3371 3925/4136/3925
f 2357/2418/2355 730/738/731 2355/2419/2356
f 1189/1212/1190 2444/2515/2445 1190/1213/1191
f 1190/1213/1191 2444/2515/2445 2445/2514/2444
f 3360/3513/3361 3251/3389/3250 2911/3016/2909
f 1959/2010/1959 1958/2009/1958 4651/4985/4651
f 4652/4986/4652 3746/3936/3747 4480/4783/4480
f 4516/4823/4516 370/372/371 372/371/370
f 1727/1772/1728 3731/3915/3730 2067/2120/2067
f 770/4987/771 4053/4281/4053 1927/1975/1928
f 2238/2298/2238 2237/2297/2237 4175/4429/4175
f 3739/3925/3739 2868/2969/2869 591/598/592
f 2868/2969/2869 2870/2968/2868 591/598/592
f 47/48/48 46/47/47 2562/2638/2561
f 4379/4666/4379 3153/3281/3154 3515/3675/3513
f 3389/3543/3389 4627/4955/4627 4608/4930/4608
f 4654/4988/4653 4653/4989/4654 3028/3141/3026
f 3119/3238/3118 4492/4797/4493 3382/3535/3382
f 4655/4990/4655 1905/1953/1906 1398/1426/1396
f 2261/2321/2261 4595/4913/4594 3032/3148/3033
f 2644/2724/2643 3740/3927/3740 1629/1662/1627
f 3616/3788/3616 4050/4279/4051 4656/4991/4656
f 4050/4279/4051 3990/4210/3990 4656/4991/4656
f 1213/1236/1214 2044/2096/2043 3375/3526/3374
f 4657/4992/4657 1670/1707/1670 918/935/919
f 3562/3730/3563 3561/3729/3562 3580/3751/3580
f 1365/1390/1363 1364/1392/1365 2998/3112/2998
f 811/823/812 4658/4993/4658 4659/4994/4659
f 1772/1814/1770 4658/4993/4658 4660/4995/4660
f 4495/4800/4495 4332/4611/4330 4331/4613/4332
f 3485/3647/3486 4574/4886/4572 4580/4896/4580
f 199/2907/197 2810/2906/2810 4242/4509/4242
f 3702/3880/3701 1023/1039/1021 1022/1041/1023
f 4625/4953/4625 355/354/353 354/356/355
f 4661/4996/4661 3382/3535/3382 4492/4797/4493
f 3382/3535/3382 4661/4996/4661 3116/3237/3117
f 4012/4237/4013 3246/3385/3246 2607/2684/2606
f 2286/2348/2286 2284/2347/2285 3005/3119/3005
f 1900/1948/1901 1512/1548/1513 3766/3955/3766
f 3324/3471/3325 4662/4997/4662 4579/4895/4579
f 3945/4159/3945 2489/2562/2489 4039/4266/4039
f 2848/2947/2848 1763/1806/1762 876/891/877
f 4663/4998/4663 3186/3316/3186 2926/3033/2924
f 3733/3917/3732 2009/2058/2007 4235/4502/4235
f 2611/2689/2611 1764/1809/1765 3818/4021/3819
f 3208/4857/3208 3972/4190/3973 1037/4999/1038
f 2949/3061/2949 4664/5000/4664 498/2621/499
f 2107/2162/2106 4258/4526/4258 2106/2163/2107
f 4013/4236/4012 3617/3791/3618 1988/2040/1989
f 2717/2808/2718 2719/2807/2717 581/584/579
f 4666/5001/4665 3909/4120/3910 4665/5002/4666
f 560/566/561 3077/3195/3077 1624/1659/1624
f 2614/5003/2614 449/449/447 3312/5004/3312
f 816/825/814 815/827/816 4421/4714/4421
f 2743/2836/2744 3216/3352/3216 2558/2636/2559
f 4668/5005/4667 4667/5006/4668 620/624/618
f 52/53/53 54/52/52 3576/3747/3576
f 2746/2837/2745 1189/1212/1190 1849/1897/1850
f 3741/3930/3742 4485/4789/4485 4054/4284/4055
f 1189/1212/1190 1850/1895/1848 1849/1897/1850
f 2636/2716/2636 1373/1399/1371 1931/1979/1931
f 3955/4169/3955 2273/2333/2273 2615/2693/2615
f 54/52/52 53/54/54 119/120/120
f 1748/1793/1749 3495/3656/3495 4073/4305/4073
f 2294/5007/2295 2293/5008/2294 2000/2049/1998
f 4531/4838/4530 4273/4543/4273 4110/4347/4108
f 4357/4643/4357 1235/1256/1234 1234/1257/1235
f 1390/1417/1389 555/561/556 2404/2468/2404
f 2985/3099/2986 1871/1919/1872 42/40/40
f 3100/3219/3101 3423/3578/3421 4522/4830/4522
f 3521/3684/3521 202/200/200 4154/4404/4155
f 3262/3403/3263 4669/5009/4669 4561/4873/4561
f 4283/4558/4283 3098/3216/3098 4670/5010/4670
f 4673/5011/4671 4671/5012/4672 4672/5013/4673
f 2717/2808/2718 3013/3128/3014 2718/2809/2719
f 2765/2856/2764 3274/3414/3274 2767/2858/2766
f 1623/1656/1621 3229/3368/3229 2847/2946/2847
f 404/406/405 406/405/404 4248/4515/4248
f 3988/4207/3988 3958/4173/3959 4494/4798/4494
f 4674/5014/4674 3958/4173/3959 3988/4207/3988
f 4489/4794/4490 3271/3412/3272 4589/4908/4589
f 4417/4709/4417 3967/4184/3967 1168/1190/1169
f 4675/5015/4675 4524/4831/4523 2052/2103/2050
f 4018/4244/4019 4524/4831/4523 4675/5015/4675
f 4642/4976/4642 4018/4244/4019 4676/5016/4676
f 3747/3934/3745 4677/5017/4677 4100/4337/4101
f 4679/5018/4678 4470/4770/4471 4678/5019/4679
f 977/994/976 753/763/754 755/762/753
f 442/445/443 3338/3482/3336 3841/4046/3841
f 4274/4544/4274 819/828/817 2302/2365/2303
f 1538/1571/1536 3982/4200/3982 1536/1572/1537
f 1231/2506/1232 3321/3467/3321 3144/3269/3144
f 4655/4990/4655 1398/1426/1396 4680/5020/4680
f 1397/1428/1398 4680/5020/4680 1398/1426/1396
f 394/5021/392 3312/5004/3312 3286/3430/3287
f 401/403/402 3779/3970/3779 402/404/403
f 3543/3708/3543 4681/5022/4681 2632/2712/2633
f 568/574/569 3873/4081/3873 3216/3352/3216
f 4018/4244/4019 3444/3601/3442 4524/4831/4523
f 4682/5023/4682 3257/3396/3257 504/510/505
f 4683/5024/4683 2272/2330/2270 2312/2374/2312
f 3550/3714/3548 1540/1576/1541 3548/3715/3549
f 4018/4244/4019 4254/4522/4254 4019/4243/4018
f 2153/2212/2154 3556/3723/3556 2154/2210/2152
f 3520/3683/3520 2573/2651/2573 200/201/201
f 2210/2269/2211 374/376/375 480/481/478
f 2210/2269/2211 480/481/478 3708/3887/3708
f 2690/2773/2690 32/33/33 2684/2767/2684
f 4684/5025/4684 2732/2824/2732 682/689/683
f 3947/4161/3947 2617/2696/2618 3213/3349/3213
f 4686/5026/4685 3587/3759/3588 4685/5027/4686
f 4687/5028/4687 4389/4675/4387 2166/2225/2167
f 1159/1178/1157 4688/5029/4688 1157/1179/1158
f 143/144/144 142/143/143 3219/3357/3219
f 3410/3566/3410 1261/5030/1259 367/369/368
f 858/870/856 1940/1989/1940 1156/1177/1156
f 588/592/586 2415/2480/2415 2468/2541/2469
f 1626/1660/1625 28/29/29 2216/2275/2217
f 4689/5031/4689 3631/3807/3632 3633/3806/3631
f 2953/3066/2954 4690/5032/4690 3148/3273/3148
f 3120/5033/3121 544/550/545 236/238/237
f 3148/3273/3148 4690/5032/4690 992/1010/992
f 1984/2036/1985 2759/2852/2760 1985/2037/1986
f 2369/2433/2369 1543/1578/1543 915/932/916
f 35/36/36 4691/5034/4691 4692/5035/4692
f 136/137/137 1632/1669/1633 858/870/856
f 4325/4606/4326 4101/4335/4099 4693/5036/4693
f 2874/2977/2874 2873/2976/2873 1430/1463/1431
f 698/702/696 2633/2713/2634 3275/3415/3275
f 2860/2958/2858 3431/3591/3432 3914/4124/3914
f 1914/1960/1913 1170/1192/1171 1172/1191/1170
f 3069/3184/3069 2952/3064/2952 839/852/839
f 3801/3996/3800 1661/1699/1662 970/989/971
f 1661/1699/1662 816/825/814 970/989/971
f 163/161/161 4289/4564/4289 3496/3657/3496
f 317/319/318 1843/1890/1843 1228/1250/1228
f 1250/1272/1248 1249/1274/1250 2980/3094/2981
f 1337/1363/1337 718/723/716 717/725/718
f 4407/4697/4407 178/176/176 3223/3361/3223
f 2255/2314/2254 2725/2815/2725 4694/5037/4694
f 2930/3041/2930 2283/2345/2284 4201/5038/4201
f 3929/4139/3928 3928/4140/3929 3289/3432/3289
f 57/55/55 3259/3398/3259 2635/2715/2635
f 4429/4722/4429 2279/2341/2280 4514/4821/4514
f 1737/1782/1738 4557/4869/4557 3407/3564/3408
f 4557/4869/4557 4468/4767/4468 3407/3564/3408
f 1216/1239/1217 1953/2005/1954 2613/2691/2613
f 128/129/129 2664/2748/2665 797/807/796
f 1267/1292/1268 4156/4405/4156 233/235/234
f 2748/2839/2747 2747/2840/2748 1835/1882/1835
f 4695/5039/4695 3064/3180/3065 4199/4455/4198
f 3261/3402/3262 3064/3180/3065 4695/5039/4695
f 170/171/171 4545/4854/4545 171/172/172
f 2775/2868/2775 2774/2867/2774 1179/1201/1180
f 4697/5040/4696 4696/5041/4697 3102/3220/3102
f 3609/3781/3609 1620/1653/1618 3134/3258/3134
f 1033/1052/1034 1035/1051/1033 1041/1057/1039
f 601/608/602 1414/1445/1414 1009/1028/1010
f 3955/4169/3955 147/145/145 2273/2333/2273
f 3774/3965/3774 1743/1787/1743 224/226/225
f 3950/4165/3951 3760/3950/3761 3951/4164/3950
f 1307/1331/1305 4112/4351/4112 3442/3602/3443
f 4698/5042/4698 2823/2923/2824 4538/4848/4539
f 2140/2197/2139 2804/2899/2804 1788/1832/1788
f 3996/4218/3997 1999/2051/2000 3472/3630/3471
f 1605/1641/1606 1603/1639/1604 1765/1810/1766
f 3276/3417/3277 2433/2497/2431 3277/3418/3278
f 4464/4764/4465 4463/4763/4464 4699/5043/4699
f 4700/5044/4700 4064/4296/4064 658/665/659
f 1602/1753/1603 1709/1751/1709 1603/1750/1604
f 829/838/827 2316/2379/2317 827/839/828
f 2771/2865/2772 3727/3911/3727 1874/1922/1875
f 2771/2865/2772 1874/1922/1875 2772/2866/2773
f 946/962/946 576/582/577 578/581/576
f 3155/3283/3156 2206/2262/2204 132/130/130
f 131/132/132 3155/3283/3156 132/130/130
f 1035/1051/1033 1034/1053/1035 3285/3428/3285
f 2118/2174/2118 1694/1736/1695 3073/3190/3073
f 4034/4261/4034 3249/3388/3249 218/219/219
f 445/448/446 2847/2946/2847 2984/3367/2984
f 2594/2671/2593 1344/1371/1345 2966/3078/2966
f 3058/3171/3056 3566/3736/3567 2220/2279/2221
f 3698/3875/3696 4573/4888/4574 3696/3876/3697
f 1245/1270/1246 4351/4778/4351 4059/4289/4060
f 3346/3494/3346 4434/4727/4434 1276/1301/1277
f 3497/3659/3497 2917/3024/2917 4073/4305/4073
f 4701/5045/4701 3679/3858/3679 3586/3758/3587
f 935/949/933 2912/3019/2912 1279/1303/1279
f 1292/1316/1290 4702/5046/4702 1039/1058/1040
f 3192/3325/3193 3538/3702/3538 4269/4538/4269
f 4704/5047/4703 4626/4954/4626 4703/5048/4704
f 3898/4106/3898 1752/1797/1753 1446/1479/1447
f 1715/1759/1716 1717/1758/1715 3709/3890/3709
f 4705/5049/4705 4635/4967/4635 965/981/963
f 4706/5050/4706 4566/4878/4566 297/299/298
f 1137/1159/1138 2358/2421/2358 1787/1830/1786
f 103/101/101 3545/3710/3545 216/217/217
f 928/945/929 4449/4747/4449 2623/2701/2623
f 4707/5051/4707 3749/3937/3748 3203/3336/3202
f 4274/4544/4274 4426/4719/4426 1572/1607/1572
f 3735/3921/3736 2617/2696/2618 3947/4161/3947
f 767/778/768 2354/2417/2354 2806/2901/2806
f 3863/4070/3862 3862/4071/3863 93/94/94
f 1642/1678/1641 608/612/606 607/614/608
f 4362/4648/4362 1189/4000/1190 3802/3999/3802
f 2921/4957/2922 4633/4963/4633 3593/4962/3593
f 2209/3501/2207 3096/3214/3096 3351/3502/3351
f 14/15/15 4543/4852/4543 4708/5052/4708
f 3626/3801/3626 642/3800/640 3943/4156/3942
f 4599/4919/4599 4709/5053/4709 4710/5054/4710
f 2047/2098/2045 2046/2100/2047 2636/5055/2636
f 4144/4392/4144 3057/3173/3058 4166/4419/4166
f 373/375/374 721/726/719 1129/1148/1127
f 4115/4354/4115 1405/1436/1406 4151/4401/4152
f 4668/5005/4667 620/624/618 619/626/620
f 3019/5056/3020 466/469/467 2136/2579/2136
f 4378/4664/4377 4436/4729/4436 4711/5057/4711
f 89/90/90 4712/5058/4712 4041/4269/4042
f 3482/3643/3482 1642/1678/1641 1088/1107/1089
f 4482/4785/4482 2064/2118/2065 4713/5059/4713
f 2065/2116/2063 2064/2118/2065 4482/4785/4482
f 1542/1575/1540 1541/1577/1542 3730/3916/3731
f 1811/1855/1809 1941/1992/1941 4068/4300/4068
f 1615/1648/1613 2020/2071/2020 1948/2000/1949
f 1250/1272/1248 2980/3094/2981 564/570/565
f 1634/1671/1634 3785/3977/3785 1635/1672/1635
f 1635/1672/1635 3785/3977/3785 3258/3397/3258
f 2306/2369/2307 526/531/526 2534/2608/2534
f 4204/4462/4204 3662/3838/3662 2898/3003/2896
f 1341/1368/1342 982/1001/983 2609/2687/2609
f 2678/2762/2679 4714/5060/4714 2679/2763/2680
f 2609/2687/2609 982/1001/983 3055/3169/3054
f 1200/1223/1201 2081/2135/2081 4092/4328/4092
f 4500/4807/4501 3988/4207/3988 3939/4153/3939
f 1794/1840/1795 2929/5061/2929 3034/3149/3034
f 1794/1840/1795 3034/3149/3034 522/528/523
f 3118/3239/3119 1738/1781/1737 2346/2409/2346
f 2706/2793/2706 4715/5062/4715 830/842/831
f 4513/4820/4513 2457/2529/2458 3047/3163/3048
f 4193/4449/4193 3682/3861/3682 481/485/482
f 4621/4944/4620 2239/2300/2240 4672/5013/4673
f 4695/5039/4695 4199/4455/4198 4716/5063/4716
f 3991/4211/3991 4051/4278/4050 866/881/867
f 3938/4150/3936 2070/2121/2068 4717/5064/4717
f 2321/2384/2322 4090/4326/4090 2257/2316/2256
f 2166/2225/2167 1444/1476/1444 2167/2226/2168
f 3610/3782/3610 1907/1954/1907 1369/1397/1369
f 2631/2710/2631 2752/2844/2752 2464/2533/2462
f 4719/5065/4718 742/747/740 4718/5066/4719
f 1662/1698/1661 91/89/89 814/826/815
f 1913/1961/1914 2777/3223/2777 1914/1960/1913
f 1888/1935/1888 1781/1826/1782 1509/1545/1510
f 1509/1545/1510 3413/3569/3413 1888/1935/1888
f 4720/5067/4720 2662/2743/2660 2661/2745/2662
f 3836/4042/3837 577/583/578 4024/4249/4023
f 3262/3403/3263 3261/3402/3262 3707/3886/3707
f 2389/2451/2387 2388/2453/2389 4721/5068/4721
f 3632/3808/3633 3631/3807/3632 4722/5069/4722
f 1130/1151/1130 2618/2695/2617 2376/2441/2377
f 3684/3864/3685 2356/2420/2357 4723/5070/4723
f 3579/3750/3579 4169/4422/4169 848/863/849
f 232/234/233 1267/1292/1268 233/235/234
f 1730/1775/1731 418/420/418 4657/4992/4657
f 3715/3895/3714 2108/2165/2109 2405/2470/2406
f 1989/2038/1987 1988/2040/1989 3617/3791/3618
f 1989/2038/1987 3617/3791/3618 3619/3790/3617
f 2331/2862/2330 2353/2416/2353 767/778/768
f 4440/4734/4440 3479/3641/3480 4045/4271/4044
f 1135/1157/1136 1684/1724/1684 1/2/2
f 4435/4728/4435 507/513/508 4128/4369/4128
f 1552/1588/1553 4049/4276/4049 3017/3129/3015
f 3450/3609/3450 3592/3761/3590 3591/3763/3592
f 3896/4103/3895 2299/2362/2300 2519/2594/2520
f 3616/3788/3616 4656/4991/4656 471/471/469
f 2626/2705/2626 343/1315/343 2624/2703/2625
f 188/189/189 3596/3769/3597 4724/5071/4724
f 4386/4771/4386 2596/2675/2597 3209/3344/3209
f 2056/2108/2055 2244/2304/2244 2785/2878/2784
f 296/295/294 3960/4175/3960 2996/3110/2996
f 632/639/633 3894/4102/3894 633/637/631
f 2307/2368/2306 2428/2495/2429 2614/2692/2614
f 1387/1416/1388 1528/1563/1528 2035/2088/2035
f 529/535/530 4725/5072/4725 530/533/528
f 4725/5072/4725 1518/1554/1519 530/533/528
f 2203/2261/2203 391/390/389 390/392/391
f 4726/5073/4726 4707/5051/4707 4293/4568/4293
f 334/336/335 3000/3113/2999 335/337/336
f 4728/5074/4727 4587/4905/4587 4727/5075/4728
f 2703/2790/2703 2972/3084/2972 2147/5076/2148
f 4070/4303/4071 2391/2456/2392 1662/1698/1661
f 4088/4323/4088 2471/2543/2471 2470/2542/2470
f 69/67/67 68/69/69 235/237/236
f 1374/1403/1375 1077/1096/1078 1377/1405/1377
f 806/818/807 4729/5077/4729 4639/4972/4639
f 4729/5077/4729 806/818/807 808/817/806
f 2259/2318/2258 795/804/793 794/806/795
f 3635/3810/3635 1003/1022/1004 2152/2211/2153
f 857/872/858 856/871/857 859/873/859
f 1799/1843/1798 3452/3611/3452 1798/1844/1799
f 4732/5078/4730 4730/5079/4731 4731/5080/4732
f 4733/5081/4733 3984/4202/3983 3983/4203/3984
f 2863/2964/2864 4116/4356/4116 2864/2963/2863
f 4735/5082/4734 4734/5083/4735 4732/5078/4730
f 4736/5084/4736 1393/1422/1394 3351/3502/3351
f 4004/4227/4004 4737/5085/4737 4691/5034/4691
f 3517/3680/3517 4738/5086/4738 4032/4259/4032
f 2447/2517/2447 4287/4563/4288 2124/2181/2125
f 3062/3176/3061 138/136/136 4315/4591/4315
f 4739/5087/4739 2958/3071/2959 4212/4470/4211
f 1793/3576/1794 1594/1627/1592 2929/3040/2929
f 1755/1799/1755 1831/1877/1830 1745/1790/1746
f 4742/5088/4740 4740/5089/4741 4741/5090/4742
f 2708/5091/2708 586/593/587 2469/2540/2468
f 3583/4517/3583 2837/2936/2837 987/1003/985
f 992/1010/992 1645/1680/1643 3075/3191/3074
f 4743/5092/4743 3509/3671/3509 3896/4103/3895
f 2157/2216/2158 3925/4136/3925 4712/5058/4712
f 1716/1760/1717 1433/1466/1434 2426/2492/2426
f 973/991/973 470/473/471 2724/2814/2724
f 1371/1400/1372 533/536/531 532/538/533
f 3770/3961/3770 2866/2967/2867 3585/3755/3584
f 1489/1522/1490 3524/3688/3524 763/772/763
f 3198/3331/3198 2076/2131/2077 2165/2223/2165
f 2358/2421/2358 3040/3155/3040 1787/1830/1786
f 2480/2551/2479 2793/2888/2794 1802/1849/1803
f 3798/3994/3798 4290/4565/4290 4458/4756/4458
f 4559/4871/4559 1690/5093/1691 3888/4096/3888
f 2235/2296/2236 2236/2295/2235 461/461/459
f 1866/4277/1866 1936/1985/1936 1938/1987/1938
f 76/928/77 1663/1700/1663 1666/3789/1664
f 4229/4487/4227 2053/2107/2054 4227/4488/4228
f 883/898/884 1416/1448/1417 2506/2581/2507
f 3005/3119/3005 282/284/283 3534/3699/3535
f 3533/3698/3534 3005/3119/3005 3534/3699/3535
f 680/687/681 679/686/680 3412/3568/3412
f 3140/3264/3140 4744/5094/4744 1891/1936/1889
f 3416/3570/3414 3475/3633/3474 4423/4717/4424
f 1884/4614/1884 2362/2425/2362 1505/1540/1505
f 2963/3075/2963 2611/2689/2611 1617/1651/1616
f 3818/4021/3819 1617/1651/1616 2611/2689/2611
f 419/421/419 256/258/257 258/257/256
f 2963/3075/2963 1617/1651/1616 1616/1652/1617
f 1754/1798/1754 1767/1811/1767 1109/1130/1110
f 4037/4263/4036 4243/4510/4243 4036/4264/4037
f 228/227/226 739/746/739 3879/4088/3880
f 1583/1619/1584 1582/1618/1583 1609/1643/1608
f 3446/3605/3446 2186/2242/2184 2769/2860/2768
f 974/992/974 2753/2845/2753 2424/2489/2423
f 187/185/185 186/187/187 4682/5023/4682
f 3677/3857/3678 3694/3874/3695 2477/2547/2475
f 1804/2126/1802 453/456/454 1696/1737/1696
f 1485/1518/1486 2894/3001/2894 2676/2760/2677
f 2115/2172/2116 274/275/274 1167/1188/1167
f 310/309/308 2115/2172/2116 1167/1188/1167
f 4747/5095/4745 4745/5096/4746 4746/5097/4747
f 4748/5098/4748 571/577/572 1399/1430/1400
f 4633/4963/4633 4749/5099/4749 4634/4964/4634
f 2123/2179/2123 416/419/417 415/418/416
f 4099/4336/4100 4599/4919/4599 4710/5054/4710
f 3366/3518/3366 4750/5100/4750 4302/4577/4302
f 3386/3539/3386 4751/5101/4751 2430/3540/2428
f 436/439/437 3962/4178/3963 667/674/668
f 4750/5100/4750 4689/5031/4689 2213/2270/2212
f 1576/1611/1576 1573/1609/1574 4583/5102/4583
f 4148/4398/4149 3466/3623/3464 3465/3625/3466
f 4752/5103/4752 4606/4926/4606 4349/4632/4348
f 4753/5104/4753 3992/4212/3992 4483/4787/4483
f 4629/4958/4629 3600/3773/3601 3599/3772/3600
f 443/443/441 447/450/448 4316/4592/4316
f 3980/4197/3980 1648/1683/1646 4754/5105/4754
f 4458/4756/4458 3551/3718/3551 287/286/285
f 4755/5106/4755 3818/4021/3819 3783/3973/3782
f 2001/2052/2001 585/591/585 3175/3305/3176
f 2994/3108/2994 2740/2833/2741 3097/3215/3097
f 3754/3943/3754 2836/2933/2834 3781/3971/3780
f 3401/3556/3401 2473/2544/2472 2472/2545/2473
f 3716/3897/3716 428/428/426 2460/2532/2461
f 2720/2810/2720 2630/2709/2630 2819/2919/2820
f 4515/4822/4515 2174/2232/2174 400/399/398
f 1826/1871/1825 1825/1872/1826 2763/2854/2762
f 2890/2994/2890 540/546/541 1191/1211/1189
f 3870/4077/3869 3869/4078/3870 3946/4160/3946
f 4488/4790/4486 4025/4251/4025 964/983/965
f 2241/2299/2239 4673/5011/4671 2239/2300/2240
f 611/615/609 3156/3282/3155 4594/4914/4595
f 4756/5107/4756 3046/3159/3044 3045/3161/3046
f 1974/2023/1972 1973/2025/1974 4401/4688/4399
f 2039/2092/2039 1789/1833/1789 3359/3511/3359
f 2679/2763/2680 2839/3274/2839 3495/3656/3495
f 2680/2761/2678 2679/2763/2680 3495/3656/3495
f 2516/2590/2516 4570/4884/4570 2517/2591/2517
f 4556/4867/4555 4757/5108/4757 4555/4868/4556
f 3352/3503/3352 1392/1421/1393 2209/3501/2207
f 3575/3746/3575 2209/3501/2207 1392/1421/1393
f 3235/3374/3235 4621/4944/4620 902/917/903
f 1671/1708/1671 4002/4224/4002 4278/4549/4278
f 3431/3591/3432 3629/3805/3630 3914/4124/3914
f 633/637/631 2565/2644/2566 2567/2645/2567
f 4712/5058/4712 3925/4136/3925 4758/5109/4758
f 3211/3345/3210 3210/3347/3211 4759/5110/4759
f 3925/4136/3925 4086/4320/4086 4758/5109/4758
f 4760/5111/4760 4492/4797/4493 4493/4796/4492
f 4197/4453/4196 1934/1981/1933 2397/2461/2397
f 4315/4591/4315 2891/2995/2891 3062/3176/3061
f 4762/5112/4761 4703/5048/4704 4761/5113/4762
f 3093/3211/3093 3098/3216/3098 3961/4176/3961
f 3752/3939/3750 3622/3794/3621 3750/3940/3751
f 4763/5114/4763 4547/4856/4547 4117/4357/4117
f 2754/2846/2754 1262/1286/1262 1687/1728/1687
f 3787/3982/3788 3789/3981/3787 2692/4437/2692
f 503/509/504 3447/3606/3447 2663/2746/2663
f 4268/4537/4268 435/435/433 3995/4215/3995
f 432/434/432 23/24/24 1832/1880/1833
f 1036/1055/1037 1893/1939/1892 1526/1562/1527
f 3894/4102/3894 1068/1084/1066 1067/1086/1068
f 3142/3267/3142 2471/2543/2471 2398/4324/2399
f 348/350/349 1452/1485/1453 1451/1484/1452
f 2038/2090/2037 2441/2512/2442 3107/3226/3107
f 3714/3896/3715 4075/4308/4075 1148/1170/1149
f 286/288/287 285/287/286 2698/2786/2699
f 1042/1061/1043 1254/1279/1255 1119/1137/1117
f 2837/3636/2837 899/911/897 1171/1193/1172
f 2008/2060/2009 403/3850/401 3675/3853/3675
f 1949/1999/1948 3827/4032/3828 2556/2633/2556
f 1422/1455/1423 2858/2959/2859 3935/4149/3935
f 82/83/83 3884/4092/3884 1923/1970/1923
f 4546/4855/4546 1909/1956/1909 4344/4628/4344
f 3159/3287/3160 4509/4815/4508 3160/3288/3161
f 3167/5115/3168 4764/5116/4764 2969/3082/2970
f 4474/4775/4474 1343/1370/1344 4076/5117/4077
f 2799/2893/2798 1788/1832/1788 2031/2085/2032
f 2030/2084/2031 2799/2893/2798 2031/2085/2032
f 3176/3304/3175 585/591/585 4119/4361/4120
f 4332/4611/4330 4409/4699/4409 4330/4612/4331
f 2768/2861/2769 2769/2860/2768 2186/2242/2184
f 2540/2614/2540 1309/1336/1310 1763/1806/1762
f 2210/2269/2211 3708/3887/3708 3734/3919/3734
f 2819/2919/2820 2630/2709/2630 3384/3537/3384
f 1441/1471/1439 4765/5118/4765 1937/1986/1937
f 1926/1971/1924 1925/1973/1926 4044/4272/4045
f 3868/4076/3868 4592/4912/4593 4593/4911/4592
f 3322/3468/3322 3258/3397/3258 3169/3298/3170
f 3690/3869/3690 728/2784/729 1289/1313/1289
f 3859/4068/3860 3858/4067/3859 4766/5119/4766
f 1063/1082/1064 1065/1081/1063 1759/1803/1759
f 3833/4038/3833 4767/5120/4767 1903/1950/1903
f 2701/2787/2700 2700/2788/2701 3122/3243/3122
f 3137/3259/3135 3912/4123/3913 3135/3260/3136
f 199/197/197 198/199/199 724/5121/725
f 3009/3123/3009 4418/4711/4418 486/491/487
f 1446/1479/1447 784/796/785 3898/4106/3898
f 1813/1858/1812 1812/1859/1813 246/245/244
f 3555/3722/3555 3085/3204/3086 4366/4653/4366
f 2820/2918/2819 4017/4240/4016 235/237/236
f 4608/4930/4608 3390/3544/3390 3389/3543/3389
f 227/229/228 2209/2265/2207 2208/2267/2209
f 904/916/902 2140/2197/2139 965/981/963
f 3532/3696/3532 3700/3878/3699 3699/3879/3700
f 4591/4910/4591 3592/3761/3590 4768/5122/4768
f 4703/5048/4704 4476/4779/4476 4761/5113/4762
f 3934/4148/3934 2140/2197/2139 904/916/902
f 3661/3837/3661 2647/2727/2646 4529/4835/4527
f 955/973/956 3451/3610/3451 2318/2380/2318
f 3090/3209/3091 1796/1841/1796 1459/1491/1459
f 4003/4226/4003 3437/3597/3438 4769/5123/4769
f 1828/5124/1829 2770/2863/2770 2331/2862/2330
f 3372/3525/3373 4314/4590/4314 4085/4319/4085
f 4069/4302/4070 3800/3997/3801 65/66/66
f 3432/3589/3430 2944/3055/2943 1423/1453/1421
f 4770/5125/4770 3978/4195/3978 4553/4864/4553
f 207/208/208 4771/5126/4771 2529/2604/2530
f 4268/4537/4268 433/436/434 435/435/433
f 1742/1785/1741 2098/2152/2098 681/685/679
f 4613/4935/4613 3347/3497/3348 4772/5127/4772
f 2086/2139/2085 33/31/31 2036/2089/2036
f 4158/4407/4158 1376/1402/1374 4563/4874/4562
f 1138/1160/1139 3620/4619/3620 3182/3313/3183
f 4193/4449/4193 2608/2686/2608 3682/3861/3682
f 1889/1937/1890 3313/4494/3313 2815/2914/2815
f 1568/1604/1569 1631/1667/1631 1630/1666/1630
f 3502/3664/3502 2330/2394/2331 1943/1995/1944
f 4250/4518/4250 157/158/158 3119/3238/3118
f 1623/1656/1621 1622/1658/1623 314/3499/315
f 2319/2381/2319 97/95/95 96/97/97
f 1820/1867/1821 557/563/558 559/562/557
f 2640/2720/2639 3289/3432/3289 3526/3690/3526
f 4689/5031/4689 4750/5100/4750 3631/3807/3632
f 751/761/752 1045/1063/1045 4271/4540/4271
f 2327/2391/2328 2329/2390/2327 955/973/956
f 432/434/432 1832/1880/1833 1834/1879/1832
f 62/63/63 976/995/977 63/61/61
f 1438/1469/1437 1437/1470/1438 4773/5128/4773
f 981/1000/982 3919/4129/3919 3055/3169/3054
f 3517/3680/3517 2685/2768/2685 1168/1190/1169
f 502/505/500 4664/5000/4664 500/506/501
f 116/117/117 2444/4649/2445 4362/4648/4362
f 330/331/330 4744/5094/4744 3852/4058/3852
f 1711/1754/1711 2781/5129/2782 2169/2227/2169
f 4638/4971/4638 1781/1826/1782 1780/1825/1781
f 3677/3857/3678 2477/2547/2475 3678/3855/3676
f 295/756/296 3534/3699/3535 749/757/749
f 2326/2388/2325 2325/2389/2326 680/687/681
f 2614/5003/2614 1534/1568/1533 449/449/447
f 127/128/128 4388/4677/4389 4398/4687/4398
f 663/667/661 3716/3897/3716 2460/2532/2461
f 394/5021/392 3286/3430/3287 3288/3429/3286
f 712/717/710 4682/5023/4682 504/510/505
f 4037/4263/4036 685/692/686 1558/1593/1558
f 4466/4766/4467 3380/3533/3380 3193/4541/3194
f 2844/2944/2845 4428/4721/4428 1845/1891/1844
f 4776/5130/4774 4774/5131/4775 4775/5132/4776
f 4670/5010/4670 3098/3216/3098 3093/3211/3093
f 3870/4077/3869 484/2432/485 272/271/270
f 2901/3008/2901 3768/3958/3769 2902/3009/2902
f 3433/3593/3434 3637/3811/3636 3434/3592/3433
f 577/583/578 3836/4042/3837 3835/4041/3836
f 3115/4799/3115 765/775/766 766/774/765
f 4043/4270/4043 4777/5133/4777 2388/2453/2389
f 2024/2074/2023 3279/3419/3279 2813/2910/2813
f 287/286/285 286/288/287 700/708/701
f 4778/5134/4778 3772/3964/3773 2549/2626/2550
f 3385/3538/3385 1559/1594/1559 139/140/140
f 1560/1595/1560 1559/1594/1559 3385/3538/3385
f 795/804/793 4779/5135/4779 791/802/791
f 4780/5136/4780 611/615/609 4279/4550/4279
f 4104/4340/4104 3037/3153/3038 4076/4310/4077
f 2687/2771/2688 4184/4439/4183 4781/5137/4781
f 4699/5043/4699 4709/5053/4709 4599/4919/4599
f 990/1006/988 4165/4418/4165 988/1007/989
f 1719/1763/1720 1718/1762/1719 4481/4784/4481
f 2839/3274/2839 361/363/362 2232/2292/2232
f 1828/5124/1829 689/693/687 688/695/689
f 3181/3311/3181 1391/1419/1391 1114/1135/1115
f 2466/2539/2467 4782/5138/4782 3292/3435/3292
f 28/29/29 4230/4491/4231 29/30/30
f 254/5139/255 253/4904/254 2298/2361/2299
f 3815/4017/3815 4783/5140/4783 2828/2925/2826
f 3316/5141/3317 650/657/651 3317/5142/3318
f 4785/5143/4784 4784/5144/4785 1853/1898/1851
f 2985/3099/2986 1244/1267/1243 2986/3098/2985
f 3976/4194/3977 4786/5145/4786 3658/3835/3659
f 4682/5023/4682 3594/3765/3594 187/185/185
f 4787/5146/4787 2012/2062/2011 802/812/801
f 3745/3935/3746 3242/3382/3243 3712/3893/3712
f 4519/4828/4520 4328/4609/4329 3469/3629/3470
f 117/118/118 116/117/117 4372/4660/4373
f 801/813/802 305/307/306 307/306/305
f 3414/5147/3415 4346/5148/4346 1186/1209/1187
f 3480/3642/3481 3479/3641/3480 1193/1214/1192
f 4760/5111/4760 4493/4796/4492 4331/4613/4332
f 1552/1588/1553 3867/4074/3866 4048/4275/4048
f 3848/4052/3847 2084/2138/2084 2074/2127/2073
f 4497/4802/4497 2587/2666/2588 2589/2667/2589
f 4321/4600/4321 3013/3128/3014 2526/2601/2527
f 3997/4217/3996 748/753/746 1291/1318/1292
f 3997/4217/3996 1291/1318/1292 1290/1317/1291
f 2225/2284/2225 290/2283/288 3824/4028/3824
f 1292/1316/1290 1039/1058/1040 1511/1544/1509
f 4069/4302/4070 4071/4301/4069 3800/3997/3801
f 573/576/571 1320/4773/1321 4267/4536/4267
f 3158/3285/3158 1860/1908/1861 1859/1907/1860
f 2130/2189/2131 2636/5055/2636 4733/5081/4733
f 61/62/62 1964/2016/1965 62/63/63
f 3114/3232/3113 3309/3452/3309 1701/1743/1702
f 1702/1741/1700 1701/1743/1702 3309/3452/3309
f 4094/4330/4094 1811/1855/1809 1933/1982/1934
f 4614/4936/4614 1600/1633/1598 1599/1635/1600
f 1058/1076/1058 3260/3400/3260 743/4111/744
f 2822/2921/2822 2821/2920/2821 4453/4751/4453
f 1333/1360/1334 4057/4286/4057 3916/4126/3916
f 1941/1992/1941 1174/1194/1173 1027/1046/1028
f 2090/3242/2090 743/4111/744 3260/3400/3260
f 3756/3946/3757 4788/5149/4788 4256/4524/4256
f 3495/3656/3495 3497/3659/3497 4073/4305/4073
f 3697/3877/3698 3933/4145/3931 4789/5150/4789
f 842/1424/842 137/3733/138 3077/3195/3077
f 3850/4054/3849 3849/4055/3850 447/450/448
f 2961/3074/2962 2521/2595/2521 2528/2602/2528
f 4430/4724/4431 4432/4723/4430 4291/4566/4291
f 614/5151/612 2838/2937/2838 3851/4057/3851
f 3600/3773/3601 3796/3993/3797 4307/4581/4306
f 2615/2693/2615 2690/2773/2690 3955/4169/3955
f 405/4500/406 4790/5152/4790 406/5153/404
f 2443/2511/2441 3913/4122/3912 2993/3105/2992
f 3792/3987/3793 3791/3986/3792 4791/5154/4791
f 2143/2201/2143 2497/2568/2495 2496/2570/2497
f 4703/5048/4704 4626/4954/4626 4533/4842/4533
f 3209/3344/3209 1557/1590/1555 1556/1592/1557
f 203/204/204 916/1264/915 1241/1263/1241
f 665/672/666 4792/5155/4792 3742/3929/3741
f 1894/1942/1895 1417/1446/1415 1416/1448/1417
f 3760/3950/3761 4793/5156/4793 903/918/904
f 2421/2488/2422 806/818/807 4639/4972/4639
f 1931/1979/1931 1373/1399/1371 1372/1401/1373
f 4461/4759/4461 4794/5157/4794 3172/3301/3173
f 748/753/746 3472/3630/3471 746/754/747
f 2739/2832/2740 4795/5158/4795 2740/2833/2741
f 3522/3685/3522 2425/2491/2425 3523/3686/3523
f 3522/3685/3522 4417/4709/4417 2425/2491/2425
f 3407/3564/3408 1531/3563/1532 3919/4129/3919
f 2479/2552/2480 411/776/409 3524/3688/3524
f 747/755/748 4260/4528/4260 1033/1052/1034
f 2019/2070/2019 2639/2721/2640 79/80/80
f 2051/2105/2052 3379/3532/3379 4229/4487/4227
f 1062/1078/1060 2351/2414/2351 1600/1633/1598
f 3710/3891/3710 2372/2435/2371 4410/4701/4410
f 4798/5159/4796 4796/5160/4797 4797/5161/4798
f 1363/1391/1364 1581/1614/1579 1722/1766/1722
f 4152/4402/4153 4642/4976/4642 4676/5016/4676
f 884/899/885 4697/5040/4696 2990/3103/2990
f 1746/1791/1747 1831/1877/1830 2536/2610/2536
f 951/968/952 1961/2012/1961 952/969/953
f 4562/4875/4563 4799/5162/4799 2741/2831/2739
f 451/454/452 1031/1050/1032 3001/3115/3001
f 4320/4599/4320 1645/1680/1643 4690/5032/4690
f 4289/4564/4289 4625/4953/4625 2877/2981/2878
f 2877/2981/2878 4625/4953/4625 2878/2982/2879
f 2731/2821/2729 4800/5163/4800 4801/5164/4801
f 2380/2445/2381 3825/4029/3825 4313/4589/4313
f 1948/2000/1949 3888/4096/3888 2310/5165/2310
f 4549/4859/4549 735/740/733 3665/3839/3663
f 283/285/284 282/284/283 1230/1252/1230
f 4803/5166/4802 4501/4805/4499 4802/5167/4803
f 1918/1966/1919 3179/3310/3180 1785/1827/1783
f 303/305/304 4804/5168/4804 1385/1413/1385
f 612/4056/613 614/5151/612 3851/4057/3851
f 1575/1608/1573 1734/1779/1735 2605/2682/2604
f 4803/5166/4802 4499/4806/4500 4501/4805/4499
f 4715/5062/4715 4603/4923/4603 1459/1491/1459
f 605/609/603 626/630/624 603/610/604
f 4805/5169/4805 364/366/365 366/365/364
f 3737/3922/3737 3163/3289/3162 3735/3921/3736
f 538/544/539 537/543/538 4806/5170/4806
f 397/396/395 4469/4768/4469 395/397/396
f 2822/2921/2822 4453/4751/4453 4318/4596/4318
f 4292/4567/4292 4807/5171/4807 3540/3703/3539
f 1617/1651/1616 3001/3115/3001 3029/3144/3029
f 155/156/156 2081/2135/2081 1286/1311/1287
f 4274/4544/4274 817/829/818 819/828/817
f 2510/2583/2509 4310/4583/4308 4309/4585/4310
f 4070/4303/4071 4808/5172/4808 4809/5173/4809
f 2102/2158/2102 2101/2157/2101 2025/2076/2025
f 901/914/900 3693/3870/3691 3692/3872/3693
f 2196/2252/2194 2195/2254/2196 3245/3384/3245
f 267/269/268 269/268/267 4760/5111/4760
f 4568/4882/4568 3946/4160/3946 3213/3349/3213
f 3870/4077/3869 3946/4160/3946 4568/4882/4568
f 2569/2648/2570 3229/4174/3229 3897/4105/3897
f 2955/3068/2956 4810/5174/4810 1158/1180/1159
f 4045/4271/4044 3479/3641/3480 4778/5134/4778
f 1886/1934/1887 1887/1933/1886 4648/4981/4647
f 4718/5066/4719 3987/4205/3986 4382/4670/4382
f 2502/2575/2502 979/998/980 978/997/979
f 3981/4199/3981 4069/4302/4070 64/65/65
f 1730/1775/1731 4657/4992/4657 1731/1773/1729
f 4272/4542/4272 4811/5175/4811 4812/5176/4812
f 263/265/264 738/743/736 737/745/738
f 4645/4980/4646 4802/5167/4803 4753/5104/4753
f 4813/5177/4813 880/4928/881 1820/1867/1821
f 3204/3338/3204 1164/1186/1165 4814/5178/4814
f 4225/4484/4225 4270/4539/4270 1076/5179/1077
f 592/599/593 591/598/592 2870/2968/2868
f 1077/1096/1078 1076/1095/1077 2923/3029/2921
f 360/359/358 3501/3663/3501 3306/3450/3307
f 1966/2015/1964 3021/3135/3021 2561/2639/2562
f 3335/3481/3335 966/984/966 1869/1916/1869
f 2587/2666/2588 4412/4704/4412 2974/3087/2975
f 4815/5180/4815 3834/4039/3834 1377/1405/1377
f 1351/1378/1352 2753/2845/2753 1352/1379/1353
f 2543/2618/2544 3172/3301/3173 4794/5157/4794
f 716/724/717 1474/1504/1472 717/725/718
f 2686/2769/2686 2542/2616/2542 2541/2615/2541
f 9/7/7 3843/4049/3844 3842/4048/3843
f 3464/3624/3465 4749/5099/4749 4628/4956/4628
f 3102/3220/3102 4696/5041/4697 4714/5060/4714
f 4660/4995/4660 4658/4993/4658 811/823/812
f 3521/3684/3521 3520/3683/3520 200/201/201
f 3076/3194/3076 3511/3674/3512 1548/1581/1546
f 4055/4285/4056 4597/4916/4597 1973/2025/1974
f 4270/4539/4270 4816/5181/4816 4149/4396/4147
f 708/716/709 3908/4118/3908 5/6/6
f 802/812/801 2011/2063/2012 305/307/306
f 3744/3932/3744 1407/1435/1405 1406/1437/1407
f 1840/1888/1841 3710/3891/3710 1841/1886/1839
f 1804/2126/1802 2071/2125/2072 2528/2602/2528
f 2528/2602/2528 453/456/454 1804/2126/1802
f 1282/1304/1280 2411/5182/2411 277/1423/275
f 1315/1341/1315 4172/4425/4172 2411/5182/2411
f 244/246/245 1812/1859/1813 726/731/724
f 3295/3438/3295 4443/4739/4443 1933/1982/1934
f 3232/3369/3230 3231/3371/3232 4610/4932/4610
f 3295/3438/3295 4783/5140/4783 4443/4739/4443
f 2399/2462/2398 4771/5126/4771 207/208/208
f 1794/1840/1795 2048/2102/2049 2938/3050/2938
f 2398/2463/2399 206/207/207 3284/3427/3284
f 4817/5183/4817 3793/3985/3791 3189/3318/3188
f 3793/3985/3791 3188/3319/3189 3189/3318/3188
f 1527/1560/1525 3113/3233/3114 1525/1561/1526
f 27/25/25 3578/3749/3578 3250/3390/3251
f 2369/2433/2369 4456/4754/4456 1963/2013/1962
f 1324/1350/1324 3680/3859/3680 1319/1343/1317
f 4818/5184/4818 547/553/548 3817/4019/3817
f 565/568/563 4205/4463/4205 563/569/564
f 2653/2733/2652 3671/4950/3670 1118/1139/1119
f 3708/3887/3708 480/481/478 479/483/480
f 2529/2604/2530 4771/5126/4771 4052/4280/4052
f 727/735/728 341/343/342 340/342/341
f 1546/1582/1547 1548/1581/1546 4021/4246/4021
f 4515/4822/4515 20/21/21 2170/2229/2171
f 2192/2251/2193 4819/5185/4819 3997/4217/3996
f 1644/1682/1645 4235/4502/4235 3075/3191/3074
f 2908/3015/2908 4735/5082/4734 4731/5080/4732
f 3298/3441/3298 1860/1908/1861 3158/3285/3158
f 3992/4212/3992 4500/4807/4501 1747/1789/1745
f 2914/3022/2915 3728/3913/3728 1310/1334/1308
f 439/442/440 1844/1892/1845 1845/1891/1844
f 2795/2890/2795 2188/2245/2187 1881/1926/1879
f 3759/3949/3760 4722/5069/4722 3951/4164/3950
f 2280/2340/2279 2909/3017/2910 4121/4362/4121
f 879/894/880 881/893/879 2538/2612/2538
f 4781/5137/4781 4184/4439/4183 1195/1216/1194
f 363/362/361 3315/3461/3315 2320/2383/2321
f 4369/4656/4369 4781/5137/4781 1195/1216/1194
f 4673/5011/4671 4672/5013/4673 2239/2300/2240
f 4451/4749/4451 1130/1151/1130 2879/2980/2877
f 90/91/91 89/90/90 4042/4268/4041
f 438/438/436 4428/4721/4428 3405/3561/3406
f 4514/4821/4514 2279/2341/2280 4121/4362/4121
f 664/671/665 4624/4951/4623 693/700/694
f 2422/2487/2421 4820/5186/4820 1771/1816/1772
f 2331/2393/2330 3644/3820/3644 1828/1876/1829
f 100/98/98 2439/2509/2440 2438/2508/2439
f 4419/4712/4419 3572/3742/3571 4821/5187/4821
f 3572/3742/3571 2933/3042/2931 4821/5187/4821
f 3948/4162/3948 3736/3920/3735 3735/3921/3736
f 1955/2006/1955 3507/4880/3508 1956/2007/1956
f 4509/4815/4508 4693/5036/4693 4508/4816/4509
f 1071/1089/1071 291/293/292 420/423/421
f 3555/3722/3555 1314/1340/1314 3085/3204/3086
f 3283/3425/3283 4157/4406/4157 112/110/110
f 1334/1361/1335 4577/4890/4576 4576/4891/4577
f 2356/2420/2357 4655/4990/4655 4047/4274/4047
f 3829/4033/3829 4822/5188/4822 921/936/920
f 256/258/257 2238/2298/2238 2934/4430/2935
f 2853/2951/2852 256/258/257 2934/4430/2935
f 3975/4192/3975 3500/3662/3500 1083/1102/1084
f 3365/3517/3365 4698/5042/4698 4539/4847/4538
f 4824/5189/4823 4610/4932/4610 4823/5190/4824
f 2843/2940/2841 4504/4811/4504 354/356/355
f 3379/3532/3379 2054/2106/2053 2053/2107/2054
f 3800/3997/3801 1661/1699/1662 3801/3996/3800
f 3277/3418/3278 2432/2499/2433 3278/3416/3276
f 3706/3885/3706 3261/3402/3262 4695/5039/4695
f 2381/2446/2382 2380/2445/2381 4313/4589/4313
f 3601/3771/3599 4825/5191/4825 4196/4454/4197
f 795/804/793 4826/5192/4826 4779/5135/4779
f 4088/4323/4088 4425/4718/4425 3185/4685/3185
f 3322/3468/3322 1635/1672/1635 3258/3397/3258
f 3027/3143/3028 3026/3142/3027 1682/1720/1680
f 1819/1863/1817 2725/2815/2725 3457/3616/3457
f 852/864/850 2448/2518/2448 515/521/516
f 852/864/850 851/866/852 2448/2518/2448
f 4436/4729/4436 4377/4665/4378 1803/1850/1804
f 4377/4665/4378 4218/4477/4218 1803/1850/1804
f 1653/3255/1651 4827/5193/4827 4566/4878/4566
f 4529/4835/4527 3662/3838/3662 3661/3837/3661
f 4428/4721/4428 3406/3559/3404 3405/3561/3406
f 4828/5194/4828 4415/4706/4414 1157/1179/1158
f 4135/4377/4134 4134/4378/4135 702/710/703
f 3836/4042/3837 2483/2557/2484 3837/4040/3835
f 298/298/297 4135/4377/4134 702/710/703
f 2069/2123/2070 4795/5158/4795 4799/5162/4799
f 358/5195/359 472/475/473 359/3493/360
f 3701/3881/3702 3490/3652/3491 3753/3942/3753
f 4224/4483/4224 4816/5181/4816 4270/4539/4270
f 3300/3444/3301 4829/5196/4829 4096/4333/4097
f 1874/1922/1875 1997/2046/1995 1996/2048/1997
f 2500/2574/2501 3640/3815/3640 1202/1225/1203
f 4831/5197/4830 4830/5198/4831 4646/4979/4645
f 4831/5197/4830 4646/4979/4645 741/749/742
f 113/114/114 4066/4297/4065 2336/2400/2337
f 971/990/972 475/479/476 474/478/475
f 2299/2362/2300 2298/2361/2299 2096/2148/2094
f 3604/3777/3605 4752/5103/4752 4349/4632/4348
f 4473/4774/4473 4832/5199/4832 865/877/863
f 707/712/705 3205/3339/3205 705/713/706
f 1967/2019/1968 1639/1677/1640 961/979/961
f 3645/3821/3645 3183/3314/3184 3200/3332/3199
f 866/881/867 4050/4279/4051 467/467/465
f 656/663/657 993/1011/993 3610/3782/3610
f 4089/4325/4089 337/339/338 2269/2329/2269
f 3330/3477/3331 4612/4933/4611 3796/3993/3797
f 2066/2119/2066 1728/1771/1727 1727/1772/1728
f 2128/2184/2127 3625/3799/3625 2948/3060/2948
f 2085/2140/2086 189/190/190 4724/5071/4724
f 4833/5200/4833 3588/3757/3586 4686/5026/4685
f 2855/2955/2855 1822/1868/1822 1880/2953/1881
f 2434/2501/2434 959/977/960 957/972/955
f 1929/1977/1929 959/1976/960 2434/4973/2434
f 3909/4120/3910 2754/2846/2754 1910/1957/1910
f 3936/4151/3937 3938/4150/3936 4562/4875/4563
f 1951/2003/1952 1950/2002/1951 4015/4239/4015
f 4835/5201/4834 2669/2751/2668 4834/5202/4835
f 4836/5203/4836 2224/2282/2224 4366/4653/4366
f 572/578/573 1558/1593/1558 685/692/686
f 2982/5204/2983 1786/1831/1787 4346/5148/4346
f 4837/5205/4837 4541/4850/4541 4648/4981/4647
f 1130/1151/1130 4451/4749/4451 1131/1152/1131
f 1991/2043/1992 2109/2166/2110 2108/2165/2109
f 3343/3487/3341 4671/5012/4672 3341/3488/3342
f 4690/5032/4690 1645/1680/1643 992/1010/992
f 1463/1496/1464 2000/2049/1998 3996/4218/3997
f 3379/3532/3379 2053/2107/2054 4229/4487/4227
f 2090/2144/2090 3120/5033/3121 4016/4241/4017
f 2053/2107/2054 1206/1229/1207 4838/5206/4838
f 3860/4066/3858 3398/3553/3399 2622/2700/2622
f 1659/1697/1660 1658/1696/1659 1656/1694/1657
f 3860/4066/3858 3859/4068/3860 2683/2764/2681
f 4741/5090/4742 4733/5081/4733 4742/5088/4740
f 430/433/431 1365/1390/1363 431/431/429
f 4392/4680/4392 4571/4885/4571 3709/3890/3709
f 175/173/173 3816/4018/3816 3917/4127/3917
f 3848/4052/3847 3896/4103/3895 3509/3671/3509
f 1105/1123/1103 1104/1125/1105 4649/4983/4649
f 4839/5207/4839 4528/4837/4529 4527/4836/4528
f 4121/4362/4121 2909/3017/2910 2911/3016/2909
f 4366/4653/4366 1176/1198/1177 3555/3722/3555
f 3944/4158/3944 4840/5208/4840 4598/4918/4598
f 4136/4379/4136 4137/4381/4137 1122/1143/1123
f 1934/1981/1933 1049/1068/1050 2397/2461/2397
f 3652/3828/3652 3046/3159/3044 4756/5107/4756
f 3620/3793/3620 713/721/714 1921/1968/1921
f 1870/1918/1871 3652/3828/3652 4756/5107/4756
f 2028/2079/2026 3194/4917/3192 2029/2082/2029
f 1355/1381/1355 1799/1843/1798 958/976/959
f 3850/4054/3849 443/443/441 4498/4803/4498
f 23/24/24 3420/3577/3420 4165/4418/4165
f 4751/5101/4751 3386/3539/3386 2614/5003/2614
f 2429/2496/2430 4841/5209/4841 1519/1552/1517
f 1932/1980/1932 1372/1401/1373 3461/3619/3460
f 815/827/816 814/826/815 90/91/91
f 2378/2442/2378 3487/3648/3487 1676/1716/1676
f 4843/5210/4842 4842/5211/4843 4707/5051/4707
f 2013/2065/2014 2015/2064/2013 3704/3884/3705
f 4023/4250/4024 4586/4903/4586 4844/5212/4844
f 2068/2122/2069 3937/4152/3938 4374/4662/4375
f 3018/4291/3018 1253/1275/1251 1252/1277/1253
f 2525/2600/2526 2527/2599/2525 1307/1331/1305
f 3874/4082/3874 3421/3579/3422 3262/3403/3263
f 4846/5213/4845 4845/5214/4846 4264/4532/4264
f 3392/3546/3392 4513/4820/4513 2026/2080/2027
f 2768/2861/2769 4408/4698/4408 2805/2900/2805
f 1099/1119/1099 1321/1441/1322 4535/4844/4535
f 2345/2406/2343 4424/4716/4423 2343/2407/2344
f 2627/2707/2628 201/202/202 1769/1812/1768
f 3860/4066/3858 2683/2764/2681 3574/3745/3574
f 1234/1257/1235 2234/2294/2234 4357/4643/4357
f 1465/1497/1465 2037/2091/2038 1466/1498/1466
f 2636/2716/2636 2132/5215/2130 1373/1399/1371
f 1086/1104/1086 2389/2451/2387 1102/1120/1100
f 444/447/445 1461/1493/1461 2847/2946/2847
f 3893/4100/3892 808/817/806 4183/4440/4184
f 1039/1058/1040 1041/1057/1039 4275/4545/4275
f 4048/4275/4048 3867/4074/3866 4301/4576/4301
f 3807/4009/3807 4269/4538/4269 1532/1565/1530
f 4611/4934/4612 313/312/311 312/314/313
f 3618/3792/3619 3617/3791/3618 2584/2660/2582
f 4403/4692/4403 537/543/538 4176/4432/4177
f 3549/3716/3550 2999/3114/3000 3550/3714/3548
f 3549/3716/3550 3699/3879/3700 2999/3114/3000
f 3473/3632/3473 1555/1591/1556 2379/2443/2379
f 1222/1245/1223 2668/2752/2669 1223/1246/1224
f 3584/3756/3585 665/672/666 3742/3929/3741
f 4449/4747/4449 930/944/928 3126/3247/3125
f 2299/2362/2300 2096/2148/2094 2519/2594/2520
f 1768/1813/1769 2097/2151/2097 3855/4064/3856
f 2681/2765/2682 3949/4163/3949 2682/2766/2683
f 2983/3095/2982 2801/2895/2800 714/722/715
f 2201/2260/2202 3418/4372/3418 2196/2252/2194
f 2344/2408/2345 2343/2407/2344 364/366/365
f 3292/3435/3292 4763/5114/4763 4117/4357/4117
f 2054/2106/2053 2144/2202/2144 4336/4618/4336
f 1888/1935/1888 4275/4545/4275 2530/2603/2529
f 97/95/95 4186/4442/4186 95/96/96
f 306/308/307 3641/3817/3641 526/531/526
f 3647/3824/3648 1891/1936/1889 3650/3826/3650
f 798/810/799 633/637/631 799/811/800
f 3719/3898/3717 301/300/299 4847/5216/4847
f 1872/1917/1870 3652/3828/3652 1870/1918/1871
f 3398/3553/3399 928/945/929 2623/2701/2623
f 1871/1919/1872 2849/2949/2850 1872/1917/1870
f 4730/5079/4731 3809/4011/3809 1082/1101/1083
f 4040/4267/4040 154/155/155 3611/3783/3611
f 368/3926/369 4444/4742/4444 2868/2969/2869
f 1851/1899/1852 4227/4488/4228 4367/4654/4367
f 1925/1973/1926 2188/2245/2187 4045/4271/4044
f 4315/4591/4315 2265/2325/2265 2891/2995/2891
f 4024/4249/4023 4023/4250/4024 606/613/607
f 1075/1092/1074 4371/4657/4370 1760/1804/1760
f 4496/4801/4496 2589/2667/2589 4550/4860/4550
f 1587/1622/1587 3952/4166/3952 1215/1235/1213
f 2123/2179/2123 3655/3832/3656 4187/4443/4187
f 2138/2196/2138 3611/3783/3611 2141/2199/2141
f 1497/1531/1496 1496/1532/1497 2855/2955/2855
f 4839/5207/4839 4775/5132/4776 4774/5131/4775
f 150/148/148 1401/1429/1399 1400/1431/1401
f 1521/1555/1520 2895/3002/2895 2894/3001/2894
f 180/181/181 2253/2313/2253 211/209/209
f 4849/5217/4848 4848/5218/4849 4596/4915/4596
f 1673/1713/1674 1672/1712/1673 97/95/95
f 4694/5037/4694 604/611/605 2255/2314/2254
f 274/275/274 2115/2172/2116 2937/3049/2937
f 3857/4065/3857 616/623/617 2484/2556/2483
f 4851/5219/4850 4375/4661/4374 4850/5220/4851
f 2256/2317/2257 2148/2204/2146 1872/1917/1870
f 2609/3585/2609 3428/3587/3428 4327/4607/4327
f 3052/3168/3053 220/218/218 219/220/220
f 3566/3736/3567 4145/4393/4145 3567/3734/3565
f 269/268/267 4661/4996/4661 4492/4797/4493
f 3403/3558/3403 222/221/221 1847/1893/1846
f 4853/5221/4852 2931/3043/2932 4852/5222/4853
f 2921/3030/2922 3593/3764/3593 2922/3031/2923
f 3204/3338/3204 432/434/432 1164/1186/1165
f 2361/2424/2361 366/365/364 843/858/844
f 1670/1707/1670 4657/4992/4657 257/259/258
f 770/5223/771 772/784/770 774/783/773
f 25/26/26 3603/3775/3603 26/27/27
f 1406/1437/1407 3409/3565/3409 3744/3932/3744
f 4085/4319/4085 4854/5224/4854 4341/4626/4342
f 4855/5225/4855 3926/4137/3926 3145/3270/3145
f 4856/5226/4856 488/490/486 1085/1103/1085
f 932/5227/932 1063/1082/1064 1759/1803/1759
f 2497/2568/2495 2052/2103/2050 2834/2934/2835
f 2342/2405/2342 4219/4478/4219 2335/2399/2336
f 4857/5228/4857 4197/4453/4196 2215/2273/2215
f 1580/1616/1581 1579/1615/1580 2137/2195/2137
f 2279/2341/2280 3668/3842/3666 2278/2337/2276
f 1859/1907/1860 3122/3243/3122 2700/2788/2701
f 3387/3541/3387 994/1013/995 1370/1398/1370
f 3093/3211/3093 2599/2678/2600 2600/2677/2599
f 4468/4767/4468 3193/4541/3194 3408/3562/3407
f 2384/2448/2384 2914/3022/2915 1310/1334/1308
f 1875/1920/1873 1874/1922/1875 1996/2048/1997
f 2539/2613/2539 2306/2369/2307 2534/2608/2534
f 336/335/334 2633/2713/2634 698/702/696
f 3552/3720/3553 336/335/334 698/702/696
f 1431/1461/1429 4858/5229/4858 3831/4036/3831
f 2366/2428/2365 3239/5230/3239 1265/1287/1263
f 590/595/589 3656/3833/3657 4859/5231/4859
f 4861/5232/4860 4860/5233/4861 4572/4887/4573
f 4164/4416/4163 4285/4560/4285 4163/4417/4164
f 3209/3344/3209 1556/1592/1557 3779/3970/3779
f 1170/1192/1171 3477/3637/3477 1171/1193/1172
f 4862/5234/4862 2779/2873/2780 2778/2872/2779
f 655/662/656 993/1011/993 656/663/657
f 1910/1957/1910 1410/1440/1410 1099/1119/1099
f 925/942/926 4554/4866/4554 926/943/927
f 4643/4978/4644 2111/2167/2111 4644/4977/4643
f 4700/5044/4700 658/665/659 191/192/192
f 1868/1914/1867 289/291/290 1866/1913/1866
f 2514/2589/2515 3241/3379/3240 3240/3380/3241
f 2514/2589/2515 3240/3380/3241 393/395/394
f 4389/4675/4387 185/186/186 1444/1476/1444
f 4598/4918/4598 4840/5208/4840 145/146/146
f 3539/3704/3540 1814/1861/1815 1816/1860/1814
f 2175/2233/2175 3667/4216/3668 2176/2234/2176
f 4863/5235/4863 2817/2917/2818 2660/2744/2661
f 576/582/577 4586/4903/4586 577/583/578
f 1565/4411/1566 3504/3665/3503 3400/3555/3400
f 3678/3855/3676 3139/3262/3138 3676/3856/3677
f 4864/5236/4864 3155/3283/3156 131/132/132
f 4550/4860/4550 2588/2664/2586 1255/1280/1256
f 3273/3411/3271 3272/3413/3273 4630/4960/4631
f 4147/4397/4148 1449/1482/1450 3527/3692/3528
f 4790/5152/4790 4212/4470/4211 2958/3071/2959
f 2763/2854/2762 1909/1956/1909 1826/1871/1825
f 2607/2684/2606 1420/1449/1418 25/26/26
f 980/1764/978 1364/1392/1365 1721/1765/1721
f 1519/1552/1517 1518/1554/1519 4725/5072/4725
f 2836/2933/2834 2497/2568/2495 2834/2934/2835
f 1670/1707/1670 2673/2756/2673 1297/1324/1298
f 1942/1993/1942 787/799/788 789/798/787
f 141/139/139 912/927/913 3699/3879/3700
f 4307/4581/4306 3796/3993/3797 4306/4582/4307
f 105/106/106 4556/4867/4555 948/965/949
f 741/749/742 740/748/741 4831/5197/4830
f 1581/1614/1579 429/432/430 1579/1615/1580
f 598/605/599 1895/1941/1894 2990/3103/2990
f 4865/5237/4865 4572/4887/4573 4860/5233/4861
f 4431/4725/4432 4866/5238/4866 4432/4723/4430
f 1608/1644/1609 3419/3575/3419 773/785/774
f 3546/3712/3546 2707/2795/2707 2100/2154/2100
f 2683/2764/2681 3571/3743/3572 2681/2765/2682
f 367/5239/368 2988/3101/2988 368/3926/369
f 4867/5240/4867 4364/4652/4365 2153/2212/2154
f 768/779/769 2806/2901/2806 4768/5122/4768
f 755/762/753 3683/3862/3683 976/995/977
f 4191/4447/4191 3608/3778/3606 3607/3780/3608
f 399/401/400 1538/3420/1536 1539/4894/1539
f 3936/4151/3937 1378/1406/1378 2904/3011/2904
f 1681/1722/1682 4844/5212/4844 4586/4903/4586
f 1371/1400/1372 3461/3619/3460 1372/1401/1373
f 4547/4856/4547 4763/5114/4763 2227/2288/2228
f 2699/2785/2698 4119/4361/4120 4723/5241/4723
f 3176/3304/3175 4119/4361/4120 2699/2785/2698
f 2204/2263/2205 2647/2727/2646 3319/3466/3320
f 1765/5242/1766 1710/1752/1710 2889/2993/2889
f 2069/2123/2070 3843/4049/3844 8/9/9
f 3084/3201/3083 3083/3202/3084 4825/5191/4825
f 2291/2353/2291 2643/2725/2644 2450/2521/2451
f 2450/2521/2451 2643/2725/2644 2451/2519/2449
f 4098/4332/4096 4097/4334/4098 3713/3894/3713
f 1941/1992/1941 3815/4017/3815 2775/2868/2775
f 4746/5097/4747 4745/5096/4746 4310/4583/4308
f 4360/4644/4358 1776/1821/1777 1326/1353/1327
f 1265/1287/1263 1264/1289/1265 4868/5243/4868
f 252/251/250 511/514/509 250/252/251
f 4549/4859/4549 16/17/17 3244/3383/3244
f 3167/5115/3168 2745/2838/2746 4764/5116/4764
f 805/814/803 346/345/344 4296/4571/4296
f 1212/1232/1210 2076/2131/2077 1210/1233/1211
f 289/291/290 4105/4342/4105 839/852/839
f 1249/4292/1250 3018/4291/3018 2980/5244/2981
f 1982/2034/1983 2649/2730/2649 1492/1525/1493
f 4655/4990/4655 4680/5020/4680 4047/4274/4047
f 955/973/956 2318/2380/2318 2327/2391/2328
f 4773/5128/4773 2774/2867/2774 1438/1469/1437
f 4598/4918/4598 2218/2276/2218 604/611/605
f 3147/3272/3147 1441/1471/1439 1937/1986/1937
f 1453/1483/1451 1513/1547/1512 4241/4508/4241
f 338/340/339 4869/5245/4869 3025/3307/3025
f 2444/4649/2445 892/907/893 3297/5246/3296
f 658/665/659 660/664/658 4870/5247/4870
f 4422/4715/4422 1887/1933/1886 623/627/621
f 192/193/193 658/665/659 4870/5247/4870
f 4177/4431/4176 4333/4616/4334 4871/5248/4871
f 398/400/399 400/399/398 2174/2232/2174
f 3573/3744/3573 1029/1048/1030 3819/4020/3818
f 1341/1368/1342 2610/2688/2610 2531/3959/2531
f 4034/4261/4034 600/5249/601 3249/3388/3249
f 2776/2869/2776 2649/2730/2649 2837/2936/2837
f 2356/2420/2357 1906/1952/1905 4655/4990/4655
f 4722/5069/4722 3365/3517/3365 4617/4941/4617
f 4630/4960/4631 3272/3413/3273 4872/5250/4872
f 98/99/99 4873/5251/4873 4874/5252/4874
f 4874/5252/4874 4683/5024/4683 4875/5253/4875
f 813/822/811 812/824/813 3928/4140/3929
f 1165/1187/1166 1164/1186/1165 432/434/432
f 4830/5198/4831 3957/4172/3958 3959/4171/3957
f 754/764/755 859/873/859 856/871/857
f 4873/5251/4873 4683/5024/4683 4874/5252/4874
f 4092/4328/4092 4039/4266/4039 4876/5254/4876
f 2584/2660/2582 4013/4236/4012 4877/5255/4877
f 4039/4266/4039 4684/5025/4684 4876/5254/4876
f 2251/2312/2252 4123/4364/4123 464/464/462
f 2647/2727/2646 3661/3837/3661 3319/3466/3320
f 1188/1208/1186 3415/5256/3416 3414/5147/3415
f 4456/4754/4456 3777/3968/3777 1963/2013/1962
f 2960/3073/2961 3014/3127/3013 2516/2590/2516
f 2695/2780/2696 656/663/657 2400/2464/2400
f 3075/3191/3074 4235/4502/4235 3074/3192/3075
f 1935/1983/1935 2242/2303/2243 623/627/621
f 2312/2374/2312 4128/4369/4128 2060/2114/2061
f 3917/4127/3917 3649/3823/3647 3648/3825/3649
f 2982/3096/2983 2345/2406/2343 2800/2896/2801
f 4719/5065/4718 4878/5257/4878 742/747/740
f 4879/5258/4879 2522/2597/2523 2524/2596/2522
f 3695/3873/3694 3677/3857/3678 3676/3856/3677
f 4878/5257/4878 4880/5259/4880 4630/4960/4631
f 974/992/974 2423/2490/2424 1970/2020/1969
f 2260/2320/2260 4643/4978/4644 4595/4913/4594
f 2212/2271/2213 2823/2923/2824 4698/5042/4698
f 3794/3990/3794 2905/3012/2905 2621/2699/2621
f 4881/5260/4881 1989/2038/1987 4368/4655/4368
f 4882/5261/4882 3441/3599/3440 3895/4104/3896
f 1036/1055/1037 1056/1074/1056 319/318/317
f 1038/1054/1036 1056/1074/1056 1036/1055/1037
f 2611/2689/2611 1616/1652/1617 1764/1809/1765
f 2263/2324/2264 3885/4093/3885 2264/2322/2262
f 3921/4132/3921 4195/4452/4195 3238/3375/3236
f 4484/4788/4484 4623/4952/4624 2816/2916/2817
f 1843/1890/1843 1884/1931/1884 1883/1930/1883
f 682/689/683 2732/2824/2732 683/690/684
f 3100/3219/3101 4129/4370/4129 3423/3578/3421
f 622/629/623 2413/2477/2413 2146/3140/2147
f 352/3888/350 351/4408/352 1688/1729/1688
f 1814/1861/1815 1748/1793/1749 4534/4843/4534
f 72/70/70 71/72/72 772/780/770
f 3104/3222/3104 1913/1961/1914 228/5262/226
f 40/41/41 3358/3508/3357 3577/3748/3577
f 40/41/41 3357/3509/3358 3358/3508/3357
f 2308/2370/2308 1520/1556/1521 2310/2372/2310
f 3558/3725/3558 41/42/42 40/41/41
f 2083/2137/2083 2084/2138/2084 3930/4141/3930
f 3930/4141/3930 2084/2138/2084 3973/4191/3974
f 3613/3786/3614 4883/5263/4883 4884/5264/4884
f 2372/2435/2371 3253/3392/3253 2371/2436/2372
f 101/102/102 780/789/778 4240/4507/4240
f 4240/4507/4240 102/103/103 101/102/102
f 2491/2564/2491 2486/2560/2487 2488/2559/2486
f 4193/4449/4193 1735/1777/1733 2608/2686/2608
f 1998/2050/1999 3498/3976/3498 3784/3975/3784
f 3612/3785/3613 4883/5263/4883 3613/3786/3614
f 2410/2473/2409 2409/2474/2410 2223/2280/2222
f 2861/2961/2861 3199/3333/3200 2862/2962/2862
f 4757/5108/4757 3942/4157/3943 4555/4868/4556
f 2733/2825/2733 4800/5163/4800 2731/2821/2729
f 1851/1899/1852 4229/4487/4227 4228/4489/4229
f 3129/3251/3128 4885/5265/4885 3128/3252/3129
f 4784/5144/4785 4886/5266/4886 2051/2105/2052
f 4399/4689/4400 4887/5267/4887 4400/4690/4401
f 4400/4690/4401 4887/5267/4887 43/44/44
f 4674/5014/4674 3988/4207/3988 4500/4807/4501
f 4596/4915/4596 4848/5218/4849 4355/4640/4355
f 827/839/828 3910/4119/3909 828/840/829
f 770/4987/771 774/4282/773 4053/4281/4053
f 4791/5154/4791 1816/1860/1814 1554/1587/1552
f 1420/1449/1418 2606/2685/2607 1418/1450/1419
f 972/988/970 3801/3996/3800 970/989/971
f 2512/2585/2511 881/893/879 880/895/881
f 3344/3490/3344 2015/2064/2013 2869/2970/2870
f 2324/2387/2324 4460/4758/4460 781/793/782
f 4820/5186/4820 2422/2487/2421 378/377/376
f 1584/1617/1582 1583/1619/1584 1592/1628/1593
f 4282/4556/4282 3496/3657/3496 3293/3436/3293
f 4889/5268/4888 4846/5213/4845 4888/5269/4889
f 4846/5213/4845 4889/5268/4888 4845/5214/4846
f 3149/4035/3149 1961/2012/1961 1773/1818/1774
f 3805/4006/3805 1301/1326/1300 264/263/262
f 1299/1323/1297 264/263/262 1301/1326/1300
f 3268/3408/3268 927/941/925 4081/4315/4082
f 3345/3491/3345 3027/3143/3028 1682/1720/1680
f 3119/3238/3118 2304/2366/2304 4250/4518/4250
f 703/711/704 702/710/703 4890/5270/4890
f 1120/1141/1121 4891/5271/4891 4186/4442/4186
f 3128/3252/3129 3486/3646/3485 2045/2099/2046
f 2734/2827/2735 1474/1504/1472 4127/4368/4127
f 1540/1576/1541 3550/3714/3548 3553/3719/3552
f 1679/1717/1677 2202/2259/2201 3245/3384/3245
f 717/725/718 1474/1504/1472 2734/2827/2735
f 2133/2192/2134 4283/4558/4283 4670/5010/4670
f 4759/5110/4759 230/232/231 379/380/379
f 3050/3165/3050 2874/2977/2874 1430/1463/1431
f 785/978/786 1967/2019/1968 961/979/961
f 4892/5272/4892 4686/5026/4685 4685/5027/4686
f 44/45/45 4536/4845/4536 1437/1470/1438
f 436/439/437 3923/4133/3922 4014/4238/4014
f 2403/2465/2401 3323/3469/3323 1029/1048/1030
f 1295/1319/1293 1294/1321/1295 3882/4089/3881
f 680/687/681 3412/3568/3412 3873/4081/3873
f 4087/4321/4087 15/13/13 3663/3840/3664
f 3411/3567/3411 750/760/751 752/759/750
f 2038/2090/2037 1465/1497/1465 2441/2512/2442
f 569/575/570 2743/2836/2744 2742/2835/2743
f 1740/1783/1739 4893/5273/4893 2674/2757/2674
f 1740/1783/1739 4588/4906/4588 4893/5273/4893
f 4329/4608/4328 1408/1438/1408 4319/4597/4319
f 4389/4675/4387 4388/4677/4389 185/186/186
f 893/906/892 1119/1137/1117 892/907/893
f 3607/3780/3608 4465/4762/4463 4464/4764/4465
f 1814/1861/1815 3111/3228/3109 1815/1862/1816
f 3788/3983/3789 2309/5274/2309 4131/4373/4131
f 4693/5036/4693 4326/4605/4325 4325/4606/4326
f 1491/1524/1492 1493/1523/1491 2738/5275/2737
f 3823/4025/3822 15/13/13 14/15/15
f 1584/1617/1582 1592/1628/1593 1594/1627/1592
f 822/831/820 821/833/822 1690/1732/1691
f 1235/1256/1234 4357/4643/4357 3022/5276/3023
f 1547/1583/1548 3523/3686/3523 1319/1343/1317
f 962/3107/962 2737/2830/2738 1257/1281/1257
f 4187/4443/4187 3655/3832/3656 619/626/620
f 4258/4526/4258 684/688/682 683/690/684
f 2972/4062/2972 4894/5277/4894 2147/2206/2148
f 2494/2567/2494 2487/2561/2488 2486/2560/2487
f 4790/5152/4790 4208/4465/4207 4212/4470/4211
f 2420/4451/2419 3841/5278/3841 4194/4450/4194
f 1407/1435/1405 3013/3128/3014 4321/4600/4321
f 3494/3655/3494 2600/2677/2599 1980/2031/1980
f 3977/4193/3976 3978/4195/3978 1021/1040/1022
f 4402/4691/4402 4871/5248/4871 4333/4616/4334
f 2229/2290/2230 188/189/189 190/188/188
f 3339/3486/3340 3340/3485/3339 4118/4358/4118
f 4669/5009/4669 4619/4943/4619 3342/3489/3343
f 4199/4455/4198 4198/4456/4199 4716/5063/4716
f 4389/4675/4387 4687/5028/4687 4387/4676/4388
f 625/632/626 627/634/628 629/633/627
f 4330/4612/4331 3031/3146/3031 267/269/268
f 187/185/185 2503/2576/2503 1444/1476/1444
f 3654/3830/3654 4785/5143/4784 1853/1898/1851
f 1296/1322/1296 425/425/423 2473/2544/2472
f 4162/4413/4160 4885/5265/4885 4160/4414/4161
f 1437/1470/1438 2091/2146/2092 4773/5128/4773
f 3249/3528/3249 2888/2990/2887 219/2992/220
f 4646/4979/4645 278/280/279 741/749/742
f 927/941/925 3952/4166/3952 4082/4314/4081
f 3952/4166/3952 1587/1622/1587 4082/4314/4081
f 2779/2873/2780 4862/5234/4862 2570/2647/2569
f 492/497/492 491/496/489 2274/2336/2275
f 2790/2884/2790 4267/4536/4267 4103/5279/4103
f 2212/2271/2213 4406/4696/4406 2824/2922/2823
f 1321/1348/1322 2547/2622/2547 1322/1346/1320
f 733/741/734 2155/2214/2156 2156/2213/2155
f 4123/4364/4123 462/465/463 464/464/462
f 2018/2067/2016 4163/4417/4164 2639/2721/2640
f 1030/1047/1029 3001/3115/3001 1029/1048/1030
f 2661/2745/2662 4455/4753/4455 4720/5067/4720
f 207/208/208 2529/2604/2530 208/206/206
f 1431/1461/1429 2223/2280/2222 3166/3291/3164
f 3940/4155/3941 1562/1598/1563 1564/1597/1562
f 2886/2987/2884 3131/3253/3130 4706/5050/4706
f 1917/1962/1915 689/1875/687 1829/1874/1828
f 2228/2287/2227 2227/2288/2228 2107/2162/2106
f 4230/4491/4231 3950/4165/3951 29/30/30
f 1486/1519/1487 2675/2759/2676 1487/1517/1485
f 1045/1063/1045 4139/4382/4138 4138/4383/4139
f 4630/4960/4631 4872/5250/4872 4895/5280/4895
f 611/615/609 4594/4914/4595 3568/3739/3569
f 447/450/448 449/449/447 4239/4506/4239
f 1907/1954/1907 3075/3191/3074 2815/3193/2815
f 3568/3739/3569 609/616/610 611/615/609
f 247/249/248 1993/2044/1993 248/250/249
f 4590/4909/4590 4728/5074/4727 4507/4814/4507
f 3568/3739/3569 3363/3515/3363 609/616/610
f 61/62/62 2467/5281/2466 1964/2016/1965
f 3174/3300/3172 4416/4708/4416 4011/4234/4010
f 4829/5196/4829 4604/4925/4605 1413/1442/1411
f 3842/4048/3843 4095/4331/4095 4660/4995/4660
f 2151/2207/2149 1724/1768/1724 518/524/519
f 2501/2572/2499 1204/1224/1202 700/708/701
f 1204/1224/1202 2056/2108/2055 700/708/701
f 3117/3236/3116 1858/1903/1856 3118/3239/3119
f 2723/2813/2723 1480/1510/1478 1481/1513/1481
f 1039/1058/1040 3413/3569/3413 1511/1544/1509
f 1750/1792/1748 3495/3656/3495 1748/1793/1749
f 2958/3071/2959 2957/3070/2958 4896/5282/4896
f 3057/3173/3058 4145/4393/4145 3566/3736/3567
f 471/471/469 4656/4991/4656 469/472/470
f 2564/2642/2564 3743/3931/3743 2694/2779/2695
f 412/415/413 940/957/941 3445/3604/3445
f 2040/2094/2041 1491/1524/1492 2738/5275/2737
f 4666/5001/4665 828/840/829 3909/4120/3910
f 2946/3059/2947 3354/3506/3355 4537/4846/4537
f 463/466/464 1247/1269/1245 1246/1271/1247
f 3208/4857/3208 3973/4191/3974 3972/4190/3973
f 2682/2766/2683 3399/3552/3398 3574/3745/3574
f 4796/5160/4797 2691/2774/2691 4797/5161/4798
f 4455/4753/4455 2494/2567/2494 3911/4121/3911
f 1317/1344/1318 1319/1343/1317 1311/1338/1312
f 4463/4763/4464 4821/5187/4821 2932/3044/2933
f 4239/4506/4239 4316/4592/4316 447/450/448
f 2506/2581/2507 2507/2580/2506 883/898/884
f 4612/4933/4611 312/314/313 3797/3991/3795
f 3776/3967/3776 4296/4571/4296 2297/2359/2297
f 3776/3967/3776 2297/2359/2297 2296/2358/2296
f 3066/3182/3067 1599/1635/1600 3562/3730/3563
f 1302/1329/1303 1723/3903/1723 2383/2447/2383
f 3553/3719/3552 334/336/335 3552/3720/3553
f 3741/3930/3742 694/701/695 4485/4789/4485
f 4039/4266/4039 2489/2562/2489 4684/5025/4684
f 2489/2562/2489 4856/5226/4856 4684/5025/4684
f 4461/4759/4461 4010/4235/4011 4892/5272/4892
f 3885/4093/3885 2263/2324/2264 1424/1457/1425
f 4055/4285/4056 4495/4800/4495 4597/4916/4597
f 1742/1785/1741 1741/1786/1742 2098/2152/2098
f 4437/4731/4437 4897/5283/4897 4438/4732/4438
f 233/235/234 4879/5258/4879 2524/2596/2522
f 3959/4171/3957 3958/4173/3959 4674/5014/4674
f 4676/5016/4676 2051/2105/2052 4886/5266/4886
f 4898/5284/4898 4856/5226/4856 2489/2562/2489
f 2756/2849/2757 3084/3201/3083 3601/3771/3599
f 3455/3889/3455 3196/3329/3196 308/310/309
f 4341/4626/4342 4781/5137/4781 4342/4627/4343
f 3494/3655/3494 1980/2031/1980 2135/2191/2133
f 1976/2028/1977 2755/2848/2756 4584/4901/4584
f 2196/3250/2194 1875/1920/1873 2194/2522/2195
f 3767/3956/3767 1915/1963/1916 1061/1080/1062
f 2787/2882/2788 4656/4991/4656 3990/4210/3990
f 4826/5192/4826 791/802/791 4779/5135/4779
f 4308/4584/4309 4507/4814/4507 4471/4769/4470
f 1776/1821/1777 4360/4644/4358 2773/2864/2771
f 2773/2864/2771 4360/4644/4358 4359/4646/4360
f 4094/4330/4094 1941/1992/1941 1811/1855/1809
f 2555/2632/2555 4120/4359/4119 4119/4361/4120
f 4819/5185/4819 1464/1494/1462 1463/1496/1464
f 4899/5285/4899 3951/4164/3950 4617/4941/4617
f 3162/3290/3163 2339/2403/2340 2341/2402/2339
f 2459/2528/2457 2458/2530/2459 2623/2701/2623
f 4198/4456/4199 3876/4085/3877 4900/5286/4900
f 4804/5168/4804 303/305/304 302/304/303
f 1489/1522/1490 2913/3020/2913 4318/4596/4318
f 4563/4874/4562 2741/2831/2739 2522/2597/2523
f 1458/1490/1458 775/787/776 777/786/775
f 3932/4147/3933 4203/4461/4203 3933/4145/3931
f 1958/2009/1958 1959/2010/1959 467/467/465
f 313/312/311 2866/2967/2867 311/313/312
f 1187/1210/1188 1360/4144/1361 1188/1208/1186
f 1984/2036/1985 1986/2035/1984 4358/4645/4359
f 2826/2926/2827 45/43/43 2827/2927/2828
f 1552/1588/1553 3110/3230/3111 3867/4074/3866
f 2662/2743/2660 4720/5067/4720 4788/5149/4788
f 2478/2550/2478 1288/1310/1286 1287/1312/1288
f 4162/4413/4160 4861/5232/4860 4150/4399/4150
f 1885/1932/1885 1551/1584/1549 1550/1586/1551
f 1467/1500/1468 2296/2358/2296 3218/3354/3218
f 4312/4586/4311 4373/4659/4372 4372/4660/4373
f 1278/1302/1278 2251/2312/2252 722/730/723
f 4121/4362/4121 2911/3016/2909 3250/3390/3251
f 4321/4600/4321 4111/4350/4111 1407/1435/1405
f 1882/1929/1882 862/874/860 943/960/944
f 4006/4230/4007 3489/3651/3490 4281/4555/4281
f 2256/2317/2257 2146/2205/2147 2148/2204/2146
f 1408/1438/1408 4901/5287/4901 3070/3186/3071
f 4796/5160/4797 4839/5207/4839 144/142/142
f 3634/3809/3634 75/73/73 74/75/75
f 3938/4150/3936 3937/4152/3938 2068/2122/2069
f 2626/2705/2626 3478/3639/3478 1289/1313/1289
f 635/642/636 2039/2092/2039 636/640/634
f 4216/4475/4216 3438/3598/3439 4477/4781/4478
f 262/264/263 264/263/262 1299/1323/1297
f 2470/2542/2470 1550/1586/1551 4088/4323/4088
f 624/631/625 626/630/624 4020/4245/4020
f 104/105/105 4757/5108/4757 4556/4867/4555
f 3927/4138/3927 554/560/555 3840/4045/3840
f 4828/5194/4828 3926/4137/3926 4415/4706/4414
f 2060/2114/2061 4181/4436/4181 1153/1172/1151
f 1825/1872/1826 985/1004/986 1827/1873/1827
f 4848/5218/4849 4491/4795/4491 4902/5288/4902
f 3743/3931/3743 657/661/655 656/663/657
f 3517/3680/3517 356/358/357 2685/2768/2685
f 3988/4207/3988 3059/3174/3059 1745/1790/1746
f 1962/2014/1963 196/194/194 195/196/196
f 4836/5203/4836 4366/4653/4366 3602/3774/3602
f 4635/4967/4635 2665/2747/2664 963/982/964
f 3621/3795/3622 1238/1261/1239 1240/1260/1238
f 2907/3013/2906 2906/3014/2907 507/513/508
f 4293/4568/4293 3202/3337/3203 2105/2159/2103
f 2907/3013/2906 507/513/508 4132/4374/4132
f 292/294/293 3257/3396/3257 4903/5289/4903
f 2121/2178/2122 4446/4744/4446 4904/5290/4904
f 3913/4122/3912 402/404/403 2993/3105/2992
f 2109/2166/2110 1990/2042/1991 2110/2164/2108
f 969/985/967 1445/1477/1445 2613/2691/2613
f 1185/1207/1185 468/470/468 465/468/466
f 4905/5291/4905 4843/5210/4842 4726/5073/4726
f 1154/1175/1154 3616/3788/3616 471/471/469
f 4884/5264/4884 1153/1172/1151 1152/1174/1153
f 272/488/270 1578/1612/1577 270/4345/271
f 2383/2447/2383 2914/3022/2915 2384/2448/2384
f 3920/4131/3920 1678/1719/1679 1677/1718/1678
f 2007/2059/2008 4353/4638/4353 3672/3849/3672
f 1521/1555/1520 241/243/242 515/521/516
f 4742/5088/4740 4906/5292/4906 2046/2100/2047
f 3231/3371/3232 652/659/653 4610/4932/4610
f 4474/4775/4474 4076/5117/4077 1418/1450/1419
f 3107/3226/3107 2993/3105/2992 2038/2090/2037
f 2993/3105/2992 2117/2173/2117 2038/2090/2037
f 2245/2306/2246 714/722/715 944/961/945
f 1302/1329/1303 3078/3196/3078 594/601/595
f 2642/2722/2641 614/5151/612 4130/5293/4130
f 4320/4599/4320 2509/2584/2510 4609/4931/4609
f 2495/2569/2496 3754/3943/3754 1205/1228/1206
f 4286/4561/4286 3861/4069/3861 4159/4410/4159
f 3065/3178/3063 4368/4655/4368 3063/3179/3064
f 2811/2908/2811 1635/1672/1635 3322/3468/3322
f 1123/1144/1124 4263/4531/4263 1587/1622/1587
f 3582/4786/3582 4713/5059/4713 4503/4809/4503
f 348/350/349 2893/3000/2893 874/889/875
f 4666/5001/4665 4665/5002/4666 4511/4817/4510
f 1468/1501/1469 1467/1500/1468 1466/1498/1466
f 4205/4463/4205 1136/1155/1134 563/569/564
f 807/819/808 4907/5294/4907 4891/5271/4891
f 2320/2383/2321 337/339/338 4089/4325/4089
f 2504/2577/2504 259/261/260 4317/4595/4317
f 2548/2624/2548 4601/4921/4601 1713/1757/1714
f 282/284/283 749/757/749 3534/3699/3535
f 3470/3627/3468 4167/4420/4167 4908/5295/4908
f 3580/3751/3580 1345/1369/1343 2593/2672/2594
f 1445/1477/1445 2964/3077/2965 1217/1240/1218
f 4149/4396/4147 4148/4398/4149 4270/4539/4270
f 1299/1323/1297 1300/1327/1301 919/933/917
f 693/700/694 4623/4952/4624 694/701/695
f 1767/1811/1767 2156/2213/2155 671/675/669
f 3450/3609/3450 4029/4256/4029 3451/3610/3451
f 50/51/51 4560/4872/4560 2619/2697/2619
f 3339/3486/3340 1577/1613/1578 3190/3320/3190
f 671/675/669 2156/2213/2155 1233/1253/1231
f 3410/3566/3410 835/847/836 837/846/835
f 4744/5094/4744 3140/3264/3140 2942/3054/2942
f 2942/3054/2942 3852/4058/3852 4744/5094/4744
f 4440/4734/4440 3069/3184/3069 1192/1215/1193
f 845/860/846 844/857/843 3475/3633/3474
f 4377/4665/4378 2335/2399/2336 4218/4477/4218
f 2656/2739/2656 2182/2238/2180 2181/2240/2182
f 4797/5161/4798 4347/4631/4347 3067/3181/3066
f 3983/4203/3984 4202/4460/4202 3437/3597/3438
f 1023/1039/1021 3753/3942/3753 1021/1040/1022
f 3658/3835/3659 3660/3834/3658 4909/5296/4909
f 10/11/11 3345/3491/3345 11/12/12
f 3318/3462/3316 3438/3598/3439 4216/4475/4216
f 4826/5192/4826 795/804/793 2259/2318/2258
f 1056/1074/1056 1843/1890/1843 317/319/318
f 4403/4692/4403 4910/5297/4910 537/543/538
f 4328/4609/4329 4329/4608/4328 3469/3629/3470
f 1385/1413/1385 4804/5168/4804 302/304/303
f 4911/5298/4911 1760/1804/1760 4371/4657/4370
f 4448/4746/4448 4575/4889/4575 4449/4747/4449
f 2271/2332/2272 4155/4403/4154 4435/4728/4435
f 3594/3765/3594 4682/5023/4682 712/717/710
f 1681/1722/1682 4384/4673/4385 4844/5212/4844
f 4896/5282/4896 4790/5152/4790 2958/3071/2959
f 4323/4603/4323 1758/1801/1757 4324/4604/4324
f 4166/4419/4166 4912/5299/4912 3567/3734/3565
f 4145/4393/4145 4144/4392/4144 4166/4419/4166
f 3567/3734/3565 4145/4393/4145 4166/4419/4166
f 3382/3535/3382 3116/3237/3117 3117/3236/3116
f 2834/2934/2835 2052/2103/2050 4523/4832/4524
f 1182/1204/1183 4262/4530/4262 3799/3995/3799
f 4674/5014/4674 4500/4807/4501 4499/4806/4500
f 2544/2619/2545 920/937/921 4398/4687/4398
f 4913/5300/4913 1725/1770/1726 3234/3373/3234
f 332/334/333 1162/1184/1163 333/332/331
f 2206/2262/2204 2205/2264/2206 2387/2452/2388
f 3514/3677/3515 4618/4942/4618 3953/4167/3953
f 3074/3192/3075 4235/4502/4235 3675/3853/3675
f 569/575/570 568/574/569 3216/3352/3216
f 3656/3833/3657 3655/3832/3656 2123/2179/2123
f 4860/5233/4861 3576/3747/3576 54/52/52
f 3370/3522/3370 4570/4884/4570 3014/3127/3013
f 3717/3899/3718 4383/4672/4384 1194/1217/1195
f 2234/2294/2234 3127/3249/3127 4357/4643/4357
f 2234/2294/2234 2885/2989/2886 3127/3249/3127
f 3740/3927/3740 1502/1538/1503 1629/1662/1627
f 444/447/445 2847/2946/2847 445/448/446
f 4285/4560/4285 4914/5301/4914 3929/4139/3928
f 4653/4989/4654 4758/5109/4758 3028/3141/3026
f 3879/4088/3880 3104/3458/3104 228/227/226
f 4116/4356/4116 2412/2476/2412 1379/1408/1380
f 3719/3898/3717 3718/3900/3719 301/300/299
f 4038/4265/4038 4915/5302/4915 2571/2649/2571
f 87/85/85 3871/5303/3871 1939/1988/1939
f 548/551/546 4818/5184/4818 4476/4779/4476
f 2131/2190/2132 3439/3596/3437 3318/3462/3316
f 2727/2816/2726 2998/3112/2998 1364/1392/1365
f 3830/4180/3830 3280/3421/3280 4526/4834/4526
f 3175/3305/3176 4615/4939/4615 285/287/286
f 2505/2578/2505 2504/2577/2504 3241/3379/3240
f 4475/4777/4475 4221/4481/4222 3542/3707/3542
f 3768/3958/3769 1974/2023/1972 1975/2027/1976
f 4184/4439/4183 4183/4440/4184 536/539/534
f 1324/1350/1324 2202/2259/2201 3680/3859/3680
f 849/861/847 848/863/849 4916/5304/4916
f 4672/5013/4673 4671/5012/4672 3343/3487/3341
f 3434/3592/3433 2488/2559/2486 4380/4668/4380
f 1284/1308/1284 3992/4212/3992 21/19/19
f 4624/4951/4623 4380/4668/4380 2488/2559/2486
f 2040/2094/2041 2062/2115/2062 2041/2093/2040
f 4273/4543/4273 3273/3411/3271 4631/4959/4630
f 3649/3823/3647 3917/4127/3917 3816/4018/3816
f 264/263/262 737/745/738 3805/4006/3805
f 4343/4625/4341 4342/4627/4343 4917/5305/4917
f 2391/2456/2392 4070/4303/4071 4809/5173/4809
f 173/174/174 3650/3826/3650 4787/5146/4787
f 723/729/722 722/730/723 2648/2729/2648
f 132/130/130 2206/2262/2204 2387/2452/2388
f 2467/2537/2466 3133/3257/3133 1965/2797/1966
f 1095/1111/1093 2441/2512/2442 1093/1112/1094
f 4895/5280/4895 2003/2054/2003 740/748/741
f 1965/2797/1966 3133/3257/3133 4261/4529/4261
f 4830/5198/4831 3959/4171/3957 4499/4806/4500
f 1926/1971/1924 2549/2626/2550 3999/4220/3999
f 4778/5134/4778 2549/2626/2550 1926/1971/1924
f 23/24/24 4165/4418/4165 1832/1880/1833
f 4646/4979/4645 4830/5198/4831 4803/5166/4802
f 3486/3646/3485 4740/5089/4741 4742/5088/4740
f 3150/3278/3151 900/915/901 826/836/825
f 3378/3529/3376 370/372/371 4516/4823/4516
f 2878/2982/2879 4625/4953/4625 4451/4749/4451
f 3448/3607/3448 539/542/537 4613/4935/4613
f 3448/3607/3448 4613/4935/4613 4772/5127/4772
f 684/688/682 4258/4526/4258 3327/3473/3327
f 3033/3147/3032 3032/3148/3033 4864/5236/4864
f 2556/2633/2556 3827/4032/3828 1613/1649/1614
f 4706/5050/4706 3141/3266/3141 2886/2987/2884
f 4002/4225/4002 291/293/292 293/292/291
f 3629/3805/3630 3567/3734/3565 3914/4124/3914
f 414/414/412 940/957/941 412/415/413
f 2311/2373/2311 4305/4580/4305 2884/2988/2885
f 3256/3393/3254 3994/4213/3993 3993/4214/3994
f 3702/3880/3701 4854/5224/4854 4085/4319/4085
f 1077/1096/1078 4815/5180/4815 1377/1405/1377
f 3086/3717/3087 1636/1673/1636 2811/2908/2811
f 4918/5306/4918 4201/5038/4201 2283/2345/2284
f 1646/1684/1647 1648/1683/1646 4512/4819/4512
f 2631/2710/2631 1353/1377/1351 1712/1756/1713
f 1085/1103/1085 487/492/488 3994/4213/3993
f 389/391/390 2380/2445/2381 2382/2444/2380
f 2590/2669/2591 4179/4433/4178 4178/4434/4179
f 1328/1354/1328 1327/1351/1325 2856/2957/2857
f 4443/4739/4443 3815/4017/3815 4094/4330/4094
f 3997/4217/3996 3996/4218/3997 748/753/746
f 503/509/504 505/508/503 1057/1075/1057
f 2814/2913/2814 2013/2065/2014 3704/3884/3705
f 4470/4770/4471 4919/5307/4919 4678/5019/4679
f 4678/5019/4679 3732/3918/3733 3733/3917/3732
f 3598/3768/3596 1315/1341/1315 1316/1342/1316
f 4778/5134/4778 3479/3641/3480 3772/3964/3773
f 1851/1899/1852 4228/4489/4229 4227/4488/4228
f 3858/4067/3859 2622/2700/2622 2750/2841/2749
f 3860/4066/3858 2622/2700/2622 3858/4067/3859
f 4176/4432/4177 4177/4431/4176 4871/5248/4871
f 2684/2767/2684 4020/4245/4020 605/609/603
f 831/843/832 1459/1491/1459 1797/1842/1797
f 2310/5165/2310 3788/3983/3789 1948/2000/1949
f 4812/5176/4812 4108/4348/4109 4272/4542/4272
f 146/147/147 2461/2531/2460 1001/1019/1001
f 2461/2531/2460 146/147/147 3775/3966/3775
f 650/657/651 649/656/650 762/770/761
f 1221/1241/1219 2274/2336/2275 2275/2335/2274
f 2898/3003/2896 3662/3838/3662 4528/4837/4529
f 3370/3522/3370 3013/3128/3014 2717/2808/2718
f 3428/3587/3428 3429/3588/3429 3902/4112/3902
f 4648/4981/4647 4647/4982/4648 825/837/826
f 1636/5308/1636 1314/1340/1314 1634/1670/1634
f 4492/4797/4493 4760/5111/4760 269/268/267
f 1080/1099/1081 1079/1098/1080 1727/1772/1728
f 495/501/496 4133/4375/4133 3803/4004/3803
f 3804/4005/3804 3803/4004/3803 4133/4375/4133
f 3177/3306/3177 144/142/142 4839/5207/4839
f 1884/1931/1884 1843/1890/1843 783/4968/781
f 3658/3835/3659 4786/5145/4786 3659/3836/3660
f 2003/2054/2003 4895/5280/4895 4872/5250/4872
f 529/535/530 2429/2496/2430 4725/5072/4725
f 3993/4214/3994 1270/1295/1271 3608/3778/3606
f 2149/2208/2150 520/523/518 1475/1508/1476
f 4489/4794/4490 3161/3286/3159 4391/4679/4391
f 542/545/540 541/547/542 3296/3440/3297
f 2995/3109/2995 3170/3299/3171 3169/3298/3170
f 3017/3129/3015 4548/4858/4548 3015/3130/3016
f 4559/4871/4559 4194/4450/4194 1690/5093/1691
f 443/443/441 1494/1526/1494 4498/4803/4498
f 3345/3491/3345 1682/1720/1680 4427/4720/4427
f 4248/4515/4248 397/396/395 4249/4516/4249
f 4493/4796/4492 4280/4551/4280 4244/4511/4244
f 2214/2272/2214 3076/3194/3076 4445/4743/4445
f 4503/4809/4503 4225/4484/4225 1078/4810/1076
f 1096/1114/1096 525/530/525 1903/1950/1903
f 3806/4007/3806 149/150/150 3636/3812/3637
f 4007/4228/4005 4006/4230/4007 4281/4555/4281
f 913/926/912 84/82/82 3543/3708/3543
f 4024/4249/4023 606/613/607 608/612/606
f 4024/4249/4023 608/612/606 1013/1032/1014
f 2213/2270/2212 2212/2271/2213 4302/4577/4302
f 3043/3157/3042 4155/4403/4154 3042/3158/3043
f 580/586/581 2845/2945/2846 1845/1891/1844
f 3181/3311/3181 3910/4119/3909 1391/1419/1391
f 1392/1421/1393 3351/3502/3351 1393/1422/1394
f 4019/4243/4018 3442/3602/3443 3444/3601/3442
f 1989/2038/1987 3619/3790/3617 37/38/38
f 2347/2411/2348 2348/2410/2347 4140/4384/4140
f 3425/3581/3424 4919/5307/4919 4470/4770/4471
f 1084/1100/1082 4731/5080/4732 1082/1101/1083
f 4538/4848/4539 2823/2923/2824 2908/3015/2908
f 3425/3581/3424 2672/2755/2672 4919/5307/4919
f 1282/1304/1280 1315/1341/1315 2411/5182/2411
f 2873/2976/2873 2433/2497/2431 3276/3417/3277
f 4907/5294/4907 2422/2487/2421 3233/3372/3233
f 3233/3372/3233 864/879/865 4907/5294/4907
f 3083/3202/3084 4236/4503/4236 2826/2926/2827
f 585/591/585 2555/2632/2555 4119/4361/4120
f 3751/3941/3752 3750/3940/3751 3844/4047/3842
f 4456/4754/4456 4568/4882/4568 3777/3968/3777
f 3983/4203/3984 4920/5309/4920 4202/4460/4202
f 2402/2467/2403 2493/2566/2493 2403/2465/2401
f 4000/4222/4000 4540/4849/4540 4001/4223/4001
f 51/49/49 928/945/929 3398/3553/3399
f 51/49/49 2619/2697/2619 928/945/929
f 108/109/109 107/108/108 4084/4318/4084
f 2889/2993/2889 1791/1835/1791 2997/3111/2997
f 4753/5104/4753 4483/4787/4483 4921/5310/4921
f 4503/4809/4503 4713/5059/4713 4225/4484/4225
f 4873/5251/4873 100/98/98 3891/4099/3891
f 2236/2295/2235 1729/1774/1730 3457/3616/3457
f 3586/3758/3587 4864/5236/4864 131/132/132
f 3934/4148/3934 4793/5156/4793 3760/3950/3761
f 3527/3692/3528 3861/4069/3861 4922/5311/4922
f 2160/2219/2161 2159/2218/2160 4582/4898/4582
f 4840/5208/4840 3944/4158/3944 551/554/549
f 3029/3144/3029 2782/2874/2781 1604/1637/1602
f 3966/4183/3966 2023/2075/2024 886/901/887
f 2719/2807/2717 2718/2809/2719 3404/3560/3405
f 4460/4758/4460 2096/2148/2094 781/793/782
f 901/914/900 2585/2663/2585 826/836/825
f 3580/3751/3580 3561/3729/3562 1345/1369/1343
f 2144/2202/2144 1205/1228/1206 1207/1227/1205
f 4923/5312/4923 3188/3319/3189 3792/3987/3793
f 329/328/327 984/1002/984 1356/1382/1356
f 3080/3199/3081 615/2718/616 2374/2439/2375
f 2639/2721/2640 3929/4139/3928 3289/3432/3289
f 4349/4632/4348 4848/5218/4849 4924/5313/4924
f 2320/2383/2321 4089/4325/4089 2321/2384/2322
f 1485/1518/1486 2676/2760/2677 1486/1519/1487
f 669/851/670 1232/3989/1233 1227/1249/1227
f 484/2432/485 3870/4077/3869 4456/4754/4456
f 3764/3954/3765 4925/5314/4925 4926/5315/4926
f 4927/5316/4927 1891/1936/1889 4744/5094/4744
f 1291/1318/1292 747/755/748 4702/5046/4702
f 4056/4283/4054 4055/4285/4056 1972/2024/1973
f 3575/3746/3575 2207/5317/2208 2209/3501/2207
f 4706/5050/4706 3131/3253/3130 4566/4878/4566
f 4097/4334/4098 1412/1444/1413 3896/4103/3895
f 3822/5318/3823 4290/4565/4290 3830/4180/3830
f 4566/4878/4566 3131/3253/3130 1653/3255/1651
f 4877/5255/4877 25/26/26 27/25/25
f 1277/1299/1275 872/886/872 868/882/868
f 4433/4726/4433 872/886/872 1277/1299/1275
f 4888/5269/4889 4732/5078/4730 4734/5083/4735
f 4522/4830/4522 3875/4083/3875 4189/4446/4190
f 4246/4514/4247 2221/2277/2219 2220/2279/2221
f 3199/3333/3200 1921/4620/1921 1837/5319/1837
f 1638/1676/1639 150/148/148 1400/1431/1401
f 4905/5291/4905 4726/5073/4726 4220/4480/4221
f 1333/1360/1334 3916/4126/3916 92/93/93
f 4217/5320/4217 650/657/651 3316/5141/3317
f 1597/1630/1595 1592/1628/1593 1595/1631/1596
f 1573/1609/1574 2478/2550/2478 4583/5102/4583
f 1598/1634/1599 3563/3728/3561 3562/3730/3563
f 1698/1739/1698 3004/3118/3004 1366/1395/1367
f 3353/3505/3354 3223/3361/3223 2760/2851/2759
f 4232/4493/4232 4194/4450/4194 4559/4871/4559
f 4424/4716/4423 4182/4438/4182 4423/4717/4424
f 4719/5065/4718 4718/5066/4719 4928/5321/4928
f 2231/2289/2229 3596/3769/3597 2229/2290/2230
f 626/630/624 605/609/603 4020/4245/4020
f 3532/3696/3532 3549/3716/3550 3548/3715/3549
f 100/98/98 2438/2508/2439 4929/5322/4929
f 4506/4813/4506 4387/4676/4388 4687/5028/4687
f 4505/4812/4505 4387/4676/4388 4506/4813/4506
f 212/213/213 2918/3026/2919 213/214/214
f 2195/2254/2196 2194/2253/2195 4323/4603/4323
f 1748/1793/1749 4930/5323/4930 4534/4843/4534
f 4931/5324/4931 2487/2561/2488 2494/2567/2494
f 725/733/726 270/4345/271 4381/4669/4381
f 1132/1153/1132 356/358/357 3517/3680/3517
f 1824/1870/1824 3879/4088/3880 739/746/739
f 4385/4671/4383 4343/4625/4341 4917/5305/4917
f 2697/2782/2697 4365/4650/4363 1813/2783/1812
f 4758/5109/4758 4343/4625/4341 4385/4671/4383
f 4758/5109/4758 4385/4671/4383 3026/3142/3027
f 1632/1669/1633 856/871/857 858/870/856
f 3731/3915/3730 2875/2979/2876 3536/3700/3536
f 324/326/325 4668/5005/4667 4932/5325/4932
f 166/164/164 165/166/166 355/354/353
f 186/187/187 2664/2748/2665 2665/2747/2664
f 2132/5215/2130 4933/5326/4933 1373/1399/1371
f 2978/3091/2978 3018/3132/3018 2653/2733/2652
f 1061/1080/1062 1915/1963/1916 2508/2582/2508
f 3879/4088/3880 3880/4087/3879 3104/3458/3104
f 1561/1596/1561 2560/2635/2558 790/801/790
f 2560/2635/2558 2559/2637/2560 790/801/790
f 4044/4272/4045 1925/1973/1926 4045/4271/4044
f 3929/4139/3928 4914/5301/4914 813/822/811
f 94/92/92 4083/4316/4083 92/93/93
f 4846/5213/4845 4333/4616/4334 4334/4615/4333
f 4925/5314/4925 4152/4402/4153 4676/5016/4676
f 1860/1908/1861 2481/2555/2482 3024/3136/3022
f 4710/5054/4710 3756/3946/3757 4256/4524/4256
f 2934/3047/2935 4238/5327/4238 232/234/233
f 1813/2783/1812 4365/4650/4363 4867/5240/4867
f 3203/3336/3202 3748/3938/3749 1244/1267/1243
f 1445/1477/1445 1447/1478/1446 2965/3076/2964
f 1040/1059/1041 747/755/748 1033/1052/1034
f 4465/4762/4463 4821/5187/4821 4463/4763/4464
f 301/300/299 300/302/301 4915/5302/4915
f 4485/4789/4485 4332/4611/4330 4495/4800/4495
f 923/940/924 922/939/923 1807/1854/1808
f 3778/3969/3778 594/601/595 878/890/876
f 4258/4526/4258 4257/4525/4257 2106/2163/2107
f 4669/5009/4669 3706/3885/3706 4619/4943/4619
f 3623/3796/3623 1196/1219/1197 1198/1218/1196
f 2636/5055/2636 2130/2189/2131 2132/2188/2130
f 1102/1120/1100 2389/2451/2387 4721/5068/4721
f 1576/4380/1576 2464/2533/2462 4137/4381/4137
f 4857/5228/4857 4629/4958/4629 3599/3772/3600
f 1459/1491/1459 4603/4923/4603 3090/3209/3091
f 270/272/271 198/199/199 271/273/272
f 4291/4566/4291 3304/3445/3302 4430/4724/4431
f 2744/2834/2742 632/639/633 631/638/632
f 482/486/483 2142/2200/2142 2141/2199/2141
f 346/345/344 805/814/803 551/554/549
f 4934/5328/4934 2123/2179/2123 415/418/416
f 2555/2632/2555 584/2631/582 4120/4359/4119
f 2788/2881/2787 870/884/870 2787/2882/2788
f 4357/4643/4357 3127/3249/3127 1436/1468/1436
f 2857/2956/2856 4288/4562/4287 3755/3944/3755
f 674/681/675 4496/4801/4496 4550/4860/4550
f 1405/1436/1406 4111/4350/4111 4151/4401/4152
f 1891/1936/1889 4927/5316/4927 2012/2062/2011
f 1331/1358/1332 1330/1357/1331 4200/4457/4200
f 1838/1885/1838 2246/2305/2245 862/874/860
f 87/85/85 48/46/46 85/86/86
f 1509/1545/1510 1781/1826/1782 4832/5199/4832
f 2898/3003/2896 4528/4837/4529 4774/5131/4775
f 2309/2371/2309 1520/1556/1521 2692/2775/2692
f 648/652/646 4241/4508/4241 646/653/647
f 4135/4377/4134 2957/3070/2958 2959/3069/2957
f 2808/2904/2808 1726/1769/1725 2807/2903/2807
f 4598/4918/4598 4694/5037/4694 3944/4158/3944
f 1052/1070/1052 3915/4125/3915 640/647/641
f 3174/3300/3172 4011/4234/4010 3172/3301/3173
f 2876/2978/2875 3731/3915/3730 3536/3700/3536
f 177/178/178 4080/4313/4080 3267/3406/3266
f 4618/4942/4618 4641/4974/4640 4851/5219/4850
f 551/554/549 3112/3231/3112 4840/5208/4840
f 1522/3737/1523 710/718/711 3447/3606/3447
f 1659/1697/1660 1434/1467/1435 1716/1760/1717
f 1980/2031/1980 2600/2677/2599 1978/2030/1979
f 2863/2964/2864 2412/2476/2412 4116/4356/4116
f 4771/5126/4771 3368/3521/3369 4052/4280/4052
f 1233/1253/1231 1232/1255/1233 671/675/669
f 961/979/961 1639/1677/1640 2040/2094/2041
f 4702/5046/4702 1040/1059/1041 1039/1058/1040
f 1033/1052/1034 1041/1057/1039 1040/1059/1041
f 2687/2771/2688 3893/4100/3892 4183/4440/4184
f 4585/4902/4585 4220/4480/4221 4222/4479/4220
f 3621/3795/3622 4404/4693/4404 1238/1261/1239
f 61/62/62 2881/2983/2880 2467/5281/2466
f 319/318/317 318/320/319 552/557/552
f 4107/4344/4107 4065/4298/4066 4066/4297/4065
f 3332/3479/3333 3326/3472/3326 1693/1735/1694
f 2623/2701/2623 4575/4889/4575 2459/2528/2457
f 2216/2275/2217 28/29/29 30/28/28
f 3132/3256/3132 2227/2288/2228 4261/4529/4261
f 1549/1585/1550 3360/3513/3361 2911/3016/2909
f 1120/1141/1121 808/817/806 807/819/808
f 892/907/893 3595/3767/3595 3297/5246/3296
f 2345/2406/2343 4182/4438/4182 4424/4716/4423
f 363/362/361 2320/2383/2321 2917/3024/2917
f 155/156/156 154/155/155 4040/4267/4040
f 1915/1963/1916 1829/1874/1828 2508/2582/2508
f 3749/3937/3748 2986/3098/2985 3748/3938/3749
f 1507/1543/1508 3009/3123/3009 4370/4658/4371
f 4444/4742/4444 3344/3490/3344 2868/2969/2869
f 2120/2177/2121 2475/2548/2476 2121/2178/2122
f 2065/2116/2063 4261/4529/4261 2227/2288/2228
f 2824/2922/2823 4888/5269/4889 4734/5083/4735
f 4225/4484/4225 1076/5179/1077 1078/4810/1076
f 515/521/516 243/242/241 852/864/850
f 4664/5000/4664 2949/3061/2949 3291/3433/3290
f 4006/4230/4007 4005/4229/4006 4395/4684/4396
f 2800/2896/2801 364/366/365 714/722/715
f 2344/2408/2345 364/366/365 2800/2896/2801
f 3436/3594/3435 78/3328/76 77/5329/78
f 4619/4943/4619 3706/3885/3706 4935/5330/4935
f 1053/1072/1054 4439/4733/4439 1248/3399/1249
f 4552/4862/4552 4761/5113/4762 2572/2650/2572
f 7/8/8 4914/5301/4914 8/9/9
f 4936/5331/4936 119/120/120 702/710/703
f 10/11/11 4654/4988/4653 3028/3141/3026
f 4054/4284/4055 4056/4283/4054 3741/3930/3742
f 3916/4126/3916 4057/4286/4057 2924/3034/2925
f 1219/1242/1220 2363/2426/2363 1203/1226/1204
f 3746/3936/3747 3712/3893/3712 3483/3645/3484
f 800/3090/798 799/5332/800 1135/1157/1136
f 1435/1465/1433 4047/4274/4047 1433/1466/1434
f 4047/4274/4047 1435/1465/1433 3689/3868/3689
f 4679/5018/4678 4678/5019/4679 4609/4931/4609
f 2872/2973/2872 2708/4501/2708 2469/5333/2468
f 2058/2111/2058 2057/2110/2057 4174/4427/4174
f 4257/4525/4257 683/690/684 4159/4410/4159
f 2766/2859/2767 2426/2492/2426 2765/2856/2764
f 837/846/835 4397/4686/4397 3410/3566/3410
f 2832/2931/2832 4031/4258/4031 4532/4840/4532
f 2994/3108/2994 3828/4031/3827 1949/1999/1948
f 1866/4277/1866 1938/1987/1938 3726/3910/3726
f 4937/5334/4937 144/142/142 143/144/144
f 1890/1938/1891 3136/3261/3137 1891/1936/1889
f 1504/4499/1504 1927/1975/1928 1928/1974/1927
f 2297/2359/2297 346/345/344 345/347/346
f 1504/4499/1504 770/4987/771 1927/1975/1928
f 510/516/511 251/253/252 250/252/251
f 4902/5288/4902 2240/2301/2241 4938/5335/4938
f 1966/2015/1964 1965/2017/1966 2708/4501/2708
f 1123/1144/1124 3268/3408/3268 4263/4531/4263
f 1914/1960/1913 1172/1191/1170 1912/1958/1911
f 589/596/590 380/382/381 4171/4424/4171
f 4939/5336/4939 1514/1550/1515 2936/3048/2936
f 2775/2868/2775 1179/1201/1180 1941/1992/1941
f 4290/4565/4290 1218/1238/1216 4458/4756/4458
f 4276/4546/4276 4396/4683/4395 4786/5145/4786
f 217/222/215 3889/4097/3889 582/588/583
f 789/798/787 4335/4617/4335 1942/1993/1942
f 4494/4798/4494 733/741/734 2156/2213/2155
f 2732/2824/2732 4800/5163/4800 2733/2825/2733
f 2588/2664/2586 2974/3087/2975 4940/5337/4940
f 816/825/814 1662/1698/1661 814/826/815
f 336/335/334 2632/2712/2633 2634/2711/2632
f 3493/3653/3492 2987/3100/2987 362/4588/363
f 3732/3918/3733 4919/5307/4919 2007/2059/2008
f 3114/3232/3113 1527/1560/1525 3309/3452/3309
f 2271/2332/2272 2270/2331/2271 3521/3684/3521
f 3762/3951/3762 4411/4703/4411 2978/3091/2978
f 2626/2705/2626 19/20/20 3478/3639/3478
f 3563/3728/3561 2281/2343/2282 1929/1977/1929
f 372/371/370 2153/2212/2154 4364/4652/4365
f 372/371/370 371/373/372 2058/2111/2058
f 1895/1941/1894 597/604/598 649/656/650
f 19/20/20 2626/2705/2626 2625/2702/2624
f 1275/1300/1276 616/623/617 1276/1301/1277
f 1013/1032/1014 3482/3643/3482 1014/1030/1012
f 2057/2110/2057 1455/1488/1456 4174/4427/4174
f 4174/4427/4174 1455/1488/1456 4074/4306/4074
f 1647/1685/1648 3381/3534/3381 1648/1683/1646
f 4647/4982/4648 2581/2657/2579 12/10/10
f 588/592/586 3068/3183/3068 2164/2222/2164
f 2057/2110/2057 1456/1489/1457 1455/1488/1456
f 3486/3646/3485 4580/4896/4580 4740/5089/4741
f 4226/4486/4226 3764/3954/3765 4926/5315/4926
f 3499/3661/3499 1090/1108/1090 849/861/847
f 1906/1952/1905 1905/1953/1906 4655/4990/4655
f 4200/4457/4200 1330/1357/1331 4521/4829/4521
f 2487/2561/2488 4623/4952/4624 2488/2559/2486
f 2217/2274/2216 30/28/28 3291/3433/3290
f 899/911/897 898/913/899 1172/1191/1170
f 2418/2482/2416 2417/2484/2418 4605/4924/4604
f 4583/5102/4583 2478/2550/2478 2462/5338/2463
f 994/1013/995 3610/3782/3610 1369/1397/1369
f 4748/5098/4748 1558/1593/1558 571/577/572
f 4876/5254/4876 682/689/683 684/688/682
f 1786/1831/1787 1186/1209/1187 4346/5148/4346
f 2011/2063/2012 4927/5316/4927 330/331/330
f 4890/5270/4890 4134/4378/4135 4000/4222/4000
f 4494/4798/4494 2156/2213/2155 3059/3174/3059
f 4913/5300/4913 4569/4883/4569 3304/3445/3302
f 4411/4703/4411 2981/3093/2980 2980/3094/2981
f 678/682/676 3559/3726/3559 676/683/677
f 2533/2607/2533 3833/4038/3833 3832/4037/3832
f 3832/4037/3832 4841/5209/4841 2533/2607/2533
f 2206/2262/2204 2646/2728/2647 2204/2263/2205
f 4906/5292/4906 2636/5055/2636 2046/2100/2047
f 500/506/501 1481/1513/1481 501/507/502
f 3878/4086/3878 3347/3497/3348 3253/3392/3253
f 4772/5127/4772 3347/3497/3348 3878/4086/3878
f 1840/1888/1841 4392/4680/4392 3709/3890/3709
f 3756/3946/3757 2333/2397/2334 4788/5149/4788
f 3602/3774/3602 2224/2282/2224 4836/5203/4836
f 29/30/30 4899/5285/4899 3290/3434/3291
f 3567/3734/3565 4912/5299/4912 4264/4532/4264
f 4615/4939/4615 4033/4260/4033 2698/2786/2699
f 1755/1799/1755 1754/1798/1754 3690/3869/3690
f 1652/1690/1653 3763/3953/3764 3765/3952/3763
f 1358/1384/1358 399/401/400 4578/4893/4578
f 2122/2176/2120 3076/3194/3076 1547/1583/1548
f 3426/3584/3427 208/206/206 2530/2603/2529
f 3281/3422/3281 2244/2304/2244 2364/2427/2364
f 4287/4563/4288 2947/3057/2945 2946/3059/2947
f 1921/1968/1921 713/721/714 715/720/713
f 1812/1859/1813 4322/4601/4322 726/731/724
f 4497/4802/4497 4319/4597/4319 4206/4464/4206
f 2352/2415/2352 3643/3819/3643 2351/2414/2351
f 2852/2952/2853 3123/3244/3123 256/258/257
f 2692/4437/2692 4131/4373/4131 2309/5274/2309
f 4178/4434/4179 122/123/123 3490/3652/3491
f 1157/1179/1158 4415/4706/4414 2158/2215/2157
f 4282/4556/4282 3293/3436/3293 4941/5339/4941
f 1418/1450/1419 4076/5117/4077 4077/4610/4076
f 2097/2151/2097 1768/1813/1769 1769/1812/1768
f 1792/4824/1792 911/925/911 446/446/444
f 4539/4847/4538 109/107/107 4413/4705/4413
f 4942/5340/4942 3703/3882/3703 2477/2547/2475
f 3186/3316/3186 3659/3836/3660 3862/4071/3863
f 2185/2244/2186 4479/4782/4479 4408/4698/4408
f 3031/3146/3031 4863/5235/4863 2408/2471/2407
f 966/984/966 3817/4019/3817 193/191/191
f 3177/3306/3177 4527/4836/4528 2648/2729/2648
f 4227/4488/4228 4747/5095/4745 4943/5341/4943
f 2064/2118/2065 2106/2163/2107 4816/5181/4816
f 653/660/654 3624/3797/3624 4626/4954/4626
f 336/335/334 335/337/336 2632/2712/2633
f 3541/5342/3541 4059/5343/4060 1087/1106/1088
f 3145/3270/3145 2591/2670/2592 4855/5225/4855
f 4944/5344/4944 4866/5238/4866 4442/4738/4442
f 4693/5036/4693 4677/5017/4677 4508/4816/4509
f 1718/1762/1719 1720/1761/1718 2259/2318/2258
f 424/427/425 567/572/567 2928/3036/2927
f 1326/1353/1327 4537/4846/4537 4360/4644/4358
f 932/5227/932 4058/4287/4058 3853/4059/3853
f 661/668/662 663/667/661 1683/1723/1683
f 4435/4728/4435 3043/3157/3042 508/511/506
f 3205/3339/3205 707/712/705 1622/1658/1623
f 751/761/752 4271/4540/4271 3512/3673/3511
f 4761/5113/4762 4552/4862/4552 4762/5112/4761
f 1847/1893/1846 1846/1894/1847 3403/3558/3403
f 4041/4269/4042 4653/4989/4654 4945/5345/4945
f 430/433/431 1581/1614/1579 1363/1391/1364
f 169/167/167 4946/5346/4946 2682/2766/2683
f 4896/5282/4896 4567/4879/4567 4790/5152/4790
f 3697/3877/3698 2416/2483/2417 4947/5347/4947
f 1666/1701/1664 2853/3046/2852 234/233/232
f 4781/5137/4781 2688/2772/2689 2687/2771/2688
f 977/994/976 1654/1691/1654 3525/3689/3525
f 3435/3595/3436 310/309/308 309/311/310
f 2494/2567/2494 2492/2565/2492 3201/3335/3201
f 1199/1222/1200 4376/4663/4376 1200/1223/1201
f 904/916/902 903/918/904 4793/5156/4793
f 2441/2512/2442 1465/1497/1465 1093/1112/1094
f 4946/5346/4946 3969/4185/3968 3399/3552/3398
f 9/7/7 4660/4995/4660 811/823/812
f 3816/4018/3816 393/395/394 3240/3380/3241
f 618/625/619 2163/2220/2162 619/626/620
f 2699/2785/2698 4723/5241/4723 3458/3617/3458
f 3656/3833/3657 2123/2179/2123 4934/5328/4934
f 1082/1101/1083 4731/5080/4732 4730/5079/4731
f 217/222/215 3887/4095/3887 3889/4097/3889
f 2000/2049/1998 1999/2051/2000 3996/4218/3997
f 2152/2211/2153 4867/5240/4867 2153/2212/2154
f 1311/1338/1312 559/562/557 1317/1344/1318
f 1052/1070/1052 3691/3871/3692 3915/4125/3915
f 2919/3025/2918 1524/1557/1522 1523/1559/1524
f 619/626/620 2163/2220/2162 4187/4443/4187
f 326/325/324 4688/5029/4688 3589/3760/3589
f 4713/5059/4713 2064/2118/2065 4225/4484/4225
f 4849/5217/4848 4822/5188/4822 4924/5313/4924
f 4917/5305/4917 4342/4627/4343 4369/4656/4369
f 1104/1125/1105 1103/1124/1104 1932/1980/1932
f 4900/5286/4900 3432/3589/3430 4716/5063/4716
f 3164/3292/3165 3297/3439/3296 3595/3848/3595
f 4308/4584/4309 4679/5018/4678 4309/4585/4310
f 2573/2651/2573 3520/3683/3520 829/838/827
f 447/450/448 443/443/441 3850/4054/3849
f 1217/1240/1218 2964/3077/2965 1218/1238/1216
f 2741/2831/2739 4799/5162/4799 2739/2832/2740
f 1350/1375/1349 4299/4574/4299 3813/4016/3814
f 4299/5348/4299 931/947/931 3813/4110/3814
f 4634/4964/4634 4948/5349/4948 4379/5350/4379
f 1927/1975/1928 1795/1838/1793 2049/2101/2048
f 3495/3656/3495 2232/2292/2232 3497/3659/3497
f 3750/3940/3751 4095/4331/4095 3842/4048/3843
f 4896/5282/4896 2957/3070/2958 4567/4879/4567
f 3972/4190/3973 4743/5092/4743 1037/4999/1038
f 1510/1546/1511 1509/1545/1510 4949/5351/4949
f 3932/4147/3933 4604/4925/4605 4829/5196/4829
f 4049/4276/4049 4300/4575/4300 3017/3129/3015
f 571/577/572 573/576/571 1908/1955/1908
f 4529/4835/4527 4528/4837/4529 3662/3838/3662
f 1407/1435/1405 3744/3932/3744 2718/2809/2719
f 365/367/366 3475/3633/3474 844/857/843
f 598/605/599 2990/3103/2990 4292/4567/4292
f 4777/5133/4777 3100/3219/3101 4522/4830/4522
f 1226/1247/1225 1225/1248/1226 1897/1944/1897
f 3285/3428/3285 1034/1053/1035 3007/3426/3007
f 840/853/840 738/743/736 263/265/264
f 975/993/975 3445/3604/3445 556/559/554
f 2490/2563/2490 2395/2460/2396 2396/2459/2395
f 3068/3183/3068 587/594/588 3799/4694/3799
f 1411/1443/1412 4565/4877/4565 759/769/760
f 3642/3818/3642 3347/3497/3348 3349/3496/3347
f 3349/3496/3347 3348/3498/3349 2360/2423/2360
f 4919/5307/4919 4353/4638/4353 2007/2059/2008
f 4728/5074/4727 4727/5075/4728 4950/5352/4950
f 4766/5119/4766 2408/2471/2407 4951/5353/4951
f 2015/2064/2013 2014/2066/2015 2869/2970/2870
f 3358/3508/3357 3626/3801/3626 3758/3947/3758
f 4337/4621/4337 3158/3285/3158 3157/3284/3157
f 4906/5292/4906 4742/5088/4740 4733/5081/4733
f 1979/2029/1978 2135/2191/2133 1980/2031/1980
f 3988/4207/3988 4494/4798/4494 3059/3174/3059
f 3682/3861/3682 482/486/483 481/485/482
f 4863/5235/4863 4951/5353/4951 2408/2471/2407
f 1861/1906/1859 1860/1908/1861 3023/3138/3024
f 1579/1615/1580 1498/1534/1499 2396/2459/2395
f 740/748/741 2004/2055/2004 4831/5197/4830
f 145/146/146 4840/5208/4840 3112/3231/3112
f 1328/1354/1328 3755/3944/3755 2446/2516/2446
f 2396/2459/2395 2137/2195/2137 1579/1615/1580
f 361/363/362 3149/3275/3149 362/364/363
f 4113/4352/4113 4112/4351/4112 4908/5295/4908
f 1297/1324/1298 919/933/917 918/935/919
f 1081/1097/1079 1458/1490/1458 2404/2468/2404
f 4853/5221/4852 2662/2743/2660 2332/2396/2333
f 3129/3251/3128 1705/5354/1703 3681/4376/3681
f 4636/4969/4636 4667/5006/4668 1545/1579/1544
f 2838/2937/2838 614/5151/612 2642/2722/2641
f 2406/2469/2405 2405/2470/2406 2108/2165/2109
f 2061/2112/2059 2060/2114/2061 2906/3014/2907
f 4162/4413/4160 3576/3747/3576 4861/5232/4860
f 2392/2454/2390 4810/5174/4810 2955/3068/2956
f 1962/2014/1963 3777/3968/3777 3213/3349/3213
f 2862/2962/2862 1837/5319/1837 861/5355/862
f 260/4548/261 2505/5356/2505 3704/3884/3705
f 3024/3136/3022 2481/2555/2482 2996/3110/2996
f 3812/4014/3812 2032/5357/2030 1625/4948/1626
f 4724/5071/4724 3596/3769/3597 3598/3768/3596
f 3134/3258/3134 1620/1653/1618 1619/1655/1620
f 3315/3461/3315 337/339/338 2320/2383/2321
f 4939/5336/4939 1515/1551/1516 1514/1550/1515
f 4734/5083/4735 4735/5082/4734 2908/3015/2908
f 1856/1904/1857 1427/1460/1428 1857/1905/1858
f 750/760/751 3411/3567/3411 2397/2461/2397
f 377/379/378 2926/3033/2924 4303/4578/4303
f 3355/3504/3353 3015/3130/3016 4548/4858/4548
f 4556/4867/4555 4643/4978/4644 2260/2320/2260
f 4068/4300/4068 1026/1045/1027 1811/1855/1809
f 2003/2054/2003 3957/4172/3958 2004/2055/2004
f 4887/5267/4887 4399/4689/4400 4065/4298/4066
f 2044/2096/2043 4283/4558/4283 3375/3526/3374
f 71/4248/72 70/5358/71 1583/1619/1584
f 4721/5068/4721 2388/2453/2389 4777/5133/4777
f 3211/3345/3210 561/567/562 1940/3346/1940
f 2392/2454/2390 2956/3067/2955 3998/4219/3998
f 4450/4748/4450 4842/5211/4843 4843/5210/4842
f 3822/4026/3823 14/15/15 4708/5052/4708
f 4952/5359/4952 121/122/122 589/596/590
f 3892/4101/3893 4729/5077/4729 3893/4100/3892
f 1820/1867/1821 1169/1189/1168 4813/5177/4813
f 13/14/14 3747/3934/3745 4652/4986/4652
f 4548/4858/4548 4300/4575/4300 3225/3364/3226
f 4652/4986/4652 3747/3934/3745 3746/3936/3747
f 1544/1580/1545 353/355/354 165/166/166
f 1547/1583/1548 1319/1343/1317 3680/3859/3680
f 3138/3263/3139 2303/2363/2301 3204/3338/3204
f 4018/4244/4019 4675/5015/4675 4676/5016/4676
f 4679/5018/4678 4308/4584/4309 4470/4770/4471
f 809/821/810 1460/1492/1460 810/820/809
f 1392/1421/1393 1394/1420/1392 221/223/222
f 3272/3413/3273 3271/3412/3272 4872/5250/4872
f 3851/4057/3851 2838/2937/2838 1383/1412/1384
f 4427/4720/4427 1682/1720/1680 576/582/577
f 3653/5360/3653 2814/2913/2814 3704/3884/3705
f 1338/1365/1339 1341/1368/1342 2531/3959/2531
f 2112/2169/2113 4953/5361/4953 149/150/150
f 2114/2168/2112 4953/5361/4953 2112/2169/2113
f 747/755/748 1040/1059/1041 4702/5046/4702
f 1243/1268/1244 950/964/948 949/966/950
f 2705/4003/2705 3804/4005/3804 3681/4376/3681
f 3626/3801/3626 3942/4157/3943 3758/3947/3758
f 1993/2044/1993 681/685/679 2098/2152/2098
f 2846/2943/2844 3406/3559/3404 4459/4757/4459
f 2366/2428/2365 1265/1287/1263 2365/2429/2366
f 3268/3408/3268 2314/2376/2314 4601/4921/4601
f 3141/3266/3141 4954/5362/4954 2884/2988/2885
f 4265/4533/4265 2099/2153/2099 2524/2596/2522
f 2006/2057/2006 1792/1836/1792 1898/1946/1899
f 424/427/425 2666/2750/2667 566/571/566
f 423/426/424 2666/2750/2667 424/427/425
f 2200/2258/2200 4736/5084/4736 1404/1432/1402
f 2115/2172/2116 2116/2171/2115 2937/3049/2937
f 2822/2921/2822 2913/3020/2913 1488/1521/1489
f 1102/1120/1100 4721/5068/4721 1100/1121/1101
f 1964/2016/1965 2467/5281/2466 1965/2017/1966
f 1216/1239/1217 1218/1238/1216 1954/2004/1953
f 2934/3047/2935 232/234/233 2935/3045/2934
f 4399/4689/4400 4420/4713/4420 4065/4298/4066
f 2235/2296/2236 419/421/419 418/420/418
f 598/605/599 597/604/598 1895/1941/1894
f 1091/5363/1091 1612/1645/1610 1611/1647/1612
f 3198/3331/3198 1211/1234/1212 1210/1233/1211
f 4955/5364/4955 3465/3625/3466 2923/5365/2921
f 2827/2927/2828 1438/1469/1437 2775/2868/2775
f 4621/4944/4620 3761/3948/3759 902/917/903
f 194/195/195 2465/2536/2465 474/478/475
f 1213/1236/1214 4390/4678/4390 4554/4866/4554
f 2043/2097/2044 1213/1236/1214 4554/4866/4554
f 3683/3862/3683 63/61/61 976/995/977
f 3674/3852/3674 3673/3851/3673 4956/5366/4956
f 3957/4172/3958 4490/4793/4489 3958/4173/3959
f 4475/4777/4475 3542/3707/3542 177/178/178
f 1822/1868/1822 1775/1819/1775 389/391/390
f 4692/5367/4692 254/5139/255 3440/3600/3441
f 4541/4850/4541 2581/2657/2579 4648/4981/4647
f 3733/3917/3732 4609/4931/4609 4678/5019/4679
f 4907/5294/4907 864/879/865 4957/5368/4957
f 757/765/756 1174/1194/1173 1150/1169/1148
f 1150/1169/1148 1149/1171/1150 757/765/756
f 2588/2664/2586 4550/4860/4550 2589/2667/2589
f 3205/3339/3205 2574/2653/2575 2576/2652/2574
f 3933/4145/3931 4947/5347/4947 3931/4146/3932
f 3761/3948/3759 4621/4944/4620 4620/4945/4621
f 4571/4885/4571 1716/1760/1717 1715/1759/1716
f 695/699/693 694/701/695 3741/3930/3742
f 1180/1202/1181 3715/3895/3714 1181/1200/1179
f 2592/2668/2590 4438/4732/4438 2590/2669/2591
f 4930/5323/4930 4073/4305/4073 2322/2382/2320
f 4740/5089/4741 4361/4647/4361 4741/5090/4742
f 3845/4050/3845 2283/2345/2284 2285/2344/2283
f 867/880/866 4175/4429/4175 460/463/461
f 4276/4546/4276 3489/3651/3490 4006/4230/4007
f 1092/3912/1092 2916/3021/2914 2915/3023/2916
f 3042/3158/3043 201/202/202 2627/2707/2628
f 897/912/898 3579/3750/3579 898/913/899
f 3313/3456/3313 1907/1954/1907 2815/3193/2815
f 594/601/595 3078/3196/3078 878/890/876
f 4811/5175/4811 3607/3780/3608 4464/4764/4465
f 575/579/574 2472/3740/2473 3467/3626/3467
f 1510/1546/1511 4949/5351/4949 3621/3795/3622
f 1214/1237/1215 1587/1622/1587 1215/1235/1213
f 2864/2963/2863 1381/1407/1379 24/22/22
f 2068/2122/2069 4374/4662/4375 3844/4047/3842
f 3509/3671/3509 4743/5092/4743 3974/4189/3972
f 2000/2049/1998 2293/5008/2294 1998/2050/1999
f 4958/5369/4958 4852/5222/4853 3571/3743/3572
f 2335/2399/2336 2337/2398/2335 2342/2405/2342
f 4549/4859/4549 2155/2214/2156 735/740/733
f 3795/3992/3796 2902/3009/2902 4584/4901/4584
f 34/35/35 2796/2892/2797 4824/5189/4823
f 2813/2910/2813 1817/1864/1818 1819/1863/1817
f 3164/3292/3165 3670/3847/3671 1429/1462/1430
f 3120/5033/3121 236/238/237 4016/4241/4017
f 3505/3668/3506 3402/3557/3402 2553/2630/2554
f 806/818/807 2421/2488/2422 807/819/808
f 3400/3555/3400 3503/3666/3504 3401/3556/3401
f 480/481/478 3700/3878/3699 478/482/479
f 2713/2804/2714 593/1118/591 4194/4450/4194
f 1014/1030/1012 3857/4065/3857 2484/2556/2483
f 4291/4566/4291 4432/4723/4430 999/1018/1000
f 1683/1723/1683 1468/1501/1469 2038/2090/2037
f 193/191/191 2951/3062/2950 966/984/966
f 1045/1063/1045 1044/1062/1044 4139/4382/4138
f 3274/3414/3274 4251/4519/4251 3809/4011/3809
f 1571/1606/1571 1568/1604/1569 1630/1666/1630
f 4372/4660/4373 3802/3999/3802 4311/4587/4312
f 3782/3974/3783 1697/3322/1697 4008/4232/4009
f 4959/5370/4959 1750/1792/1748 1749/1794/1750
f 3307/3495/3306 3346/3494/3346 3082/3423/3080
f 4875/5253/4875 1153/1172/1151 4884/5264/4884
f 4724/5071/4724 3598/3768/3596 2085/2140/2086
f 4158/4407/4158 4879/5258/4879 4156/4405/4156
f 828/840/829 3910/4119/3909 3909/4120/3910
f 1687/1728/1687 499/502/497 1410/1440/1410
f 3981/4199/3981 2728/2818/2728 4808/5172/4808
f 725/733/726 2671/2754/2671 244/246/245
f 3047/3163/3048 4448/4746/4448 3048/3164/3049
f 1628/1664/1629 384/386/385 690/697/691
f 2816/2916/2817 2487/2561/2488 4454/4752/4454
f 863/878/864 4957/5368/4957 864/879/865
f 4747/5095/4745 4746/5097/4747 4943/5341/4943
f 748/753/746 747/755/748 1291/1318/1292
f 2328/2392/2329 2327/2391/2328 1589/1625/1590
f 2557/2634/2557 1615/1648/1613 1949/1999/1948
f 3193/3326/3194 4269/4538/4269 3807/4009/3807
f 35/36/36 4004/4227/4004 4691/5034/4691
f 3611/3783/3611 3945/4159/3945 4040/4267/4040
f 368/370/369 3560/3727/3560 369/368/367
f 2932/3044/2933 2931/3043/2932 2334/2395/2332
f 254/256/255 4960/5371/4960 255/254/253
f 4264/4532/4264 4912/5299/4912 4846/5213/4845
f 4796/5160/4797 144/142/142 4937/5334/4937
f 3080/3199/3081 3082/3198/3080 615/2718/616
f 1101/1122/1102 1100/1121/1101 4606/4926/4606
f 4895/5280/4895 740/748/741 4878/5257/4878
f 2802/4002/2802 2518/2593/2519 2803/4001/2803
f 2856/2957/2857 3771/3963/3772 2857/2956/2856
f 541/547/542 3297/3439/3296 3296/3440/3297
f 4437/4731/4437 4932/5325/4932 4897/5283/4897
f 4485/4789/4485 4484/4788/4484 4332/4611/4330
f 4422/4715/4422 623/627/621 2242/2303/2243
f 2908/3015/2908 4731/5080/4732 1084/1100/1082
f 2582/2661/2583 27/25/25 3251/3389/3250
f 2418/2482/2416 4605/4924/4604 4604/4925/4605
f 1945/1994/1943 1944/1996/1945 2282/2342/2281
f 2606/2685/2607 1344/1371/1345 4474/4775/4474
f 3199/3333/3200 1837/5319/1837 2862/2962/2862
f 584/587/582 583/589/584 4120/5372/4119
f 4016/4241/4017 744/752/745 2090/2144/2090
f 1089/1105/1087 1088/1107/1089 2840/2939/2840
f 1985/2037/1986 2166/2225/2167 3516/3679/3516
f 1130/1151/1130 1384/1410/1382 2879/2980/2877
f 933/950/934 3463/3621/3462 3508/3669/3507
f 1097/1115/1097 303/305/304 172/170/170
f 1294/1321/1295 1960/2011/1960 3882/4089/3881
f 2240/2301/2241 2239/2300/2240 4486/4791/4487
f 2396/2459/2395 1500/1533/1498 1761/1805/1761
f 2974/3087/2975 2588/2664/2586 2587/2666/2588
f 3300/3444/3301 3932/4147/3933 4829/5196/4829
f 2163/2220/2162 4/5/5 4187/4443/4187
f 523/526/521 4/5/5 2163/2220/2162
f 2501/2572/2499 286/288/287 2699/2785/2698
f 2146/3140/2147 332/334/333 2147/5076/2148
f 4409/4699/4409 2818/2915/2816 2817/2917/2818
f 150/148/148 3855/4064/3856 1401/1429/1399
f 4042/4268/4041 4041/4269/4042 4654/4988/4653
f 3118/3239/3119 2346/2409/2346 2337/2398/2335
f 2726/2817/2727 1146/2999/1147 4961/5373/4961
f 2041/2093/2040 1982/2034/1983 1492/1525/1493
f 3204/3338/3204 4814/5178/4814 2438/2508/2439
f 1531/1567/1532 1530/1566/1531 3811/4013/3811
f 3365/3517/3365 2212/2271/2213 4698/5042/4698
f 1105/1123/1103 4650/4984/4650 1704/1746/1705
f 1703/1745/1704 1105/1123/1103 1704/1746/1705
f 4780/5136/4780 2648/2729/2648 2646/2728/2647
f 3605/3776/3604 4892/5272/4892 1101/1122/1102
f 2457/2529/2458 4513/4820/4513 4512/4819/4512
f 2950/3063/2951 192/193/193 2954/3065/2953
f 4061/4294/4062 2119/2175/2119 3393/3547/3393
f 371/373/372 1209/1230/1208 2058/2111/2058
f 2058/2111/2058 1209/1230/1208 1456/1489/1457
f 4844/5212/4844 4847/5216/4847 4023/4250/4024
f 2457/2529/2458 4575/4889/4575 3047/3163/3048
f 3263/3401/3261 3864/4072/3864 3261/3402/3262
f 4816/5181/4816 2106/2163/2107 4149/4396/4147
f 2385/2449/2385 2751/2843/2751 657/661/655
f 4070/4303/4071 1662/1698/1661 4071/4301/4069
f 811/823/812 4659/4994/4659 4303/4578/4303
f 2437/2505/2437 4526/4834/4526 3321/3467/3321
f 2437/2505/2437 18/2504/16 4526/4834/4526
f 4962/5374/4962 4949/5351/4949 4473/4774/4473
f 3750/3940/3751 1240/1260/1238 4963/5375/4963
f 3970/4187/3970 4755/5106/4755 4577/4890/4576
f 4523/4832/4524 4558/4870/4558 2834/2934/2835
f 1808/1853/1807 1807/1854/1808 3968/4186/3969
f 4707/5051/4707 4842/5211/4843 3749/3937/3748
f 2647/2727/2646 2648/2729/2648 4527/4836/4528
f 543/549/544 545/548/543 1432/1464/1432
f 1560/1595/1560 3062/3176/3061 2891/2995/2891
f 4922/5311/4922 2730/2823/2731 4393/4681/4393
f 4964/5376/4964 520/523/518 519/525/520
f 4928/5321/4928 3464/3624/3465 3466/3623/3464
f 167/168/168 169/167/167 1506/1542/1507
f 14/15/15 4652/4986/4652 4480/4783/4480
f 87/85/85 699/1452/699 3871/5303/3871
f 3487/3648/3487 1971/2022/1971 822/831/820
f 3194/3324/3192 2028/4947/2026 1348/1374/1348
f 3461/3619/3460 532/538/533 3460/3620/3461
f 1528/1563/1528 3248/3387/3248 1529/1564/1529
f 4868/5243/4868 4140/4384/4140 2365/2429/2366
f 628/635/629 627/634/628 1649/1687/1650
f 2464/2533/2462 4583/4900/4583 2462/2534/2463
f 3202/3337/3203 4293/4568/4293 4707/5051/4707
f 3225/3364/3226 176/177/177 4407/4697/4407
f 4843/5210/4842 4707/5051/4707 4726/5073/4726
f 4818/5184/4818 548/551/546 547/553/548
f 1123/1144/1124 1122/1143/1123 2752/2844/2752
f 4166/4419/4166 4333/4616/4334 4912/5299/4912
f 873/887/873 2726/2817/2727 4961/5373/4961
f 365/367/366 843/858/844 366/365/364
f 2298/2361/2299 2094/2149/2095 2096/2148/2094
f 2548/2624/2548 1713/1757/1714 1708/1747/1706
f 4796/5160/4797 4798/5159/4796 4775/5132/4776
f 3531/3695/3531 3449/3608/3449 478/482/479
f 2239/2300/2240 4621/4944/4620 4487/4792/4488
f 3798/3994/3798 2784/2879/2785 4290/4565/4290
f 4831/5197/4830 2004/2055/2004 4830/5198/4831
f 4746/5097/4747 4064/4296/4064 1196/1219/1197
f 4190/4444/4188 4189/4446/4190 3875/4083/3875
f 3832/4037/3832 524/529/524 4841/5209/4841
f 1519/1552/1517 4841/5209/4841 524/529/524
f 3276/3417/3277 4681/5022/4681 4858/5229/4858
f 3965/4182/3965 3575/5377/3575 3545/3710/3545
f 922/939/923 832/1147/830 1807/1854/1808
f 3702/3880/3701 1022/1041/1023 4854/5224/4854
f 1353/1377/1351 4102/4338/4102 1706/1748/1707
f 4533/4842/4533 4476/4779/4476 4703/5048/4704
f 2796/2892/2797 4610/4932/4610 4824/5189/4823
f 2533/2607/2533 304/303/302 3833/4038/3833
f 4950/5352/4950 2991/3104/2991 3060/3175/3060
f 1702/1741/1700 3309/3452/3309 163/161/161
f 4011/4234/4010 4833/5200/4833 4010/4235/4011
f 2657/2741/2658 2182/2238/2180 2656/2739/2656
f 4396/4683/4395 4276/4546/4276 4395/4684/4396
f 2330/2394/2331 3502/3664/3502 2351/2414/2351
f 4861/5232/4860 3576/3747/3576 4860/5233/4861
f 3753/3942/3753 3490/3652/3491 3489/3651/3490
f 2955/3068/2956 1158/1180/1159 2158/2215/2157
f 1151/1173/1152 4181/4436/4181 4611/4934/4612
f 3354/3506/3355 3353/3505/3354 4502/4808/4502
f 3838/4044/3839 1464/1494/1462 4819/5185/4819
f 3189/3318/3188 533/536/531 4965/5378/4965
f 1105/1123/1103 2047/4317/2045 2636/2716/2636
f 3108/3227/3108 1031/1050/1032 451/454/452
f 1946/1998/1947 2654/2736/2654 1947/1997/1946
f 3245/3384/3245 2202/2259/2201 2201/2260/2202
f 3201/3335/3201 3434/3592/3433 3637/3811/3636
f 2563/2641/2563 564/570/565 4616/4940/4616
f 4963/5375/4963 1240/1260/1238 1239/1262/1240
f 769/777/767 2331/2862/2330 767/778/768
f 3888/5379/3888 2308/2370/2308 2310/2372/2310
f 4581/4897/4581 675/679/673 3780/3972/3781
f 2715/2803/2713 1334/1361/1335 593/1118/591
f 1334/1361/1335 4576/4891/4577 593/1118/591
f 3513/3676/3514 4641/4974/4640 4618/4942/4618
f 960/975/958 959/977/960 1930/3678/1930
f 4481/4784/4481 830/842/831 832/841/830
f 2047/4317/2045 1105/1123/1103 1703/1745/1704
f 2832/2931/2832 4532/4840/4532 2071/2125/2072
f 2969/3082/2970 2262/2323/2263 2435/2503/2436
f 1055/1071/1053 1252/1277/1253 4600/4920/4600
f 2066/2119/2066 3553/3719/3552 697/704/698
f 4566/4878/4566 4827/5193/4827 4567/4879/4567
f 1678/1719/1679 2122/2176/2120 1547/1583/1548
f 2288/2351/2289 2290/2350/2288 1612/1645/1610
f 4825/5191/4825 2828/2925/2826 3295/3438/3295
f 436/439/437 438/438/436 3922/4134/3923
f 4884/5264/4884 4883/5263/4883 4874/5252/4874
f 589/596/590 4171/4424/4171 4952/5359/4952
f 2711/2802/2712 2710/2801/2711 3840/4045/3840
f 4966/5380/4966 4692/5367/4692 3440/3600/3441
f 4505/4812/4505 2544/2619/2545 4387/4676/4388
f 3331/3475/3329 4967/5381/4967 4141/4385/4141
f 1511/1544/1509 3622/3794/3621 3881/4090/3882
f 3294/3437/3294 1327/1351/1325 1777/1820/1776
f 4944/5344/4944 4030/4257/4030 999/1018/1000
f 2988/3101/2988 4444/4742/4444 368/3926/369
f 4921/5310/4921 678/682/676 1998/4863/1999
f 2088/2143/2089 3883/4091/3883 2089/2141/2087
f 1244/1267/1243 3308/3451/3308 950/964/948
f 2219/2278/2220 3058/3171/3056 2220/2279/2221
f 4091/4327/4091 4376/4663/4376 1199/1222/1200
f 719/727/720 721/726/719 1865/1912/1865
f 4261/4529/4261 4482/4785/4482 4262/4530/4262
f 2768/2861/2769 2354/2417/2354 2353/2416/2353
f 2354/2417/2354 2768/2861/2769 2806/2901/2806
f 4141/4385/4141 1152/1174/1153 3329/3476/3330
f 706/714/707 3335/3481/3335 3334/3480/3334
f 3960/5382/3960 1235/1256/1234 3022/5276/3023
f 2505/2578/2505 3241/3379/3240 2514/2589/2515
f 2995/3109/2995 2030/3978/2031 3812/4014/3812
f 3264/3404/3264 3634/3809/3634 2780/2871/2778
f 3773/3962/3771 3479/3641/3480 3481/3640/3479
f 3273/3411/3271 4531/4838/4530 3271/3412/3272
f 3266/3407/3267 2544/2619/2545 4505/4812/4505
f 1734/5383/1735 1475/1508/1476 4964/5376/4964
f 1012/1031/1013 4024/4249/4023 1013/1032/1014
f 3763/3953/3764 4153/4400/4151 3764/3954/3765
f 1979/2029/1978 3391/3545/3391 2135/2191/2133
f 823/834/823 4170/4423/4170 4169/4422/4169
f 2987/3100/2987 1332/1356/1330 1331/1358/1332
f 889/904/890 2033/2087/2034 890/905/891
f 4663/4998/4663 377/379/378 4214/4473/4214
f 4210/4469/4210 3016/3131/3017 2947/3057/2945
f 4590/4909/4590 4126/4367/4126 4728/5074/4727
f 1220/1243/1221 2274/2336/2275 1221/1241/1219
f 1188/1389/1186 1358/1384/1358 4578/4893/4578
f 4009/4231/4008 1261/5030/1259 3410/3566/3410
f 3168/3294/3167 2745/4554/2746 3167/3295/3168
f 169/167/167 168/169/169 4946/5346/4946
f 4859/5231/4859 3656/3833/3657 4934/5328/4934
f 3373/3523/3371 3372/3525/3373 3925/4136/3925
f 2985/3099/2986 42/40/40 3308/3451/3308
f 42/40/40 106/104/104 3308/3451/3308
f 1022/1041/1023 4968/5384/4968 4854/5224/4854
f 1867/1915/1868 4105/4342/4105 289/291/290
f 2947/3057/2945 3016/3131/3017 2945/3058/2946
f 2898/3003/2896 4776/5130/4774 2896/3004/2897
f 4717/5064/4717 4799/5162/4799 4562/4875/4563
f 4133/4375/4133 4160/4414/4161 4885/5265/4885
f 1639/1677/1640 1983/2032/1981 2040/2094/2041
f 3257/3396/3257 4682/5023/4682 186/187/187
f 2933/3042/2931 4852/5222/4853 2931/3043/2932
f 4072/4304/4072 1778/1822/1778 909/922/908
f 4233/4496/4233 1307/1331/1305 1306/1333/1307
f 2367/2431/2368 1995/2047/1996 3727/3911/3727
f 1009/1028/1010 602/606/600 601/608/602
f 4171/4424/4171 382/381/380 4007/4228/4005
f 1799/1843/1798 1355/1381/1355 3452/3611/3452
f 3622/3794/3621 1240/1260/1238 3750/3940/3751
f 3436/3594/3435 322/324/323 3435/3595/3436
f 2225/2284/2225 1264/1289/1265 1263/1288/1264
f 3231/3371/3232 396/398/397 4063/4295/4063
f 772/780/770 771/782/772 1112/1133/1113
f 974/992/974 1970/2020/1969 413/416/414
f 4499/4806/4500 3959/4171/3957 4674/5014/4674
f 2971/3083/2971 1046/1065/1047 1047/1064/1046
f 4887/5267/4887 4536/4845/4536 43/44/44
f 4664/5000/4664 3291/3433/3290 1141/1163/1142
f 1847/1893/1846 4736/5084/4736 2200/2258/2200
f 1393/1422/1394 4736/5084/4736 1847/1893/1846
f 4788/5149/4788 4255/4523/4255 4256/4524/4256
f 1320/4773/1321 4103/5279/4103 4267/4536/4267
f 4601/4921/4601 2314/2376/2314 1713/1757/1714
f 4401/4688/4399 1973/2025/1974 4399/4689/4400
f 3575/5377/3575 221/3711/222 3545/3710/3545
f 3071/3187/3072 4328/4609/4329 3234/3373/3234
f 4380/4668/4380 3282/3424/3282 111/112/112
f 1652/1690/1653 4115/4354/4115 3763/3953/3764
f 4782/5138/4782 4046/4273/4046 3292/3435/3292
f 3032/3148/3033 3155/3283/3156 4864/5236/4864
f 380/382/381 4969/5385/4969 1736/1780/1736
f 4516/4823/4516 372/371/370 4364/4652/4365
f 4478/4780/4477 3378/3529/3376 4516/4823/4516
f 3535/3697/3533 2973/3928/2973 4462/4760/4462
f 3125/3248/3126 3126/3247/3125 930/944/928
f 4861/5232/4860 4572/4887/4573 4574/4886/4572
f 4212/4470/4211 4208/4465/4207 4207/4467/4208
f 2766/2859/2767 2767/2858/2766 3389/3543/3389
f 2565/2644/2566 1805/1851/1805 2563/3816/2563
f 1834/1879/1832 1833/1881/1834 1835/1882/1835
f 2360/2423/2360 3348/3498/3349 538/544/539
f 4579/4895/4579 2651/2731/2650 3590/3762/3591
f 3768/3958/3769 3769/3957/3768 1974/2023/1972
f 3769/3957/3768 2825/2924/2825 1974/2023/1972
f 2091/2146/2092 1437/1470/1438 1490/1520/1488
f 3796/3993/3797 3795/3992/3796 4306/4582/4307
f 1649/1687/1650 1650/1686/1649 3247/3386/3247
f 4971/5386/4970 4631/4959/4630 4970/5387/4971
f 1075/1092/1074 4241/4508/4241 1513/1547/1512
f 1075/1092/1074 1513/1547/1512 4371/4657/4370
f 4414/4707/4415 3924/4135/3924 2157/2216/2158
f 1910/1957/1910 2754/2846/2754 1687/1728/1687
f 1306/1333/1307 4519/4828/4520 3468/3628/3469
f 3012/3125/3011 800/809/798 3011/3126/3012
f 4197/4453/4196 2397/2461/2397 3411/3567/3411
f 3410/3566/3410 4397/4686/4397 4009/4231/4008
f 3081/3200/3082 3307/3449/3306 3082/3198/3080
f 46/47/47 976/995/977 2562/2638/2561
f 2848/2947/2848 878/890/876 3078/3196/3078
f 2837/3636/2837 3583/3754/3583 899/911/897
f 4859/5231/4859 4969/5385/4969 589/596/590
f 3043/3157/3042 664/671/665 506/512/507
f 3431/3591/3432 3877/4084/3876 3630/3804/3629
f 217/215/215 582/590/583 215/216/216
f 4801/5164/4801 4800/5163/4800 3994/4213/3993
f 4800/5163/4800 1085/1103/1085 3994/4213/3993
f 45/43/43 44/45/45 2827/2927/2828
f 1875/1920/1873 1996/2048/1997 2449/2520/2450
f 2044/2096/2043 925/942/926 776/788/777
f 4471/4769/4470 4950/5352/4950 3425/3581/3424
f 4471/4769/4470 3425/3581/3424 4470/4770/4471
f 4520/4827/4519 4431/4725/4432 4430/4724/4431
f 3154/3280/3153 2191/2247/2189 2193/2250/2192
f 1446/1479/1447 968/987/969 784/796/785
f 3957/4172/3958 4830/5198/4831 2004/2055/2004
f 4394/4682/4394 4037/4263/4036 1558/1593/1558
f 3868/4076/3868 382/381/380 381/383/382
f 650/657/651 762/770/761 4972/5388/4972
f 218/219/219 3094/3212/3094 2341/2402/2339
f 1218/1238/1216 2965/3076/2964 3551/3718/3551
f 4021/4246/4021 3522/3685/3522 1546/1582/1547
f 2631/2710/2631 2704/2791/2704 1353/1377/1351
f 4821/5187/4821 2933/3042/2931 2932/3044/2933
f 4284/4559/4284 4027/4255/4028 4026/4254/4027
f 2613/2691/2613 1445/1477/1445 1217/1240/1218
f 2300/2360/2298 2299/2362/2300 3895/4104/3896
f 2493/2566/2493 3323/3469/3323 2403/2465/2401
f 2776/3638/2776 1914/1960/1913 2777/3223/2777
f 251/253/252 2347/2411/2348 4140/4384/4140
f 2347/2411/2348 251/253/252 510/516/511
f 4923/5312/4923 3792/3987/3793 1553/1589/1554
f 3625/3799/3625 4022/4247/4022 2948/3060/2948
f 3128/3252/3129 4162/4413/4160 4150/4399/4150
f 155/156/156 4040/4267/4040 4092/4328/4092
f 4112/4351/4112 4234/4497/4234 4908/5295/4908
f 3715/3895/3714 1991/2043/1992 2108/2165/2109
f 535/541/536 4356/4641/4356 1674/1711/1672
f 4972/5388/4972 2131/5389/2132 3317/5142/3318
f 2234/2294/2234 1229/1251/1229 2885/2989/2886
f 3046/3159/3044 4894/5277/4894 3044/3160/3045
f 572/578/573 686/691/685 573/576/571
f 141/139/139 3699/3879/3700 1128/1150/1129
f 1661/1699/1662 4071/4301/4069 1662/1698/1661
f 1097/1115/1097 172/170/170 525/530/525
f 4910/5297/4910 3105/3225/3106 3056/3172/3057
f 4910/5297/4910 4403/4692/4403 3105/3225/3106
f 2614/2692/2614 3124/3246/3124 2307/2368/2306
f 3105/3225/3106 3057/3173/3058 3056/3172/3057
f 3246/3385/3246 2966/3078/2966 2606/2685/2607
f 2585/2663/2585 4648/4981/4647 825/837/826
f 3640/4355/3640 730/738/731 732/737/730
f 3414/3571/3415 3416/3570/3414 4423/4717/4424
f 3009/3123/3009 169/167/167 3949/4163/3949
f 3502/3664/3502 1945/1994/1943 2686/2769/2686
f 1786/1831/1787 2982/5204/2983 1138/1160/1139
f 3472/3630/3471 1999/2051/2000 3471/3631/3472
f 3480/3642/3481 2705/2792/2705 3681/3860/3681
f 2035/2088/2035 2034/2086/2033 1387/1416/1388
f 4287/4563/4288 4537/4846/4537 2124/2181/2125
f 2169/2227/2169 1622/1658/1623 707/712/705
f 3668/5390/3666 3667/4216/3668 2175/2233/2175
f 3852/4058/3852 2942/3054/2942 2939/3052/2940
f 2172/2228/2170 398/400/399 2174/2232/2174
f 679/686/680 681/685/679 247/249/248
f 2537/2611/2537 3134/3258/3134 2538/2612/2538
f 1606/1642/1607 1605/1641/1606 1764/1809/1765
f 81/79/79 4559/4871/4559 3888/4096/3888
f 2691/2774/2691 1060/1079/1061 1062/1078/1060
f 2559/2637/2560 2558/2636/2559 3217/3353/3217
f 4513/4820/4513 3049/3162/3047 2026/2080/2027
f 2551/2625/2549 4143/4389/4143 1497/4388/1496
f 3815/4017/3815 4443/4739/4443 4783/5140/4783
f 3725/3907/3723 3928/4140/3929 812/824/813
f 4876/5254/4876 4684/5025/4684 682/689/683
f 2295/2355/2293 4753/5104/4753 4921/5310/4921
f 4645/4980/4646 4753/5104/4753 2295/2355/2293
f 4964/5376/4964 1475/1508/1476 520/523/518
f 4685/5027/4686 3587/3759/3588 130/131/131
f 3386/3539/3386 1534/1568/1533 2614/5003/2614
f 2504/2577/2504 4317/4595/4317 2199/2255/2197
f 3539/3704/3540 4959/5370/4959 1749/1794/1750
f 3370/3522/3370 2717/2808/2718 4570/4884/4570
f 4231/4490/4230 28/29/29 3359/3511/3359
f 1907/1954/1907 992/1010/992 3075/3191/3074
f 3820/4023/3820 4253/4521/4253 2560/2635/2558
f 3622/3794/3621 1510/1546/1511 3621/3795/3622
f 4052/4280/4052 567/572/567 3310/3453/3310
f 3266/3407/3267 2545/2617/2543 2544/2619/2545
f 2419/2486/2420 592/599/593 1494/1526/1494
f 1690/1732/1691 1692/1731/1690 3888/5379/3888
f 1861/1906/1859 3350/3500/3350 544/5391/545
f 595/602/596 792/803/792 2502/2575/2502
f 2305/2367/2305 2336/2400/2337 4066/4297/4065
f 1639/1677/1640 1981/2033/1982 1983/2032/1981
f 2052/2103/2050 2143/2201/2143 2050/2104/2051
f 2316/2379/2317 2315/2378/2316 1836/1883/1836
f 2356/2420/2357 3458/3933/3458 4723/5070/4723
f 4480/4783/4480 2247/2308/2248 4543/4852/4543
f 3707/3886/3707 3706/3885/3706 4669/5009/4669
f 4709/5053/4709 3757/3945/3756 3756/3946/3757
f 4640/4975/4641 3154/3280/3153 2193/2250/2192
f 4686/5026/4685 4892/5272/4892 4010/4235/4011
f 2302/2365/2303 2864/2963/2863 2303/2363/2301
f 1292/1316/1290 1291/1318/1292 4702/5046/4702
f 157/158/158 4250/4518/4250 158/159/159
f 4472/4772/4472 2714/2805/2715 4354/4639/4354
f 2714/2805/2715 2713/2804/2714 4354/4639/4354
f 1278/1302/1278 4123/4364/4123 2251/2312/2252
f 332/334/333 2703/2790/2703 2147/5076/2148
f 3285/3428/3285 3453/3613/3454 3426/3584/3427
f 1507/1543/1508 1513/1547/1512 1508/1541/1506
f 603/610/604 2546/2620/2546 2254/2315/2255
f 3914/4124/3914 4845/5214/4846 2858/2959/2859
f 3074/3192/3075 3675/3853/3675 3674/3854/3674
f 2508/2582/2508 1829/1874/1828 3644/3820/3644
f 4238/4505/4238 867/880/866 225/224/223
f 3362/3512/3360 3056/3172/3057 4122/4363/4122
f 4973/5392/4973 1295/1319/1293 3882/4089/3881
f 3161/3286/3159 3160/3288/3161 4087/4321/4087
f 3161/3286/3159 4087/4321/4087 3663/3840/3664
f 1836/1883/1836 3170/3299/3171 1668/1704/1667
f 942/956/940 2967/3079/2967 896/908/894
f 2231/2289/2229 2970/3296/2969 3597/3770/3598
f 4075/5393/4075 2645/2726/2645 667/674/668
f 20/21/21 4515/4822/4515 1283/1307/1283
f 1283/1307/1283 4515/4822/4515 1285/1309/1285
f 3393/3547/3393 2871/2971/2871 4335/4617/4335
f 4517/4826/4518 2002/2053/2002 4518/4825/4517
f 734/742/735 733/741/734 3958/4173/3959
f 4582/4898/4582 1126/1145/1125 2160/2219/2161
f 3178/3309/3179 3180/3308/3178 1684/1724/1684
f 4893/5273/4893 1126/1145/1125 4582/4898/4582
f 4042/4268/4041 4654/4988/4653 4974/5394/4974
f 291/293/292 1071/1089/1071 292/294/293
f 4561/4873/4561 4669/5009/4669 3341/3488/3342
f 538/544/539 4806/5170/4806 4805/5169/4805
f 4835/5201/4834 4413/4705/4413 3729/3914/3729
f 2291/2353/2291 2450/2521/2451 2449/2520/2450
f 4086/4320/4086 4085/4319/4085 4343/4625/4341
f 2112/2169/2113 1640/1675/1638 3484/3644/3483
f 3825/4029/3825 2380/2445/2381 391/390/389
f 4423/4717/4424 4182/4438/4182 3414/3571/3415
f 4317/4595/4317 1370/4899/1370 2197/2256/2198
f 1564/1597/1562 1514/1550/1515 96/97/97
f 4197/4453/4196 3411/3567/3411 2215/2273/2215
f 1381/1407/1379 1950/2002/1951 24/22/22
f 2538/2612/2538 558/5395/559 879/894/880
f 4404/4693/4404 3722/3906/3722 1770/1815/1771
f 1595/1631/1596 984/1002/984 1596/1632/1597
f 3721/3905/3721 984/1002/984 1595/1631/1596
f 1992/2041/1990 3715/3895/3714 1180/1202/1181
f 64/65/65 66/64/64 1130/1151/1130
f 1166/1185/1164 2315/2378/2316 2317/2377/2315
f 4900/5286/4900 3430/3590/3431 3432/3589/3430
f 4795/5158/4795 2069/2123/2070 4164/4416/4163
f 2366/2428/2365 3146/3658/3146 3239/5230/3239
f 2084/2138/2084 3510/3672/3510 3973/4191/3974
f 3654/3830/3654 1853/1898/1851 396/398/397
f 396/398/397 1853/1898/1851 4063/4295/4063
f 4061/4294/4062 3393/3547/3393 2162/2221/2163
f 2991/3104/2991 4950/5352/4950 4727/5075/4728
f 3039/3154/3039 182/183/183 320/321/320
f 3802/3999/3802 2746/3998/2745 2745/4552/2746
f 4217/5320/4217 651/655/649 650/657/651
f 3043/3157/3042 2629/2706/2627 664/671/665
f 4338/4622/4338 1244/1267/1243 1243/1268/1244
f 3862/4071/3863 4396/4683/4395 94/92/92
f 4975/5396/4975 1357/1383/1357 1583/1619/1584
f 2904/3011/2904 3515/3675/3513 3514/3677/3515
f 73/74/74 446/1837/444 2984/3097/2984
f 1191/1211/1189 1425/1456/1424 1848/1896/1849
f 4976/5397/4976 1334/1361/1335 1333/1360/1334
f 3698/3875/3696 4789/5150/4789 3983/4203/3984
f 3460/3620/3461 3628/3803/3628 4637/4970/4637
f 3426/3584/3427 3453/3613/3454 208/206/206
f 705/713/706 3205/3339/3205 2575/2654/2576
f 1261/1283/1259 2988/3101/2988 367/5239/368
f 1339/1366/1340 1346/1372/1346 1340/1364/1338
f 3089/3208/3090 3179/3310/3180 1796/1841/1796
f 3089/3208/3090 3180/3308/3178 3179/3310/3180
f 551/554/549 805/814/803 3112/3231/3112
f 4874/5252/4874 4977/5398/4977 98/99/99
f 896/908/894 3708/3887/3708 894/909/895
f 2122/2176/2120 1678/1719/1679 2120/2177/2121
f 3962/4178/3963 4014/4238/4014 2287/4179/2287
f 2214/2272/2214 4445/4743/4445 2215/2273/2215
f 3110/3230/3111 3109/3229/3110 4842/5211/4843
f 3110/3230/3111 4842/5211/4843 4450/4748/4450
f 3772/3964/3773 3771/3963/3772 2856/2957/2857
f 1181/1200/1179 3715/3895/3714 1175/1196/1175
f 2061/2112/2059 2907/3013/2906 2059/2113/2060
f 1978/2030/1979 2599/2678/2600 3961/4176/3961
f 3976/4194/3977 1021/1040/1022 3489/3651/3490
f 4402/4691/4402 3106/3224/3105 4403/4692/4403
f 4124/4365/4124 3070/3186/3071 1783/1828/1784
f 3028/3141/3026 4758/5109/4758 3026/3142/3027
f 2489/2562/2489 1761/1805/1761 4898/5284/4898
f 1565/4411/1566 3400/3555/3400 1566/3554/1567
f 4904/5290/4904 3076/3194/3076 2122/2176/2120
f 3341/3488/3342 4669/5009/4669 3342/3489/3343
f 3450/3609/3450 3591/3763/3592 2650/2732/2651
f 3375/3526/3374 1561/1596/1561 1213/1236/1214
f 2923/5365/2921 3465/3625/3466 2921/4957/2922
f 4752/5103/4752 1101/1122/1102 4606/4926/4606
f 1008/1024/1006 2610/4740/2610 2609/3585/2609
f 3111/3228/3109 4534/4843/4534 3109/3229/3110
f 758/768/759 4966/5380/4966 3441/3599/3440
f 3492/3654/3493 1773/1818/1774 1774/1817/1773
f 640/647/641 901/914/900 641/648/642
f 1960/2011/1960 1511/1544/1509 3881/4090/3882
f 4266/4535/4266 1658/1696/1659 2655/2737/2655
f 4697/5040/4696 4959/5370/4959 4807/5171/4807
f 278/280/279 2295/2355/2293 4632/4961/4632
f 33/31/31 32/33/33 2036/2089/2036
f 1643/1681/1644 4320/4599/4320 4609/4931/4609
f 4313/4589/4313 3824/4028/3824 2381/2446/2382
f 4747/5095/4745 4838/5206/4838 4745/5096/4746
f 1631/4804/1631 1629/1662/1627 1628/1664/1629
f 2364/2427/2364 4526/4834/4526 3280/3421/3280
f 4128/4369/4128 507/513/508 2906/3014/2907
f 3052/3168/3053 3051/3167/3052 220/218/218
f 3632/3808/3633 4722/5069/4722 3759/3949/3760
f 2629/2706/2627 4624/4951/4623 664/671/665
f 2731/2821/2729 4970/5387/4971 2729/2822/2730
f 2731/2821/2729 4971/5386/4970 4970/5387/4971
f 618/625/619 165/166/166 164/165/165
f 4814/5178/4814 1164/1186/1165 1166/1185/1164
f 4780/5136/4780 3156/3282/3155 611/615/609
f 3403/3558/3403 3889/4097/3889 4978/5399/4978
f 4157/4406/4157 1769/1812/1768 110/111/111
f 29/30/30 3951/4164/3950 4899/5285/4899
f 1121/1140/1120 1120/1141/1121 4356/4641/4356
f 4355/4640/4355 4979/5400/4979 964/983/965
f 2922/3031/2923 3515/3675/3513 2904/3011/2904
f 4028/4253/4026 4252/4520/4252 406/405/404
f 1912/1958/1911 1911/1959/1912 1402/1433/1403
f 3399/3552/3398 3969/4185/3968 3395/3549/3395
f 3670/3847/3671 3018/4291/3018 3050/3165/3050
f 3806/4007/3806 111/112/112 2791/2886/2792
f 4846/5213/4845 4334/4615/4333 4732/5078/4730
f 2336/2400/2337 4711/5057/4711 2821/2920/2821
f 3306/3450/3307 3081/3200/3082 3899/4108/3900
f 4029/4256/4029 1673/1713/1674 97/95/95
f 1327/1351/1325 1326/1353/1327 1776/1821/1777
f 590/595/589 4859/5231/4859 589/596/590
f 4043/4270/4043 2205/2264/2206 4295/4570/4295
f 4711/5057/4711 4436/4729/4436 2821/2920/2821
f 2821/2920/2821 4436/4729/4436 2793/2888/2794
f 3726/3910/3726 1947/1997/1946 1868/2735/1867
f 226/4710/227 228/5262/226 1913/1961/1914
f 4110/4347/4108 4530/4839/4531 4531/4838/4530
f 3300/3444/3301 4096/4333/4097 4098/4332/4096
f 3868/4076/3868 4593/4911/4592 4976/5397/4976
f 3274/3414/3274 3809/4011/3809 2767/2858/2766
f 2014/2066/2015 3850/4054/3849 4498/4803/4498
f 941/958/942 2716/2806/2716 3786/3980/3786
f 3786/3980/3786 1585/1620/1585 941/958/942
f 3383/3536/3383 524/529/524 171/172/172
f 885/897/883 884/899/885 2990/3103/2990
f 1005/1023/1005 1732/1776/1732 60/58/58
f 354/356/355 353/355/354 1159/1178/1157
f 1852/1900/1853 4367/4654/4367 3623/3796/3623
f 2689/2770/2687 2688/2772/2689 4770/5125/4770
f 1242/1266/1242 4457/4755/4457 1416/1448/1417
f 4028/4253/4026 4027/4255/4028 4252/4520/4252
f 937/2902/937 2400/2464/2400 996/1012/994
f 1625/1661/1626 2032/2083/2030 634/641/635
f 4970/5387/4971 4631/4959/4630 4880/5259/4880
f 1077/1096/1078 2923/3029/2921 4815/5180/4815
f 704/709/702 4865/5237/4865 4936/5331/4936
f 4812/5176/4812 4599/4919/4599 4325/4606/4326
f 203/204/204 1241/1263/1241 204/205/205
f 550/556/551 2813/2910/2813 3279/3419/3279
f 4857/5228/4857 3599/3772/3600 4196/4454/4197
f 1592/1628/1593 3721/3905/3721 1595/1631/1596
f 4769/5123/4769 4202/4460/4202 3377/3531/3378
f 3953/4167/3953 4618/4942/4618 4850/5220/4851
f 4458/4756/4458 1218/1238/1216 3551/3718/3551
f 4160/4414/4161 4133/4375/4133 495/501/496
f 4866/5238/4866 4431/4725/4432 1305/1332/1306
f 1163/1183/1162 1886/1934/1887 3691/3871/3692
f 1138/1160/1139 2982/5204/2983 3620/4619/3620
f 3498/3660/3498 677/684/678 1361/1388/1362
f 4358/4645/4359 1986/2035/1984 2831/2929/2830
f 1674/1711/1672 4356/4641/4356 1672/1712/1673
f 1293/1320/1294 2192/2251/2193 3997/4217/3996
f 1786/1831/1787 3040/3155/3040 1186/1209/1187
f 3780/3972/3781 674/681/675 4125/4366/4125
f 4383/4672/4384 4385/4671/4383 4917/5305/4917
f 4775/5132/4776 4798/5159/4796 4881/5260/4881
f 2721/2811/2721 2720/2810/2720 2819/2919/2820
f 2230/2291/2231 2229/2290/2230 2658/2740/2657
f 4510/4818/4511 4394/4682/4394 4748/5098/4748
f 4980/5401/4980 4446/4744/4446 3703/3882/3703
f 3987/4205/3986 742/747/740 741/749/742
f 2745/2838/2746 1849/1897/1850 4764/5116/4764
f 4099/4336/4100 4101/4335/4099 4599/4919/4599
f 310/309/308 3435/3595/3436 2116/2171/2115
f 2792/2885/2791 3855/4064/3856 150/148/148
f 4618/4942/4618 4851/5219/4850 4850/5220/4851
f 1428/1458/1426 4754/5105/4754 1648/1683/1646
f 4839/5207/4839 4527/4836/4528 3177/3306/3177
f 3178/3309/3179 1409/1439/1409 4124/4365/4124
f 4890/5270/4890 702/710/703 4134/4378/4135
f 4154/4404/4155 4155/4403/4154 2271/2332/2272
f 1126/1145/1125 832/1147/830 922/939/923
f 3593/3764/3593 4634/5402/4634 3515/3675/3513
f 3323/3469/3323 452/452/450 451/454/452
f 4191/4447/4191 3607/3780/3608 4192/4448/4192
f 3262/3403/3263 3707/3886/3707 4669/5009/4669
f 3607/3780/3608 4811/5175/4811 4192/4448/4192
f 4538/4848/4539 2908/3015/2908 107/108/108
f 1155/1176/1155 1145/1166/1145 3247/3386/3247
f 687/694/688 3367/3519/3367 3446/3605/3446
f 4166/4419/4166 3106/3224/3105 4402/4691/4402
f 89/90/90 2157/2216/2158 4712/5058/4712
f 4058/4287/4058 932/5227/932 1759/1803/1759
f 2220/2279/2221 3566/3736/3567 3565/3735/3566
f 4488/4790/4486 4487/4792/4488 3235/3374/3235
f 3757/3945/3756 4463/4763/4464 2334/2395/2332
f 1976/2028/1977 4400/4690/4401 4236/4503/4236
f 4487/4792/4488 4621/4944/4620 3235/3374/3235
f 4606/4926/4606 4188/4445/4189 4190/4444/4188
f 3787/3982/3788 907/919/905 3788/3983/3789
f 2223/2280/2222 83/84/84 2410/2473/2409
f 54/52/52 4936/5331/4936 4860/5233/4861
f 8/9/9 4914/5301/4914 4285/4560/4285
f 4912/5299/4912 4333/4616/4334 4846/5213/4845
f 2162/2221/2163 4335/4617/4335 521/527/522
f 789/798/787 521/527/522 4335/4617/4335
f 4186/4442/4186 3901/4109/3901 95/96/96
f 4638/4971/4638 1780/1825/1781 3311/3454/3311
f 3018/4291/3018 3670/3847/3671 3671/3846/3670
f 1895/1941/1894 1894/1942/1895 2990/3103/2990
f 4107/4344/4107 114/115/115 4536/4845/4536
f 3374/3527/3375 632/639/633 2744/2834/2742
f 4553/4864/4553 4981/5403/4981 4729/5077/4729
f 2617/2696/2618 1130/1151/1130 66/64/64
f 1228/1250/1228 1883/1930/1883 1225/1248/1226
f 658/665/659 2509/2584/2510 659/666/660
f 1776/1821/1777 2773/2864/2771 2537/2611/2537
f 1349/1376/1350 1350/1375/1349 2807/2903/2807
f 3074/3192/3075 4956/5404/4956 2815/3193/2815
f 2530/2603/2529 1780/1825/1781 1888/1935/1888
f 4794/5157/4794 3829/4033/3829 920/937/921
f 628/635/629 3211/3345/3210 1258/1282/1258
f 483/484/481 2141/2199/2141 154/155/155
f 4982/5405/4982 4114/4353/4114 3738/3924/3738
f 1269/1294/1270 4821/5187/4821 4465/4762/4463
f 2093/2147/2093 4168/4421/4168 4497/4802/4497
f 4564/4876/4564 4207/4467/4208 4350/4634/4350
f 3006/3120/3006 860/875/861 1882/1929/1882
f 4835/5201/4834 4834/5202/4835 4899/5285/4899
f 1375/1404/1376 1378/1406/1378 3936/4151/3937
f 3637/3811/3636 3636/3812/3637 3201/3335/3201
f 1067/1086/1068 2761/2853/2761 3894/4102/3894
f 4817/5183/4817 599/603/597 3793/3985/3791
f 758/768/759 36/4635/34 35/5406/36
f 4898/5284/4898 4371/4657/4370 4856/5226/4856
f 2930/4458/2930 2885/2989/2886 2284/2347/2285
f 4545/4854/4545 170/171/171 4142/4386/4142
f 2825/2924/2825 3742/3929/3741 4056/4283/4054
f 1600/1633/1598 3502/3664/3502 2686/2769/2686
f 1173/1195/1174 1181/1200/1179 1150/1169/1148
f 1681/1722/1682 1680/1721/1681 4384/4673/4385
f 3664/3841/3665 15/13/13 17/18/18
f 199/197/197 4298/4573/4298 197/198/198
f 3916/4126/3916 3863/4070/3862 93/94/94
f 4710/5054/4710 4256/4524/4256 3243/3381/3242
f 3243/3381/3242 4256/4524/4256 3529/3693/3529
f 4977/5398/4977 4980/5401/4980 4942/5340/4942
f 2503/2576/2503 3594/3765/3594 180/181/181
f 4941/5339/4941 2641/2723/2642 4282/4556/4282
f 4772/5127/4772 3790/3984/3790 3448/3607/3448
f 4088/4323/4088 3846/4051/3846 4425/4718/4425
f 356/358/357 351/353/352 350/352/351
f 4673/5011/4671 2241/2299/2239 4561/4873/4561
f 4628/4956/4628 4633/4963/4633 2921/4957/2922
f 4181/4436/4181 2059/2113/2060 313/312/311
f 4749/5099/4749 4382/4670/4382 3986/4206/3987
f 1441/1471/1439 4983/5407/4983 4765/5118/4765
f 3963/4177/3962 4075/5393/4075 3962/4178/3963
f 4334/4615/4333 4730/5079/4731 4732/5078/4730
f 184/182/182 183/184/184 1790/1834/1790
f 3344/3490/3344 4444/4742/4444 3705/3883/3704
f 113/114/114 1488/1521/1489 1490/1520/1488
f 3481/3640/3479 1704/1746/1705 3773/3962/3771
f 3773/3962/3771 1704/1746/1705 4650/4984/4650
f 4523/4832/4524 2052/2103/2050 4524/4831/4523
f 4943/5341/4943 1196/1219/1197 3623/3796/3623
f 684/688/682 4092/4328/4092 4876/5254/4876
f 4750/5100/4750 2213/2270/2212 4302/4577/4302
f 838/849/838 2250/4736/2250 833/850/833
f 895/910/896 3445/3604/3445 942/956/940
f 2194/2253/2195 3519/3682/3519 4323/4603/4323
f 225/2481/223 2415/2480/2415 2077/2130/2076
f 3303/3447/3304 3302/3446/3303 3902/4112/3902
f 1902/1947/1900 3544/3709/3544 1900/1948/1901
f 2670/2753/2670 2633/2713/2634 2432/2499/2433
f 3218/3354/3218 344/346/345 4142/4386/4142
f 540/546/541 1190/1213/1191 2445/2514/2444
f 2769/2860/2768 2353/2416/2353 2770/2863/2770
f 3696/3876/3697 4865/5237/4865 704/709/702
f 1155/1176/1155 842/1424/842 3077/3195/3077
f 1417/1446/1415 485/487/484 1415/1447/1416
f 3226/3362/3224 3866/4075/3867 4585/4902/4585
f 3574/3745/3574 3399/3552/3398 3398/3553/3399
f 4139/4382/4138 251/253/252 4140/4384/4140
f 4351/4636/4351 4352/4637/4352 3482/3643/3482
f 3941/4154/3940 4957/5368/4957 3940/4155/3941
f 4680/5020/4680 2765/2856/2764 4047/4274/4047
f 1536/1572/1537 2735/2828/2736 4127/4368/4127
f 171/172/172 525/530/525 172/170/170
f 1868/1914/1867 2705/2792/2705 1867/1915/1868
f 3221/3359/3221 4911/5298/4911 1761/1805/1761
f 3839/4043/3838 1462/1495/1463 1464/1494/1462
f 462/465/463 2375/2437/2373 463/466/464
f 4691/5034/4691 4960/5371/4960 254/256/255
f 1958/2009/1958 466/469/467 3019/5056/3020
f 3796/3993/3797 4612/4933/4611 3797/3991/3795
f 2468/5408/2469 224/226/225 1744/1788/1744
f 1621/1657/1622 3205/3339/3205 1622/1658/1623
f 4136/4379/4136 1124/1142/1122 1588/1623/1588
f 4626/4954/4626 3624/3797/3624 1198/1218/1196
f 122/123/123 3491/3650/3489 3490/3652/3491
f 2191/2247/2189 2190/2249/2191 2193/2250/2192
f 588/592/586 587/594/588 3068/3183/3068
f 2350/2413/2350 452/452/450 417/417/415
f 4853/5221/4852 2660/2744/2661 2662/2743/2660
f 708/716/709 1898/1946/1899 3908/4118/3908
f 3538/3702/3538 3192/3325/3193 1348/1374/1348
f 4833/5200/4833 2105/2159/2103 2104/2161/2105
f 535/541/536 1121/1140/1120 4356/4641/4356
f 4665/5002/4666 4394/4682/4394 4511/4817/4510
f 2817/2917/2818 4863/5235/4863 3031/3146/3031
f 3220/3358/3220 3903/4113/3903 1916/1964/1917
f 3393/3547/3393 2119/2175/2119 161/162/162
f 2261/2321/2261 2260/2320/2260 4595/4913/4594
f 3956/4170/3956 227/229/228 102/103/103
f 4119/4361/4120 3686/4360/3684 3685/5409/3686
f 1051/3510/1051 642/3800/640 3627/3802/3627
f 364/366/365 4805/5169/4805 387/389/388
f 3727/3911/3727 1997/2046/1995 1874/1922/1875
f 1673/1713/1674 4029/4256/4029 2650/2732/2651
f 164/165/165 166/164/164 2119/2175/2119
f 3550/3714/3548 2999/3114/3000 334/336/335
f 1008/1024/1006 4327/4607/4327 1006/1025/1007
f 4043/4270/4043 4295/4570/4295 3100/3219/3101
f 3086/3205/3087 1314/1340/1314 1636/5308/1636
f 4858/5229/4858 4681/5022/4681 3831/4036/3831
f 1960/2011/1960 1294/1321/1295 1290/1317/1291
f 3011/3126/3012 800/809/798 4607/5410/4607
f 1917/1962/1915 2226/2286/2226 689/1875/687
f 3458/3617/3458 2499/2573/2500 2699/2785/2698
f 4359/4646/4360 2831/2929/2830 2771/2865/2772
f 4579/4895/4579 1194/1217/1195 536/539/534
f 795/804/793 877/892/878 793/805/794
f 4461/4759/4461 3605/3776/3604 4794/5157/4794
f 4605/4924/4604 4211/4471/4212 4564/4876/4564
f 136/137/137 3061/3177/3062 1632/1669/1633
f 999/1018/1000 4432/4723/4430 4944/5344/4944
f 1004/1020/1002 3249/3528/3249 600/5411/601
f 3771/3963/3772 4340/4624/4340 2857/2956/2856
f 4908/5295/4908 4234/4497/4234 3470/3627/3468
f 2134/2193/2135 4670/5010/4670 3093/3211/3093
f 966/984/966 2385/2449/2385 183/184/184
f 3390/3544/3390 537/543/538 3448/3607/3448
f 3603/3775/3603 575/579/574 26/27/27
f 3074/3192/3075 3674/3854/3674 4956/5404/4956
f 3657/3831/3655 4932/5325/4932 4668/5005/4667
f 3729/3914/3729 108/109/109 824/835/824
f 254/5139/255 2298/2361/2299 3440/3600/3441
f 3464/3624/3465 4718/5066/4719 4382/4670/4382
f 1399/1430/1400 4546/4855/4546 1981/2033/1982
f 629/633/627 2546/2620/2546 1184/1206/1184
f 31/32/32 1155/1176/1155 3247/3386/3247
f 3797/3991/3795 312/314/313 2902/3009/2902
f 2570/2647/2569 4862/5234/4862 74/75/75
f 807/819/808 2421/2488/2422 4907/5294/4907
f 1880/1928/1881 2187/2246/2188 2854/4485/2854
f 747/755/748 746/754/747 4260/4528/4260
f 3312/5004/3312 449/449/447 3286/3430/3287
f 2644/2724/2643 1629/1662/1627 1631/4804/1631
f 3069/3184/3069 4441/4735/4441 2795/2890/2795
f 1675/1714/1675 1248/3399/1249 1805/1851/1805
f 1263/1288/1264 1265/1287/1263 3239/5230/3239
f 4639/4972/4639 4981/5403/4981 4215/4474/4215
f 460/463/461 4175/4429/4175 2237/2297/2237
f 4717/5064/4717 2070/2121/2068 4799/5162/4799
f 1328/1354/1328 1325/1352/1326 1327/1351/1325
f 4919/5307/4919 3732/3918/3733 4678/5019/4679
f 870/884/870 459/462/460 871/885/871
f 4969/5385/4969 2402/2467/2403 2401/2466/2402
f 152/153/153 1154/1175/1154 153/151/151
f 2110/2164/2108 2025/2076/2025 2406/2469/2405
f 3307/3449/3306 3306/3450/3307 359/361/360
f 4046/4273/4046 4763/5114/4763 3292/3435/3292
f 3207/3341/3207 955/973/956 4104/4340/4104
f 3844/4047/3842 3750/3940/3751 3842/4048/3843
f 1684/1724/1684 1409/1439/1409 3178/3309/3179
f 4103/5279/4103 3547/3713/3547 2790/2884/2790
f 4341/4626/4342 4854/5224/4854 4968/5384/4968
f 4938/5335/4938 4486/4791/4487 4488/4790/4486
f 2240/2301/2241 4486/4791/4487 4938/5335/4938
f 4838/5206/4838 4590/4909/4590 4745/5096/4746
f 4901/5287/4901 3071/3187/3072 3070/3186/3071
f 2014/2066/2015 2013/2065/2014 2814/2913/2814
f 4847/5216/4847 4038/4265/4038 607/614/608
f 149/150/150 4953/5361/4953 3636/3812/3637
f 4233/4496/4233 1306/1333/1307 3468/3628/3469
f 2654/2736/2654 3803/4004/3803 1868/2735/1867
f 225/2481/223 2077/2130/2076 4238/5327/4238
f 607/614/608 606/613/607 4847/5216/4847
f 4435/4728/4435 508/511/506 507/513/508
f 2222/2281/2223 3543/3708/3543 83/84/84
f 4859/5231/4859 4934/5328/4934 2493/2566/2493
f 3039/3154/3039 3334/3480/3334 182/183/183
f 1420/1449/1418 3305/3448/3305 25/26/26
f 3305/3448/3305 3603/3775/3603 25/26/26
f 1399/1430/1400 571/577/572 4546/4855/4546
f 1151/1173/1152 4611/4934/4612 4612/4933/4611
f 3847/4053/3848 936/952/936 1279/1303/1279
f 1135/1157/1136 4616/4940/4616 563/569/564
f 4984/5412/4984 1371/1400/1372 4933/5326/4933
f 4984/5412/4984 4965/5378/4965 1371/1400/1372
f 4109/4349/4110 4108/4348/4109 4325/4606/4326
f 4673/5011/4671 3341/3488/3342 4671/5012/4672
f 2748/2839/2747 1833/1881/1834 1832/1880/1833
f 3569/3738/3568 3899/4108/3900 3900/4107/3899
f 4127/4368/4127 1537/1573/1538 1536/1572/1537
f 4127/4368/4127 845/860/846 1537/1573/1538
f 955/973/956 957/972/955 3451/3610/3451
f 3280/3421/3280 3964/4181/3964 4290/4565/4290
f 4484/4788/4484 4409/4699/4409 4332/4611/4330
f 3791/3986/3792 3540/3703/3539 4791/5154/4791
f 4869/5413/4869 4200/4457/4200 3025/3139/3025
f 67/68/68 3794/3990/3794 1274/1296/1272
f 4584/4901/4584 2902/3009/2902 1977/2026/1975
f 2687/2771/2688 2689/2770/2687 3892/4101/3893
f 4906/5292/4906 4733/5081/4733 2636/5055/2636
f 4976/5397/4976 4593/4911/4592 1334/1361/1335
f 4943/5341/4943 4746/5097/4747 1196/1219/1197
f 509/515/510 2347/2411/2348 510/516/511
f 3750/3940/3751 4963/5375/4963 4095/4331/4095
f 17/18/18 15/13/13 3823/4025/3822
f 665/672/666 664/671/665 4792/5155/4792
f 1813/2783/1812 4867/5240/4867 1002/1021/1003
f 4334/4615/4333 4627/4955/4627 4730/5079/4731
f 3676/3856/3677 3139/3262/3138 99/100/100
f 3115/3234/3115 410/413/411 2414/2478/2414
f 1319/1343/1317 3523/3686/3523 1311/1338/1312
f 4651/4985/4651 1958/2009/1958 3774/3965/3774
f 304/303/302 303/305/304 1096/1114/1096
f 325/327/326 4828/5194/4828 4688/5029/4688
f 4918/5306/4918 3744/3932/3744 3409/3565/3409
f 4109/4349/4110 4326/4605/4325 4530/4839/4531
f 1545/1579/1544 165/166/166 618/625/619
f 4272/4542/4272 4108/4348/4109 4110/4347/4108
f 4211/4471/4212 4739/5087/4739 4212/4470/4211
f 4580/4896/4580 4573/4888/4574 4361/4647/4361
f 2954/3065/2953 4870/5247/4870 2953/3066/2954
f 4834/5202/4835 2669/2751/2668 3290/3434/3291
f 1554/1587/1552 3212/3348/3212 1552/1588/1553
f 1780/1825/1781 2530/2603/2529 2529/2604/2530
f 3591/3763/3592 3590/3762/3591 2650/2732/2651
f 3142/3267/3142 2398/4324/2399 3284/4492/3284
f 2478/2550/2478 1573/1609/1574 1575/1608/1573
f 1259/1284/1260 260/4548/261 1260/1285/1261
f 3003/3117/3003 1224/1244/1222 2042/2095/2042
f 3491/3650/3489 122/123/123 4952/5359/4952
f 465/468/466 3615/3787/3615 1185/1207/1185
f 2931/3043/2932 2332/2396/2333 2334/2395/2332
f 672/678/672 2506/2581/2507 205/203/203
f 4457/4755/4457 205/203/203 2506/2581/2507
f 2588/2664/2586 4940/5337/4940 1256/1278/1254
f 1571/1606/1571 692/1665/690 691/3189/692
f 3897/4105/3897 3229/4174/3229 314/316/315
f 4790/5152/4790 405/4500/406 4208/4465/4207
f 4715/5062/4715 2706/2793/2706 4195/4452/4195
f 4525/4833/4525 4985/5414/4985 178/176/176
f 2556/2633/2556 1613/1649/1614 2557/2634/2557
f 1366/1395/1367 3004/3118/3004 3547/4776/3547
f 4966/5380/4966 35/5406/36 4692/5367/4692
f 3373/3523/3371 3926/4137/3926 3371/3524/3372
f 2603/2679/2601 3879/4088/3880 1823/1869/1823
f 3914/4124/3914 4264/4532/4264 4845/5214/4846
f 3632/3808/3633 3759/3949/3760 3761/3948/3759
f 4404/4693/4404 3621/3795/3622 4962/5374/4962
f 4772/5127/4772 3878/4086/3878 2427/2493/2427
f 388/387/386 4806/5170/4806 4910/5297/4910
f 266/267/266 60/58/58 59/60/60
f 620/624/618 4667/5006/4668 4636/4969/4636
f 4748/5098/4748 1399/1430/1400 1401/1429/1399
f 533/536/531 3188/3319/3189 4923/5312/4923
f 3228/3366/3228 2393/4221/2394 2620/2698/2620
f 1590/1626/1591 2319/2381/2319 2323/2385/2323
f 3068/3183/3068 2088/2143/2089 2087/2142/2088
f 4872/5250/4872 3271/3412/3272 4490/4793/4489
f 4926/5315/4926 4886/5266/4886 4784/5144/4785
f 4616/4940/4616 2920/3027/2920 2563/2641/2563
f 2853/2951/2852 3123/3244/3123 2852/2952/2853
f 4551/4861/4551 329/328/327 1357/1383/1357
f 734/742/735 4489/4794/4490 4391/4679/4391
f 178/176/176 4985/5414/4985 2760/2851/2759
f 3619/3790/3617 3618/3792/3619 37/38/38
f 522/528/523 709/715/708 4/5/5
f 1091/1109/1091 3011/3126/3012 4607/5410/4607
f 2699/2785/2698 2499/2573/2500 2501/2572/2499
f 2308/2370/2308 1692/1731/1690 2895/3002/2895
f 3963/4761/3962 2287/2349/2287 3535/3697/3533
f 3535/3697/3533 2287/2349/2287 3533/3698/3534
f 4600/4920/4600 1252/1277/1253 1251/1276/1252
f 2443/2511/2441 3107/3226/3107 2441/2512/2442
f 3820/4023/3820 3375/3526/3374 2744/2834/2742
f 4866/5238/4866 2527/2599/2525 4442/4738/4442
f 4750/5100/4750 3366/3518/3366 3631/3807/3632
f 2943/3056/2944 1421/1454/1422 2944/3055/2943
f 2431/2498/2432 2976/3088/2976 2670/2753/2670
f 2827/2927/2828 2775/2868/2775 3815/4017/3815
f 2252/2311/2251 142/143/143 144/142/142
f 4971/5386/4970 3255/3395/3256 4631/4959/4630
f 3359/3511/3359 2804/2899/2804 4231/4490/4230
f 3401/3556/3401 2936/3048/2936 2473/2544/2472
f 1764/1809/1765 1766/1808/1764 3783/3973/3782
f 3004/3118/3004 1236/1259/1237 1878/1924/1877
f 3004/3118/3004 3003/3117/3003 1237/1258/1236
f 1021/1040/1022 3976/4194/3977 3977/4193/3976
f 4585/4902/4585 4905/5291/4905 4220/4480/4221
f 4329/4608/4328 4319/4597/4319 3469/3629/3470
f 2226/2286/2226 1089/3706/1087 689/1875/687
f 1089/1105/1087 2840/2939/2840 689/693/687
f 1246/1271/1247 1245/1270/1246 3903/4113/3903
f 3669/3845/3669 1246/1271/1247 3903/4113/3903
f 4292/4567/4292 2990/3103/2990 4807/5171/4807
f 4327/4607/4327 4291/4566/4291 1006/1025/1007
f 1212/1232/1210 1211/1234/1212 1268/1290/1266
f 2946/3059/2947 3015/3130/3016 3355/3504/3353
f 3437/3597/3438 4202/4460/4202 4769/5123/4769
f 1213/1236/1214 3952/4166/3952 4390/4678/4390
f 3265/3405/3265 4986/5415/4986 238/240/239
f 4944/5344/4944 4442/4738/4442 4030/4257/4030
f 4374/4662/4375 3751/3941/3752 3844/4047/3842
f 4762/5112/4761 4552/4862/4552 4960/5371/4960
f 2717/2808/2718 581/584/579 4570/4884/4570
f 1871/1919/1872 1870/1918/1871 42/40/40
f 4330/4612/4331 267/269/268 4760/5111/4760
f 4838/5206/4838 1206/1229/1207 4590/4909/4590
f 1241/1263/1241 4714/5060/4714 204/205/205
f 3849/4055/3850 448/451/449 447/450/448
f 4927/5316/4927 4744/5094/4744 330/331/330
f 3862/4071/3863 4786/5145/4786 4396/4683/4395
f 68/69/69 4987/5416/4987 235/237/236
f 3839/4043/3838 2294/5007/2295 1462/1495/1463
f 1495/1529/1495 1259/1284/1260 456/459/457
f 1690/5093/1691 4194/4450/4194 3841/5278/3841
f 2510/2583/2509 4746/5097/4747 4310/4583/4308
f 1474/1504/1472 1473/1506/1474 4127/4368/4127
f 462/465/463 3364/3516/3364 3900/4107/3899
f 4245/4512/4245 2379/2443/2379 4223/4482/4223
f 4903/5289/4903 3257/3396/3257 2665/2747/2664
f 491/496/489 4266/4966/4266 2275/2335/2274
f 4704/5047/4703 4762/5112/4761 4737/5085/4737
f 920/937/921 3829/4033/3829 921/936/920
f 4444/4742/4444 260/4548/261 3705/3883/3704
f 2214/2272/2214 752/759/750 3511/3674/3512
f 2700/2788/2701 3157/3284/3157 1859/1907/1860
f 4379/4666/4379 3839/4043/3838 3153/3281/3154
f 3837/4040/3835 578/581/576 3835/4041/3836
f 2236/2295/2235 1730/1775/1731 1729/1774/1730
f 3650/3826/3650 1891/1936/1889 2012/2062/2011
f 3650/3826/3650 2012/2062/2011 4787/5146/4787
f 1772/1814/1770 4660/4995/4660 4095/4331/4095
f 3406/3559/3404 2846/2943/2844 3404/3560/3405
f 2833/2932/2833 3404/3560/3405 2846/2943/2844
f 832/1147/830 831/4937/832 1807/1854/1808
f 789/798/787 788/800/789 521/527/522
f 3600/3773/3601 4307/4581/4306 2757/2847/2755
f 3554/3721/3554 2895/3002/2895 1691/1733/1692
f 4958/5369/4958 3571/3743/3572 4766/5119/4766
f 1734/1779/1735 1733/1778/1734 2605/2682/2604
f 188/189/189 4724/5071/4724 189/190/190
f 4647/4982/4648 12/10/10 825/837/826
f 3868/4076/3868 1736/1780/1736 4592/4912/4593
f 1379/1408/1380 3810/4130/3810 421/1709/422
f 3101/3217/3099 3320/3465/3319 3099/3218/3100
f 1834/1879/1832 1836/1883/1836 1165/1187/1166
f 4257/4525/4257 4159/4410/4159 1450/1480/1448
f 3480/3642/3481 1193/1214/1192 2705/2792/2705
f 841/855/841 58/854/59 1756/1800/1756
f 3103/3221/3103 1658/1696/1659 4237/4504/4237
f 1284/1308/1284 21/19/19 20/21/21
f 2292/2794/2292 2707/2795/2707 736/744/737
f 3719/3898/3717 4384/4673/4385 3717/3899/3718
f 3978/4195/3978 3658/3835/3659 4553/4864/4553
f 2379/2443/2379 1557/1590/1555 4223/4482/4223
f 849/861/847 1083/1102/1084 3500/3662/3500
f 778/790/779 780/789/778 2002/2053/2002
f 4551/4861/4551 4960/5371/4960 4552/4862/4552
f 3684/3864/3685 1906/1952/1905 2356/2420/2357
f 2426/2492/2426 1433/1466/1434 2765/2856/2764
f 4368/4655/4368 1989/2038/1987 37/38/38
f 881/893/879 2511/2586/2512 2537/2611/2537
f 1158/1180/1159 1157/1179/1158 2158/2215/2157
f 4604/4925/4605 4564/4876/4564 1413/1442/1411
f 204/205/205 4714/5060/4714 4696/5041/4697
f 2835/2935/2836 4167/4420/4167 4180/4435/4180
f 1196/1219/1197 4700/5044/4700 1197/1220/1198
f 4908/5295/4908 4167/4420/4167 2835/2935/2836
f 2175/2233/2175 2928/3036/2927 3668/5390/3666
f 847/862/848 898/913/899 848/863/849
f 1532/1565/1530 4269/4538/4269 3808/4010/3808
f 4849/5217/4848 4924/5313/4924 4848/5218/4849
f 2175/2233/2175 424/427/425 2928/3036/2927
f 828/840/829 4666/5001/4665 3856/4063/3855
f 3044/3160/3045 1051/3510/1051 3357/3509/3358
f 4637/4970/4637 4650/4984/4650 4649/4983/4649
f 3810/4012/3810 503/509/504 1057/1075/1057
f 275/277/276 2411/2475/2411 2435/2503/2436
f 2448/2518/2448 851/866/852 516/522/517
f 2099/2153/2099 4265/4533/4265 906/921/907
f 3935/4149/3935 4845/5214/4846 4406/4696/4406
f 499/2623/497 2547/2622/2547 1321/1348/1322
f 3920/4131/3920 1757/1802/1758 1570/1603/1568
f 1677/1718/1678 1757/1802/1758 3920/4131/3920
f 1630/1666/1630 692/1665/690 1571/1606/1571
f 4582/4898/4582 2674/2757/2674 4893/5273/4893
f 3672/3849/3672 401/4593/402 403/3850/401
f 2018/2067/2016 4795/5158/4795 4164/4416/4163
f 4258/4526/4258 2107/2162/2106 2900/3006/2899
f 4099/4336/4100 3243/3381/3242 4100/4337/4101
f 3766/3955/3766 1901/1949/1902 1900/1948/1901
f 4866/5238/4866 4944/5344/4944 4432/4723/4430
f 4589/4908/4589 3159/3287/3160 3161/3286/3159
f 1751/1796/1752 3956/4170/3956 4240/4507/4240
f 4797/5161/4798 2691/2774/2691 4347/4631/4347
f 4966/5380/4966 3440/3600/3441 3441/3599/3440
f 4823/5190/4824 654/658/652 4704/5047/4703
f 2946/3059/2947 4537/4846/4537 4287/4563/4288
f 4979/5400/4979 4938/5335/4938 4488/4790/4486
f 4882/5261/4882 3895/4104/3896 1412/1444/1413
f 782/794/783 1112/1133/1113 1535/1570/1535
f 908/923/909 4072/4304/4072 909/922/908
f 3083/3202/3084 2755/2848/2756 4236/4503/4236
f 3646/3822/3646 4093/4329/4093 4818/5184/4818
f 4312/4586/4311 124/125/125 126/124/124
f 4792/5155/4792 695/699/693 3742/3929/3741
f 100/98/98 4873/5251/4873 98/99/99
f 322/324/323 1520/1556/1521 517/520/515
f 3428/3587/3428 3302/3446/3303 4327/4607/4327
f 1191/1211/1189 1848/1896/1849 1850/1895/1848
f 4672/5013/4673 3343/3487/3341 4621/4944/4620
f 719/727/720 3062/3176/3061 720/728/721
f 276/278/277 2891/2995/2891 2265/2325/2265
f 949/966/950 3033/3147/3032 3586/3758/3587
f 1899/1945/1898 75/73/73 2178/2237/2179
f 1937/1986/1937 4765/5118/4765 1938/1987/1938
f 2372/2435/2371 341/343/342 4410/4701/4410
f 342/341/340 341/343/342 2372/2435/2371
f 3109/3229/3110 2850/2950/2851 4842/5211/4843
f 1710/1752/1710 1765/5242/1766 1603/1750/1604
f 4919/5307/4919 126/124/124 4353/4638/4353
f 1725/1770/1726 4913/5300/4913 3303/3447/3304
f 3190/3320/3190 1577/1613/1578 1894/1942/1895
f 1815/1862/1816 3111/3228/3109 3110/3230/3111
f 1596/1632/1597 984/1002/984 328/330/329
f 2269/2329/2269 2268/2328/2268 2257/2316/2256
f 2151/2207/2149 2325/2389/2326 1724/1768/1724
f 4745/5096/4746 4507/4814/4507 4310/4583/4308
f 3468/3628/3469 3470/3627/3468 4234/4497/4234
f 239/241/240 4986/5415/4986 3265/3405/3265
f 1431/1461/1429 2873/2976/2873 4858/5229/4858
f 4587/4905/4587 4294/4569/4294 3906/4116/3906
f 3553/3719/3552 3550/3714/3548 334/336/335
f 2192/2251/2193 1293/1320/1294 1295/1319/1293
f 3192/3325/3193 4269/4538/4269 3193/3326/3194
f 3143/3268/3143 5/6/6 3908/4118/3908
f 2538/2612/2538 1619/1655/1620 558/5395/559
f 5/6/6 3143/3268/3143 2179/2235/2177
f 4371/4657/4370 1507/1543/1508 4370/4658/4371
f 3902/4112/3902 3302/3446/3303 3428/3587/3428
f 2640/2720/2639 2714/2805/2715 80/81/81
f 1916/1964/1917 4060/4288/4059 2226/2286/2226
f 1345/1369/1343 1344/1371/1345 2593/2672/2594
f 2133/2192/2134 1066/1085/1067 3907/4117/3907
f 1454/1486/1454 3766/3955/3766 1453/1483/1451
f 2452/2524/2453 1015/1726/1016 1957/2008/1957
f 1273/1298/1274 68/69/69 1274/1296/1272
f 3548/3715/3549 1540/1576/1541 3532/3696/3532
f 697/704/698 3010/3124/3010 2066/2119/2066
f 727/735/728 4410/4701/4410 341/343/342
f 2459/2528/2457 4575/4889/4575 2457/2529/2458
f 1343/2500/1344 3207/3341/3207 4076/4310/4077
f 1299/1323/1297 1298/1325/1299 262/264/263
f 4348/4633/4349 4190/4444/4188 4173/4426/4173
f 2691/2774/2691 4937/5334/4937 143/144/144
f 2770/2863/2770 3446/3605/3446 2769/2860/2768
f 9/7/7 811/823/812 7/8/8
f 4536/4845/4536 4887/5267/4887 4107/4344/4107
f 1003/1022/1004 2887/2991/2888 2888/2990/2887
f 761/771/762 4965/5378/4965 4984/5412/4984
f 1515/1551/1516 4939/5336/4939 2936/3048/2936
f 3317/5142/3318 650/657/651 4972/5388/4972
f 2776/2869/2776 1493/1523/1491 1492/1525/1493
f 2797/2891/2796 2796/2892/2797 34/35/35
f 1895/1941/1894 649/656/650 246/245/244
f 4528/4837/4529 4839/5207/4839 4774/5131/4775
f 402/404/403 3673/3851/3673 403/402/401
f 2268/2328/2268 338/340/339 3025/3307/3025
f 339/338/337 338/340/339 2268/2328/2268
f 4732/5078/4730 4731/5080/4732 4735/5082/4734
f 808/817/806 3893/4100/3892 4729/5077/4729
f 2581/2657/2579 2580/2659/2581 12/10/10
f 1249/4292/1250 1248/3399/1249 1251/1276/1252
f 4122/4363/4122 2219/2278/2220 2583/2662/2584
f 2342/2405/2342 1338/1365/1339 4219/4478/4219
f 2002/2053/2002 4517/4826/4518 3551/3718/3551
f 2427/2493/2427 1717/1758/1715 1716/1760/1717
f 4748/5098/4748 1401/1429/1399 3855/4064/3856
f 2632/2712/2633 4681/5022/4681 3278/3416/3276
f 4784/5144/4785 2051/2105/2052 4229/4487/4227
f 3993/4214/3994 3608/3778/3606 4191/4447/4191
f 2853/3046/2852 2935/3045/2934 234/233/232
f 1119/1137/1117 1043/1060/1042 1042/1061/1043
f 4512/4819/4512 2749/2842/2750 2457/2529/2458
f 4207/4467/4208 4106/4466/4106 4350/4634/4350
f 4417/4709/4417 1168/1190/1169 1169/1189/1168
f 4560/4872/4560 4035/4262/4035 1797/4938/1797
f 4388/4677/4389 127/128/128 129/127/127
f 4342/4627/4343 4781/5137/4781 4369/4656/4369
f 4743/5092/4743 3896/4103/3895 2802/4002/2802
f 4938/5335/4938 4848/5218/4849 4902/5288/4902
f 1037/4999/1038 4743/5092/4743 2802/4002/2802
f 4376/4663/4376 2082/2136/2082 1200/1223/1201
f 494/500/495 496/499/494 1441/1471/1439
f 1666/1701/1664 1665/1703/1666 76/77/77
f 3926/4137/3926 4078/4311/4078 3145/3270/3145
f 24/22/22 2303/2363/2301 2864/2963/2863
f 4705/5049/4705 4903/5289/4903 4635/4967/4635
f 2566/3028/2565 2920/3027/2920 799/5332/800
f 4930/5323/4930 2322/2382/2320 2851/2948/2849
f 2010/2061/2010 413/416/414 1969/2021/1970
f 177/178/178 3267/3406/3266 4525/4833/4525
f 168/169/169 3969/4185/3968 4946/5346/4946
f 4788/5149/4788 4988/5417/4988 4255/4523/4255
f 4721/5068/4721 4777/5133/4777 4188/4445/4189
f 3696/3876/3697 2416/2483/2417 3697/3877/3698
f 1196/1219/1197 4064/4296/4064 4700/5044/4700
f 1385/1413/1385 302/304/303 2941/3051/2939
f 4298/4573/4298 3737/3922/3737 197/198/198
f 2765/2856/2764 4680/5020/4680 1397/1428/1398
f 4989/5418/4989 222/221/221 3403/3558/3403
f 2929/5061/2929 2005/2056/2005 3034/3149/3034
f 3222/3360/3222 1781/1826/1782 4638/4971/4638
f 2145/2203/2145 3264/3404/3264 2349/2412/2349
f 2637/2717/2637 2127/2186/2128 4622/5419/4622
f 2637/2717/2637 3625/3799/3625 2127/2186/2128
f 3794/3990/3794 2621/2699/2621 2577/2655/2577
f 2103/2160/2104 4701/5045/4701 2104/2161/2105
f 3508/4557/3507 3507/4880/3508 1955/2006/1955
f 4926/5315/4926 4785/5143/4784 3654/3830/3654
f 2975/3086/2974 2978/3091/2978 1117/1138/1118
f 1011/1029/1011 517/520/515 516/522/517
f 3350/4642/3350 3022/5276/3023 4357/4643/4357
f 4648/4981/4647 1887/1933/1886 4837/5205/4837
f 1736/1780/1736 3970/4187/3970 4592/4912/4593
f 2401/2466/2402 3970/4187/3970 1736/1780/1736
f 4562/4875/4563 2741/2831/2739 4563/4874/4562
f 2628/2708/2629 4157/4406/4157 2629/2706/2627
f 3588/3757/3586 2104/2161/2105 4701/5045/4701
f 4972/5388/4972 762/770/761 4984/5412/4984
f 3634/3809/3634 4862/5234/4862 2778/2872/2779
f 3960/5382/3960 296/3276/294 1235/1256/1234
f 1320/1347/1321 1368/1394/1366 1367/1396/1368
f 279/281/280 4379/5350/4379 4948/5349/4948
f 4980/5401/4980 4977/5398/4977 4874/5252/4874
f 2188/2245/2187 1924/1972/1925 2187/2246/2188
f 1848/1896/1849 4764/5116/4764 1849/1897/1850
f 1549/1585/1550 2910/3018/2911 1550/1586/1551
f 3865/4073/3865 1143/1165/1144 3184/3312/3182
f 4950/5352/4950 3060/3175/3060 3424/3582/3425
f 3230/3370/3231 396/398/397 3231/3371/3232
f 4788/5149/4788 4720/5067/4720 4988/5417/4988
f 4699/5043/4699 4463/4763/4464 3757/3945/3756
f 2221/2277/2219 3618/3792/3619 2219/2278/2220
f 3356/3507/3356 1574/3766/1575 1576/4380/1576
f 654/658/652 4626/4954/4626 4704/5047/4703
f 1604/1637/1602 1711/2876/1711 1602/1638/1603
f 4684/5025/4684 4800/5163/4800 2732/2824/2732
f 3658/3835/3659 4909/5296/4909 4553/4864/4553
f 4882/5261/4882 1412/1444/1413 1411/1443/1412
f 4346/4630/4346 4182/4438/4182 2982/3096/2983
f 1508/1541/1506 167/168/168 1506/1542/1507
f 3496/3657/3496 1700/1742/1701 1702/1741/1700
f 1908/1955/1908 4267/4536/4267 2789/2883/2789
f 1652/1690/1653 3765/3952/3763 4284/4559/4284
f 4422/4715/4422 4837/5205/4837 1887/1933/1886
f 2030/3978/2031 2032/5357/2030 3812/4014/3812
f 4662/4997/4662 3324/3471/3325 299/301/300
f 1293/1320/1294 3997/4217/3996 1290/1317/1291
f 4133/4375/4133 4885/5265/4885 3129/3251/3128
f 467/467/465 4050/4279/4051 465/468/466
f 404/406/405 4249/4516/4249 3232/3369/3230
f 491/493/489 4237/4504/4237 4266/4535/4266
f 4168/4421/4168 4319/4597/4319 4497/4802/4497
f 3227/3365/3227 65/66/66 3801/3996/3800
f 2613/2691/2613 1953/2005/1954 967/986/968
f 2905/3012/2905 1759/1803/1759 1272/1297/1273
f 1371/1400/1372 532/538/533 3461/3619/3460
f 4789/5150/4789 3933/4145/3931 4203/4461/4203
f 2250/2310/2250 4266/5420/4266 1107/1128/1108
f 3904/4114/3904 3751/3941/3752 4375/4661/4374
f 3967/4184/3967 4738/5086/4738 3517/3680/3517
f 4592/4912/4593 3970/4187/3970 4577/4890/4576
f 87/85/85 1654/1691/1654 48/46/46
f 2991/3104/2991 893/906/892 3060/3175/3060
f 1669/1706/1669 914/930/914 3196/3334/3196
f 2284/2347/2285 2885/2989/2886 1229/1251/1229
f 301/300/299 4915/5302/4915 4847/5216/4847
f 58/854/59 736/744/737 1756/1800/1756
f 4859/5231/4859 2402/2467/2403 4969/5385/4969
f 2553/2630/2554 2554/2629/2553 3505/3668/3506
f 871/885/871 459/462/460 461/461/459
f 3483/3645/3484 2113/2170/2114 3484/3644/3483
f 3483/3645/3484 3712/3893/3712 2113/2170/2114
f 4317/4595/4317 3387/4594/3387 1370/4899/1370
f 347/349/348 429/432/430 431/431/429
f 775/787/776 1081/1097/1079 776/788/777
f 528/1715/529 530/3265/528 1778/1822/1778
f 3992/4212/3992 3559/3726/3559 4483/4787/4483
f 1241/1263/1241 952/1393/953 2679/2763/2680
f 941/958/942 755/762/753 2968/3080/2968
f 3979/4196/3979 4770/5125/4770 2688/2772/2689
f 3269/3409/3269 850/865/851 243/242/241
f 3290/3434/3291 4899/5285/4899 4834/5202/4835
f 858/870/856 857/872/858 1940/1989/1940
f 1441/1471/1439 496/499/494 1443/1474/1442
f 2889/2993/2889 184/182/182 1791/1835/1791
f 3093/3211/3093 3961/4176/3961 2599/2678/2600
f 535/541/536 1674/1711/1672 2651/2731/2650
f 2627/2707/2628 1769/1812/1768 4157/4406/4157
f 1860/1908/1861 3024/3136/3022 3023/3138/3024
f 1962/2014/1963 3227/3365/3227 972/988/970
f 4634/5402/4634 4379/4666/4379 3515/3675/3513
f 3949/4163/3949 4419/4712/4419 4418/4711/4418
f 22/23/23 1950/2002/1951 1952/2001/1950
f 1457/1487/1455 2912/3019/2912 1455/1488/1456
f 1107/4534/1108 2655/2737/2655 2129/2738/2129
f 4491/4795/4491 2240/2301/2241 4902/5288/4902
f 708/716/709 3034/3149/3034 2005/2056/2005
f 1034/1053/1035 861/5355/862 3007/3426/3007
f 3262/3403/3263 3421/3579/3422 3263/3401/3261
f 4880/5259/4880 4393/4681/4393 2729/2822/2730
f 3760/3950/3761 3950/4165/3951 4230/4491/4231
f 4161/4415/4162 69/67/67 3576/3747/3576
f 4333/4616/4334 4166/4419/4166 4402/4691/4402
f 2449/2520/2450 1996/2048/1997 2291/2353/2291
f 711/4409/712 1524/1557/1522 2919/3025/2918
f 2244/2304/2244 3281/3422/3281 2785/2878/2784
f 3872/4080/3872 3871/4079/3871 699/706/699
f 1302/1329/1303 594/601/595 1303/1330/1304
f 884/899/885 2507/2580/2506 4696/5041/4697
f 3133/3257/3133 3132/3256/3132 4261/4529/4261
f 3282/3424/3282 112/110/110 111/112/112
f 2425/2491/2425 1821/1866/1820 1312/1337/1311
f 4740/5089/4741 4580/4896/4580 4361/4647/4361
f 1865/1912/1865 3061/3177/3062 719/727/720
f 129/127/127 128/129/129 797/807/796
f 1578/1612/1577 4118/4358/4118 4381/4669/4381
f 3136/3261/3137 4956/5366/4956 3137/3259/3135
f 827/839/828 1667/1705/1668 3910/4119/3909
f 493/498/493 492/497/492 2812/2909/2812
f 4572/4887/4573 4865/5237/4865 4573/4888/4574
f 3867/4074/3866 3866/4075/3867 4301/4576/4301
f 4614/4936/4614 1599/1635/1600 3067/3181/3066
f 4594/4914/4595 4644/4977/4643 3568/3739/3569
f 2946/3059/2947 3355/3504/3353 3354/3506/3355
f 2774/2867/2774 1992/2041/1990 1179/1201/1180
f 1179/1201/1180 1992/2041/1990 1180/1202/1181
f 1742/1785/1741 2325/2389/2326 2151/2207/2149
f 3301/3443/3300 4203/4461/4203 3932/4147/3933
f 3202/3337/3203 4707/5051/4707 3203/3336/3202
f 1071/1089/1071 1070/1087/1069 292/294/293
f 3715/3895/3714 3714/3896/3715 1175/1196/1175
f 4479/4782/4479 4915/5302/4915 4591/4910/4591
f 3605/3776/3604 3829/4033/3829 4794/5157/4794
f 4391/4679/4391 3161/3286/3159 3665/3839/3663
f 3102/3220/3102 2680/2761/2678 3495/3656/3495
f 2421/2488/2422 4639/4972/4639 376/378/377
f 1628/1664/1629 690/697/691 692/696/690
f 3698/3875/3696 3697/3877/3698 4789/5150/4789
f 2503/2576/2503 180/181/181 211/209/209
f 383/385/384 2503/2576/2503 211/209/209
f 2881/2983/2880 1685/1727/1686 2467/5281/2466
f 763/772/763 765/775/766 764/773/764
f 2488/2559/2486 4623/4952/4624 4624/4951/4623
f 3802/3999/3802 4067/4553/4067 4311/4587/4312
f 3276/3417/3277 4858/5229/4858 2873/2976/2873
f 4355/4640/4355 964/983/965 963/982/964
f 885/897/883 1416/1448/1417 883/898/884
f 4257/4525/4257 1450/1480/1448 2106/2163/2107
f 2106/2163/2107 1450/1480/1448 4149/4396/4147
f 2082/2136/2082 1017/1033/1015 1016/1035/1017
f 1158/1180/1159 2728/2818/2728 1159/1178/1157
f 68/69/69 1273/1298/1274 4987/5416/4987
f 4987/5416/4987 1273/1298/1274 2721/2811/2721
f 4179/4433/4178 123/121/121 122/123/123
f 4558/4870/4558 4908/5295/4908 2835/2935/2836
f 927/941/925 4405/4695/4405 2359/2422/2359
f 3002/3116/3002 1856/1904/1857 1428/1458/1426
f 2247/2308/2248 3484/3644/3483 1968/2018/1967
f 849/861/847 4916/5304/4916 1083/1102/1084
f 4239/4506/4239 1533/1569/1534 3336/3483/3337
f 1976/2028/1977 4584/4901/4584 1977/2026/1975
f 2896/3004/2897 3065/3178/3063 3064/3180/3065
f 1575/1608/1573 1574/1610/1575 1734/1779/1735
f 1970/2020/1969 3195/3327/3195 1686/1725/1685
f 4013/4236/4012 4012/4237/4013 4877/5255/4877
f 2866/2967/2867 2865/2966/2866 3585/3755/3584
f 1147/1167/1146 1146/1168/1147 2726/5421/2727
f 4433/4726/4433 1277/1299/1275 4434/4727/4434
f 3473/3632/3473 2379/2443/2379 426/429/427
f 4388/4677/4389 129/127/127 796/808/797
f 3785/3977/3785 2799/4841/2798 2030/3978/2031
f 2859/2960/2860 2943/3056/2944 2860/2958/2858
f 3141/3266/3141 4706/5050/4706 297/299/298
f 4350/4634/4350 758/768/759 760/767/758
f 4180/4435/4180 4167/4420/4167 673/680/674
f 1263/1288/1264 1936/2285/1936 2225/2284/2225
f 3239/5230/3239 1936/2285/1936 1263/1288/1264
f 4114/4353/4114 3409/3565/3409 1405/1436/1406
f 796/808/797 797/807/796 186/187/187
f 2166/2225/2167 4389/4675/4387 1444/1476/1444
f 558/564/559 3418/4372/3418 1317/1344/1318
f 4951/5353/4951 4853/5221/4852 4852/5222/4853
f 1145/1166/1145 628/635/629 1649/1687/1650
f 3283/3425/3283 4380/4668/4380 4624/4951/4623
f 2804/2899/2804 3934/4148/3934 4231/4490/4230
f 3045/3161/3046 3044/3160/3045 3357/3509/3358
f 4627/4955/4627 3809/4011/3809 4730/5079/4731
f 4046/4273/4046 3328/3474/3328 2899/3007/2900
f 4990/5422/4990 3130/3254/3131 2886/2987/2884
f 4381/4669/4381 270/4345/271 1578/1612/1577
f 2407/2472/2408 2408/2471/2407 4766/5119/4766
f 2171/2230/2172 1337/2704/1337 2829/2928/2829
f 3293/3436/3293 1384/1410/1382 1383/1412/1384
f 346/345/344 2297/2359/2297 4296/4571/4296
f 3586/3758/3587 3033/3147/3032 4864/5236/4864
f 947/963/947 869/883/869 3151/3279/3152
f 3993/4214/3994 486/491/487 1270/1295/1271
f 2020/2071/2020 1615/1648/1613 1614/1650/1615
f 2832/2931/2832 1000/1016/998 4031/4258/4031
f 4533/4842/4533 546/552/547 548/551/546
f 2114/2168/2112 3636/3812/3637 4953/5361/4953
f 3091/3207/3089 3237/3377/3238 3089/3208/3090
f 2153/2212/2154 372/371/370 2058/2111/2058
f 3128/3252/3129 4885/5265/4885 4162/4413/4160
f 680/687/681 3873/4081/3873 2326/2388/2325
f 568/574/569 2326/2388/2325 3873/4081/3873
f 1056/1074/1056 2803/2898/2803 1842/1889/1842
f 4871/5248/4871 4402/4691/4402 4176/4432/4177
f 234/233/232 233/235/234 1664/1702/1665
f 1811/1855/1809 1810/1857/1811 1050/1067/1049
f 538/544/539 3348/3498/3349 539/542/537
f 1523/1559/1524 1522/1558/1523 1379/1408/1380
f 2336/2400/2337 2821/2920/2821 113/114/114
f 4852/5222/4853 2933/3042/2931 3571/3743/3572
f 3146/3271/3146 3476/4060/3476 3147/3272/3147
f 2966/3078/2966 1344/1371/1345 2606/2685/2607
f 3720/3901/3720 2669/2751/2668 2723/2813/2723
f 2257/2316/2256 2268/2328/2268 2256/2317/2257
f 2641/2723/2642 4941/5339/4941 3293/3436/3293
f 4243/4510/4243 4037/4263/4036 4394/4682/4394
f 2461/2531/2460 3775/3966/3775 803/815/804
f 804/816/805 803/815/804 3775/3966/3775
f 2390/2455/2391 2392/2454/2390 3998/4219/3998
f 324/326/325 4437/4731/4437 325/327/326
f 324/326/325 4667/5006/4668 4668/5005/4667
f 4005/4229/4006 4083/4316/4083 94/92/92
f 4766/5119/4766 3858/4067/3859 2407/2472/2408
f 2551/2625/2549 2550/2627/2551 4143/4389/4143
f 2304/2366/2304 2337/2398/2335 2336/2400/2337
f 3116/3237/3117 3980/4197/3980 4754/5105/4754
f 55/56/56 1050/1067/1049 56/57/57
f 3402/3557/3402 869/883/869 872/886/872
f 3935/4149/3935 2858/2959/2859 4845/5214/4846
f 4280/4551/4280 4492/4797/4493 3119/3238/3118
f 4348/4633/4349 4491/4795/4491 4349/4632/4348
f 3123/3244/3123 2853/2951/2852 1666/3789/1664
f 4534/4843/4534 4930/5323/4930 2851/2948/2849
f 618/625/619 4636/4969/4636 1545/1579/1544
f 162/163/163 4289/4564/4289 163/161/161
f 4119/4361/4120 3685/5409/3686 4723/5241/4723
f 3760/3950/3761 3759/3949/3760 3951/4164/3950
f 4753/5104/4753 4500/4807/4501 3992/4212/3992
f 2079/2134/2080 1276/1301/1277 616/623/617
f 2451/2997/2449 1758/1801/1757 4323/4603/4323
f 3519/3682/3519 2451/2997/2449 4323/4603/4323
f 1400/1431/1401 1981/2033/1982 1639/1677/1640
f 3730/3916/3731 1541/1577/1542 2067/2120/2067
f 2519/2594/2520 2096/2148/2094 2520/2592/2518
f 2883/2985/2882 3602/3774/3602 989/4346/990
f 4065/4298/4066 159/157/157 2305/2367/2305
f 1193/1214/1192 4105/4342/4105 1867/1915/1868
f 2552/3798/2552 2949/3061/2949 498/2621/499
f 4192/4448/4192 4811/5175/4811 4272/4542/4272
f 4691/5034/4691 4737/5085/4737 4960/5371/4960
f 3064/3180/3065 3063/3179/3064 4198/4456/4199
f 4989/5418/4989 3886/4094/3886 217/222/215
f 1310/1334/1308 2540/2614/2540 3078/3196/3078
f 376/378/377 4214/4473/4214 377/379/378
f 4545/4854/4545 4544/4853/4544 737/745/738
f 888/900/886 4544/4853/4544 886/901/887
f 888/900/886 737/745/738 4544/4853/4544
f 3376/3530/3377 3378/3529/3376 4478/4780/4477
f 114/115/115 1437/1470/1438 4536/4845/4536
f 4855/5225/4855 2591/2670/2592 3371/3524/3372
f 4462/4760/4462 4075/5423/4075 3963/4761/3962
f 4108/4348/4109 4812/5176/4812 4325/4606/4326
f 2077/2130/2076 2415/2480/2415 2164/2222/2164
f 2415/2480/2415 588/592/586 2164/2222/2164
f 2564/2642/2564 2694/2779/2695 1790/1834/1790
f 3238/3375/3236 4195/4452/4195 3236/3376/3237
f 4918/5306/4918 4982/5405/4982 4201/5038/4201
f 3962/4178/3963 436/439/437 4014/4238/4014
f 1882/1929/1882 1885/1932/1885 2471/2543/2471
f 3772/3964/3773 1020/1036/1018 2549/2626/2550
f 3838/4044/3839 4819/5185/4819 2189/2248/2190
f 4204/4462/4204 2898/3003/2896 3263/3401/3261
f 3234/3373/3234 1725/1770/1726 3072/3185/3070
f 4001/4223/4001 4211/4471/4212 4605/4924/4604
f 4452/4750/4452 1884/1931/1884 1505/4498/1505
f 1896/1943/1896 1884/1931/1884 4452/4750/4452
f 2417/2484/2418 4001/4223/4001 4605/4924/4604
f 502/505/500 498/2621/499 4664/5000/4664
f 533/536/531 4923/5312/4923 531/537/532
f 4808/5172/4808 2728/2818/2728 4809/5173/4809
f 4028/5424/4026 4567/4879/4567 4827/5193/4827
f 4461/4759/4461 4892/5272/4892 3605/3776/3604
f 468/470/468 1185/1207/1185 229/231/230
f 3478/3639/3478 1830/1878/1831 3690/3869/3690
f 4577/4890/4576 4755/5106/4755 369/368/367
f 1021/1040/1022 3979/4196/3979 1022/1041/1023
f 2697/2782/2697 4217/4476/4217 4477/4781/4478
f 3609/3781/3609 2773/2864/2771 2772/2866/2773
f 2485/2558/2485 2748/2839/2747 1835/1882/1835
f 2527/2599/2525 4866/5238/4866 1305/1332/1306
f 4341/4626/4342 4968/5384/4968 4781/5137/4781
f 2/3/3 1684/1724/1684 3180/3308/3178
f 1378/1406/1378 1375/1404/1376 1374/1403/1375
f 2701/2787/2700 1058/1076/1058 239/241/240
f 149/150/150 3806/4007/3806 2791/2886/2792
f 1395/1425/1395 1155/1176/1155 1280/1305/1281
f 3402/3557/3402 4433/4726/4433 2553/2630/2554
f 3485/3647/3486 4150/4399/4150 4574/4886/4572
f 472/475/473 2553/2630/2554 4433/4726/4433
f 534/540/535 1121/1140/1120 535/541/536
f 469/472/470 2787/2882/2788 870/884/870
f 2740/2833/2741 4795/5158/4795 3097/3215/3097
f 2414/2478/2414 580/586/581 1844/1892/1845
f 4004/4227/4004 4823/5190/4824 4737/5085/4737
f 4005/4229/4006 4007/4228/4005 382/381/380
f 3323/3469/3323 451/454/452 1029/1048/1030
f 3874/4082/3874 3262/3403/3263 3875/4083/3875
f 4610/4932/4610 2796/2892/2797 3232/3369/3230
f 3913/4122/3912 2941/3051/2939 2940/3053/2941
f 2438/2508/2439 1166/1185/1164 4929/5322/4929
f 2909/3017/2910 2277/2339/2278 3846/4051/3846
f 2438/2508/2439 4814/5178/4814 1166/1185/1164
f 1073/1090/1072 1075/1092/1074 1760/1804/1760
f 1037/1056/1038 2802/2897/2802 1038/1054/1036
f 461/461/459 3456/3615/3456 469/472/470
f 4741/5090/4742 3984/4202/3983 4733/5081/4733
f 558/5395/559 1619/1655/1620 3418/3574/3418
f 1853/1898/1851 1852/1900/1853 4063/4295/4063
f 3878/4086/3878 3709/3890/3709 1717/1758/1715
f 2794/2887/2793 2480/2551/2479 2479/2552/2480
f 4331/4613/4332 4330/4612/4331 4760/5111/4760
f 3883/4091/3883 1078/1094/1076 1077/1096/1078
f 2280/2340/2279 2278/2337/2276 2277/2339/2278
f 4200/4457/4200 4521/4829/4521 622/629/623
f 2583/2662/2584 3251/3389/3250 3360/3513/3361
f 1783/1828/1784 1785/1827/1783 3179/3310/3180
f 1185/1207/1185 1154/1175/1154 152/153/153
f 1753/1795/1751 1752/1797/1753 3898/4106/3898
f 3394/3548/3394 1751/1796/1752 1753/1795/1751
f 4565/4877/4565 4350/4634/4350 760/767/758
f 1223/1246/1224 2668/2752/2669 824/835/824
f 4196/4454/4197 4825/5191/4825 3295/3438/3295
f 1542/1575/1540 3730/3916/3731 3531/3695/3531
f 1521/1555/1520 2894/3001/2894 1485/1518/1486
f 4060/4288/4059 3541/3705/3541 2226/2286/2226
f 1881/3904/1879 2382/2444/2380 2456/2526/2455
f 1633/1668/1632 3061/3177/3062 1865/1912/1865
f 7/8/8 813/822/811 4914/5301/4914
f 2310/5165/2310 2309/5274/2309 3788/3983/3789
f 7/8/8 811/823/812 813/822/811
f 1000/1016/998 999/1018/1000 4030/4257/4030
f 1104/1125/1105 3460/3620/3461 4637/4970/4637
f 536/539/534 4183/4440/4184 534/540/535
f 2301/2364/2302 3138/3263/3139 3139/3262/3138
f 3871/5303/3871 1940/1989/1940 1939/1988/1939
f 1091/5363/1091 4607/4927/4607 1612/1645/1610
f 91/89/89 2158/2215/2157 89/90/90
f 2401/2466/2402 3573/3744/3573 3970/4187/3970
f 1108/1127/1107 1110/1131/1111 834/845/834
f 214/212/212 1572/1607/1572 1571/1606/1571
f 1412/1444/1413 3895/4104/3896 3896/4103/3895
f 3231/3371/3232 4063/4295/4063 652/659/653
f 714/722/715 2245/2306/2246 715/720/713
f 1270/1295/1271 1269/1294/1270 3606/3779/3607
f 327/329/328 2572/2650/2572 809/821/810
f 884/899/885 4696/5041/4697 4697/5040/4696
f 4290/4565/4290 3964/4181/3964 3830/4180/3830
f 4000/4222/4000 4134/4378/4135 4540/4849/4540
f 2439/2509/2440 100/98/98 99/100/100
f 2960/3073/2961 4442/4738/4442 3014/3127/3013
f 4534/4843/4534 2851/2948/2849 3109/3229/3110
f 3996/4218/3997 3472/3630/3471 748/753/746
f 4772/5127/4772 2427/2493/2427 3790/3984/3790
f 3681/4376/3681 4133/4375/4133 3129/3251/3128
f 3992/4212/3992 1284/1308/1284 3559/3726/3559
f 2970/3081/2969 3167/5115/3168 2969/3082/2970
f 1432/1464/1432 4357/4643/4357 1436/1468/1436
f 346/345/344 551/554/549 344/346/345
f 1143/1165/1144 1137/1159/1138 3184/3312/3182
f 2646/2728/2647 3156/3282/3155 4780/5136/4780
f 2674/2757/2674 4582/4898/4582 1902/1947/1900
f 2579/2658/2580 4541/4850/4541 90/91/91
f 815/827/816 90/91/91 4541/4850/4541
f 4645/4980/4646 4803/5166/4802 4802/5167/4803
f 4755/5106/4755 3783/3973/3782 836/848/837
f 1301/1326/1300 3805/4006/3805 888/900/886
f 4565/4877/4565 760/767/758 759/769/760
f 1491/1524/1492 2041/2093/2040 1492/1525/1493
f 1791/1835/1791 1790/1834/1790 2809/2905/2809
f 4962/5374/4962 3621/3795/3622 4949/5351/4949
f 768/779/769 3452/3611/3452 1355/1381/1355
f 3125/3248/3126 930/944/928 3890/4098/3890
f 4926/5315/4926 4784/5144/4785 4785/5143/4784
f 3285/3428/3285 3454/3612/3453 3453/3613/3454
f 4933/5326/4933 4972/5388/4972 4984/5412/4984
f 4369/4656/4369 1194/1217/1195 4383/4672/4384
f 2810/2906/2810 1414/1445/1414 4242/4509/4242
f 4326/4605/4325 4509/4815/4508 3159/3287/3160
f 3655/3832/3656 4668/5005/4667 619/626/620
f 231/230/229 468/470/468 229/231/230
f 4290/4565/4290 4708/5425/4708 1954/2004/1953
f 552/557/552 161/162/162 1892/1940/1893
f 1094/1113/1095 1467/1500/1468 3218/3354/3218
f 3129/3251/3128 2045/2099/2046 1705/5354/1703
f 2580/2659/2581 4974/5394/4974 10/11/11
f 1496/1532/1497 1801/1846/1800 2855/2955/2855
f 1151/1173/1152 3330/3477/3331 3329/3476/3330
f 1553/1589/1554 3017/3129/3015 4209/4468/4209
f 1152/1174/1153 1151/1173/1152 3329/3476/3330
f 1926/1971/1924 4045/4271/4044 4778/5134/4778
f 1808/1853/1807 3969/4185/3968 168/169/169
f 3932/4147/3933 3300/3444/3301 3301/3443/3300
f 1423/1453/1421 4935/5330/4935 3432/3589/3430
f 4270/4539/4270 4148/4398/4149 4955/5364/4955
f 2698/2786/2699 3176/3304/3175 2699/2785/2698
f 2544/2619/2545 2543/2618/2544 4794/5157/4794
f 1109/1130/1110 1111/1129/1109 1108/1127/1107
f 2648/2729/2648 4780/5136/4780 4279/4550/4279
f 3903/4113/3903 4060/4288/4059 1916/1964/1917
f 4400/4690/4401 43/44/44 4236/4503/4236
f 4822/5188/4822 4849/5217/4848 921/936/920
f 4737/5085/4737 4762/5112/4761 4960/5371/4960
f 2582/2661/2583 3251/3389/3250 2583/2662/2584
f 3251/3389/3250 27/25/25 3250/3390/3251
f 3041/3156/3041 1187/1210/1188 1186/1209/1187
f 4149/4396/4147 1450/1480/1448 1449/1482/1450
f 3072/3185/3070 1725/1770/1726 1726/1769/1725
f 3314/3460/3314 3942/4157/3943 2554/3459/2553
f 1522/3737/1523 503/509/504 3810/4012/3810
f 4078/4311/4078 3926/4137/3926 4828/5194/4828
f 2582/2661/2583 4877/5255/4877 27/25/25
f 1119/1137/1117 1118/1139/1119 892/907/893
f 1741/1786/1742 1477/1507/1475 1476/1509/1477
f 3394/3548/3394 1824/1870/1824 3956/4170/3956
f 3943/4242/3942 3506/3667/3505 2554/2629/2553
f 3156/3282/3155 3032/3148/3033 4595/4913/4594
f 56/57/57 2701/2787/2700 3265/3405/3265
f 2537/2611/2537 2513/2587/2513 1776/1821/1777
f 779/791/780 1447/1478/1446 1446/1479/1447
f 3506/3667/3505 900/915/901 3150/3278/3151
f 4898/5284/4898 1761/1805/1761 4911/5298/4911
f 4469/4768/4469 397/396/395 4252/4520/4252
f 2664/2748/2665 4355/4640/4355 963/982/964
f 4595/4913/4594 4644/4977/4643 4594/4914/4595
f 3425/3581/3424 4950/5352/4950 3424/3582/3425
f 3612/3785/3613 4446/4744/4446 4883/5263/4883
f 2295/2355/2293 4921/5310/4921 2293/2356/2294
f 3457/3616/3457 3456/3615/3456 2236/2295/2235
f 4782/5138/4782 3328/3474/3328 4046/4273/4046
f 1017/1033/1015 3328/3474/3328 4782/5138/4782
f 2597/2673/2595 2180/2239/2181 2182/2238/2180
f 3729/3914/3729 4413/4705/4413 108/109/109
f 3182/3313/3183 3620/4619/3620 3199/3333/3200
f 4244/4511/4244 4280/4551/4280 157/158/158
f 4230/4491/4231 28/29/29 4231/4490/4230
f 3986/4206/3987 741/749/742 280/279/278
f 2924/3034/2925 3863/4070/3862 3916/4126/3916
f 4114/4353/4114 4115/4354/4115 1652/1690/1653
f 2468/2974/2469 2872/2973/2872 2469/5333/2468
f 4233/4496/4233 3468/3628/3469 4234/4497/4234
f 3310/3453/3310 2529/2604/2530 4052/4280/4052
f 873/887/873 347/349/348 431/431/429
f 298/298/297 702/710/703 119/120/120
f 2029/2082/2029 3194/4917/3192 3380/3533/3380
f 3056/3172/3057 386/388/387 4910/5297/4910
f 4008/4232/4009 1697/3322/1697 3191/3321/3191
f 3991/4211/3991 866/881/867 3570/3741/3570
f 3543/3708/3543 84/82/82 83/84/84
f 2898/3003/2896 4774/5131/4775 4776/5130/4774
f 1965/2797/1966 1183/1203/1182 586/2798/587
f 3727/3911/3727 2830/2930/2831 2367/2431/2368
f 4161/4415/4162 4160/4414/4161 67/68/68
f 269/268/267 268/270/269 4661/4996/4661
f 4311/4587/4312 4067/4553/4067 124/125/125
f 192/193/193 2950/3063/2951 193/191/191
f 4985/5414/4985 4525/4833/4525 2759/2852/2760
f 4344/4628/4344 2763/2854/2762 4546/4855/4546
f 1763/1806/1762 1762/1807/1763 876/891/877
f 3435/3595/3436 323/322/321 2116/2171/2115
f 377/379/378 4663/4998/4663 2926/3033/2924
f 1987/2039/1988 3067/3181/3066 1988/2040/1989
f 904/916/902 4793/5156/4793 3934/4148/3934
f 540/546/541 542/545/540 3918/4128/3918
f 3216/3352/3216 2743/2836/2744 569/575/570
f 3302/3446/3303 3304/3445/3302 4327/4607/4327
f 192/193/193 191/192/192 658/665/659
f 2483/2557/2484 3836/4042/3837 2484/2556/2483
f 2816/2916/2817 4454/4752/4454 2817/2917/2818
f 2997/4341/2997 2693/4865/2693 3782/3974/3783
f 148/149/149 150/148/148 1638/1676/1639
f 3018/4291/3018 1252/1277/1253 3050/3165/3050
f 3522/3685/3522 2203/2261/2203 3518/3681/3518
f 4658/4993/4658 1771/1816/1772 4303/4578/4303
f 4016/4241/4017 236/238/237 4017/4240/4016
f 1195/1216/1194 4184/4439/4183 536/539/534
f 3030/3145/3030 801/813/802 997/1015/997
f 3614/3784/3612 2215/2273/2215 4445/4743/4445
f 4951/5353/4951 4863/5235/4863 2660/2744/2661
f 4925/5314/4925 4676/5016/4676 4886/5266/4886
f 4710/5054/4710 3243/3381/3242 4099/4336/4100
f 3563/3728/3561 1598/1634/1599 2542/2616/2542
f 4293/4568/4293 4416/4708/4416 4221/4481/4222
f 4221/4481/4222 4416/4708/4416 3174/3300/3172
f 918/935/919 2022/2072/2021 1731/1773/1729
f 918/935/919 917/934/918 2022/2072/2021
f 3376/3530/3377 4477/4781/4478 3438/3598/3439
f 3350/4642/3350 545/548/543 544/550/545
f 13/14/14 4652/4986/4652 14/15/15
f 3757/3945/3756 4709/5053/4709 4699/5043/4699
f 1473/1506/1474 2361/2424/2361 4127/4368/4127
f 2422/2487/2421 1770/1815/1771 3722/3906/3722
f 3551/3718/3551 4517/4826/4518 287/286/285
f 4873/5251/4873 2272/2330/2270 4683/5024/4683
f 488/490/486 4370/4658/4371 486/491/487
f 3270/3410/3270 511/514/509 252/251/250
f 3511/3674/3512 3512/3673/3511 4021/4246/4021
f 3291/3433/3290 29/30/30 3290/3434/3291
f 2387/2452/2388 2205/2264/2206 4043/4270/4043
f 4370/4658/4371 3009/3123/3009 486/491/487
f 64/65/65 4451/4749/4451 3981/4199/3981
f 1623/1656/1621 1461/1493/1461 1460/1492/1460
f 4451/4749/4451 2842/2942/2843 3981/4199/3981
f 3660/3834/3658 3659/3836/3660 4213/4472/4213
f 116/117/117 892/907/893 2444/4649/2445
f 2027/2081/2028 3049/3162/3047 514/4730/512
f 3359/3511/3359 28/29/29 1626/1660/1625
f 3965/4182/3965 2207/2266/2208 3575/5377/3575
f 1014/1030/1012 4352/4637/4352 3857/4065/3857
f 4662/4997/4662 3718/3900/3719 4579/4895/4579
f 3439/3596/3437 2130/2189/2131 3437/3597/3438
f 8/9/9 3843/4049/3844 9/7/7
f 1120/1141/1121 807/819/808 4891/5271/4891
f 411/411/409 455/455/453 3459/3618/3459
f 1310/1334/1308 3728/3913/3728 1611/1647/1612
f 2301/2364/2302 3139/3262/3138 3678/3855/3676
f 2360/2423/2360 538/544/539 4805/5169/4805
f 2360/2423/2360 4805/5169/4805 366/365/364
f 989/1008/990 3087/4391/3085 2747/2840/2748
f 2683/2764/2681 3859/4068/3860 3571/3743/3572
f 2651/2731/2650 536/539/534 535/541/536
f 1029/1048/1030 3001/3115/3001 1617/1651/1616
f 2849/2949/2850 1871/1919/1872 2986/3098/2985
f 1969/2021/1970 1686/1725/1685 1689/1730/1689
f 219/2992/220 2887/2991/2888 3052/4307/3053
f 3919/4129/3919 1531/3563/1532 3811/5426/3811
f 3518/3681/3518 3517/3680/3517 4032/4259/4032
f 1005/1023/1005 2292/2354/2292 1732/1776/1732
f 1513/1547/1512 1507/1543/1508 4371/4657/4370
f 1518/1554/1519 1517/1553/1518 3546/3712/3546
f 2145/2203/2145 2349/2412/2349 417/417/415
f 4952/5359/4952 4171/4424/4171 4007/4228/4005
f 3020/3133/3019 2561/2639/2562 3021/3135/3021
f 3486/3646/3485 4742/5088/4740 2045/2099/2046
f 2635/2715/2635 3259/3398/3259 1059/1077/1059
f 240/239/238 1059/1077/1059 3259/3398/3259
f 2051/2105/2052 4676/5016/4676 4675/5015/4675
f 4722/5069/4722 3366/3518/3366 3365/3517/3365
f 477/480/477 4759/5110/4759 3210/3347/3211
f 230/232/231 4759/5110/4759 477/480/477
f 3118/3239/3119 1858/1903/1856 1738/1781/1737
f 414/414/412 1586/1621/1586 3786/3980/3786
f 2133/2192/2134 3907/4117/3907 4283/4558/4283
f 2130/2189/2131 4733/5081/4733 3437/3597/3438
f 2532/2606/2532 2832/2931/2832 2072/2124/2071
f 3819/4020/3818 3818/4021/3819 3970/4187/3970
f 1767/1811/1767 671/675/669 1110/1131/1111
f 3818/4021/3819 4755/5106/4755 3970/4187/3970
f 1062/1078/1060 1600/1633/1598 4614/4936/4614
f 4539/4847/4538 107/108/108 109/107/107
f 705/713/706 3335/3481/3335 706/714/707
f 2060/2114/2061 4128/4369/4128 2906/3014/2907
f 3825/4029/3825 391/390/389 4271/4540/4271
f 3944/4158/3944 2725/2815/2725 1818/1865/1819
f 1748/1793/1749 4073/4305/4073 4930/5323/4930
f 4110/4347/4108 4273/4543/4273 4272/4542/4272
f 3486/3646/3485 3485/3647/3486 4580/4896/4580
f 3148/3273/3148 655/662/656 2751/2843/2751
f 3758/3947/3758 3942/4157/3943 3557/3724/3557
f 3557/3724/3557 3942/4157/3943 4757/5108/4757
f 4713/5059/4713 3582/4786/3582 4482/4785/4482
f 312/314/313 311/313/312 2901/3008/2901
f 3547/4776/3547 3004/3118/3004 1878/1924/1877
f 2293/2356/2294 4921/5310/4921 1998/4863/1999
f 1219/1242/1220 1203/1226/1204 1220/1243/1221
f 4206/4464/4206 4205/4463/4205 565/568/563
f 3052/4307/3053 3556/3723/3556 4174/4427/4174
f 3556/3723/3556 3052/4307/3053 2887/2991/2888
f 1932/1980/1932 3461/3619/3460 1104/1125/1105
f 4882/5261/4882 759/769/760 3441/3599/3440
f 4437/4731/4437 2592/2668/2590 325/327/326
f 2509/2584/2510 4309/4585/4310 4679/5018/4678
f 1473/1506/1474 716/724/717 3349/3496/3347
f 1933/1982/1934 1811/1855/1809 1050/1067/1049
f 4412/4704/4412 2975/3086/2974 2974/3087/2975
f 3294/3437/3294 2512/2585/2511 352/3888/350
f 3503/3666/3504 1160/1182/1161 3401/3556/3401
f 4598/4918/4598 604/611/605 4694/5037/4694
f 4628/4956/4628 4749/5099/4749 4633/4963/4633
f 4195/4452/4195 4603/4923/4603 4715/5062/4715
f 2357/2418/2355 1024/1042/1024 731/739/732
f 1092/3912/1092 1091/5363/1091 1611/1647/1612
f 4209/4468/4209 3016/3131/3017 4210/4469/4210
f 1490/1520/1488 1489/1522/1490 763/772/763
f 75/73/73 1792/1836/1792 73/74/74
f 557/4929/558 879/894/880 558/5395/559
f 3587/3759/3588 4686/5026/4685 3588/3757/3586
f 1020/1036/1018 3294/3437/3294 1688/1729/1688
f 4855/5225/4855 3371/3524/3372 3926/4137/3926
f 1913/1961/1914 3092/3210/3092 226/4710/227
f 1336/1362/1336 2735/2828/2736 3982/4200/3982
f 3046/3159/3044 2148/2204/2146 4894/5277/4894
f 2875/2979/2876 1727/1772/1728 1079/1098/1080
f 4973/5392/4973 4375/4661/4374 4851/5219/4850
f 1810/1857/1811 3157/3284/3157 2700/2788/2701
f 3191/3321/3191 458/3323/456 457/4233/458
f 2667/2749/2666 1296/1322/1296 1562/1598/1563
f 2591/2670/2592 2590/2669/2591 4314/4590/4314
f 3026/3142/3027 4385/4671/4383 1680/1721/1681
f 2272/2330/2270 2271/2332/2272 4435/4728/4435
f 4363/4651/4364 2697/2782/2697 4477/4781/4478
f 2697/2782/2697 4363/4651/4364 4365/4650/4363
f 592/599/593 4498/4803/4498 1494/1526/1494
f 1129/1148/1127 720/728/721 1127/1149/1128
f 3143/3268/3143 2177/2236/2178 2179/2235/2177
f 4564/4876/4564 4211/4471/4212 4207/4467/4208
f 2629/2706/2627 3283/3425/3283 4624/4951/4623
f 398/400/399 2172/2228/2170 399/401/400
f 3430/3590/3431 3877/4084/3876 3431/3591/3432
f 4718/5066/4719 3464/3624/3465 4928/5321/4928
f 4075/5393/4075 667/674/668 3962/4178/3963
f 500/506/501 4664/5000/4664 1141/1163/1142
f 3936/4151/3937 4563/4874/4562 1376/1402/1374
f 3663/3840/3664 15/13/13 3664/3841/3665
f 2442/2513/2443 2441/2512/2442 1386/1414/1386
f 4361/4647/4361 3984/4202/3983 4741/5090/4742
f 1868/2735/1867 3803/4004/3803 2705/4003/2705
f 2960/3073/2961 2962/3072/2960 4532/4840/4532
f 4742/5088/4740 2046/2100/2047 2045/2099/2046
f 4343/4625/4341 4085/4319/4085 4341/4626/4342
f 4974/5394/4974 4654/4988/4653 10/11/11
f 2301/2364/2302 4274/4544/4274 2302/2365/2303
f 1099/1119/1099 4535/4844/4535 686/691/685
f 2178/2237/2179 4602/4922/4602 2179/2235/2177
f 1178/1197/1176 293/292/291 292/294/293
f 4058/4287/4058 2905/3012/2905 3794/3990/3794
f 3866/4075/3867 4905/5291/4905 4585/4902/4585
f 2452/2524/2453 2453/2523/2452 3989/4209/3989
f 4543/4852/4543 2247/2308/2248 2249/2307/2247
f 4201/5038/4201 4982/5405/4982 4990/5427/4990
f 4806/5170/4806 387/389/388 4805/5169/4805
f 1562/1598/1563 4638/4971/4638 3311/3454/3311
f 3684/3864/3685 3686/3863/3684 1906/1952/1905
f 3439/3596/3437 3438/3598/3439 3318/3462/3316
f 4829/5196/4829 1413/1442/1411 4096/4333/4097
f 3696/3876/3697 4573/4888/4574 4865/5237/4865
f 1428/1458/1426 4467/4765/4466 1426/1459/1427
f 1428/1458/1426 3381/3534/3381 4467/4765/4466
f 4910/5297/4910 386/388/387 388/387/386
f 3812/4014/3812 4622/4949/4622 3332/3479/3333
f 1434/1467/1435 1433/1466/1434 1716/1760/1717
f 4846/5213/4845 4732/5078/4730 4888/5269/4889
f 3462/3622/3463 3507/3670/3508 3463/3621/3462
f 1519/1552/1517 524/529/524 1517/1553/1518
f 4990/5427/4990 3738/3924/3738 3130/3923/3131
f 2179/2235/2177 4602/4922/4602 882/896/882
f 1087/1106/1088 4059/5343/4060 4351/4636/4351
f 2168/2224/2166 2167/2226/2168 2368/2430/2367
f 652/659/653 3624/3797/3624 653/660/654
f 4526/4834/4526 18/2504/16 3830/4180/3830
f 1502/1538/1503 1627/1663/1628 1629/1662/1627
f 1166/1185/1164 2317/2377/2315 2270/2331/2271
f 142/143/143 463/466/464 3219/3357/3219
f 464/464/462 463/466/464 142/143/143
f 4771/5126/4771 2399/2462/2398 3368/3521/3369
f 1836/1883/1836 3171/3297/3169 3170/3299/3171
f 2111/2167/2111 3568/3739/3569 4644/4977/4643
f 3395/3549/3395 3968/4186/3969 49/50/50
f 3953/4167/3953 3937/4152/3938 3936/4151/3937
f 4842/5211/4843 2850/2950/2851 3749/3937/3748
f 4349/4632/4348 4491/4795/4491 4848/5218/4849
f 4960/5371/4960 4551/4861/4551 255/254/253
f 4551/4861/4551 4975/5396/4975 255/254/253
f 938/955/939 2552/2628/2552 497/503/498
f 302/304/303 2939/3052/2940 2941/3051/2939
f 2715/2803/2713 593/1118/591 2713/2804/2714
f 4148/4398/4149 4147/4397/4148 3466/3623/3464
f 4955/5364/4955 4148/4398/4149 3465/3625/3466
f 4530/4839/4531 4110/4347/4108 4109/4349/4110
f 2077/2130/2076 1212/1232/1210 4238/5327/4238
f 3376/3530/3377 4769/5123/4769 3377/3531/3378
f 3567/3734/3565 3629/3805/3630 3565/3735/3566
f 2131/5389/2132 4972/5388/4972 4933/5326/4933
f 3150/3278/3151 3402/3557/3402 3505/3668/3506
f 4490/4793/4489 3271/3412/3272 4489/4794/4490
f 425/425/423 424/427/425 2176/2234/2176
f 4903/5289/4903 2665/2747/2664 4635/4967/4635
f 4290/4565/4290 3822/5318/3823 4708/5425/4708
f 3264/3404/3264 4602/4922/4602 3634/3809/3634
f 4931/5324/4931 4455/4753/4455 4454/4752/4454
f 4158/4407/4158 2078/2132/2078 1376/1402/1374
f 3361/3514/3362 3360/3513/3361 1549/1585/1550
f 3931/4146/3932 4604/4925/4605 3932/4147/3933
f 4827/5193/4827 1653/3255/1651 4028/5424/4026
f 4026/4254/4027 4028/4253/4026 1653/1688/1651
f 1271/1293/1269 4418/4711/4418 1269/1294/1270
f 2027/2081/2028 513/5428/514 2028/2079/2026
f 3986/4206/3987 280/279/278 4948/5349/4948
f 1942/1993/1942 4452/4750/4452 1928/1974/1927
f 1670/1707/1670 1297/1324/1298 918/935/919
f 4688/5029/4688 1159/1178/1157 3589/3760/3589
f 1404/1432/1402 4736/5084/4736 3096/3214/3096
f 900/915/901 3506/3667/3505 3943/4242/3942
f 181/179/179 180/181/181 712/717/710
f 4469/4768/4469 4226/4486/4226 395/397/396
f 1317/1344/1318 559/562/557 558/564/559
f 4666/5001/4665 4511/4817/4510 3856/4063/3855
f 2189/2248/2190 4819/5185/4819 2190/2249/2191
f 4012/4237/4013 2607/2684/2606 25/26/26
f 3186/3316/3186 4663/4998/4663 3659/3836/3660
f 267/269/268 2408/2471/2407 268/270/269
f 4801/5164/4801 4971/5386/4970 2731/2821/2729
f 2585/2663/2585 901/914/900 3692/3872/3693
f 357/4390/356 4143/4389/4143 351/4408/352
f 2849/2949/2850 2321/2384/2322 1872/1917/1870
f 2063/2117/2064 2106/2163/2107 2064/2118/2065
f 259/1527/260 995/1014/996 3387/3541/3387
f 4825/5191/4825 3601/3771/3599 3084/3201/3083
f 1462/1495/1463 2294/5007/2295 2000/2049/1998
f 2710/2801/2711 3531/3695/3531 3730/3916/3731
f 3601/3771/3599 3600/3773/3601 2756/2849/2757
f 36/34/34 2797/2891/2796 34/35/35
f 4728/5074/4727 4950/5352/4950 4471/4769/4470
f 4574/4886/4572 4150/4399/4150 4861/5232/4860
f 873/887/873 4961/5373/4961 1146/2999/1147
f 3845/4050/3845 4339/4623/4339 3405/3561/3406
f 1043/1060/1042 1119/1137/1117 893/906/892
f 2928/3036/2927 567/572/567 2927/3037/2928
f 4798/5159/4796 1987/2039/1988 4881/5260/4881
f 4478/4780/4477 4363/4651/4364 4477/4781/4478
f 1886/1934/1887 3692/3872/3693 3691/3871/3692
f 334/336/335 336/335/334 3552/3720/3553
f 1960/2011/1960 1292/1316/1290 1511/1544/1509
f 3264/3404/3264 2338/2401/2338 2349/2412/2349
f 2517/2591/2517 3971/4188/3971 3459/3618/3459
f 1076/5179/1077 4955/5364/4955 2923/5365/2921
f 3052/4307/3053 4174/4427/4174 4074/4306/4074
f 1382/1411/1383 1384/1410/1382 1130/1151/1130
f 3643/3819/3643 2331/2393/2330 2330/2394/2331
f 873/887/873 2893/3000/2893 348/350/349
f 2598/2676/2598 4245/4512/4245 4223/4482/4223
f 1590/1626/1591 2323/2385/2323 1591/1624/1589
f 3415/3572/3416 1539/1574/1539 3416/3570/3414
f 4908/5295/4908 4558/4870/4558 4113/4352/4113
f 3921/4132/3921 3090/3209/3091 4603/4923/4603
f 1024/1042/1024 490/495/491 489/494/490
f 274/275/274 2937/3049/2937 243/242/241
f 1337/1363/1337 1336/1362/1336 2829/4201/2829
f 3063/3179/3064 4247/4513/4246 4198/4456/4199
f 2043/2097/2044 4554/4866/4554 925/942/926
f 2121/2178/2122 4904/5290/4904 2122/2176/2120
f 469/472/470 4656/4991/4656 2787/2882/2788
f 3666/3843/3667 4429/4722/4429 3467/3626/3467
f 1357/1383/1357 4975/5396/4975 4551/4861/4551
f 3009/3123/3009 1506/1542/1507 169/167/167
f 3287/3431/3288 449/449/447 448/451/449
f 4936/5331/4936 4865/5237/4865 4860/5233/4861
f 429/432/430 645/649/643 1579/1615/1580
f 1505/1540/1505 2362/2425/2362 1535/1570/1535
f 869/883/869 947/963/947 578/581/576
f 3816/4018/3816 175/173/173 394/393/392
f 2745/4554/2746 3168/3294/3167 2181/2240/2182
f 1281/1306/1282 1280/1305/1281 31/32/32
f 4440/4734/4440 1193/1214/1192 3479/3641/3480
f 1923/1970/1923 3918/4128/3918 2410/2473/2409
f 1236/1259/1237 824/835/824 823/834/823
f 815/827/816 4541/4850/4541 4421/4714/4421
f 4837/5205/4837 4421/4714/4421 4541/4850/4541
f 2038/2090/2037 2037/2091/2038 1465/1497/1465
f 2898/3003/2896 2897/3005/2898 3864/4072/3864
f 3444/3601/3442 3443/3603/3444 4523/4832/4524
f 4287/4563/4288 2447/2517/2447 3755/3944/3755
f 3885/4093/3885 1923/1970/1923 3884/4092/3884
f 2071/2125/2072 2962/3072/2960 2961/3074/2962
f 2071/2125/2072 4532/4840/4532 2962/3072/2960
f 4567/4879/4567 4028/5424/4026 406/5153/404
f 330/331/330 3641/3817/3641 306/308/307
f 4967/5381/4967 3330/3477/3331 3600/3773/3601
f 3331/3475/3329 3330/3477/3331 4967/5381/4967
f 4215/4474/4215 3660/3834/3658 4214/4473/4214
f 123/121/121 589/596/590 121/122/122
f 2488/2559/2486 3434/3592/3433 2491/2564/2491
f 1098/1116/1098 4576/4891/4577 369/368/367
f 2005/3039/2005 1593/1629/1594 1597/1630/1595
f 4157/4406/4157 2628/2708/2629 2627/2707/2628
f 253/4904/254 70/71/71 2094/2149/2095
f 110/111/111 1768/1813/1769 2792/2885/2791
f 428/428/426 1388/1415/1387 889/904/890
f 3428/3587/3428 3054/3586/3055 3811/4013/3811
f 4878/5257/4878 740/748/741 742/747/740
f 4980/5401/4980 4874/5252/4874 4883/5263/4883
f 4467/4765/4466 4468/4767/4468 4557/4869/4557
f 90/91/91 4042/4268/4041 4974/5394/4974
f 2270/2331/2271 100/98/98 4929/5322/4929
f 1492/1525/1493 2649/2730/2649 2776/2869/2776
f 4112/4351/4112 1307/1331/1305 4233/4496/4233
f 4141/4385/4141 3329/3476/3330 3331/3475/3329
f 3321/3467/3321 2363/2426/2363 1219/1242/1220
f 382/381/380 3868/4076/3868 4083/4316/4083
f 322/324/323 3436/3594/3435 77/5329/78
f 215/216/216 585/591/585 2001/2052/2001
f 2644/2998/2643 1631/1667/1631 1758/1801/1757
f 4619/4943/4619 4935/5330/4935 1423/1453/1421
f 2839/3274/2839 2232/2292/2232 3495/3656/3495
f 3706/3885/3706 4716/5063/4716 4935/5330/4935
f 1393/1422/1394 1847/1893/1846 222/221/221
f 3424/3582/3425 118/116/116 2672/2755/2672
f 117/118/118 4373/4659/4372 2672/2755/2672
f 3252/3391/3252 2412/2476/2412 2863/2964/2864
f 3757/3945/3756 2334/2395/2332 2333/2397/2334
f 1553/1589/1554 3792/3987/3793 1554/1587/1552
f 2893/4700/2893 1146/1168/1147 792/803/792
f 571/577/572 1909/1956/1909 4546/4855/4546
f 785/797/786 962/3107/962 1257/1281/1257
f 37/38/38 2221/2277/2219 4246/4514/4247
f 4721/5068/4721 4188/4445/4189 1100/1121/1101
f 3618/3792/3619 2221/2277/2219 37/38/38
f 392/2912/393 3288/3429/3286 2814/2913/2814
f 49/50/50 3968/4186/3969 4560/4872/4560
f 3968/4186/3969 4035/4262/4035 4560/4872/4560
f 1693/1735/1694 1695/1734/1693 3332/3479/3333
f 4576/4891/4577 1098/1116/1098 593/1118/591
f 1302/1329/1303 2384/2448/2384 3078/3196/3078
f 3337/3484/3338 3336/3483/3337 1533/1569/1534
f 4690/5032/4690 4870/5247/4870 4320/4599/4320
f 3814/4015/3813 3813/4016/3814 2393/2458/2394
f 4170/4423/4170 4916/5304/4916 848/863/849
f 1870/1918/1871 4756/5107/4756 42/40/40
f 1598/1634/1599 2686/2769/2686 2541/2615/2541
f 134/135/135 2798/2894/2799 1313/1339/1313
f 1750/1792/1748 4959/5370/4959 4697/5040/4696
f 2281/2343/2282 1930/1978/1930 1929/1977/1929
f 2120/2177/2121 1678/1719/1679 3920/4131/3920
f 761/771/762 597/604/598 4817/5183/4817
f 4926/5315/4926 4925/5314/4925 4886/5266/4886
f 3067/3181/3066 4798/5159/4796 4797/5161/4798
f 3067/3181/3066 1987/2039/1988 4798/5159/4796
f 2744/2834/2742 3012/3125/3011 2742/2835/2743
f 2601/2680/2602 2603/2679/2601 1823/1869/1823
f 2475/2548/2476 2120/2177/2121 3920/4131/3920
f 637/644/638 706/714/707 3039/3154/3039
f 746/754/747 3184/3312/3182 4260/4528/4260
f 570/573/568 3011/3126/3012 1091/1109/1091
f 4156/4405/4156 4879/5258/4879 233/235/234
f 200/201/201 2573/2651/2573 281/282/281
f 3102/3220/3102 4714/5060/4714 2678/2762/2679
f 3024/3136/3022 3960/4175/3960 3022/3137/3023
f 2103/2160/2104 3679/3858/3679 4701/5045/4701
f 3698/3875/3696 4361/4647/4361 4573/4888/4574
f 415/418/416 2493/2566/2493 4934/5328/4934
f 4540/4849/4540 2958/3071/2959 4739/5087/4739
f 4005/4229/4006 94/92/92 4395/4684/4396
f 4515/4822/4515 400/399/398 1285/1309/1285
f 1145/1166/1145 1649/1687/1650 3247/3386/3247
f 4990/5427/4990 4982/5405/4982 3738/3924/3738
f 2727/2819/2726 1147/1167/1146 2726/5421/2727
f 4069/4302/4070 4808/5172/4808 4070/4303/4071
f 3634/3809/3634 74/75/75 4862/5234/4862
f 672/678/672 204/205/205 4696/5041/4697
f 4710/5054/4710 4709/5053/4709 3756/3946/3757
f 4911/5298/4911 4371/4657/4370 4898/5284/4898
f 2088/2143/2089 1078/1094/1076 3883/4091/3883
f 3335/3481/3335 3817/4019/3817 966/984/966
f 1453/1483/1451 648/652/646 1451/1484/1452
f 1447/1478/1446 778/790/779 2002/2053/2002
f 1904/1951/1904 2184/2243/2185 3367/3519/3367
f 3161/3286/3159 3663/3840/3664 3665/3839/3663
f 2246/2305/2245 943/960/944 862/874/860
f 1995/2047/1996 2367/2431/2368 2291/2353/2291
f 4464/4764/4465 4812/5176/4812 4811/5175/4811
f 227/229/228 3956/4170/3956 739/746/739
f 3752/3939/3750 3751/3941/3752 3904/4114/3904
f 4468/4767/4468 4466/4766/4467 3193/4541/3194
f 3907/4117/3907 632/639/633 3374/3527/3375
f 2968/3080/2968 754/764/755 3734/3919/3734
f 4084/4318/4084 1083/1102/1084 4916/5304/4916
f 3747/3934/3745 4100/4337/4101 3745/3935/3746
f 4587/4905/4587 3906/4116/3906 2991/3104/2991
f 3154/3280/3153 4640/4975/4641 3513/3676/3514
f 1044/1062/1044 55/56/56 251/253/252
f 2730/2823/2731 2733/2825/2733 2731/2821/2729
f 1521/1555/1520 2308/2370/2308 2895/3002/2895
f 4048/4275/4048 4301/4576/4301 4049/4276/4049
f 2642/2722/2641 4130/5293/4130 3508/4557/3507
f 2527/2599/2525 1305/1332/1306 1307/1331/1305
f 3100/3219/3101 3099/3218/3100 4129/4370/4129
f 4350/4634/4350 4106/4466/4106 36/4635/34
f 599/603/597 4817/5183/4817 597/604/598
f 3383/3536/3383 1517/1553/1518 524/529/524
f 4964/5429/4964 978/3731/979 3564/3732/3564
f 3755/3944/3755 4288/4562/4287 4287/4563/4288
f 4523/4832/4524 3443/3603/3444 4558/4870/4558
f 249/248/247 790/801/790 2559/2637/2560
f 3441/3599/3440 2300/2360/2298 3895/4104/3896
f 4135/4377/4134 4566/4878/4566 2957/3070/2958
f 4566/4878/4566 4135/4377/4134 297/299/298
f 4540/4849/4540 4134/4378/4135 2959/3069/2957
f 4892/5272/4892 4685/5027/4686 1101/1122/1102
f 3688/3866/3687 4323/4603/4323 3687/3867/3688
f 4021/4246/4021 2203/2261/2203 3522/3685/3522
f 4897/5283/4897 123/121/121 4179/4433/4178
f 4606/4926/4606 4190/4444/4188 4349/4632/4348
f 529/535/530 2430/2494/2428 2429/2496/2430
f 4761/5113/4762 4476/4779/4476 2572/2650/2572
f 4245/4512/4245 2598/2676/2598 427/430/428
f 3511/3674/3512 752/759/750 751/761/752
f 574/580/575 4514/4821/4514 3578/3749/3578
f 1329/1355/1329 1328/1354/1328 2446/2516/2446
f 761/771/762 4984/5412/4984 762/770/761
f 3826/4030/3826 4869/5245/4869 338/340/339
f 3936/4151/3937 2904/3011/2904 3953/4167/3953
f 3919/4129/3919 3811/5426/3811 3054/3170/3055
f 2243/2302/2242 4422/4715/4422 2242/2303/2243
f 4378/4664/4377 4377/4665/4378 4436/4729/4436
f 1408/1438/1408 4329/4608/4328 4901/5287/4901
f 628/635/629 561/567/562 3211/3345/3210
f 124/125/125 4386/4674/4386 125/126/126
f 537/543/538 4910/5297/4910 4806/5170/4806
f 2854/4485/2854 2551/2625/2549 1497/4388/1496
f 3583/3754/3583 986/4965/987 1877/1925/1878
f 4773/5128/4773 1992/2041/1990 2774/2867/2774
f 3417/3573/3417 2110/2164/2108 1990/2042/1991
f 3770/3961/3770 3769/3957/3768 311/313/312
f 311/313/312 3769/3957/3768 2901/3008/2901
f 2332/2396/2333 2931/3043/2932 4853/5221/4852
f 3701/3881/3702 4178/4434/4179 3490/3652/3491
f 4968/5384/4968 2688/2772/2689 4781/5137/4781
f 3897/4105/3897 1482/1515/1483 1484/1514/1482
f 4161/4415/4162 3576/3747/3576 4162/4413/4160
f 4728/5074/4727 4126/4367/4126 4587/4905/4587
f 3250/3390/3251 3578/3749/3578 4514/4821/4514
f 1908/1955/1908 573/576/571 4267/4536/4267
f 4158/4407/4158 4563/4874/4562 4879/5258/4879
f 3474/3634/3475 3416/3570/3414 1539/1574/1539
f 4507/4814/4507 4745/5096/4746 4590/4909/4590
f 1442/1475/1443 496/499/494 495/501/496
f 3153/3281/3154 3838/4044/3839 2191/2247/2189
f 581/584/579 580/586/581 409/412/410
f 1754/1798/1754 2075/2129/2075 3690/3869/3690
f 1985/2037/1986 4687/5028/4687 2166/2225/2167
f 2/3/3 3180/3308/3178 1762/1807/1763
f 4985/5414/4985 2759/2852/2760 2760/2851/2759
f 3861/4069/3861 2730/2823/2731 4922/5311/4922
f 540/546/541 2445/2514/2444 541/547/542
f 1128/1150/1129 3700/3878/3699 480/481/478
f 4720/5067/4720 4455/4753/4455 3911/4121/3911
f 3471/3631/3472 3865/4073/3865 3184/3312/3182
f 746/754/747 3471/3631/3472 3184/3312/3182
f 3005/3119/3005 2284/2347/2285 1229/1251/1229
f 3332/3479/3333 4622/4949/4622 3333/3478/3332
f 4286/4561/4286 4159/4410/4159 683/690/684
f 4489/4794/4490 4589/4908/4589 3161/3286/3159
f 1954/2004/1953 4708/5425/4708 2249/4602/2247
f 2086/2139/2085 1316/1342/1316 33/31/31
f 2227/2288/2228 2063/2117/2064 2065/2116/2063
f 4847/5216/4847 4915/5302/4915 4038/4265/4038
f 696/703/697 1978/2030/1979 1728/1771/1727
f 1916/1964/1917 1915/1963/1916 3767/3956/3767
f 3891/4099/3891 2272/2330/2270 4873/5251/4873
f 3438/3598/3439 3437/3597/3438 4003/4226/4003
f 1020/1036/1018 2856/2957/2857 1327/1351/1325
f 576/582/577 1682/1720/1680 4586/4903/4586
f 3028/3141/3026 3027/3143/3028 10/11/11
f 4142/4386/4142 3966/4183/3966 4544/4853/4544
f 1750/1792/1748 4697/5040/4696 3102/3220/3102
f 4062/4293/4061 2163/2220/2162 618/625/619
f 4783/5140/4783 3295/3438/3295 2828/2925/2826
f 2854/2954/2854 1497/1531/1496 2855/2955/2855
f 4847/5216/4847 4844/5212/4844 3719/3898/3717
f 1758/1801/1757 1757/1802/1758 1677/1718/1678
f 3953/4167/3953 4850/5220/4851 3937/4152/3938
f 3583/3754/3583 897/912/898 899/911/897
f 4340/4624/4340 4288/4562/4287 2857/2956/2856
f 1362/1386/1360 1361/1388/1362 677/684/678
f 3476/3635/3476 3146/3658/3146 509/515/510
f 378/377/376 377/379/378 4820/5186/4820
f 4428/4721/4428 2844/2944/2845 3406/3559/3404
f 4884/5264/4884 4874/5252/4874 4875/5253/4875
f 923/940/924 1808/1853/1807 2160/2219/2161
f 1646/1684/1647 4513/4820/4513 3392/3546/3392
f 4958/5369/4958 4766/5119/4766 4951/5353/4951
f 1371/1400/1372 4965/5378/4965 533/536/531
f 924/938/922 923/940/924 2160/2219/2161
f 4520/4827/4519 4430/4724/4431 4519/4828/4520
f 301/300/299 4662/4997/4662 299/301/300
f 271/273/272 3870/4077/3869 272/271/270
f 4268/4537/4268 3995/4215/3995 2092/2145/2091
f 4091/4327/4091 1199/1222/1200 3328/3474/3328
f 2048/2102/2049 1794/1840/1795 522/528/523
f 279/281/280 278/280/279 4632/4961/4632
f 387/389/388 4806/5170/4806 388/387/386
f 3238/3375/3236 3091/3207/3089 3921/4132/3921
f 3016/3131/3017 3015/3130/3016 2945/3058/2946
f 3527/3692/3528 4922/5311/4922 4928/5321/4928
f 1101/1122/1102 4685/5027/4686 130/131/131
f 4198/4456/4199 4247/4513/4246 3876/4085/3877
f 2779/2873/2780 2570/2647/2569 1483/1516/1484
f 3905/4115/3905 907/919/905 3787/3982/3788
f 4078/4311/4078 325/327/326 2592/2668/2590
f 2709/2799/2709 1298/1325/1299 1297/1324/1298
f 1797/1842/1797 1920/1965/1918 2394/2457/2393
f 4271/4540/4271 4138/4383/4139 3825/4029/3825
f 26/27/27 574/580/575 3578/3749/3578
f 3653/3829/3653 2514/2589/2515 2515/2588/2514
f 231/230/229 477/480/477 3872/4080/3872
f 468/470/468 231/230/229 3872/4080/3872
f 3704/3884/3705 3705/3883/3704 260/4548/261
f 2489/2562/2489 2396/2459/2395 1761/1805/1761
f 322/324/323 517/520/515 1011/1029/1011
f 3555/3722/3555 2140/2197/2139 2139/2198/2140
f 718/723/716 3642/3818/3642 716/724/717
f 4553/4864/4553 4909/5296/4909 4981/5403/4981
f 3184/3312/3182 3183/3314/3184 4260/4528/4260
f 3237/3377/3238 3091/3207/3089 3238/3375/3236
f 4792/5155/4792 664/671/665 693/700/694
f 4945/5345/4945 4654/4988/4653 4041/4269/4042
f 4078/4311/4078 4828/5194/4828 325/327/326
f 4210/4469/4210 2947/3057/2945 3628/3803/3628
f 4511/4817/4510 4510/4818/4511 3856/4063/3855
f 3855/4064/3856 3856/4063/3855 4510/4818/4511
f 3858/4067/3859 2750/2841/2749 2407/2472/2408
f 1071/1089/1071 422/422/420 1069/1088/1070
f 4405/4695/4405 927/941/925 3268/3408/3268
f 2345/2406/2343 2344/2408/2345 2800/2896/2801
f 116/117/117 4362/4648/4362 3802/3999/3802
f 4372/4660/4373 116/117/117 3802/3999/3802
f 2824/2922/2823 4889/5268/4888 4888/5269/4889
f 4193/4449/4193 1733/1778/1734 1735/1777/1733
f 4648/4981/4647 2585/2663/2585 1886/1934/1887
f 4069/4302/4070 3981/4199/3981 4808/5172/4808
f 514/4730/512 3890/4098/3890 4299/5348/4299
f 3742/3929/3741 3741/3930/3742 4056/4283/4054
f 4907/5294/4907 2421/2488/2422 2422/2487/2421
f 1813/1858/1812 1002/1991/1003 1010/1027/1009
f 1140/1162/1141 1481/1513/1481 1141/1163/1142
f 3799/4694/3799 3582/3753/3582 2088/2143/2089
f 3584/3756/3585 3742/3929/3741 3769/3957/3768
f 3769/3957/3768 3742/3929/3741 2825/2924/2825
f 3347/3497/3348 4613/4935/4613 3348/3498/3349
f 4597/4916/4597 4493/4796/4492 4244/4511/4244
f 3538/3702/3538 3303/3447/3304 4269/4538/4269
f 3095/3213/3095 3397/3550/3396 2377/2440/2376
f 1132/1153/1132 1496/1532/1497 357/357/356
f 3789/3981/3787 4131/4373/4131 2692/4437/2692
f 3124/3246/3124 174/175/175 527/532/527
f 365/367/366 2343/2407/2344 4424/4716/4423
f 4386/4771/4386 3209/3344/3209 125/4322/126
f 4667/5006/4668 324/326/325 1545/1579/1544
f 2880/2984/2881 2881/2983/2880 61/62/62
f 4519/4828/4520 3469/3629/3470 3468/3628/3469
f 2170/2229/2171 2625/2702/2624 2171/2230/2172
f 52/53/53 4305/4580/4305 2311/2373/2311
f 4875/5253/4875 2312/2374/2312 1153/1172/1151
f 2311/2373/2311 2884/2988/2885 4954/5362/4954
f 3116/3237/3117 1428/1458/1426 1856/1904/1857
f 4954/5362/4954 120/119/119 2311/2373/2311
f 1771/1816/1772 4658/4993/4658 1772/1814/1770
f 1331/1358/1332 4200/4457/4200 3826/4946/3826
f 3826/4946/3826 4200/4457/4200 4869/5413/4869
f 4720/5067/4720 3911/4121/3911 4988/5417/4988
f 2397/2461/2397 1044/1062/1044 750/760/751
f 1306/1333/1307 4431/4725/4432 4520/4827/4519
f 1889/1937/1890 3647/3824/3648 3649/3823/3647
f 1483/1516/1484 1482/1515/1483 3108/3227/3108
f 1838/1885/1838 2245/2306/2246 2246/2305/2245
f 1019/1038/1020 1018/1037/1019 2550/2627/2551
f 4951/5353/4951 2660/2744/2661 4853/5221/4852
f 950/964/948 105/106/106 948/965/949
f 3919/4129/3919 3054/3170/3055 3055/3169/3054
f 4782/5138/4782 1685/2538/1686 1017/1033/1015
f 1411/1443/1412 759/769/760 4882/5261/4882
f 960/975/958 1355/1381/1355 958/976/959
f 377/379/378 4303/4578/4303 1771/1816/1772
f 614/618/612 934/951/935 4130/4371/4130
f 2517/2591/2517 4570/4884/4570 3971/4188/3971
f 1178/1197/1176 4903/5289/4903 1176/1198/1177
f 4705/5049/4705 1176/1198/1177 4903/5289/4903
f 4990/5422/4990 2886/2987/2884 4201/4459/4201
f 4766/5119/4766 3571/3743/3572 3859/4068/3860
f 972/988/970 3227/3365/3227 3801/3996/3800
f 2458/2530/2459 2457/2529/2458 2749/2842/2750
f 2897/3005/2898 2896/3004/2897 3064/3180/3065
f 697/704/698 3552/3720/3553 698/702/696
f 3834/4039/3834 4815/5180/4815 2922/3031/2923
f 174/175/175 3312/3455/3312 175/173/173
f 2631/2710/2631 1712/1756/1713 2752/2844/2752
f 3210/3347/3211 1940/3346/1940 3871/4079/3871
f 697/704/698 696/703/697 3010/3124/3010
f 4919/5307/4919 4373/4659/4372 126/124/124
f 3890/4098/3890 931/947/931 4299/5348/4299
f 4096/4333/4097 1413/1442/1411 1412/1444/1413
f 1101/1122/1102 4752/5103/4752 3604/3777/3605
f 2653/2733/2652 1118/1139/1119 1117/1138/1118
f 964/983/965 4025/4251/4025 965/981/963
f 4810/5174/4810 2392/2454/2390 4809/5173/4809
f 236/238/237 544/550/545 543/549/544
f 3845/4050/3845 3744/3932/3744 4918/5306/4918
f 4918/5306/4918 2283/2345/2284 3845/4050/3845
f 2791/2886/2792 111/112/112 110/111/111
f 4747/5095/4745 2053/2107/2054 4838/5206/4838
f 1889/1937/1890 3649/3823/3647 2786/2880/2786
f 1186/1209/1187 1188/1208/1186 3414/5147/3415
f 108/109/109 4916/5304/4916 823/834/823
f 4368/4655/4368 39/37/37 3063/3179/3064
f 3409/3565/3409 4114/4353/4114 4982/5405/4982
f 1454/1486/1454 1739/1784/1740 1901/1949/1902
f 3907/4117/3907 1068/1084/1066 632/639/633
f 4617/4941/4617 4413/4705/4413 4899/5285/4899
f 431/431/429 2998/3112/2998 2727/2816/2726
f 4161/4415/4162 67/68/68 69/67/67
f 1728/1771/1727 3010/3124/3010 696/703/697
f 3849/4055/3850 2014/2066/2015 3287/3431/3288
f 4458/4756/4458 701/707/700 3798/3994/3798
f 4801/5164/4801 3256/3393/3254 3255/3395/3256
f 1304/1328/1302 978/997/979 519/3902/520
f 2690/2773/2690 2615/2693/2615 2036/2089/2036
f 4801/5164/4801 3994/4213/3993 3256/3393/3254
f 3390/3544/3390 4176/4432/4177 537/543/538
f 1003/1022/1004 2888/2990/2887 3249/3528/3249
f 4521/4829/4521 1935/1983/1935 622/629/623
f 2932/3044/2933 2334/2395/2332 4463/4763/4464
f 2051/2105/2052 4675/5015/4675 2052/2103/2050
f 3294/3437/3294 1020/1036/1018 1327/1351/1325
f 4700/5044/4700 191/192/192 546/552/547
f 2548/2624/2548 1390/1417/1389 2359/2422/2359
f 590/595/589 123/121/121 3657/3831/3655
f 887/902/888 2023/2075/2024 917/934/918
f 901/914/900 826/836/825 900/915/901
f 2836/2933/2834 2835/2935/2836 3781/3971/3780
f 4894/5277/4894 2972/4062/2972 3044/3160/3045
f 2241/2299/2239 2240/2301/2241 4491/4795/4491
f 4803/5166/4802 4830/5198/4831 4499/4806/4500
f 3967/4184/3967 4032/4259/4032 4738/5086/4738
f 4548/4858/4548 4407/4697/4407 4079/4312/4079
f 4548/4858/4548 3225/3364/3226 4407/4697/4407
f 4688/5029/4688 326/325/324 325/327/326
f 3009/3123/3009 3949/4163/3949 4418/4711/4418
f 3393/3547/3393 553/558/553 2871/2971/2871
f 1682/1720/1680 3026/3142/3027 1680/1721/1681
f 2638/4598/2638 617/621/615 3857/4065/3857
f 4807/5171/4807 2990/3103/2990 4697/5040/4696
f 2318/2380/2318 1589/1625/1590 2327/2391/2328
f 1668/1704/1667 2118/2174/2118 1667/1705/1668
f 1677/1718/1678 4324/4604/4324 1758/1801/1757
f 3568/3739/3569 3569/3738/3568 3363/3515/3363
f 4807/5171/4807 4959/5370/4959 3539/3704/3540
f 540/546/541 2890/2994/2890 1190/1213/1191
f 4555/4868/4556 3314/3460/3314 954/970/954
f 2111/2167/2111 4555/4868/4556 954/970/954
f 1463/1496/1464 3997/4217/3996 4819/5185/4819
f 2039/2092/2039 3359/3511/3359 636/640/634
f 433/436/434 764/773/764 3115/4799/3115
f 4221/4481/4222 3174/3300/3172 3542/3707/3542
f 2325/2389/2326 570/573/568 1724/1768/1724
f 4533/4842/4533 548/551/546 4476/4779/4476
f 3774/3965/3774 1958/2009/1958 3021/4395/3021
f 3563/3728/3561 2282/2342/2281 2281/2343/2282
f 17/18/18 3823/4025/3822 3822/4026/3823
f 2451/2519/2449 2643/2725/2644 2644/2724/2643
f 4413/4705/4413 4617/4941/4617 4539/4847/4538
f 4421/4714/4421 4837/5205/4837 4422/4715/4422
f 4438/4732/4438 4897/5283/4897 4179/4433/4178
f 703/711/704 4890/5270/4890 2416/2483/2417
f 704/709/702 703/711/704 2416/2483/2417
f 4933/5326/4933 1371/1400/1372 1373/1399/1371
f 1592/1628/1593 1583/1619/1584 1357/1383/1357
f 4562/4875/4563 3938/4150/3936 4717/5064/4717
f 3378/3529/3376 3301/3443/3300 370/372/371
f 4770/5125/4770 3979/4196/3979 3978/4195/3978
f 2463/2535/2464 2462/2534/2463 3989/4209/3989
f 2394/4495/2393 3228/3366/3228 4560/4872/4560
f 2925/3035/2926 3723/3908/3724 4304/4579/4304
f 1747/1789/1745 2536/2610/2536 21/19/19
f 4120/5372/4119 1906/1952/1905 3686/3863/3684
f 239/241/240 238/240/239 4986/5415/4986
f 4101/4335/4099 4100/4337/4101 4677/5017/4677
f 1156/4198/1156 1624/1659/1624 137/3733/138
f 1350/1375/1349 3813/4016/3814 2808/2904/2808
f 2368/2430/2367 1501/1537/1502 2386/2450/2386
f 3323/3469/3323 2493/2566/2493 417/417/415
f 1517/1553/1518 736/744/737 3546/3712/3546
f 1080/1099/1081 3961/4176/3961 3098/3216/3098
f 3865/4073/3865 3041/3156/3041 3040/3155/3040
f 1049/1068/1050 55/56/56 1044/1062/1044
f 2950/3063/2951 2751/2843/2751 966/984/966
f 3824/4028/3824 2455/2527/2456 2381/2446/2382
f 4290/4565/4290 1954/2004/1953 1218/1238/1216
f 4975/5396/4975 70/5358/71 253/255/254
f 1163/1183/1162 3691/3871/3692 2702/2789/2702
f 758/768/759 35/5406/36 4966/5380/4966
f 4188/4445/4189 4522/4830/4522 4189/4446/4190
f 413/416/414 3088/3206/3088 1586/1621/1586
f 1204/1224/1202 2501/2572/2499 1202/1225/1203
f 1041/1057/1039 3426/3584/3427 2530/2603/2529
f 2825/2924/2825 4056/4283/4054 1972/2024/1973
f 2134/2193/2135 3494/3655/3494 2135/2191/2133
f 4822/5188/4822 4349/4632/4348 4924/5313/4924
f 3847/4053/3848 2074/2127/2073 936/952/936
f 4878/5257/4878 4630/4960/4631 4895/5280/4895
f 4620/4945/4621 3343/3487/3341 3633/3806/3631
f 690/697/691 3215/3351/3215 2267/2326/2266
f 4564/4876/4564 4350/4634/4350 4565/4877/4565
f 19/20/20 2625/2702/2624 2170/2229/2171
f 2193/2250/2192 1295/1319/1293 4640/4975/4641
f 1863/1910/1863 1778/1822/1778 4072/4304/4072
f 2324/2387/2324 2518/2593/2519 4460/4758/4460
f 2223/2280/2222 2409/2474/2410 3166/3291/3164
f 2249/4602/2247 2248/4702/2249 967/986/968
f 595/602/596 3778/3969/3778 791/802/791
f 3436/3594/3435 309/311/310 308/310/309
f 4186/4442/4186 4891/5271/4891 3941/4154/3940
f 3803/4004/3803 2654/2736/2654 1442/1475/1443
f 2405/2470/2406 2645/4022/2645 3714/3896/3715
f 3173/3302/3174 2543/2618/2544 4080/4313/4080
f 128/129/129 4849/5217/4848 4596/4915/4596
f 272/488/270 485/487/484 1578/1612/1577
f 4852/5222/4853 4958/5369/4958 4951/5353/4951
f 2511/2586/2512 2513/2587/2513 2537/2611/2537
f 4363/4651/4364 4478/4780/4477 4516/4823/4516
f 993/1011/993 992/1010/992 1907/1954/1907
f 4948/5349/4948 280/279/278 279/281/280
f 1881/1926/1879 2188/2245/2187 1879/1927/1880
f 1026/1045/1027 2482/2554/2481 3298/3441/3298
f 4815/5180/4815 2923/3029/2921 2922/3031/2923
f 4971/5386/4970 4801/5164/4801 3255/3395/3256
f 1549/1585/1550 945/959/943 3361/3514/3362
f 3940/4155/3941 1564/1597/1562 3901/4109/3901
f 2195/2254/2196 4323/4603/4323 3688/3866/3687
f 3245/3384/3245 2195/2254/2196 3688/3866/3687
f 2183/2241/2183 4479/4782/4479 2185/2244/2186
f 4321/4600/4321 4151/4401/4152 4111/4350/4111
f 4220/4480/4221 4726/5073/4726 4293/4568/4293
f 4406/4696/4406 4845/5214/4846 4889/5268/4888
f 4988/5417/4988 3911/4121/3911 4255/4523/4255
f 495/501/496 3803/4004/3803 1442/1475/1443
f 4034/4261/4034 2340/2404/2341 4297/4572/4297
f 4297/4572/4297 4242/5430/4242 4034/4261/4034
f 1256/1278/1254 4940/5337/4940 2974/3087/2975
f 734/742/735 4391/4679/4391 735/740/733
f 3377/3531/3378 4203/4461/4203 3301/3443/3300
f 4473/4774/4473 4949/5351/4949 4832/5199/4832
f 3597/3770/3598 4172/4425/4172 3598/3768/3596
f 2919/3025/2918 1523/1559/1524 2412/2476/2412
f 3630/3804/3629 3629/3805/3630 3431/3591/3432
f 3330/3477/3331 1151/1173/1152 4612/4933/4611
f 2608/2686/2608 1735/1777/1733 1722/1766/1722
f 1685/1727/1686 2881/2983/2880 1689/1730/1689
f 1197/1220/1198 4700/5044/4700 546/552/547
f 4495/4800/4495 4331/4613/4332 4597/4916/4597
f 4387/4676/4388 2544/2619/2545 4398/4687/4398
f 4921/5310/4921 4483/4787/4483 678/682/676
f 1273/1298/1274 2630/2709/2630 2720/2810/2720
f 4867/5240/4867 2152/2211/2153 1002/1021/1003
f 4792/5155/4792 693/700/694 695/699/693
f 3587/3759/3588 131/132/132 130/131/131
f 4620/4945/4621 3633/3806/3631 3632/3808/3633
f 625/632/626 1184/1206/1184 626/630/624
f 1001/1019/1001 428/428/426 889/904/890
f 2893/3000/2893 4588/4906/4588 874/889/875
f 2893/3000/2893 791/5431/791 4588/4906/4588
f 3004/3118/3004 1237/1258/1236 1236/1259/1237
f 756/766/757 1149/1171/1150 2973/3085/2973
f 3773/3962/3771 3772/3964/3773 3479/3641/3480
f 1815/1862/1816 3110/3230/3111 1552/1588/1553
f 2333/2397/2334 2332/2396/2333 4788/5149/4788
f 2390/2455/2391 1662/1698/1661 2391/2456/2392
f 2874/2977/2874 3050/3165/3050 1252/1277/1253
f 1854/5432/1854 732/737/730 493/2334/493
f 4390/4678/4390 3952/4166/3952 927/941/925
f 4449/4747/4449 4575/4889/4575 2623/2701/2623
f 3908/4118/3908 2178/2237/2179 3143/3268/3143
f 3312/3455/3312 394/393/392 175/173/173
f 1567/1600/1565 3603/3775/3603 3305/3448/3305
f 4818/5184/4818 2574/2653/2575 3646/3822/3646
f 3255/3395/3256 3254/3394/3255 4273/4543/4273
f 1008/1024/1006 998/1017/999 2610/4740/2610
f 3342/3489/3343 2213/2270/2212 4689/5031/4689
f 1193/1214/1192 4440/4734/4440 1192/1215/1193
f 2590/2669/2591 3701/3881/3702 3702/3880/3701
f 244/246/245 246/245/244 1812/1859/1813
f 4032/4259/4032 4417/4709/4417 3522/3685/3522
f 2091/2146/2092 3417/3573/3417 1990/2042/1991
f 4173/4426/4173 2241/2299/2239 4491/4795/4491
f 4188/4445/4189 4777/5133/4777 4522/4830/4522
f 3056/3172/3057 3362/3512/3360 386/388/387
f 1182/1204/1183 1183/1203/1182 4261/4529/4261
f 2984/3097/2984 2569/2648/2570 74/75/75
f 2121/2178/2122 2475/2548/2476 2477/2547/2475
f 1347/1373/1347 513/519/514 512/518/513
f 1126/1145/1125 4893/5273/4893 1125/1146/1126
f 2587/2666/2588 565/568/563 564/570/565
f 1625/1661/1626 1626/1660/1625 4622/5419/4622
f 2158/2215/2157 4414/4707/4415 2157/2216/2158
f 1008/1024/1006 1007/1026/1008 998/1017/999
f 4441/4735/4441 4440/4734/4440 2188/2245/2187
f 1278/1302/1278 4259/4527/4259 4123/4364/4123
f 3082/3423/3080 3346/3494/3346 2079/2134/2080
f 1063/2714/1064 3270/3410/3270 252/251/250
f 3443/3603/3444 3442/3602/3443 4112/4351/4112
f 1985/2037/1986 4506/4813/4506 4687/5028/4687
f 144/142/142 3177/3306/3177 2252/2311/2251
f 2918/3026/2919 711/4409/712 2919/3025/2918
f 3633/3806/3631 3342/3489/3343 4689/5031/4689
f 4198/4456/4199 4900/5286/4900 4716/5063/4716
f 4226/4486/4226 3654/3830/3654 395/397/396
f 2728/2818/2728 4810/5174/4810 4809/5173/4809
f 4138/4383/4139 1264/1289/1265 2225/2284/2225
f 4138/4383/4139 2225/2284/2225 3825/4029/3825
f 1580/1616/1581 2608/2686/2608 1581/1614/1579
f 736/744/737 738/743/736 1756/1800/1756
f 2909/3017/2910 2280/2340/2279 2277/2339/2278
f 4275/4545/4275 1041/1057/1039 2530/2603/2529
f 1106/1126/1106 3965/4182/3965 103/101/101
f 3285/3428/3285 3426/3584/3427 1035/1051/1033
f 1414/1445/1414 724/732/725 726/731/724
f 2817/2917/2818 4454/4752/4454 2660/2744/2661
f 3070/3186/3071 4124/4365/4124 1409/1439/1409
f 65/66/66 64/65/65 4069/4302/4070
f 3099/3218/3100 4204/4462/4204 4129/4370/4129
f 4659/4994/4659 4658/4993/4658 4303/4578/4303
f 4759/5110/4759 1258/1282/1258 3211/3345/3210
f 4095/4331/4095 4963/5375/4963 1239/1262/1240
f 1348/1374/1348 3192/3325/3193 3194/3324/3192
f 3912/4123/3913 3137/3259/3135 4956/5366/4956
f 3673/3851/3673 3912/4123/3913 4956/5366/4956
f 295/297/296 294/296/295 757/765/756
f 4786/5145/4786 3862/4071/3863 3659/3836/3660
f 2729/2822/2730 4970/5387/4971 4880/5259/4880
f 1090/1108/1090 1403/1434/1404 1402/1433/1403
f 2973/3928/2973 3535/3697/3533 3534/3699/3535
f 1027/1046/1028 294/296/295 3299/3442/3299
f 1027/1046/1028 757/765/756 294/296/295
f 4120/5372/4119 583/589/584 1906/1952/1905
f 2227/2288/2228 4763/5114/4763 2107/2162/2106
f 4046/4273/4046 2107/2162/2106 4763/5114/4763
f 2430/3540/2428 4751/5101/4751 2614/5003/2614
f 1354/1380/1354 2202/2259/2201 1324/1350/1324
f 4942/5340/4942 4980/5401/4980 3703/3882/3703
f 324/326/325 326/325/324 1545/1579/1544
f 2912/3019/2912 613/620/614 4074/4306/4074
f 2826/2926/2827 4236/4503/4236 45/43/43
f 3945/4159/3945 2395/2460/2396 2490/2563/2490
f 1175/1196/1175 3714/3896/3715 1148/1170/1149
f 3397/3550/3396 3581/3752/3581 2377/2440/2376
f 3532/3696/3532 1540/1576/1541 1542/1575/1540
f 737/745/738 736/744/737 4545/4854/4545
f 3814/4015/3813 1785/1827/1783 1784/1829/1785
f 3701/3881/3702 3753/3942/3753 1023/1039/1021
f 1242/1266/1242 2370/2640/2370 916/1264/915
f 4081/4315/4082 4082/4314/4081 4263/4531/4263
f 1473/1506/1474 3349/3496/3347 2360/2423/2360
f 428/428/426 3473/3632/3473 426/429/427
f 2522/2597/2523 2741/2831/2739 2740/2833/2741
f 3151/3279/3152 3402/3557/3402 3152/3277/3150
f 355/354/353 4625/4953/4625 3651/3827/3651
f 268/270/269 2750/2841/2749 3980/4197/3980
f 279/281/280 4632/4961/4632 2294/2357/2295
f 3096/3214/3096 2209/3501/2207 226/4710/227
f 156/154/154 155/156/156 1699/1740/1699
f 3513/3676/3514 4640/4975/4641 4641/4974/4640
f 2336/2400/2337 4378/4664/4377 4711/5057/4711
f 507/513/508 666/670/664 4132/4374/4132
f 2983/3095/2982 714/722/715 713/721/714
f 4857/5228/4857 4196/4454/4197 4197/4453/4196
f 4196/4454/4197 3295/3438/3295 1934/1981/1933
f 1852/1900/1853 3624/3797/3624 652/659/653
f 502/505/500 501/507/502 1322/1346/1320
f 1626/1660/1625 2637/2717/2637 4622/5419/4622
f 2940/3053/2941 2942/3054/2942 3912/4123/3913
f 608/612/606 1642/1678/1641 1013/1032/1014
f 1976/2028/1977 1975/2027/1976 4400/4690/4401
f 4237/4504/4237 1657/1692/1655 3103/3221/3103
f 3930/4141/3930 3973/4191/3974 3113/4142/3114
f 903/918/904 3761/3948/3759 3760/3950/3761
f 2661/2745/2662 2660/2744/2661 4454/4752/4454
f 8/9/9 4285/4560/4285 4164/4416/4163
f 4170/4423/4170 823/834/823 4916/5304/4916
f 121/122/122 4952/5359/4952 122/123/123
f 3392/3546/3392 2026/2080/2027 2029/2082/2029
f 1857/1905/1858 1427/1460/1428 1426/1459/1427
f 3687/3867/3688 4324/4604/4324 1677/1718/1678
f 128/129/129 921/936/920 4849/5217/4848
f 4054/4284/4055 4485/4789/4485 4495/4800/4495
f 3618/3792/3619 2584/2660/2582 2219/2278/2220
f 4414/4707/4415 3926/4137/3926 3924/4135/3924
f 4415/4706/4414 3926/4137/3926 4414/4707/4415
f 3221/3359/3221 1760/1804/1760 4911/5298/4911
f 4569/4883/4569 4913/5300/4913 4328/4609/4329
f 4102/4338/4102 1353/1377/1351 1352/1379/1353
f 4585/4902/4585 4222/4479/4220 4542/4851/4542
f 53/54/54 2311/2373/2311 120/119/119
f 4488/4790/4486 3235/3374/3235 4025/4251/4025
f 3454/3612/3453 3284/3427/3284 206/207/207
f 3764/3954/3765 4152/4402/4153 4925/5314/4925
f 3912/4123/3913 2942/3054/2942 3135/3260/3136
f 2229/2290/2230 3596/3769/3597 188/189/189
f 162/163/163 3651/3827/3651 4289/4564/4289
f 4587/4905/4587 2991/3104/2991 4727/5075/4728
f 429/432/430 1581/1614/1579 430/433/431
f 70/5358/71 4975/5396/4975 1583/1619/1584
f 1720/1761/1718 791/802/791 4826/5192/4826
f 3179/3310/3180 1918/1966/1919 1796/1841/1796
f 3121/3240/3120 544/5391/545 3120/3241/3121
f 4983/5407/4983 1441/1471/1439 1440/1473/1441
f 1828/5124/1829 688/695/689 2770/2863/2770
f 2273/2333/2273 146/147/147 1001/1019/1001
f 2528/2602/2528 2521/2595/2521 454/457/455
f 4317/4595/4317 2197/2256/2198 2199/2255/2197
f 897/912/898 823/834/823 4169/4422/4169
f 331/333/332 1163/1183/1162 2703/2790/2703
f 333/332/331 1163/1183/1162 331/333/332
f 3868/4076/3868 4976/5397/4976 92/93/93
f 2657/2741/2658 2597/2673/2595 2182/2238/2180
f 100/98/98 2270/2331/2271 3891/4099/3891
f 3300/3444/3301 4098/4332/4096 370/372/371
f 1233/1253/1231 4549/4859/4549 3244/3383/3244
f 280/279/278 741/749/742 278/280/279
f 2384/2448/2384 1310/1334/1308 3078/3196/3078
f 313/312/311 2059/2113/2060 2866/2967/2867
f 776/788/777 925/942/926 777/786/775
f 4748/5098/4748 4394/4682/4394 1558/1593/1558
f 1425/1456/1424 2262/2323/2263 2969/3082/2970
f 4273/4543/4273 4531/4838/4530 3273/3411/3271
f 468/470/468 86/705/87 466/469/467
f 4486/4791/4487 2239/2300/2240 4487/4792/4488
f 4591/4910/4591 4915/5302/4915 300/302/301
f 1779/2155/1779 530/533/528 1518/1554/1519
f 4698/5042/4698 4538/4848/4539 4539/4847/4538
f 314/3499/315 2313/2375/2313 315/3988/316
f 3533/3698/3534 2287/2349/2287 2286/2348/2286
f 2476/2549/2477 2475/2548/2476 4426/4719/4426
f 2045/2099/2046 2047/2098/2045 1705/5354/1703
f 4823/5190/4824 4704/5047/4703 4737/5085/4737
f 1735/1777/1733 978/3731/979 1722/1766/1722
f 980/1764/978 1722/1766/1722 978/3731/979
f 2542/2616/2542 2686/2769/2686 3563/3728/3561
f 3608/3778/3606 1270/1295/1271 3606/3779/3607
f 717/725/718 2736/2826/2734 1336/1362/1336
f 2842/2942/2843 2841/2941/2842 2728/2818/2728
f 2590/2669/2591 4178/4434/4179 3701/3881/3702
f 490/495/491 1025/1043/1025 1657/1692/1655
f 4151/4401/4152 4642/4976/4642 4152/4402/4153
f 2222/2281/2223 2223/2280/2222 3831/4036/3831
f 2686/2769/2686 2282/2342/2281 3563/3728/3561
f 1624/1659/1624 1940/3346/1940 561/567/562
f 2426/2492/2426 2766/2859/2767 3790/3984/3790
f 4296/4571/4296 663/667/661 2460/2532/2461
f 3776/3967/3776 663/667/661 4296/4571/4296
f 2598/2676/2598 2595/2674/2596 427/430/428
f 1478/1511/1479 1224/1244/1222 1479/1512/1480
f 1224/1244/1222 1368/1394/1366 1479/1512/1480
f 822/831/820 3337/3484/3338 3487/3648/3487
f 202/200/200 3521/3684/3521 200/201/201
f 3660/3834/3658 4215/4474/4215 4909/5296/4909
f 4530/4839/4531 3159/3287/3160 4589/4908/4589
f 4449/4747/4449 928/945/929 930/944/928
f 2423/2490/2424 3195/3327/3195 1970/2020/1969
f 77/5329/78 2692/2775/2692 322/324/323
f 3909/4120/3910 4394/4682/4394 4665/5002/4666
f 504/510/505 3257/3396/3257 1070/1087/1069
f 2032/2083/2030 2031/2085/2032 634/641/635
f 1300/1327/1301 887/902/888 917/934/918
f 4297/4572/4297 3737/3922/3737 4298/4573/4298
f 2340/2404/2341 3737/3922/3737 4297/4572/4297
f 1967/2019/1968 2247/2308/2248 1968/2018/1967
f 613/620/614 935/949/933 614/618/612
f 2912/3019/2912 935/949/933 613/620/614
f 875/888/874 874/889/875 1740/1783/1739
f 4705/5049/4705 965/981/963 2140/2197/2139
f 2882/2986/2883 293/292/291 2224/2282/2224
f 4957/5368/4957 3941/4154/3940 4891/5271/4891
f 406/405/404 4252/4520/4252 4248/4515/4248
f 3515/3675/3513 3154/3280/3153 3513/3676/3514
f 1326/1353/1327 2124/2181/2125 4537/4846/4537
f 3980/4197/3980 2749/2842/2750 4512/4819/4512
f 3980/4197/3980 4512/4819/4512 1648/1683/1646
f 1104/1125/1105 4637/4970/4637 4649/4983/4649
f 2648/2729/2648 4279/4550/4279 723/729/722
f 4810/5174/4810 2728/2818/2728 1158/1180/1159
f 390/392/391 2498/2571/2498 1800/1847/1801
f 4973/5392/4973 3904/4114/3904 4375/4661/4374
f 4508/4816/4509 4677/5017/4677 3747/3934/3745
f 1994/2045/1994 1574/3766/1575 3356/3507/3356
f 820/832/821 1863/1910/1863 2677/2758/2675
f 2877/2981/2878 1384/1410/1382 3496/3657/3496
f 4247/4513/4246 2220/2279/2221 3630/3804/3629
f 3630/3804/3629 2220/2279/2221 3565/3735/3566
f 3840/4045/3840 554/560/555 895/910/896
f 2511/2586/2512 881/893/879 2512/2585/2511
f 4918/5306/4918 3409/3565/3409 4982/5405/4982
f 2091/2146/2092 1990/2042/1991 1992/2041/1990
f 1968/2018/1967 1640/1675/1638 1639/1677/1640
f 3516/3679/3516 2166/2225/2167 2168/2224/2166
f 3986/4206/3987 4948/5349/4948 4634/4964/4634
f 4749/5099/4749 3986/4206/3987 4634/4964/4634
f 1269/1294/1270 4419/4712/4419 4821/5187/4821
f 3451/3610/3451 4029/4256/4029 97/95/95
f 941/958/942 2968/3080/2968 2967/3079/2967
f 3243/3381/3242 3242/3382/3243 4100/4337/4101
f 392/2912/393 394/5021/392 3288/3429/3286
f 4319/4597/4319 1408/1438/1408 4206/4464/4206
f 3682/3861/3682 2142/2200/2142 482/486/483
f 1396/1427/1397 3403/3558/3403 1846/1894/1847
f 1660/1695/1658 1716/1760/1717 4571/4885/4571
f 1660/1695/1658 1659/1697/1660 1716/1760/1717
f 2129/2187/2129 729/4737/727 3954/4168/3954
f 4080/4313/4080 2545/2617/2543 3267/3406/3266
f 4900/5286/4900 3876/4085/3877 3430/3590/3431
f 4451/4749/4451 4625/4953/4625 4504/4811/4504
f 2245/2306/2246 3035/3150/3035 715/720/713
f 918/935/919 1731/1773/1729 4657/4992/4657
f 1268/1290/1266 2078/2132/2078 1266/1291/1267
f 2053/2107/2054 4747/5095/4745 4227/4488/4228
f 4084/4318/4084 1084/1100/1082 1083/1102/1084
f 4642/4976/4642 4151/4401/4152 4254/4522/4254
f 2483/2557/2484 3985/4204/3985 3837/4040/3835
f 4127/4368/4127 846/859/845 845/860/846
f 1771/1816/1772 4820/5186/4820 377/379/378
f 193/191/191 547/553/548 191/192/192
f 2454/2525/2454 243/242/241 60/58/58
f 2359/2422/2359 1390/1417/1389 2404/2468/2404
f 4929/5322/4929 1166/1185/1164 2270/2331/2271
f 1606/1642/1607 3029/3144/3029 1604/1637/1602
f 2507/2580/2506 672/678/672 4696/5041/4697
f 3587/3759/3588 3586/3758/3587 131/132/132
f 514/4730/512 513/5428/514 2027/2081/2028
f 553/558/553 318/320/319 1228/1250/1228
f 3579/3750/3579 897/912/898 4169/4422/4169
f 4600/4920/4600 1251/1276/1252 4439/4733/4439
f 3748/3938/3749 2986/3098/2985 1244/1267/1243
f 1188/1389/1186 4578/4893/4578 3415/4892/3416
f 1035/1051/1033 3427/3583/3426 1041/1057/1039
f 4185/4441/4185 2549/2626/2550 1020/1036/1018
f 3518/3681/3518 2203/2261/2203 1132/1153/1132
f 4893/5273/4893 4588/4906/4588 791/5431/791
f 2565/2644/2566 2563/3816/2563 2566/2643/2565
f 4623/4952/4624 4484/4788/4484 694/701/695
f 687/694/688 3446/3605/3446 688/695/689
f 1205/1228/1206 3780/3972/3781 4125/4366/4125
f 4544/4853/4544 3966/4183/3966 886/901/887
f 4274/4544/4274 214/212/212 213/214/214
f 1568/1604/1569 1571/1606/1571 1569/1605/1570
f 3340/3485/3339 4381/4669/4381 4118/4358/4118
f 2907/3013/2906 2867/2965/2865 2059/2113/2060
f 4296/4571/4296 4447/4745/4447 803/815/804
f 3910/4119/3909 1667/1705/1668 1391/1419/1391
f 4077/4309/4076 3036/3152/3037 1565/4411/1566
f 80/81/81 4472/4772/4472 4354/4639/4354
f 3713/3894/3713 370/372/371 4098/4332/4096
f 4017/4240/4016 2819/2919/2820 3384/3537/3384
f 4017/4240/4016 2820/2918/2819 2819/2919/2820
f 2102/2158/2102 3417/3573/3417 435/435/433
f 4255/4523/4255 3636/3812/3637 2114/2168/2112
f 1198/1218/1196 1197/1220/1198 4533/4842/4533
f 3310/3453/3310 1780/1825/1781 2529/2604/2530
f 4476/4779/4476 4818/5184/4818 4093/4329/4093
f 3754/3943/3754 3781/3971/3780 1205/1228/1206
f 4243/4510/4243 1099/1119/1099 4036/4264/4037
f 2994/3108/2994 3097/3215/3097 3828/4031/3827
f 47/48/48 2561/2639/2562 3020/3133/3019
f 2739/2832/2740 4799/5162/4799 4795/5158/4795
f 4351/4636/4351 3482/3643/3482 1087/1106/1088
f 768/779/769 767/778/768 2806/2901/2806
f 3989/4208/3989 2462/5338/2463 2478/2550/2478
f 3989/4208/3989 2478/2550/2478 1287/1312/1288
f 1276/1301/1277 4434/4727/4434 1277/1299/1275
f 4201/4459/4201 2886/2987/2884 2885/2989/2886
f 1398/1426/1396 1906/1952/1905 3403/3558/3403
f 4445/4743/4445 3076/3194/3076 4904/5290/4904
f 3734/3919/3734 2211/2268/2210 2210/2269/2211
f 1903/1950/1903 524/529/524 3832/4037/3832
f 4543/4852/4543 2249/2307/2247 4708/5052/4708
f 3894/4102/3894 2761/2853/2761 2977/3089/2977
f 4393/4681/4393 4878/5257/4878 4719/5065/4718
f 1547/1583/1548 1546/1582/1547 3523/3686/3523
f 1334/1361/1335 2715/2803/2713 1335/1359/1333
f 34/35/35 4824/5189/4823 4004/4227/4004
f 92/93/93 4976/5397/4976 1333/1360/1334
f 2948/3060/2948 2217/2274/2216 3291/3433/3290
f 4040/4267/4040 4039/4266/4039 4092/4328/4092
f 4770/5125/4770 4553/4864/4553 2689/2770/2687
f 3033/3147/3032 949/966/950 948/965/949
f 1287/1312/1288 1286/1311/1287 3989/4208/3989
f 3304/3445/3302 3303/3447/3304 4913/5300/4913
f 4141/4385/4141 4629/4958/4629 3614/3784/3612
f 2509/2584/2510 4320/4599/4320 659/666/660
f 2368/2430/2367 2830/2930/2831 2168/2224/2166
f 2367/2431/2368 2830/2930/2831 2368/2430/2367
f 735/740/733 2155/2214/2156 733/741/734
f 4920/5309/4920 4203/4461/4203 4202/4460/4202
f 4936/5331/4936 702/710/703 704/709/702
f 1956/2007/1956 3462/4881/3463 3114/3232/3113
f 4053/4281/4053 1601/1845/1601 1795/1838/1793
f 3868/4076/3868 92/93/93 4083/4316/4083
f 1575/1608/1573 2604/2683/2605 156/154/154
f 4729/5077/4729 4981/5403/4981 4639/4972/4639
f 2153/2212/2154 2058/2111/2058 3556/3723/3556
f 3525/3689/3525 1939/1988/1939 753/763/754
f 1809/1856/1810 3298/3441/3298 4337/4621/4337
f 1853/1898/1851 4784/5144/4785 1851/1899/1852
f 95/96/96 1564/1597/1562 96/97/97
f 2313/2375/2313 314/3499/315 1622/1658/1623
f 2973/3928/2973 4075/5423/4075 4462/4760/4462
f 3654/3830/3654 4226/4486/4226 4926/5315/4926
f 791/5431/791 1720/3355/1718 4893/5273/4893
f 4216/4475/4216 3316/3463/3317 3318/3462/3316
f 754/764/755 753/763/754 859/873/859
f 1007/1026/1008 1006/1025/1007 999/1018/1000
f 1835/1882/1835 2811/2908/2811 3322/3468/3322
f 2060/2114/2061 2059/2113/2060 4181/4436/4181
f 1911/1959/1912 1090/1108/1090 1402/1433/1403
f 920/937/921 2544/2619/2545 4794/5157/4794
f 3882/4089/3881 3904/4114/3904 4973/5392/4973
f 4211/4471/4212 4001/4223/4001 4739/5087/4739
f 4540/4849/4540 4739/5087/4739 4001/4223/4001
f 4560/4872/4560 1797/4938/1797 2394/4495/2393
f 527/532/527 526/531/526 2306/2369/2307
f 212/3188/213 2266/2327/2267 711/719/712
f 212/3188/213 2267/2326/2266 2266/2327/2267
f 1854/5432/1854 3640/4355/3640 732/737/730
f 4002/4224/4002 2882/4027/2883 988/1007/989
f 1525/1561/1526 1036/1055/1037 1526/1562/1527
f 3017/3129/3015 4300/4575/4300 4548/4858/4548
f 3931/4146/3932 4947/5347/4947 2418/2482/2416
f 4532/4840/4532 4030/4257/4030 4442/4738/4442
f 3340/3485/3339 2671/2754/2671 4381/4669/4381
f 2960/3073/2961 4532/4840/4532 4442/4738/4442
f 1634/1670/1634 1313/1339/1313 2798/2894/2799
f 13/14/14 3160/3288/3161 4508/4816/4509
f 1448/1481/1449 3861/4069/3861 3528/3691/3527
f 1448/1481/1449 3528/3691/3527 1449/1482/1450
f 1737/1782/1738 4146/4394/4146 1346/1372/1346
f 554/560/555 3445/3604/3445 895/910/896
f 3723/3908/3724 4057/4286/4057 1335/1359/1333
f 2403/2465/2401 3573/3744/3573 2401/2466/2402
f 4433/4726/4433 3402/3557/3402 872/886/872
f 387/389/388 386/388/387 945/959/943
f 386/388/387 3361/3514/3362 945/959/943
f 4075/4308/4075 2973/3085/2973 1148/1170/1149
f 3680/3859/3680 2202/2259/2201 1679/1717/1677
f 4358/4645/4359 2831/2929/2830 4359/4646/4360
f 812/824/813 4304/4579/4304 3725/3907/3723
f 3434/3592/3433 3201/3335/3201 2491/2564/2491
f 4890/5270/4890 4000/4222/4000 2416/2483/2417
f 3420/3577/3420 988/1007/989 4165/4418/4165
f 2289/2352/2290 2288/2351/2289 1612/1645/1610
f 1274/1296/1272 2578/2656/2578 1272/1297/1273
f 2241/2299/2239 3875/4083/3875 4561/4873/4561
f 2376/2441/2377 1382/1411/1383 1130/1151/1130
f 49/50/50 4560/4872/4560 50/51/51
f 318/320/319 317/319/318 1228/1250/1228
f 2672/2755/2672 4373/4659/4372 4919/5307/4919
f 2977/3089/2977 1806/1852/1806 3894/4102/3894
f 2049/2101/2048 521/527/522 1927/1975/1928
f 3936/4151/3937 1376/1402/1374 1375/1404/1376
f 192/193/193 4870/5247/4870 2954/3065/2953
f 304/303/302 4767/5120/4767 3833/4038/3833
f 3106/3224/3105 3105/3225/3106 4403/4692/4403
f 3795/3992/3796 3797/3991/3795 2902/3009/2902
f 2274/2336/2275 1220/1243/1221 1203/1226/1204
f 2274/2336/2275 1203/1226/1204 492/497/492
f 4213/4472/4213 4663/4998/4663 4214/4473/4214
f 1999/2051/2000 3498/3976/3498 3471/3631/3472
f 222/221/221 4989/5418/4989 217/222/215
f 404/406/405 3232/3369/3230 2796/2892/2797
f 4813/5177/4813 352/351/350 880/4928/881
f 110/111/111 2792/2885/2791 2791/2886/2792
f 4850/5220/4851 4375/4661/4374 4374/4662/4375
f 4701/5045/4701 3586/3758/3587 3588/3757/3586
f 314/316/315 1482/1515/1483 3897/4105/3897
f 3768/3958/3769 1975/2027/1976 1977/2026/1975
f 2718/2809/2719 3013/3128/3014 1407/1435/1405
f 3763/3953/3764 4115/4354/4115 4151/4401/4152
f 2441/2512/2442 1095/1111/1093 1386/1414/1386
f 1783/1828/1784 3072/3185/3070 1726/1769/1725
f 581/584/579 3971/4188/3971 4570/4884/4570
f 1209/1230/1208 1208/1231/1209 1457/1487/1455
f 243/242/241 2937/3049/2937 3269/3409/3269
f 1770/1815/1771 2422/2487/2421 1771/1816/1772
f 2574/2653/2575 1623/1656/1621 1460/1492/1460
f 4181/4436/4181 313/312/311 4611/4934/4612
f 1307/1331/1305 3442/3602/3443 2525/2600/2526
f 1957/2008/1957 1686/1725/1685 3195/3327/3195
f 1974/2023/1972 4401/4688/4399 1975/2027/1976
f 1253/1275/1251 1249/4292/1250 1251/1276/1252
f 2830/2930/2831 3516/3679/3516 2168/2224/2166
f 1640/1675/1638 148/149/149 1638/1676/1639
f 4977/5398/4977 99/100/100 98/99/99
f 2725/2815/2725 3944/4158/3944 4694/5037/4694
f 2583/2662/2584 3360/3513/3361 4122/4363/4122
f 3362/3512/3360 4122/4363/4122 3360/3513/3361
f 37/38/38 4246/4514/4247 38/39/39
f 4522/4830/4522 3422/3580/3423 3875/4083/3875
f 3250/3390/3251 4514/4821/4514 4121/4362/4121
f 720/728/721 3062/3176/3061 1127/1149/1128
f 4097/4334/4098 3896/4103/3895 3848/4052/3847
f 2991/3104/2991 1047/1064/1046 893/906/892
f 2782/2874/2781 1711/2876/1711 1604/1637/1602
f 4003/4226/4003 4769/5123/4769 3376/3530/3377
f 2750/2841/2749 2622/2700/2622 2458/2530/2459
f 4519/4828/4520 4569/4883/4569 4328/4609/4329
f 3985/4204/3985 2483/2557/2484 1277/1299/1275
f 2483/2557/2484 1275/1300/1276 1277/1299/1275
f 1711/1754/1711 639/643/637 638/645/639
f 1115/1136/1116 1114/1135/1115 1391/1419/1391
f 1600/1633/1598 2351/2414/2351 3502/3664/3502
f 4011/4234/4010 4416/4708/4416 2105/2159/2103
f 1788/1832/1788 635/642/636 2031/2085/2032
f 3968/4186/3969 3395/3549/3395 3969/4185/3968
f 2885/2989/2886 2884/2988/2885 4305/4580/4305
f 978/5433/979 4964/5376/4964 519/525/520
f 2071/2125/2072 2072/2124/2071 2832/2931/2832
f 1034/1053/1035 2862/2962/2862 861/5355/862
f 1816/1860/1814 1815/1862/1816 3212/3348/3212
f 4157/4406/4157 110/111/111 112/110/110
f 4226/4486/4226 4469/4768/4469 3765/3952/3763
f 4365/4650/4363 4364/4652/4365 4867/5240/4867
f 4354/4639/4354 4232/4493/4232 80/81/81
f 1345/1369/1343 2434/4973/2434 1343/1370/1344
f 1345/1369/1343 3561/3729/3562 2434/4973/2434
f 4283/4558/4283 3374/3527/3375 3375/3526/3374
f 3315/3461/3315 362/364/363 3826/4030/3826
f 4776/5130/4774 4368/4655/4368 2896/3004/2897
f 4646/4979/4645 4803/5166/4802 4645/4980/4646
f 3030/3145/3030 174/175/175 173/174/174
f 4681/5022/4681 3543/3708/3543 2222/2281/2223
f 1564/1597/1562 1563/1599/1564 1514/1550/1515
f 3333/3478/3332 4622/4949/4622 2127/4252/2128
f 1177/1199/1178 1176/1198/1177 4366/4653/4366
f 1122/1143/1123 4137/4381/4137 2464/2533/2462
f 1332/1356/1330 2242/2303/2243 1330/1357/1331
f 2949/3061/2949 2948/3060/2948 3291/3433/3290
f 4481/4784/4481 1718/1762/1719 830/842/831
f 1019/1038/1020 4185/4441/4185 1020/1036/1018
f 1968/2018/1967 3484/3644/3483 1640/1675/1638
f 2565/2644/2566 1806/1852/1806 1805/1851/1805
f 4484/4788/4484 2818/2915/2816 4409/4699/4409
f 3397/3550/3396 3095/3213/3095 3051/3167/3052
f 4263/4531/4263 3268/3408/3268 4081/4315/4082
f 3138/3263/3139 2301/2364/2302 2303/2363/2301
f 1809/1856/1810 1026/1045/1027 3298/3441/3298
f 4932/5325/4932 3657/3831/3655 123/121/121
f 4932/5325/4932 123/121/121 4897/5283/4897
f 4245/4512/4245 427/430/428 426/429/427
f 763/772/763 3524/3688/3524 765/775/766
f 352/351/350 4813/5177/4813 1169/1189/1168
f 2571/2649/2571 4915/5302/4915 4479/4782/4479
f 3918/4128/3918 1923/1970/1923 1424/1457/1425
f 3885/4093/3885 1424/1457/1425 1923/1970/1923
f 2505/5356/2505 3653/5360/3653 3704/3884/3705
f 1504/1539/1504 771/782/772 770/781/771
f 3773/3962/3771 4650/4984/4650 3771/3963/3772
f 2402/2467/2403 4859/5231/4859 2493/2566/2493
f 418/420/418 1730/1775/1731 2236/2295/2235
f 1562/1598/1563 3940/4155/3941 4638/4971/4638
f 1651/1689/1652 3738/3924/3738 4114/4353/4114
f 3604/3777/3605 4349/4632/4348 4822/5188/4822
f 1803/1850/1804 2072/3960/2071 1804/1848/1802
f 4218/4477/4218 2072/3960/2071 1803/1850/1804
f 1958/2009/1958 3019/5056/3020 3021/4395/3021
f 4733/5081/4733 3983/4203/3984 3437/3597/3438
f 1848/1896/1849 1425/1456/1424 4764/5116/4764
f 3881/4090/3882 3904/4114/3904 3882/4089/3881
f 3303/3447/3304 3538/3702/3538 1725/1770/1726
f 4681/5022/4681 2222/2281/2223 3831/4036/3831
f 761/771/762 3189/3318/3188 4965/5378/4965
f 4692/5035/4692 4691/5034/4691 254/256/255
f 97/95/95 2319/2381/2319 3451/3610/3451
f 2007/2059/2008 3672/3849/3672 2008/2060/2009
f 1678/1719/1679 3680/3859/3680 1679/1717/1677
f 2131/5389/2132 4933/5326/4933 2132/5215/2130
f 8/9/9 4164/4416/4163 2069/2123/2070
f 4314/4590/4314 3702/3880/3701 4085/4319/4085
f 796/808/797 186/187/187 185/186/186
f 2587/2666/2588 4206/4464/4206 565/568/563
f 348/350/349 1454/1486/1454 1452/1485/1453
f 2605/2682/2604 1733/1778/1734 4193/4449/4193
f 2361/2424/2361 2360/2423/2360 366/365/364
f 727/735/728 1841/1886/1839 4410/4701/4410
f 3681/3860/3681 1705/1744/1703 3481/3640/3479
f 1722/1766/1722 1721/1765/1721 1363/1391/1364
f 4224/4483/4224 2064/2118/2065 4816/5181/4816
f 2248/2309/2249 1967/2019/1968 784/5434/785
f 1967/2019/1968 785/978/786 784/5434/785
f 2270/2331/2271 2317/2377/2315 3521/3684/3521
f 3589/3760/3589 1544/1580/1545 326/325/324
f 4542/4851/4542 4475/4777/4475 176/177/177
f 3224/3363/3225 4542/4851/4542 176/177/177
f 3780/3972/3781 675/679/673 674/681/675
f 3180/3308/3178 3089/3208/3090 3237/3377/3238
f 3813/4016/3814 1784/1829/1785 2808/2904/2808
f 2083/2137/2083 3930/4141/3930 3462/3622/3463
f 4650/4984/4650 4340/4624/4340 3771/3963/3772
f 3848/4052/3847 1208/1231/1209 371/373/372
f 3287/3431/3288 3286/3430/3287 449/449/447
f 776/788/777 1081/1097/1079 3098/3216/3098
f 3540/3703/3539 1816/1860/1814 4791/5154/4791
f 2533/2607/2533 4841/5209/4841 2429/2496/2430
f 1132/1153/1132 1801/1846/1800 1496/1532/1497
f 836/848/837 3783/3973/3782 837/846/835
f 2102/2158/2102 2025/2076/2025 2110/2164/2108
f 2994/3108/2994 1949/1999/1948 2522/2597/2523
f 716/724/717 1473/1506/1474 1472/1505/1473
f 4899/5285/4899 4413/4705/4413 4835/5201/4834
f 836/848/837 835/847/836 369/368/367
f 924/938/922 2160/2219/2161 1126/1145/1125
f 1563/1599/1564 1562/1598/1563 1296/1322/1296
f 4537/4846/4537 4502/4808/4502 4360/4644/4358
f 2900/3006/2899 3327/3473/3327 4258/4526/4258
f 3097/3215/3097 4795/5158/4795 2018/2067/2016
f 380/382/381 589/596/590 4969/5385/4969
f 2487/2561/2488 4931/5324/4931 4454/4752/4454
f 971/990/972 970/989/971 2243/2302/2242
f 4839/5207/4839 4796/5160/4797 4775/5132/4776
f 2382/2444/2380 2455/2527/2456 2456/2526/2455
f 65/66/66 3213/3349/3213 66/64/64
f 4326/4605/4325 3159/3287/3160 4530/4839/4531
f 4025/4251/4025 904/916/902 965/981/963
f 2914/3022/2915 1092/3912/1092 3728/3913/3728
f 2916/3021/2914 1092/3912/1092 2914/3022/2915
f 1737/1782/1738 1738/1781/1737 1858/1903/1856
f 2662/2743/2660 4788/5149/4788 2332/2396/2333
f 202/200/200 201/202/202 3042/3158/3043
f 4155/4403/4154 202/200/200 3042/3158/3043
f 4812/5176/4812 4699/5043/4699 4599/4919/4599
f 4490/4793/4489 734/742/735 3958/4173/3959
f 4660/4995/4660 9/7/7 3842/4048/3843
f 437/2077/438 2101/2157/2101 439/2156/440
f 1669/1706/1669 3455/3614/3455 2673/2756/2673
f 4782/5138/4782 2466/2539/2467 1685/2538/1686
f 3799/3995/3799 4262/4530/4262 3582/4786/3582
f 2003/2054/2003 4872/5250/4872 3957/4172/3958
f 4872/5250/4872 4490/4793/4489 3957/4172/3958
f 1416/1448/1417 1415/1447/1416 1242/1266/1242
f 3237/3377/3238 1762/1807/1763 3180/3308/3178
f 3937/4152/3938 4850/5220/4851 4374/4662/4375
f 1793/1839/1794 2929/5061/2929 1794/1840/1795
f 2247/2308/2248 1967/2019/1968 2248/2309/2249
f 4006/4230/4007 4395/4684/4396 4276/4546/4276
f 2905/3012/2905 4058/4287/4058 1759/1803/1759
f 946/962/946 578/581/576 947/963/947
f 2121/2178/2122 3703/3882/3703 4446/4744/4446
f 3713/3894/3713 4097/4334/4098 3848/4052/3847
f 551/554/549 550/556/551 344/346/345
f 4851/5219/4850 4641/4974/4640 4973/5392/4973
f 1160/1182/1161 1515/1551/1516 2936/3048/2936
f 1160/1182/1161 2936/3048/2936 3401/3556/3401
f 545/548/543 4357/4643/4357 1432/1464/1432
f 4509/4815/4508 4326/4605/4325 4693/5036/4693
f 1510/1546/1511 3622/3794/3621 1511/1544/1509
f 618/625/619 164/165/165 4062/4293/4061
f 4061/4294/4062 4062/4293/4061 164/165/165
f 3708/3887/3708 2712/2800/2710 894/909/895
f 1446/1479/1447 1752/1797/1753 1751/1796/1752
f 4408/4698/4408 4479/4782/4479 4591/4910/4591
f 3204/3338/3204 2438/2508/2439 2440/2507/2438
f 3451/3610/3451 2319/2381/2319 2318/2380/2318
f 4704/5047/4703 4703/5048/4704 4762/5112/4761
f 3222/3360/3222 3940/4155/3941 863/878/864
f 3030/3145/3030 4787/5146/4787 802/812/801
f 3030/3145/3030 173/174/174 4787/5146/4787
f 360/359/358 3568/3739/3569 2111/2167/2111
f 4923/5312/4923 1553/1589/1554 4209/4468/4209
f 3774/3965/3774 1959/2010/1959 4651/4985/4651
f 1311/1338/1312 2425/2491/2425 1312/1337/1311
f 1350/1375/1349 2808/2904/2808 2807/2903/2807
f 4922/5311/4922 4393/4681/4393 4719/5065/4718
f 3324/3471/3325 4579/4895/4579 3590/3762/3591
f 2865/2966/2866 4132/4374/4132 3585/3755/3584
f 189/190/190 1529/1564/1529 190/188/188
f 4777/5133/4777 4043/4270/4043 3100/3219/3101
f 4393/4681/4393 4880/5259/4880 4878/5257/4878
f 3116/3237/3117 4754/5105/4754 1428/1458/1426
f 2805/2900/2805 4408/4698/4408 4768/5122/4768
f 3653/5360/3653 2515/2911/2514 2814/2913/2814
f 1881/3904/1879 1880/2953/1881 1822/1868/1822
f 3657/3831/3655 3656/3833/3657 590/595/589
f 4567/4879/4567 406/5153/404 4790/5152/4790
f 3512/3673/3511 391/390/389 4021/4246/4021
f 2509/2584/2510 4679/5018/4678 4609/4931/4609
f 945/959/943 944/961/945 714/722/715
f 4946/5346/4946 3399/3552/3398 2682/2766/2683
f 4238/5327/4238 1212/1232/1210 232/234/233
f 945/959/943 714/722/715 364/366/365
f 3464/3624/3465 4382/4670/4382 4749/5099/4749
f 4673/5011/4671 4561/4873/4561 3341/3488/3342
f 912/927/913 335/337/336 2999/3114/3000
f 4891/5271/4891 4907/5294/4907 4957/5368/4957
f 3352/3503/3352 3351/3502/3351 1392/1421/1393
f 2579/2658/2580 4974/5394/4974 2580/2659/2581
f 4920/5309/4920 4789/5150/4789 4203/4461/4203
f 4118/4358/4118 1577/1613/1578 3339/3486/3340
f 4825/5191/4825 3083/3202/3084 2828/2925/2826
f 2719/2807/2717 3404/3560/3405 2833/2932/2833
f 1549/1585/1550 1551/1584/1549 943/960/944
f 4893/5273/4893 1720/3355/1718 1125/1146/1126
f 4881/5260/4881 4368/4655/4368 4776/5130/4774
f 1203/1226/1204 2363/2426/2363 2173/2231/2173
f 4011/4234/4010 2105/2159/2103 4833/5200/4833
f 595/602/596 2502/2575/2502 596/600/594
f 4578/4893/4578 399/401/400 1539/4894/1539
f 2134/2193/2135 2133/2192/2134 4670/5010/4670
f 3546/3712/3546 736/744/737 2707/2795/2707
f 3524/3688/3524 4318/4596/4318 2794/2887/2793
f 3224/3363/3225 176/177/177 3225/3364/3226
f 508/511/506 3043/3157/3042 506/512/507
f 3623/3796/3623 4367/4654/4367 4943/5341/4943
f 2119/2175/2119 162/163/163 161/162/162
f 1059/3687/1059 743/751/744 1064/1083/1065
f 2618/2695/2617 3094/3212/3094 2377/2440/2376
f 3094/3212/3094 3095/3213/3095 2377/2440/2376
f 4383/4672/4384 4917/5305/4917 4369/4656/4369
f 4942/5340/4942 3695/3873/3694 3676/3856/3677
f 99/100/100 4942/5340/4942 3676/3856/3677
f 104/105/105 4556/4867/4555 105/106/106
f 4942/5340/4942 99/100/100 4977/5398/4977
f 4967/5381/4967 3600/3773/3601 4141/4385/4141
f 457/4233/458 1261/5030/1259 4009/4231/4008
f 1586/1621/1586 1585/1620/1585 3786/3980/3786
f 343/344/343 3642/3818/3642 2624/4412/2625
f 3834/4039/3834 2903/3010/2903 1377/1405/1377
f 1377/1405/1377 2903/3010/2903 1378/1406/1378
f 2945/3058/2946 3015/3130/3016 2946/3059/2947
f 4135/4377/4134 298/298/297 297/299/298
f 3822/4026/3823 3830/4034/3830 17/18/18
f 3515/3675/3513 3153/3281/3154 3154/3280/3153
f 1308/1335/1309 2290/2350/2288 3/1/1
f 1225/1248/1226 1884/1931/1884 1896/1943/1896
f 3404/3560/3405 3744/3932/3744 3845/4050/3845
f 2963/3075/2963 1616/1652/1617 2612/2690/2612
f 3846/4051/3846 2276/2338/2277 4425/4718/4425
f 4278/4549/4278 988/1007/989 3420/3577/3420
f 512/518/513 1349/1376/1350 1726/1769/1725
f 308/310/309 273/274/273 265/266/265
f 799/5332/800 2920/3027/2920 1135/1157/1136
f 2308/2370/2308 3888/5379/3888 1692/1731/1690
f 3319/3466/3320 3101/3217/3099 4295/4570/4295
f 2382/2444/2380 2381/2446/2382 2455/2527/2456
f 3049/3162/3047 2027/2081/2028 2026/2080/2027
f 961/979/961 2040/2094/2041 2738/5275/2737
f 2738/5275/2737 962/980/962 961/979/961
f 4643/4978/4644 4556/4867/4555 2111/2167/2111
f 582/590/583 584/2631/582 585/591/585
f 3198/3331/3198 2089/2141/2087 1374/1403/1375
f 4928/5321/4928 4922/5311/4922 4719/5065/4718
f 1278/1302/1278 609/616/610 4259/4527/4259
f 1000/1016/998 2532/2606/2532 998/1017/999
f 4301/4576/4301 3866/4075/3867 3226/3362/3224
f 1067/1086/1068 1979/2029/1978 696/703/697
f 4784/5144/4785 4229/4487/4227 1851/1899/1852
f 2312/2374/2312 4875/5253/4875 4683/5024/4683
f 3987/4205/3986 4718/5066/4719 742/747/740
f 1618/1654/1619 3418/3574/3418 1619/1655/1620
f 936/952/936 3463/3621/3462 933/950/934
f 1835/1882/1835 2747/2840/2748 2811/2908/2811
f 4304/4579/4304 2926/3033/2924 2925/3035/2926
f 2112/2169/2113 3484/3644/3483 2113/2170/2114
f 1723/1767/1723 1724/1768/1724 2915/4741/2916
f 3113/3233/3114 3208/3343/3208 1525/1561/1526
f 4577/4890/4576 1334/1361/1335 4593/4911/4592
f 3818/4021/3819 1764/1809/1765 3783/3973/3782
f 1537/1573/1538 845/860/846 3474/3634/3475
f 1838/1885/1838 862/874/860 861/876/862
f 1680/1721/1681 4385/4671/4383 4384/4673/4385
f 2824/2922/2823 4734/5083/4735 2823/2923/2824
f 2908/3015/2908 2823/2923/2824 4734/5083/4735
f 440/441/439 1845/1891/1844 4428/4721/4428
f 3083/3202/3084 2826/2926/2827 2828/2925/2826
f 2440/2507/2438 2439/2509/2440 3139/3262/3138
f 3466/3623/3464 3527/3692/3528 4928/5321/4928
f 4012/4237/4013 25/26/26 4877/5255/4877
f 4064/4296/4064 4746/5097/4747 2510/2583/2509
f 4722/5069/4722 3631/3807/3632 3366/3518/3366
f 4931/5324/4931 2494/2567/2494 4455/4753/4455
f 4288/4562/4287 3628/3803/3628 2947/3057/2945
f 4631/4959/4630 3255/3395/3256 4273/4543/4273
f 4510/4818/4511 4748/5098/4748 3855/4064/3856
f 3541/5342/3541 1087/1106/1088 1089/1105/1087
f 4497/4802/4497 4206/4464/4206 2587/2666/2588
f 2290/2350/2288 2289/2352/2290 3/1/1
f 1205/1228/1206 4126/4367/4126 1206/1229/1207
f 3585/3755/3584 3584/3756/3585 3770/3961/3770
f 3395/3549/3395 49/50/50 3187/3317/3187
f 2304/2366/2304 3118/3239/3119 2337/2398/2335
f 3693/3870/3691 640/647/641 3915/4125/3915
f 3060/3175/3060 160/160/160 118/116/116
f 3732/3918/3733 2007/2059/2008 2009/2058/2007
f 1553/1589/1554 1552/1588/1553 3017/3129/3015
f 800/809/798 3012/3125/3011 798/810/799
f 4956/5366/4956 3136/3261/3137 2815/2914/2815
f 1204/1224/1202 2173/2231/2173 2055/2109/2056
f 2069/2123/2070 2068/2122/2069 3843/4049/3844
f 2068/2122/2069 3844/4047/3842 3843/4049/3844
f 1159/1178/1157 353/355/354 3589/3760/3589
f 3839/4043/3838 279/4667/280 2294/5007/2295
f 108/109/109 4084/4318/4084 4916/5304/4916
f 79/80/80 2639/2721/2640 80/81/81
f 3903/4113/3903 1245/1270/1246 4060/4288/4059
f 61/62/62 3088/3206/3088 2880/2984/2881
f 4768/5122/4768 2806/2901/2806 2805/2900/2805
f 301/300/299 3718/3900/3719 4662/4997/4662
f 2584/2660/2582 4877/5255/4877 2582/2661/2583
f 3951/4164/3950 4722/5069/4722 4617/4941/4617
f 161/162/162 3309/3452/3309 1892/1940/1893
f 3222/3360/3222 4832/5199/4832 1781/1826/1782
f 3222/3360/3222 865/877/863 4832/5199/4832
f 3848/4052/3847 3509/3671/3509 2084/2138/2084
f 3121/3240/3120 1861/1906/1859 544/5391/545
f 1555/1591/1556 3473/3632/3473 2117/2173/2117
f 2992/3106/2993 1555/1591/1556 2117/2173/2117
f 54/52/52 119/120/120 4936/5331/4936
f 3338/3482/3336 822/831/820 3841/4046/3841
f 3338/3482/3336 3337/3484/3338 822/831/820
f 3697/3877/3698 4947/5347/4947 3933/4145/3931
f 4397/4686/4397 3782/3974/3783 4008/4232/4009
f 3613/3786/3614 4884/5264/4884 1152/1174/1153
f 1922/1969/1922 696/703/697 3275/3415/3275
f 2528/2602/2528 2071/2125/2072 2961/3074/2962
f 2040/2094/2041 1983/2032/1981 2062/2115/2062
f 2670/2753/2670 1922/1969/1922 3275/3415/3275
f 3470/3627/3468 3469/3629/3470 4167/4420/4167
f 1049/1068/1050 1933/1982/1934 1050/1067/1049
f 628/635/629 1145/1166/1145 561/567/562
f 3884/4092/3884 82/83/83 2436/2502/2435
f 4568/4882/4568 3213/3349/3213 3777/3968/3777
f 2703/2790/2703 2892/2996/2892 2972/3084/2972
f 241/243/242 243/242/241 515/521/516
f 4979/5400/4979 4488/4790/4486 964/983/965
f 3829/4033/3829 3604/3777/3605 4822/5188/4822
f 2108/2165/2109 2110/2164/2108 2406/2469/2405
f 2820/2918/2819 4987/5416/4987 2721/2811/2721
f 2850/2950/2851 2986/3098/2985 3749/3937/3748
f 2574/2653/2575 4818/5184/4818 3817/4019/3817
f 506/512/507 664/671/665 666/670/664
f 1836/1883/1836 1835/1882/1835 3322/3468/3322
f 4406/4696/4406 4889/5268/4888 2824/2922/2823
f 3949/4163/3949 3572/3742/3571 4419/4712/4419
f 2148/2204/2146 2147/2206/2148 4894/5277/4894
f 3042/3158/3043 2627/2707/2628 2629/2706/2627
f 651/2781/649 4217/4476/4217 2697/2782/2697
f 3071/3187/3072 4901/5287/4901 4329/4608/4328
f 39/37/37 38/39/39 3063/3179/3064
f 1633/1668/1632 2211/2268/2210 856/871/857
f 3132/3256/3132 4117/4357/4117 4547/4856/4547
f 754/764/755 856/871/857 2211/2268/2210
f 1662/1698/1661 2390/2455/2391 91/89/89
f 1749/1794/1750 1814/1861/1815 3539/3704/3540
f 3974/4189/3972 4743/5092/4743 3972/4190/3973
f 285/287/286 287/286/285 4518/4825/4517
f 2006/3303/2006 328/330/329 1792/4824/1792
f 1335/1359/1333 2715/2803/2713 3724/3909/3725
f 3047/3163/3048 3049/3162/3047 4513/4820/4513
f 4251/4519/4251 3975/4192/3975 1083/1102/1084
f 268/270/269 3116/3237/3117 4661/4996/4661
f 2773/2864/2771 4359/4646/4360 2771/2865/2772
f 3220/3358/3220 1060/1079/1061 143/144/144
f 4502/4808/4502 4358/4645/4359 4360/4644/4358
f 2070/2121/2068 2069/2123/2070 4799/5162/4799
f 4431/4725/4432 1306/1333/1307 1305/1332/1306
f 4065/4298/4066 4107/4344/4107 4887/5267/4887
f 642/646/640 1052/1070/1052 640/647/641
f 4367/4654/4367 4227/4488/4228 4943/5341/4943
f 2762/2855/2763 1864/1911/1864 1876/1923/1876
f 3717/3899/3718 1194/1217/1195 3718/3900/3719
f 1070/1087/1069 3257/3396/3257 292/294/293
f 2897/3005/2898 3261/3402/3262 3864/4072/3864
f 4927/5316/4927 2011/2063/2012 2012/2062/2011
f 4979/5400/4979 4848/5218/4849 4938/5335/4938
f 1807/1854/1808 831/4937/832 4035/4262/4035
f 2318/2380/2318 1590/1626/1591 1589/1625/1590
f 2002/2053/2002 2001/2052/2001 4518/4825/4517
f 564/570/565 2563/2641/2563 1250/1272/1248
f 2650/2732/2651 1674/1711/1672 1673/1713/1674
f 2059/2113/2060 2867/2965/2865 2866/2967/2867
f 2703/2790/2703 2702/2789/2702 2892/2996/2892
f 4535/4844/4535 1321/1441/1322 1320/4773/1321
f 321/323/322 3435/3595/3436 322/324/323
f 2656/2739/2656 2970/3296/2969 2231/2289/2229
f 4104/4340/4104 2329/2390/2327 2328/2392/2329
f 2487/2561/2488 2816/2916/2817 4623/4952/4624
f 4274/4544/4274 1572/1607/1572 214/212/212
f 1796/1841/1796 1920/1965/1918 1797/1842/1797
f 804/816/805 3775/3966/3775 145/146/146
f 4141/4385/4141 3613/3786/3614 1152/1174/1153
f 2416/2483/2417 2418/2482/2416 4947/5347/4947
f 3023/3138/3024 3350/3500/3350 1861/1906/1859
f 654/658/652 653/660/654 4626/4954/4626
f 4909/5296/4909 4215/4474/4215 4981/5403/4981
f 300/302/301 3324/3471/3325 4591/4910/4591
f 1646/1684/1647 3392/3546/3392 1647/1685/1648
f 4183/4440/4184 1121/1140/1120 534/540/535
f 3606/3779/3607 1269/1294/1270 4465/4762/4463
f 4684/5025/4684 4856/5226/4856 1085/1103/1085
f 1992/2041/1990 4773/5128/4773 2091/2146/2092
f 4641/4974/4640 1295/1319/1293 4973/5392/4973
f 4300/4575/4300 3226/3362/3224 3225/3364/3226
f 4714/5060/4714 1241/1263/1241 2679/2763/2680
f 768/779/769 4768/5122/4768 3592/3761/3590
f 4776/5130/4774 4775/5132/4776 4881/5260/4881
f 376/378/377 378/377/376 2421/2488/2422
f 888/900/886 887/902/888 1300/1327/1301
f 3880/4087/3879 2602/2681/2603 3104/3458/3104
f 2743/2836/2744 2558/2636/2559 4253/4521/4253
f 3210/3347/3211 3871/4079/3871 477/480/477
f 1885/1932/1885 1550/1586/1551 2470/2542/2470
f 1390/1417/1389 2548/2624/2548 1389/1418/1390
f 1161/1181/1160 1160/1182/1161 3503/3666/3504
f 300/302/301 299/301/300 3325/3470/3324
f 180/181/181 3594/3765/3594 712/717/710
f 1599/1635/1600 1598/1634/1599 3562/3730/3563
f 1282/1304/1280 1395/1425/1395 1280/1305/1281
f 4022/4247/4022 2217/2274/2216 2948/3060/2948
f 1734/5383/1735 1476/1509/1477 1475/1508/1476
f 1574/3766/1575 1476/1509/1477 1734/5383/1735
f 2205/2264/2206 3319/3466/3320 4295/4570/4295
f 1545/1579/1544 326/325/324 1544/1580/1545
f 4473/4774/4473 3722/3906/3722 4962/5374/4962
f 42/40/40 4756/5107/4756 3045/3161/3046
f 4404/4693/4404 4962/5374/4962 3722/3906/3722
f 3382/3535/3382 3118/3239/3119 3119/3238/3118
f 3035/3150/3035 1837/1884/1837 715/720/713
f 4767/5120/4767 1096/1114/1096 1903/1950/1903
f 1688/1729/1688 351/4408/352 1018/1037/1019
f 1645/1680/1643 1644/1682/1645 3075/3191/3074
f 2021/2073/2022 2024/2074/2023 2813/2910/2813
f 4254/4522/4254 4151/4401/4152 4321/4600/4321
f 4657/4992/4657 418/420/418 258/257/256
f 970/989/971 4422/4715/4422 2243/2302/2242
f 1102/1120/1100 130/131/131 1086/1104/1086
f 52/53/53 3576/3747/3576 1471/1502/1470
f 2669/2751/2668 4835/5201/4834 3729/3914/3729
f 3569/3738/3568 3900/4107/3899 3363/3515/3363
f 196/194/194 1962/2014/1963 972/988/970
f 1773/1818/1774 3492/3654/3493 3493/3653/3492
f 4957/5368/4957 863/878/864 3940/4155/3941
f 4057/4286/4057 1333/1360/1334 1335/1359/1333
f 2390/2455/2391 3998/4219/3998 91/89/89
f 4923/5312/4923 4209/4468/4209 531/537/532
f 781/793/782 783/792/781 1842/2386/1842
f 2475/2548/2476 1572/1607/1572 4426/4719/4426
f 1724/1768/1724 570/573/568 2915/4741/2916
f 12/10/10 2580/2659/2581 10/11/11
f 1322/1346/1320 501/507/502 1479/1512/1480
f 120/119/119 4954/5362/4954 297/299/298
f 2575/2654/2576 3817/4019/3817 705/713/706
f 908/923/909 910/924/910 2675/2759/2676
f 2835/2935/2836 2834/2934/2835 4558/4870/4558
f 189/190/190 2086/2139/2085 2035/2088/2035
f 4299/4574/4299 1350/1375/1349 512/518/513
f 4800/5163/4800 4684/5025/4684 1085/1103/1085
f 2091/2146/2092 2092/2145/2091 3417/3573/3417
f 2188/2245/2187 4440/4734/4440 4045/4271/4044
f 2095/2150/2096 72/70/70 1113/1132/1112
f 3711/3892/3711 2113/2170/2114 3712/3893/3712
f 485/487/484 484/489/485 1415/1447/1416
f 234/233/232 1664/1702/1665 1666/1701/1664
f 1430/1463/1431 2873/2976/2873 1431/1461/1429
f 2820/2918/2819 235/237/236 4987/5416/4987
f 52/53/53 3127/3249/3127 4305/4580/4305
f 130/131/131 1102/1120/1100 1101/1122/1102
f 4978/5399/4978 4989/5418/4989 3403/3558/3403
f 4935/5330/4935 4716/5063/4716 3432/3589/3430
f 3356/3507/3356 4136/4379/4136 1588/1623/1588
f 4728/5074/4727 4471/4769/4470 4507/4814/4507
f 4945/5345/4945 4653/4989/4654 4654/4988/4653
f 4764/5116/4764 1425/1456/1424 2969/3082/2970
f 300/302/301 3325/3470/3324 3324/3471/3325
f 3509/3671/3509 3974/4189/3972 3510/3672/3510
f 1320/1347/1321 1322/1346/1320 1368/1394/1366
f 2633/2713/2634 2632/2712/2633 2432/2499/2433
f 2077/2130/2076 2164/2222/2164 2076/2131/2077
f 2432/2499/2433 2632/2712/2633 3278/3416/3276
f 2285/2344/2283 2284/2346/2285 2287/4179/2287
f 1873/1921/1874 2772/2866/2773 1874/1922/1875
f 1620/1653/1618 2772/2866/2773 1873/1921/1874
f 1358/1384/1358 400/399/398 399/401/400
f 238/240/239 3259/3398/3259 3265/3405/3265
f 1688/1729/1688 3294/3437/3294 352/3888/350
f 4712/5058/4712 4758/5109/4758 4041/4269/4042
f 4041/4269/4042 4758/5109/4758 4653/4989/4654
f 2276/3979/2277 2399/2462/2398 3185/3315/3185
f 996/1012/994 1495/4290/1495 937/2902/937
f 3928/4140/3929 3725/3907/3723 3526/3690/3526
f 261/1528/259 1495/4290/1495 995/1014/996
f 1543/1578/1543 1962/2014/1963 195/196/196
f 4954/5362/4954 3141/3266/3141 297/299/298
f 2190/2249/2191 4819/5185/4819 2192/2251/2193
f 3999/4220/3999 2549/2626/2550 2551/2625/2549
f 622/629/623 621/628/622 2413/2477/2413
f 320/321/320 184/182/182 1710/1752/1710
f 334/336/335 2999/3114/3000 3000/3113/2999
f 1683/1723/1683 663/667/661 1469/1499/1467
f 1236/1259/1237 823/834/823 897/912/898
f 1014/1030/1012 3482/3643/3482 4352/4637/4352
f 104/105/105 3557/3724/3557 4757/5108/4757
f 3342/3489/3343 1423/1453/1421 2213/2270/2212
f 4625/4953/4625 354/356/355 4504/4811/4504
f 1987/2039/1988 1989/2038/1987 4881/5260/4881
f 4848/5218/4849 4979/5400/4979 4355/4640/4355
f 3001/3115/3001 2782/2874/2781 3029/3144/3029
f 1033/1052/1034 2862/2962/2862 1034/1053/1035
f 556/559/554 3445/3604/3445 554/560/555
f 2800/2896/2801 2801/2895/2800 2982/3096/2983
f 4823/5190/4824 4610/4932/4610 654/658/652
f 1112/1133/1113 72/70/70 772/780/770
f 348/350/349 1739/1784/1740 1454/1486/1454
f 2759/2852/2760 4525/4833/4525 4505/4812/4505
f 4088/4323/4088 1550/1586/1551 3846/4051/3846
f 1115/1136/1116 939/954/938 1262/1286/1262
f 2712/2800/2710 479/483/480 3449/3608/3449
f 1207/1227/1205 2054/2106/2053 4336/4618/4336
f 74/75/75 2569/2648/2570 2570/2647/2569
f 4942/5340/4942 2477/2547/2475 3695/3873/3694
f 4058/4287/4058 494/500/495 3853/4059/3853
f 2219/2278/2220 2584/2660/2582 2583/2662/2584
f 1746/1791/1747 1745/1790/1746 1831/1877/1830
f 3254/3394/3255 4192/4448/4192 4272/4542/4272
f 596/600/594 2502/2575/2502 1304/1328/1302
f 2831/2929/2830 1986/2035/1984 3516/3679/3516
f 487/492/488 486/491/487 3993/4214/3994
f 4384/4673/4385 4383/4672/4384 3717/3899/3718
f 24/22/22 1950/2002/1951 22/23/23
f 495/501/496 67/68/68 4160/4414/4161
f 199/197/197 4242/5430/4242 4297/4572/4297
f 1054/1073/1055 2431/2498/2432 1055/1071/1053
f 4373/4659/4372 4312/4586/4311 126/124/124
f 4581/4897/4581 3781/3971/3780 675/679/673
f 3291/3433/3290 1142/1161/1140 1141/1163/1142
f 1998/2050/1999 3784/3975/3784 1999/2051/2000
f 4847/5216/4847 606/613/607 4023/4250/4024
f 599/603/597 4292/4567/4292 3791/3986/3792
f 3646/3822/3646 809/821/810 4093/4329/4093
f 1178/1197/1176 292/294/293 4903/5289/4903
f 1131/1152/1131 4451/4749/4451 64/65/65
f 1255/1280/1256 4294/4569/4294 4550/4860/4550
f 2690/2773/2690 2036/2089/2036 32/33/33
f 2598/2676/2598 4223/4482/4223 3209/3344/3209
f 486/491/487 4418/4711/4418 1271/1293/1269
f 4569/4883/4569 4430/4724/4431 3304/3445/3302
f 3511/3674/3512 4021/4246/4021 1548/1581/1546
f 3544/3709/3544 168/169/169 167/168/168
f 1490/1520/1488 763/772/763 2092/2145/2091
f 763/772/763 4268/4537/4268 2092/2145/2091
f 4497/4802/4497 4496/4801/4496 2093/2147/2093
f 2527/2599/2525 2526/2601/2527 3013/3128/3014
f 4447/4745/4447 4296/4571/4296 2460/2532/2461
f 4975/5396/4975 253/255/254 255/254/253
f 816/825/814 4421/4714/4421 970/989/971
f 1909/1956/1909 2763/2854/2762 4345/4629/4345
f 4451/4749/4451 4504/4811/4504 2842/2942/2843
f 4386/4771/4386 4067/4299/4067 2180/2239/2181
f 4579/4895/4579 536/539/534 2651/2731/2650
f 3008/3122/3008 168/169/169 2161/2217/2159
f 4500/4807/4501 3939/4153/3939 1747/1789/1745
f 3096/3214/3096 4736/5084/4736 3351/3502/3351
f 4328/4609/4329 4913/5300/4913 3234/3373/3234
f 882/896/882 5/6/6 2179/2235/2177
f 3346/3494/3346 472/475/473 4433/4726/4433
f 4833/5200/4833 4686/5026/4685 4010/4235/4011
f 1099/1119/1099 1410/1440/1410 1321/1441/1322
f 750/760/751 1045/1063/1045 751/761/752
f 3073/3190/3073 1694/1736/1695 1693/1735/1694
f 3668/5390/3666 2928/3036/2927 2278/3038/2276
f 4318/4596/4318 2913/3020/2913 2822/2921/2822
f 2262/2323/2263 1425/1456/1424 2263/2324/2264
f 1132/1153/1132 2203/2261/2203 1801/1846/1800
f 867/880/866 223/225/224 225/224/223
f 4407/4697/4407 176/177/177 178/176/176
f 1623/1656/1621 2574/2653/2575 1621/1657/1622
f 1516/1549/1514 1515/1551/1516 1160/1182/1161
f 1643/1681/1644 4235/4502/4235 1644/1682/1645
f 2198/2257/2199 2786/2880/2786 3240/3380/3241
f 432/434/432 1834/1879/1832 1165/1187/1166
f 1562/1598/1563 3311/3454/3311 566/571/566
f 3911/4121/3911 3201/3335/3201 3636/3812/3637
f 3131/3253/3130 2886/2987/2884 3130/3254/3131
f 1521/1555/1520 515/521/516 517/520/515
f 2653/2733/2652 2652/2734/2653 2978/3091/2978
f 4447/4745/4447 2460/2532/2461 2461/2531/2460
f 2392/2454/2390 2955/3068/2956 2956/3067/2955
f 3920/4131/3920 1570/1603/1568 1572/1607/1572
f 360/359/358 2111/2167/2111 358/360/359
f 1593/1629/1594 1592/1628/1593 1597/1630/1595
f 4237/4504/4237 491/493/489 490/495/491
f 1029/1048/1030 1617/1651/1616 3819/4020/3818
f 3113/3233/3114 3114/3232/3113 3462/4881/3463
f 140/141/141 84/82/82 912/927/913
f 1121/1140/1120 4183/4440/4184 808/817/806
f 836/848/837 369/368/367 4755/5106/4755
f 216/217/217 2001/2052/2001 103/101/101
f 4240/4507/4240 779/791/780 1751/1796/1752
f 4758/5109/4758 4086/4320/4086 4343/4625/4341
f 3525/3689/3525 87/85/85 1939/1988/1939
f 827/839/828 2316/2379/2317 1668/1704/1667
f 660/664/658 4320/4599/4320 4870/5247/4870
f 3311/3454/3311 1780/1825/1781 3310/3453/3310
f 4408/4698/4408 4591/4910/4591 4768/5122/4768
f 3931/4146/3932 2418/2482/2416 4604/4925/4605
f 3720/3901/3720 2722/2812/2722 1142/1161/1140
f 3657/3831/3655 4668/5005/4667 3655/3832/3656
f 4802/5167/4803 4500/4807/4501 4753/5104/4753
f 4715/5062/4715 1459/1491/1459 830/842/831
f 442/445/443 441/444/442 3338/3482/3336
f 3720/3901/3720 3290/3434/3291 2669/2751/2668
f 4969/5385/4969 2401/2466/2402 1736/1780/1736
f 1264/1289/1265 4140/4384/4140 4868/5243/4868
f 304/303/302 1096/1114/1096 4767/5120/4767
f 3176/3304/3175 2698/2786/2699 4033/4260/4033
f 3181/3311/3181 1116/1134/1114 1115/1136/1116
f 3420/3577/3420 1952/2001/1950 1951/2003/1952
f 761/771/762 4817/5183/4817 3189/3318/3188
f 2429/2496/2430 1519/1552/1517 4725/5072/4725
f 4952/5359/4952 4007/4228/4005 3491/3650/3489
f 4242/5430/4242 600/5249/601 4034/4261/4034
f 4190/4444/4188 3875/4083/3875 4173/4426/4173
f 3684/3864/3685 4723/5070/4723 3685/3865/3686
f 3280/3421/3280 4290/4565/4290 3281/3422/3281
f 1294/1321/1295 1293/1320/1294 1290/1317/1291
f 2783/2877/2783 2782/2874/2781 1032/1049/1031
f 3001/3115/3001 1032/1049/1031 2782/2874/2781
f 1031/1050/1032 1032/1049/1031 3001/3115/3001
f 3923/4133/3922 3922/4134/3923 4339/4623/4339
f 1822/1868/1822 2855/2955/2855 1801/1846/1800
f 979/998/980 2502/2575/2502 1147/1167/1146
f 724/5121/725 198/199/199 270/272/271
f 1912/1958/1911 1402/1433/1403 1913/1961/1914
f 2579/2658/2580 90/91/91 4974/5394/4974
f 4405/4695/4405 4601/4921/4601 2548/2624/2548
f 764/773/764 765/775/766 3115/4799/3115
f 4101/4335/4099 4677/5017/4677 4693/5036/4693
f 440/441/439 439/442/440 1845/1891/1844
f 355/354/353 3651/3827/3651 166/164/164
f 3358/3508/3357 1051/3510/1051 3627/3802/3627
f 4450/4748/4450 4843/5210/4842 4905/5291/4905
f 1144/1164/1143 1143/1165/1144 3865/4073/3865
f 3263/3401/3261 4129/4370/4129 4204/4462/4204
f 4384/4673/4385 3719/3898/3717 4844/5212/4844
f 4796/5160/4797 4937/5334/4937 2691/2774/2691
f 13/14/14 4508/4816/4509 3747/3934/3745
f 3447/3606/3447 503/509/504 1522/3737/1523
f 3305/3448/3305 1419/1451/1420 1567/1600/1565
f 3925/4136/3925 3372/3525/3373 4086/4320/4086
f 4312/4586/4311 4372/4660/4373 4311/4587/4312
f 71/4248/72 1609/1643/1608 1608/1644/1609
f 3854/4061/3854 1352/1379/1353 975/993/975
f 1352/1379/1353 3854/4061/3854 4102/4338/4102
f 2085/2140/2086 3598/3768/3596 1316/1342/1316
f 3476/4060/3476 932/5227/932 3853/4059/3853
f 429/432/430 643/650/644 645/649/643
f 3343/3487/3341 3342/3489/3343 3633/3806/3631
f 421/424/422 1057/1075/1057 422/422/420
f 4868/5243/4868 2365/2429/2366 1265/1287/1263
f 531/537/532 4210/4469/4210 3628/3803/3628
f 1954/2004/1953 967/986/968 1953/2005/1954
f 855/867/853 854/869/855 2200/2258/2200
f 4195/4452/4195 2706/2793/2706 2258/2319/2259
f 4807/5171/4807 3539/3704/3540 3540/3703/3539
f 3363/3515/3363 3900/4107/3899 3364/3516/3364
f 2169/2227/2169 2781/5129/2782 315/3988/316
f 1509/1545/1510 4832/5199/4832 4949/5351/4949
f 2214/2272/2214 3511/3674/3512 3076/3194/3076
f 4650/4984/4650 4637/4970/4637 4340/4624/4340
f 3729/3914/3729 824/835/824 2668/2752/2669
f 2663/2746/2663 712/717/710 504/510/505
f 324/326/325 4932/5325/4932 4437/4731/4437
f 4657/4992/4657 258/257/256 257/259/258
f 181/179/179 712/717/710 711/719/712
f 1453/1483/1451 4241/4508/4241 648/652/646
f 649/656/650 651/655/649 246/245/244
f 1258/1282/1258 4759/5110/4759 379/380/379
f 2104/2161/2105 3588/3757/3586 4833/5200/4833
f 1591/1624/1589 96/97/97 1161/1181/1160
f 1165/1187/1166 1836/1883/1836 2315/2378/2316
f 3659/3836/3660 4663/4998/4663 4213/4472/4213
f 1317/1344/1318 3418/4372/3418 2474/2546/2474
f 2042/2095/2042 1237/1258/1236 3003/3117/3003
f 3892/4101/3893 4553/4864/4553 4729/5077/4729
f 3666/3843/3667 2279/2341/2280 4429/4722/4429
f 4791/5154/4791 1554/1587/1552 3792/3987/3793
f 3983/4203/3984 4789/5150/4789 4920/5309/4920
f 2595/2674/2596 2597/2673/2595 3248/3387/3248
f 2392/2454/2390 2391/2456/2392 4809/5173/4809
f 3564/3732/3564 1734/1779/1735 4964/5429/4964
f 2710/2801/2711 3449/3608/3449 3531/3695/3531
f 3878/4086/3878 1717/1758/1715 2427/2493/2427
f 2757/2847/2755 4584/4901/4584 2755/2848/2756
f 4980/5401/4980 4883/5263/4883 4446/4744/4446
f 4597/4916/4597 4331/4613/4332 4493/4796/4492
f 4468/4767/4468 3408/3562/3407 3407/3564/3408
f 1120/1141/1121 4186/4442/4186 1672/1712/1673
f 4464/4764/4465 4699/5043/4699 4812/5176/4812
f 3532/3696/3532 3699/3879/3700 3549/3716/3550
f 4445/4743/4445 4904/5290/4904 4446/4744/4446
f 3866/4075/3867 4450/4748/4450 4905/5291/4905
f 4270/4539/4270 4955/5364/4955 1076/5179/1077
f 428/428/426 1001/1019/1001 2460/2532/2461
f 4870/5247/4870 4690/5032/4690 2953/3066/2954
f 3278/3416/3276 4681/5022/4681 3276/3417/3277
f 1/2/2 3/1/1 1135/1157/1136
f 4247/4513/4246 3630/3804/3629 3876/4085/3877
f 2510/2583/2509 4309/4585/4310 2509/2584/2510
f 2763/2854/2762 1825/1872/1826 1864/1911/1864
f 32/33/33 3247/3386/3247 1650/1686/1649
f 630/636/630 32/33/33 1650/1686/1649
f 4857/5228/4857 2215/2273/2215 4629/4958/4629
f 2215/2273/2215 3614/3784/3612 4629/4958/4629
f 3883/4091/3883 1077/1096/1078 1374/1403/1375
f 2259/2318/2258 1720/1761/1718 4826/5192/4826
f 1682/1720/1680 1681/1722/1682 4586/4903/4586
f 896/908/894 895/910/896 942/956/940
f 4802/5167/4803 4501/4805/4499 4500/4807/4501
f 1777/1820/1776 1776/1821/1777 2513/2587/2513
f 1588/1623/1588 248/250/249 3356/3507/3356
f 2762/2855/2763 2763/2854/2762 1864/1911/1864
f 4002/4224/4002 988/1007/989 4278/4549/4278
f 3706/3885/3706 4695/5039/4695 4716/5063/4716
f 344/346/345 3279/3419/3279 4142/4386/4142
f 2169/2227/2169 707/712/705 706/714/707
f 1176/1198/1177 4705/5049/4705 2140/2197/2139
f 161/162/162 163/161/161 3309/3452/3309
f 882/896/882 416/419/417 2123/2179/2123
f 1809/1856/1810 4337/4621/4337 3157/3284/3157
f 4824/5189/4823 4823/5190/4824 4004/4227/4004
f 446/446/444 911/925/911 444/447/445
f 2638/2719/2638 1247/1269/1245 2374/2439/2375
f 3526/3690/3526 3289/3432/3289 3928/4140/3929
f 4968/5384/4968 1022/1041/1023 2688/2772/2689
f 4276/4546/4276 4786/5145/4786 3976/4194/3977
f 4879/5258/4879 4563/4874/4562 2522/2597/2523
f 4856/5226/4856 4371/4657/4370 488/490/486
f 1538/1571/1536 2829/4201/2829 3982/4200/3982
f 4525/4833/4525 3266/3407/3267 4505/4812/4505
f 1157/1179/1158 4688/5029/4688 4828/5194/4828
f 4880/5259/4880 4631/4959/4630 4630/4960/4631
f 1337/1363/1337 2624/4412/2625 718/723/716
f 1938/1987/1938 4765/5118/4765 4991/5435/4991
f 4983/5407/4983 1440/1473/1441 4991/5435/4991
f 2659/2742/2659 1440/1473/1441 1439/1472/1440
f 2659/2742/2659 1938/1987/1938 4991/5435/4991
f 4765/5118/4765 4983/5407/4983 4991/5435/4991
f 4989/5418/4989 4978/5399/4978 3886/4094/3886
f 4978/5399/4978 3887/4095/3887 3886/4094/3886
f 2659/2742/2659 4991/5435/4991 1440/1473/1441
f 4978/5399/4978 3889/4097/3889 3887/4095/3887
