# Blender 4.3.2
# www.blender.org
o uiswcahdw_LOD0_TIER1_000
v -0.764468 -0.007633 0.055221
v -0.761774 0.007098 0.080084
v -0.762816 -0.000702 0.202423
v -0.747762 0.011639 -0.005993
v -0.633958 0.024543 0.142282
v -0.610494 0.013519 -0.005352
v -0.483162 0.024015 0.094273
v -0.760909 -0.046785 0.308584
v -0.757014 0.015218 0.241015
v -0.743988 0.024722 0.273203
v -0.760145 0.011480 0.368130
v -0.748132 0.026938 0.361927
v -0.682593 0.031523 0.372835
v -0.531257 0.032921 0.334552
v -0.569635 0.032539 0.395118
v -0.462277 0.028906 0.187701
v -0.755037 -0.226561 0.690889
v -0.761827 -0.026491 0.548207
v -0.761420 -0.008811 0.542776
v -0.761867 -0.002934 0.647593
v -0.760826 0.006846 0.447673
v -0.758639 -0.009286 0.487704
v -0.759070 -0.006931 0.611551
v -0.748715 0.007265 0.482151
v -0.742199 0.003378 0.531687
v -0.745054 0.027426 0.440784
v -0.732657 0.015757 0.461484
v -0.713919 0.007362 0.499869
v -0.747620 0.006204 0.629876
v -0.696679 0.007976 0.548339
v -0.717406 0.028133 0.447554
v -0.680588 0.022868 0.459632
v -0.716952 0.007154 0.613467
v -0.694524 0.016284 0.509008
v -0.681667 0.017351 0.572921
v -0.695852 0.020285 0.607916
v -0.674687 0.020494 0.590754
v -0.674665 0.020317 0.485060
v -0.653279 0.025568 0.508648
v -0.667979 0.018331 0.542741
v -0.665341 0.024110 0.578346
v -0.661357 0.015775 0.559497
v -0.628173 0.028674 0.558907
v -0.631184 0.028643 0.434743
v -0.584070 0.026252 0.471310
v -0.545816 0.028906 0.607670
v -0.559821 0.031033 0.521818
v -0.762927 0.011547 1.030568
v -0.761486 0.004912 0.741887
v -0.745588 0.015528 0.649578
v -0.734593 0.017667 0.706840
v -0.756051 0.011816 0.771675
v -0.740907 0.013663 0.739774
v -0.741074 0.017616 0.867804
v -0.710767 0.012858 0.639534
v -0.702693 0.021238 0.680235
v -0.733950 0.017470 0.761450
v -0.739657 0.018632 0.794331
v -0.661639 0.022634 0.794690
v -0.673892 0.022938 0.850228
v -0.589979 0.023964 0.786237
v -0.623123 0.024265 0.854879
v -0.651068 0.022127 0.924576
v -0.760203 -0.222723 1.016958
v -0.767539 -0.031457 1.072080
v -0.762099 -0.223340 1.259065
v -0.764256 0.007131 1.091046
v -0.768242 -0.001647 1.235979
v -0.766171 0.006656 1.155432
v -0.755253 0.014480 0.912328
v -0.738182 0.019351 0.966100
v -0.750720 0.018607 1.082582
v -0.732304 0.020253 1.114980
v -0.752750 0.017874 1.130606
v -0.642918 0.022308 1.140647
v -0.534510 0.020445 1.046977
v -0.525386 0.020325 1.182498
v -0.765807 0.002695 1.485118
v -0.766149 0.003180 1.393725
v -0.759648 0.014898 1.209816
v -0.755519 0.011938 1.239107
v -0.766714 0.007125 1.272901
v -0.767170 0.003090 1.311906
v -0.750601 0.009703 1.331344
v -0.759283 0.011870 1.338021
v -0.753266 0.009448 1.385120
v -0.742883 0.018433 1.248055
v -0.740890 0.007200 1.289528
v -0.742586 0.013553 1.348048
v -0.753555 0.011607 1.441524
v -0.740486 0.008367 1.426443
v -0.722973 0.019243 1.289082
v -0.715132 0.015164 1.382005
v -0.727579 0.014255 1.446637
v -0.644558 0.019118 1.339964
v -0.575775 0.018760 1.299621
v -0.762011 -0.226493 1.510339
v -0.763294 0.005228 1.540825
v -0.752833 -0.226657 1.669497
v -0.748805 -0.055090 1.725152
v -0.753990 -0.003878 1.665831
v -0.757844 0.007301 1.585616
v -0.741854 0.008106 1.464733
v -0.713882 0.011216 1.521793
v -0.747467 0.011321 1.619933
v -0.744962 0.007394 1.732783
v -0.732566 0.009160 1.659185
v -0.728537 0.009533 1.607465
v -0.696855 0.007507 1.692159
v -0.717536 0.011142 1.704100
v -0.630205 0.013723 1.499198
v -0.647501 0.013777 1.735240
v -0.508556 0.014372 1.774360
v -0.733805 -0.226651 1.818704
v -0.735468 0.008214 1.808041
v -0.722033 0.004080 1.871667
v -0.669413 -0.226648 2.044527
v -0.698264 0.006468 1.955647
v -0.708576 0.011937 1.827483
v -0.695549 0.013465 1.945442
v -0.667076 0.003033 1.753164
v -0.681878 0.014383 1.903881
v -0.662181 0.011915 2.064375
v -0.670866 0.007356 1.799196
v -0.641277 0.014240 1.908070
v -0.654096 0.013013 1.797817
v -0.639779 0.016730 1.991174
v -0.593531 0.018041 1.945112
v -0.609004 0.011641 1.951136
v -0.617976 -0.104408 2.180989
v -0.573529 0.017610 2.188056
v -0.590053 -0.226650 2.243698
v -0.614102 0.013099 2.187382
v -0.611723 0.014670 1.988915
v -0.597169 0.012365 2.013983
v -0.591108 0.015760 2.085265
v -0.349503 0.019023 0.053819
v -0.511398 0.026847 0.467481
v -0.361680 0.025761 0.452765
v -0.415550 0.028860 0.551083
v -0.317772 0.025849 0.512456
v -0.404806 0.017226 0.863463
v -0.207690 0.015335 0.749385
v -0.177764 0.009436 0.881080
v -0.461711 0.016869 1.190723
v -0.275965 0.012317 0.996635
v -0.344894 0.013534 1.275432
v -0.395886 0.010964 1.408648
v -0.441758 0.011060 1.553394
v -0.385826 0.010343 1.673164
v -0.300299 0.005977 1.539667
v -0.504124 0.019465 1.986682
v -0.377774 0.013883 1.834828
v -0.207684 0.008476 1.866638
v -0.180697 0.008189 2.016061
v -0.575315 0.005971 2.277948
v -0.592449 0.006495 2.235831
v -0.575258 0.019110 2.008264
v -0.554183 0.019788 2.055764
v -0.529092 0.017274 2.111638
v -0.521504 0.013588 2.224136
v -0.558747 0.015028 2.260427
v -0.489844 0.016460 2.218543
v -0.439453 0.013865 2.269625
v -0.312765 0.011205 2.147669
v -0.205548 0.029044 0.329154
v -0.255195 0.027947 0.154844
v -0.290917 0.028641 0.380252
v -0.319233 0.007258 -0.007978
v -0.152618 0.015057 0.030280
v -0.145056 0.009161 -0.005522
v -0.220152 0.016984 0.631038
v -0.230913 0.024954 0.463836
v -0.234655 0.022737 0.513568
v -0.194858 0.025064 0.499006
v -0.167848 0.025881 0.467480
v -0.171570 0.020152 0.548981
v -0.156563 0.023322 0.604243
v -0.163154 0.016023 0.746251
v -0.152405 0.020732 0.720824
v -0.148393 0.015780 0.821199
v -0.138208 0.030724 0.898087
v -0.245237 0.014184 1.168838
v -0.195371 0.011212 1.018424
v -0.158212 0.011297 1.062368
v -0.140960 0.014747 0.988986
v -0.129420 0.014248 1.163055
v -0.131998 0.024755 0.996764
v -0.116477 0.027434 1.185068
v -0.143738 0.010094 1.357234
v -0.217510 0.004812 1.557683
v -0.144982 0.012464 1.227344
v -0.131355 0.005357 1.459047
v -0.103892 0.013145 1.360230
v -0.120639 0.017896 1.221708
v -0.101740 0.028786 1.308309
v -0.086062 0.008798 1.502109
v -0.084211 0.027346 1.443066
v -0.087168 0.016603 1.453329
v -0.236027 0.005796 1.568365
v -0.210116 0.004312 1.649300
v -0.224785 0.012644 1.566896
v -0.218777 0.005476 1.570731
v -0.108866 0.003189 1.615159
v -0.079226 0.005127 1.726620
v -0.057287 0.006937 1.677963
v -0.074821 0.005468 1.826183
v -0.241403 0.010328 2.259515
v -0.193269 0.009269 2.197946
v -0.217330 0.007789 2.244496
v -0.198639 0.009993 2.259039
v -0.027050 0.006094 2.006318
v -0.051523 0.006995 2.120723
v -0.064949 0.011806 2.220633
v -0.159406 0.026588 0.114691
v -0.149666 0.043918 0.056714
v -0.145036 0.089250 0.035904
v -0.140579 0.165691 0.098527
v -0.133028 0.177562 -0.005151
v -0.095938 0.183664 -0.005445
v -0.165846 0.029608 0.159672
v -0.160769 0.029935 0.190345
v -0.171157 0.031526 0.404485
v -0.162107 0.038859 0.374393
v -0.158293 0.035691 0.152262
v -0.150612 0.097099 0.248736
v -0.147996 0.154197 0.312385
v -0.141387 0.170495 0.201373
v -0.128814 0.178393 0.119424
v -0.136618 0.184019 0.253838
v -0.143607 0.177985 0.316262
v -0.146092 0.180879 0.412028
v -0.124527 0.187303 0.345625
v -0.095715 0.188525 0.218997
v 0.002806 0.190499 0.174032
v -0.109993 0.191226 0.414492
v -0.061382 0.183975 0.094322
v -0.173285 0.028657 0.458525
v -0.164535 0.033363 0.488994
v -0.163585 0.039166 0.462847
v -0.151989 0.034007 0.605873
v -0.155711 0.086478 0.499697
v -0.150875 0.136629 0.450155
v -0.150968 0.166331 0.562131
v -0.151895 0.147206 0.513984
v -0.148353 0.148959 0.653222
v -0.139172 0.168619 0.473528
v -0.147984 0.173660 0.461400
v -0.147545 0.166793 0.489767
v -0.141706 0.183197 0.509539
v -0.134950 0.182034 0.548483
v -0.139283 0.182119 0.599306
v -0.130257 0.183756 0.456439
v -0.119288 0.182628 0.487166
v -0.034747 0.193576 0.524142
v -0.074598 0.187930 0.486892
v -0.014171 0.192724 0.461668
v -0.028234 0.194005 0.592302
v -0.145089 0.035819 0.745235
v -0.143238 0.119385 0.798009
v -0.141531 0.167601 0.737268
v -0.140283 0.177303 0.645625
v -0.136521 0.165907 0.851002
v -0.131335 0.174727 0.803679
v -0.123777 0.173041 0.918666
v -0.041155 0.178301 0.901282
v -0.021281 0.185547 0.759186
v -0.132182 0.159955 0.946923
v -0.127893 0.158885 1.024839
v -0.123482 0.154273 1.095852
v -0.126669 0.172857 0.951585
v -0.123061 0.172424 1.002941
v -0.114431 0.094875 1.220472
v -0.118940 0.154138 1.160592
v -0.122634 0.162843 1.055103
v -0.114194 0.168282 1.115977
v -0.101478 0.171997 1.040185
v -0.098000 0.170769 1.081958
v 0.002750 0.175308 1.091412
v -0.105892 0.166586 1.161283
v -0.113097 0.152844 1.231001
v -0.098654 0.161967 1.266401
v -0.094907 0.142839 1.389492
v -0.102205 0.151563 1.328726
v -0.090025 0.160584 1.355274
v 0.012159 0.172868 1.181228
v -0.092026 0.140051 1.430473
v -0.081860 0.156987 1.434957
v -0.077332 0.128931 1.522349
v -0.055424 0.015469 1.622398
v -0.069375 0.028871 1.540388
v -0.034717 0.029556 1.709455
v -0.037479 0.009872 1.735513
v -0.017961 0.009523 1.836774
v -0.032049 0.005839 1.921918
v -0.003594 0.021872 1.844694
v -0.004388 0.014394 1.858536
v -0.023269 0.011639 2.214571
v 0.028782 0.010864 2.017151
v 0.024922 0.008116 2.120631
v -0.007706 0.014768 2.245756
v 0.057558 0.013767 2.236115
v 0.049405 0.011711 2.091039
v 0.038698 0.021824 2.012040
v 0.071577 0.024930 2.134432
v 0.084464 0.018804 2.211608
v 0.100756 0.016952 2.234393
v 0.111393 0.031927 2.248577
v -0.001284 0.183646 0.031247
v 0.002987 0.186173 0.107567
v 0.009706 0.176972 0.034547
v 0.013331 0.182674 -0.005948
v 0.015811 0.187385 0.005498
v 0.017696 0.189145 0.101432
v 0.060772 0.175714 -0.001536
v 0.056479 0.186738 0.008729
v 0.083107 0.185805 0.000142
v 0.079167 0.191528 0.072436
v 0.000057 0.194176 0.273826
v -0.006989 0.194543 0.397244
v 0.009908 0.182861 0.116561
v 0.010793 0.183198 0.144935
v 0.009313 0.185708 0.212038
v 0.013184 0.189607 0.181423
v 0.007384 0.190038 0.311783
v 0.030396 0.188329 0.141697
v 0.087223 0.193260 0.218164
v 0.019009 0.192554 0.264400
v 0.066978 0.193644 0.362563
v 0.243091 0.191563 0.477595
v -0.049355 0.188965 0.477334
v -0.025534 0.187320 0.478464
v -0.013552 0.187870 0.493999
v -0.009564 0.188912 0.561355
v -0.000925 0.185112 0.464052
v -0.008911 0.175909 0.474816
v -0.008064 0.183022 0.492853
v 0.003892 0.191952 0.492398
v -0.000968 0.184958 0.557820
v -0.015576 0.187312 0.596483
v 0.010427 0.191580 0.415187
v 0.013381 0.191706 0.588417
v 0.080732 0.191818 0.741508
v -0.027723 0.182642 0.827706
v -0.023469 0.188303 0.675169
v 0.003590 0.182347 0.677931
v 0.006015 0.178601 0.761427
v -0.000806 0.170178 0.779750
v -0.002110 0.171529 0.802814
v 0.001364 0.168288 0.823088
v -0.001089 0.182784 0.817362
v 0.004849 0.183095 0.631817
v 0.011165 0.181668 0.710793
v -0.007108 0.182694 0.800001
v 0.001383 0.180799 0.873745
v 0.014506 0.172060 0.781511
v 0.016999 0.170089 0.818478
v 0.003699 0.174529 0.838163
v 0.019129 0.178927 0.832032
v 0.005428 0.166584 0.847394
v 0.019509 0.169305 0.840493
v 0.004380 0.169105 0.873183
v 0.018332 0.167143 0.882357
v 0.016658 0.189267 0.722112
v 0.010313 0.175139 0.743703
v 0.027107 0.189491 0.832175
v 0.169882 0.191633 0.827012
v -0.001560 0.178245 0.932605
v 0.005881 0.181379 0.928891
v 0.024158 0.160537 0.951714
v 0.008701 0.161160 0.932798
v 0.015862 0.158292 1.063539
v 0.017272 0.159889 1.120463
v 0.008832 0.167346 0.923743
v 0.029102 0.162352 1.019397
v 0.034168 0.159931 1.106580
v 0.023572 0.171879 0.910088
v 0.023599 0.184036 0.922394
v 0.029433 0.183032 1.023950
v 0.035306 0.186018 1.050160
v 0.036508 0.181058 1.136850
v 0.088894 0.191476 1.022136
v 0.043396 0.188404 1.156812
v 0.407794 0.190325 1.224624
v 0.287720 0.193603 0.924910
v 0.011647 0.172166 1.341986
v 0.017115 0.169925 1.408240
v 0.028140 0.158519 1.315050
v 0.023751 0.156373 1.179630
v 0.039522 0.160047 1.190603
v 0.025081 0.155944 1.227550
v 0.038125 0.155278 1.286063
v 0.029199 0.155858 1.342661
v 0.026246 0.165112 1.352647
v 0.026550 0.158616 1.382914
v 0.028481 0.163409 1.395913
v 0.041651 0.155514 1.389601
v 0.046654 0.157163 1.326607
v 0.048154 0.158580 1.372082
v 0.039207 0.156109 1.422398
v 0.040692 0.179549 1.215146
v 0.046486 0.187891 1.245942
v 0.047536 0.179702 1.307598
v 0.045471 0.175408 1.339996
v 0.047635 0.172700 1.378495
v 0.058621 0.157518 1.432174
v 0.055969 0.184881 1.363966
v 0.058052 0.186985 1.318935
v 0.065859 0.187363 1.434119
v 0.131591 0.188873 1.347448
v -0.068391 0.150646 1.554990
v -0.074451 0.158963 1.492285
v -0.055984 0.160961 1.538731
v -0.046032 0.133219 1.675556
v -0.043776 0.156935 1.632978
v -0.020807 0.152679 1.748849
v 0.042235 0.166883 1.503306
v 0.039627 0.161590 1.443462
v 0.046724 0.156074 1.466154
v 0.075597 0.162041 1.657337
v 0.076251 0.153609 1.603377
v 0.102798 0.162256 1.768445
v 0.104016 0.156258 1.637499
v 0.082484 0.178645 1.545598
v 0.088103 0.156079 1.661530
v 0.099689 0.153955 1.703152
v 0.113320 0.183190 1.653777
v 0.108013 0.162356 1.653865
v 0.113459 0.157128 1.685032
v 0.126103 0.176721 1.732722
v 0.167599 0.185290 1.567879
v 0.027500 0.141815 1.973689
v -0.000753 0.151214 1.831917
v 0.073755 0.158470 1.882598
v 0.049402 0.156297 2.009838
v 0.115072 0.162442 1.824507
v 0.131684 0.162012 1.766076
v 0.115475 0.155305 1.778621
v 0.140380 0.165487 1.935247
v 0.136475 0.156603 1.788188
v 0.122702 0.161530 1.804677
v 0.130454 0.154626 1.832578
v 0.144679 0.159570 1.818864
v 0.151782 0.155851 1.841304
v 0.139965 0.157208 1.857501
v 0.143485 0.158072 1.893099
v 0.122254 0.160155 2.014448
v 0.156303 0.165522 1.864823
v 0.161178 0.159188 1.884057
v 0.168935 0.160522 1.907468
v 0.150556 0.156767 1.922199
v 0.151538 0.161747 1.945911
v 0.166656 0.150883 1.919714
v 0.160087 0.151809 1.947601
v 0.164941 0.163634 1.994201
v 0.158331 0.174837 1.864857
v 0.206096 0.184003 1.839762
v 0.181567 0.149373 1.949193
v 0.183494 0.144688 1.968576
v 0.178742 0.181135 1.913836
v 0.045365 0.091964 2.041687
v 0.047636 0.119921 2.051693
v 0.041981 0.136098 2.020843
v 0.054802 0.094866 2.073361
v 0.060060 0.110675 2.070366
v 0.055344 0.123908 2.055444
v 0.056537 0.138864 2.020250
v 0.073668 0.158056 2.021017
v 0.084043 0.049780 2.176677
v 0.081496 0.087855 2.157030
v 0.071480 0.124327 2.049161
v 0.064774 0.134039 2.088217
v 0.093969 0.120288 2.059860
v 0.117757 0.142473 2.247828
v 0.071469 0.139006 2.105833
v 0.086463 0.156593 2.028961
v 0.090570 0.137805 2.040877
v 0.095673 0.142544 2.083738
v 0.105742 0.149407 2.094378
v 0.081507 0.153239 2.115470
v 0.114301 0.055747 2.259359
v 0.098578 0.130927 2.036880
v 0.112085 0.128833 2.041513
v 0.104716 0.154859 2.024645
v 0.139268 0.136100 2.033295
v 0.134367 0.162229 2.082056
v 0.112671 0.158525 2.210269
v 0.123504 0.097948 2.271374
v 0.181400 0.172298 2.201955
v 0.140017 0.159665 2.012005
v 0.140784 0.151057 2.051345
v 0.139456 0.164961 2.269917
v 0.165123 0.137211 2.017576
v 0.174305 0.150045 1.996044
v 0.170757 0.137574 2.042295
v 0.164377 0.146785 2.055053
v 0.168308 0.165579 2.084458
v 0.188513 0.139296 2.009665
v 0.182527 0.155159 2.056820
v 0.195779 0.184648 0.006706
v 0.289205 0.185654 0.022883
v 0.255863 0.182111 -0.004982
v 0.292549 0.189414 0.086328
v 0.310517 0.180780 -0.005097
v 0.372678 0.182801 0.011629
v 0.431423 0.184581 0.070343
v 0.393164 0.175806 -0.004991
v 0.468941 0.178636 -0.004377
v 0.451897 0.185230 0.182436
v 0.329319 0.190090 0.612151
v 0.537103 0.188240 0.478942
v 0.554231 0.194487 0.809581
v 0.533849 0.192760 1.094291
v 0.433228 0.189117 1.457510
v 0.501547 0.191112 1.317060
v 0.494186 0.192740 1.607673
v 0.476494 0.191692 1.740245
v 0.185419 0.176706 1.957274
v 0.468298 0.192497 1.896205
v 0.195642 0.152470 1.993982
v 0.203049 0.140105 2.027580
v 0.199009 0.145460 2.047181
v 0.208373 0.155085 2.068384
v 0.200730 0.168395 2.082301
v 0.219061 0.173025 2.130972
v 0.205442 0.180270 2.211196
v 0.208272 0.150130 2.038808
v 0.216651 0.161866 2.071725
v 0.223627 0.179968 2.081896
v 0.207696 0.179283 2.218286
v 0.193848 0.180311 2.237414
v 0.230541 0.166710 2.131399
v 0.220942 0.173376 2.211215
v 0.221318 0.189706 2.234286
v 0.223197 0.186522 2.213116
v 0.245073 0.168441 2.160310
v 0.265440 0.178605 2.216491
v 0.238422 0.176723 2.178768
v 0.235300 0.179532 2.197825
v 0.330582 0.189798 2.207205
v 0.243537 0.169165 2.186931
v 0.271112 0.185545 2.208976
v 0.267890 0.189109 2.229532
v 0.289538 0.181234 2.222228
v 0.281081 0.188224 2.244187
v 0.309730 0.188195 2.223758
v 0.329134 0.185249 2.214692
v 0.443767 0.190798 2.216563
v 0.435857 0.195391 2.227085
v 0.352207 0.189619 2.237637
v 0.441851 0.193815 2.148474
v 0.566611 0.174054 -0.006854
v 0.564958 0.176113 0.066259
v 0.573924 0.180716 0.021440
v 0.637658 0.177100 0.002539
v 0.555328 0.186405 0.381684
v 0.556010 0.181378 0.059290
v 0.559139 0.185166 0.278145
v 0.573059 0.185625 0.300354
v 0.566649 0.181396 0.259368
v 0.565211 0.181147 0.318202
v 0.789523 0.176585 0.073029
v 0.570190 0.186294 0.386330
v 0.556262 0.189258 0.527300
v 0.556708 0.187131 0.452621
v 0.551947 0.190958 0.608983
v 0.563507 0.179374 0.402045
v 0.562379 0.179723 0.467145
v 0.561952 0.183876 0.515474
v 0.563160 0.182434 0.438855
v 0.560836 0.183078 0.571436
v 0.569111 0.187859 0.481122
v 0.564506 0.189875 0.594879
v 0.675545 0.184446 0.464180
v 0.774732 0.190610 0.771322
v 0.552024 0.190468 0.723252
v 0.558903 0.185414 0.610549
v 0.564007 0.191577 0.684466
v 0.557190 0.184449 0.672341
v 0.587790 0.192457 1.089541
v 0.536226 0.191998 1.107457
v 0.711440 0.193030 1.090250
v 0.723919 0.193640 1.080732
v 0.507278 0.191544 1.376299
v 0.516266 0.191959 1.291030
v 0.521831 0.186265 1.327370
v 0.514725 0.186501 1.373650
v 0.509158 0.190386 1.488876
v 0.530671 0.191642 1.338798
v 0.706003 0.193172 1.279640
v 0.487773 0.187285 1.740165
v 0.506798 0.193318 1.606691
v 0.598322 0.194353 1.582906
v 0.469969 0.190314 1.937830
v 0.488352 0.192492 1.809364
v 0.500575 0.193541 1.970003
v 0.729987 0.200507 2.018694
v 0.458430 0.194638 2.149318
v 0.592275 0.197202 2.206696
v 0.463076 0.193775 2.237113
v 0.601649 0.193069 2.215303
v 0.574959 0.194210 2.235199
v 0.584275 0.197695 2.225293
v 0.629846 0.198361 2.210326
v 0.811238 0.199052 2.217252
v 0.809681 0.204091 2.227054
v 1.008208 0.171113 -0.004891
v 1.065531 0.172376 -0.001495
v 0.837543 0.182598 0.373765
v 0.929455 0.185998 0.588504
v 0.994157 0.192623 0.792931
v 0.893076 0.196411 1.088355
v 1.168180 0.198514 1.091134
v 1.064224 0.199609 1.081321
v 1.094005 0.201106 1.315489
v 1.035686 0.205165 1.652841
v 0.985836 0.208412 1.996989
v 0.858045 0.203806 2.210312
v 0.865438 0.198184 2.229254
v 0.914919 0.204803 2.221882
v 0.873604 0.202967 2.236861
v 0.891280 0.206715 2.229837
v 0.934948 0.206133 2.236546
v 0.996577 0.206722 2.217229
v 0.963019 0.209142 2.230185
v 1.026389 0.204654 2.223764
v 1.089524 0.176518 0.113974
v 1.299742 0.175047 -0.006751
v 1.103970 0.183733 0.388332
v 1.270562 0.189516 0.586451
v 1.249118 0.196331 0.844749
v 1.245505 0.202153 1.098018
v 1.233431 0.202444 1.082848
v 1.457499 0.210490 1.385632
v 1.138394 0.208611 1.895795
v 1.316013 0.209773 1.797707
v 1.140616 0.205146 2.227337
v 1.102842 0.209028 2.236075
v 1.217898 0.201267 2.226553
v 1.264924 0.205144 2.150167
v 1.281659 0.202737 2.217082
v 1.341402 0.177232 -0.004019
v 1.301046 0.177787 0.052031
v 1.490354 0.183362 0.038650
v 1.390679 0.184772 0.226595
v 1.487524 0.184049 0.117331
v 1.489173 0.188543 0.247863
v 1.357631 0.192946 0.647349
v 1.486196 0.191583 0.450222
v 1.476562 0.200183 0.810763
v 1.487205 0.194355 0.717997
v 1.491146 0.200576 0.827662
v 1.480972 0.198990 0.955331
v 1.372486 0.202703 1.089461
v 1.468930 0.203708 1.035800
v 1.466169 0.204920 1.091488
v 1.476289 0.200694 1.078184
v 1.486965 0.204833 1.089257
v 1.484465 0.206174 1.113201
v 1.464956 0.207071 1.389424
v 1.474371 0.211175 1.347229
v 1.438388 0.211872 1.728641
v 1.449275 0.212638 1.631585
v 1.456301 0.208293 1.665320
v 1.464667 0.212454 1.631045
v 1.455083 0.212251 1.865872
v 1.431088 0.208016 2.023391
v 1.442922 0.212372 1.800978
v 1.437298 0.210048 1.961664
v 1.445385 0.205798 1.732216
v 1.450487 0.207076 1.793204
v 1.443573 0.202918 1.997581
v 1.570087 0.212460 1.952081
v 1.374768 0.198611 2.226984
v 1.433290 0.205685 2.085942
v 1.428061 0.203913 2.167091
v 1.439626 0.201713 2.094620
v 1.434850 0.197152 2.229091
v 1.440926 0.200332 2.063601
v 1.446481 0.205583 2.133034
v 1.446175 0.201227 2.209395
v 1.449367 0.208097 2.045781
v 1.486579 0.206813 2.074893
v 1.497398 0.178802 -0.003932
v 1.507688 0.182104 0.001708
v 1.508103 0.185356 0.061263
v 1.660230 0.181759 0.004212
v 1.496939 0.177858 0.083375
v 1.496915 0.182777 0.191710
v 1.495861 0.184942 0.259890
v 1.503535 0.188585 0.224764
v 1.505474 0.185079 0.137923
v 1.557596 0.185190 0.094207
v 1.501981 0.191366 0.393753
v 1.621934 0.186742 0.184606
v 1.945155 0.182250 0.008540
v 1.852110 0.193198 0.355079
v 1.494359 0.187485 0.422889
v 1.497661 0.194926 0.612803
v 1.565666 0.192062 0.394864
v 1.692590 0.197530 0.623396
v 1.768723 0.204601 0.942611
v 1.825750 0.200945 0.698856
v 1.647738 0.205075 1.093663
v 1.603202 0.208403 1.174646
v 1.815050 0.207785 1.095123
v 1.612126 0.214359 1.446773
v 1.877921 0.212180 1.314884
v 1.823251 0.215402 1.428884
v 1.704507 0.215767 1.618015
v 1.774303 0.217491 1.713562
v 1.584691 0.201314 2.207396
v 1.637705 0.204818 2.127877
v 1.609302 0.196198 2.231488
v 1.690198 0.200613 2.224126
v 1.636386 0.200997 2.223407
v 1.685360 0.196851 2.232205
v 1.725870 0.207595 2.125008
v 1.761105 0.202410 2.174405
v 1.861139 0.211811 2.039587
v 1.751753 0.205492 2.190309
v 1.739049 0.206294 2.225140
v 1.814161 0.208101 2.128155
v 1.778953 0.207772 2.206311
v -0.545001 0.013887 2.347064
v -0.567536 0.014456 2.294342
v -0.500603 -0.228690 2.440931
v -0.512116 -0.082550 2.416796
v -0.516636 -0.002054 2.415855
v -0.471111 0.009884 2.257824
v -0.455266 0.013931 2.319782
v -0.474718 0.010873 2.495171
v -0.400357 0.016010 2.363988
v -0.381765 0.012025 2.284390
v -0.391645 0.015637 2.299376
v -0.349205 0.015561 2.310979
v -0.316113 0.015263 2.359187
v -0.349432 0.013144 2.515844
v -0.385392 -0.231983 2.661188
v -0.398897 0.003517 2.637108
v -0.333973 0.012228 2.590210
v -0.386061 0.006326 2.650781
v -0.338278 0.008094 2.742054
v -0.299305 0.010956 2.281991
v -0.303206 0.014701 2.479878
v -0.266477 0.014586 2.457277
v -0.282547 0.010684 2.286383
v -0.243699 0.014046 2.364066
v -0.237551 0.013314 2.516038
v -0.200428 0.011535 2.282084
v -0.202250 0.014071 2.413122
v -0.222936 0.003202 2.272129
v -0.155319 0.012985 2.314977
v -0.172558 0.015664 2.461088
v -0.151467 0.009518 2.276215
v -0.127057 0.014350 2.354004
v -0.099745 0.014886 2.414619
v -0.138320 0.014626 2.552712
v -0.083660 0.015027 2.507494
v -0.023003 0.012194 2.269845
v -0.087132 0.016376 2.356813
v -0.307837 0.013088 2.647438
v -0.289357 0.008356 2.739196
v -0.276296 -0.049012 2.855748
v -0.295119 0.009652 2.575658
v -0.265901 -0.232119 2.873927
v -0.276951 0.010663 2.710608
v -0.269285 0.013401 2.580737
v -0.247378 0.007903 2.616778
v -0.261067 0.012819 2.647894
v -0.255495 0.001830 2.737911
v -0.247110 0.002708 2.713016
v -0.277982 0.010035 2.834615
v -0.236339 0.006528 2.658419
v -0.240468 0.008812 2.693206
v -0.217318 0.002818 2.747019
v -0.217600 0.001797 2.775623
v -0.215178 0.015287 2.633718
v -0.216764 0.005611 2.641680
v -0.221697 0.006854 2.698947
v -0.189731 0.010048 2.665741
v -0.220830 0.010664 2.717559
v -0.206725 0.007417 2.703458
v -0.198257 0.007835 2.739106
v -0.186777 0.016927 2.660829
v -0.189436 0.010613 2.745496
v -0.186738 0.012300 2.779165
v -0.133381 0.011622 2.715247
v -0.139173 0.012927 2.721082
v -0.146525 0.015613 2.629819
v -0.100991 0.018371 2.731164
v -0.115111 0.011226 2.793690
v -0.108681 0.017509 2.678022
v -0.102912 0.014348 2.579316
v -0.074437 0.011864 2.776719
v -0.200235 -0.001449 2.980108
v -0.189730 0.004857 2.985292
v -0.196435 0.007316 2.807922
v -0.213841 0.008576 2.853717
v -0.145617 -0.232110 3.066815
v -0.150783 0.009823 2.838979
v -0.107922 0.008001 2.898609
v -0.024390 0.010105 2.922799
v -0.034811 0.009361 2.963747
v -0.062462 0.004953 3.188628
v -0.024530 0.002104 3.248433
v 0.026654 0.018513 2.372240
v 0.071963 0.016836 2.292044
v 0.119628 0.021500 2.459489
v 0.062970 0.011375 2.253130
v 0.101570 0.017789 2.334311
v 0.090183 0.009106 2.249492
v 0.094169 0.011064 2.275866
v 0.102084 0.013877 2.257538
v 0.105428 0.013538 2.311265
v 0.148632 0.023413 2.544426
v 0.123838 0.013991 2.266331
v 0.141281 0.016973 2.316802
v 0.133044 0.019033 2.325772
v 0.120162 0.033092 2.258730
v 0.178929 0.023904 2.423139
v 0.159435 0.016456 2.365794
v -0.014657 0.018565 2.697391
v -0.053032 0.017527 2.755110
v 0.002158 0.016966 2.610844
v -0.042392 0.015955 2.791556
v 0.073237 0.021221 2.762712
v 0.048243 0.019845 2.603433
v -0.001459 0.017213 2.818377
v 0.112121 0.022536 2.659531
v 0.042863 0.019805 2.838114
v 0.230929 0.025387 2.774459
v -0.037040 0.011105 2.839528
v -0.039203 0.011598 2.803515
v -0.023911 0.008867 2.886966
v -0.024325 0.017766 2.811537
v -0.011854 0.007232 2.829939
v 0.006164 0.010289 2.957649
v -0.007521 0.011636 2.854757
v -0.000163 0.011646 2.901815
v 0.015726 0.008489 2.852308
v 0.018552 0.006716 2.930087
v 0.029510 0.010433 2.937955
v 0.038761 0.016803 2.865303
v 0.042766 0.012110 2.878394
v 0.052837 0.008878 2.985249
v 0.048304 0.007110 2.919868
v 0.068938 0.009860 2.943652
v 0.095811 0.011152 2.923577
v 0.133634 0.013154 3.035016
v 0.120176 0.011331 3.060222
v 0.101118 0.020737 2.851198
v 0.102274 0.009622 2.959553
v 0.113159 0.019067 2.921033
v 0.130844 0.019311 2.945157
v 0.142424 0.013414 2.960633
v 0.163118 0.011702 3.025277
v 0.149145 0.019777 2.944436
v 0.172291 0.019160 2.980583
v 0.034759 -0.232107 3.330789
v 0.041282 0.009998 3.093060
v -0.032708 0.005886 3.228264
v 0.027932 0.009282 3.225857
v 0.078805 0.002460 3.385421
v 0.154104 0.009671 3.346237
v 0.101563 0.010026 3.195151
v 0.129117 0.012954 3.136898
v 0.185466 0.012509 3.203919
v 0.222595 0.013497 3.156594
v 0.188161 0.013946 3.092886
v 0.164406 -0.001982 3.493797
v 0.154889 0.006120 3.469176
v 0.201996 0.011366 3.389849
v 0.128849 0.049661 2.278186
v 0.134465 0.147978 2.287577
v 0.129216 0.080183 2.275995
v 0.140574 0.087815 2.295845
v 0.138378 0.101748 2.279023
v 0.133349 0.112506 2.287948
v 0.134904 0.129951 2.290555
v 0.152828 0.090344 2.316814
v 0.157982 0.132447 2.324012
v 0.145234 0.141870 2.289077
v 0.144696 0.134847 2.300501
v 0.145072 0.152891 2.297318
v 0.156732 0.161374 2.276332
v 0.160771 0.159179 2.317700
v 0.173612 0.175027 2.263006
v 0.177719 0.059522 2.385181
v 0.162889 0.171341 2.325515
v 0.186316 0.169477 2.298056
v 0.177882 0.184902 2.309064
v 0.201052 0.019314 2.441997
v 0.228705 0.024329 2.480884
v 0.252540 0.024498 2.539412
v 0.247424 0.019539 2.512137
v 0.237662 0.025631 2.681968
v 0.301065 0.025096 2.750319
v 0.293039 0.025292 2.605615
v 0.272727 0.019298 2.549776
v 0.334475 0.024363 2.670426
v 0.304000 0.025267 2.596207
v 0.326542 0.021848 2.636965
v 0.357356 0.031590 2.672775
v 0.353153 0.024009 2.690853
v 0.375646 0.023267 2.704903
v 0.431345 0.024650 2.793733
v 0.418229 0.028444 2.765931
v 0.240800 0.020141 3.036984
v 0.253956 0.014212 3.067549
v 0.268242 0.024162 2.851025
v 0.273985 0.021572 2.999234
v 0.282187 0.018661 3.074377
v 0.336166 0.024929 2.876610
v 0.388773 0.023497 2.987587
v 0.475126 0.024380 2.848364
v 0.366484 0.022009 2.959862
v 0.490487 0.024955 2.902792
v 0.245219 0.013498 3.296866
v 0.233684 0.012845 3.183457
v 0.227886 0.010778 3.356446
v 0.282961 0.013746 3.156635
v 0.376181 0.016073 3.174238
v 0.393550 0.015276 3.242227
v 0.343615 0.014565 3.336306
v 0.374024 0.016103 3.205511
v 0.423220 0.022781 3.089571
v 0.438209 0.018265 3.222207
v 0.400158 0.012567 3.212988
v 0.409122 0.014428 3.353284
v 0.495918 0.015055 3.280508
v 0.199147 -0.232103 3.536885
v 0.287747 -0.004049 3.636179
v 0.232701 0.011642 3.393368
v 0.240488 0.009621 3.489470
v 0.243804 0.006324 3.578486
v 0.227761 0.007111 3.383425
v 0.305005 -0.232103 3.656428
v 0.306469 0.012190 3.440998
v 0.346848 0.013265 3.575097
v 0.409368 0.015475 3.475887
v 0.418312 0.013063 3.498646
v 0.308715 0.005578 3.652668
v 0.396339 0.011166 3.590065
v 0.409029 0.015907 3.520318
v 0.417171 0.016402 3.579797
v 0.427687 0.013376 3.544840
v 0.462510 0.015467 3.552396
v 0.450138 -0.232104 3.801029
v 0.437793 -0.007884 3.788301
v 0.403021 0.010755 3.639519
v 0.406482 0.004912 3.747701
v 0.464917 0.007443 3.722794
v 0.202659 0.056701 2.431547
v 0.201774 0.186270 2.272278
v 0.183730 0.184948 2.361424
v 0.200693 0.168830 2.415869
v 0.212810 0.186971 2.281923
v 0.246652 0.063625 2.502699
v 0.219636 0.161725 2.451721
v 0.215892 0.183038 2.423831
v 0.242247 0.146406 2.493976
v 0.241767 0.184172 2.430306
v 0.245354 0.168337 2.469546
v 0.251456 0.166152 2.493919
v 0.269490 0.147567 2.533028
v 0.276765 0.163758 2.516856
v 0.279821 0.182867 2.468954
v 0.266367 0.179216 2.486551
v 0.285306 0.176861 2.495715
v 0.292054 0.167420 2.500942
v 0.291691 0.185188 2.259461
v 0.305116 0.184051 2.498273
v 0.302166 0.175555 2.510662
v 0.310904 0.186088 2.301398
v 0.336399 0.190256 2.384144
v 0.347729 0.192211 2.266079
v 0.318223 0.189460 2.284406
v 0.323693 0.185985 2.332788
v 0.391256 0.193895 2.246387
v 0.328642 0.186349 2.294922
v 0.334555 0.190462 2.310795
v 0.337008 0.192969 2.318912
v 0.339785 0.190447 2.343529
v 0.414465 0.194043 2.271325
v 0.390390 0.192127 2.291075
v 0.409639 0.193110 2.327895
v 0.349175 0.190549 2.366566
v 0.398728 0.193880 2.355834
v 0.355771 0.188567 2.395834
v 0.387807 0.194508 2.302692
v 0.434937 0.194790 2.380157
v 0.431466 0.189314 2.551081
v 0.351990 0.184338 2.539511
v 0.394751 0.190906 2.382739
v 0.398142 0.193994 2.392379
v 0.381653 0.192155 2.411865
v 0.391741 0.190766 2.400927
v 0.390689 0.189563 2.454819
v 0.411618 0.193551 2.431862
v 0.409035 0.194949 2.338014
v 0.400084 0.188481 2.475578
v 0.481993 0.196852 2.264286
v 0.500765 0.197585 2.282282
v 0.451948 0.193176 2.418285
v 0.429718 0.194374 2.464167
v 0.418702 0.192357 2.481053
v 0.494938 0.193115 2.472013
v 0.444591 0.186069 2.552620
v 0.447489 0.193485 2.254332
v 0.446763 0.195540 2.446949
v 0.430334 0.190297 2.392837
v 0.469993 0.192015 2.490731
v 0.426264 0.191099 2.505600
v 0.496739 0.197438 2.371682
v 0.532835 0.198494 2.425388
v 0.306942 0.132606 2.595935
v 0.305564 0.152865 2.562368
v 0.310864 0.168534 2.527225
v 0.321997 0.150700 2.607296
v 0.314781 0.161524 2.578714
v 0.319356 0.182073 2.537394
v 0.334239 0.128262 2.639047
v 0.338398 0.149994 2.607946
v 0.334133 0.177099 2.569678
v 0.345492 0.035514 2.677215
v 0.387655 0.071021 2.717413
v 0.372179 0.124596 2.692344
v 0.356989 0.137437 2.660165
v 0.345976 0.146568 2.628301
v 0.359256 0.143639 2.638388
v 0.352630 0.164132 2.576793
v 0.360265 0.157349 2.605874
v 0.361383 0.174756 2.559197
v 0.373766 0.159458 2.614689
v 0.377943 0.156520 2.672886
v 0.367815 0.156322 2.588976
v 0.375952 0.185019 2.554735
v 0.381457 0.175643 2.590401
v 0.392933 0.166780 2.618578
v 0.371816 0.152534 2.651985
v 0.384987 0.161023 2.637125
v 0.409430 0.114321 2.750599
v 0.406020 0.143003 2.731600
v 0.401408 0.156038 2.708948
v 0.398811 0.161868 2.648781
v 0.405116 0.183192 2.620945
v 0.447688 0.129174 2.797160
v 0.415012 0.174419 2.671906
v 0.423347 0.172395 2.724447
v 0.406747 0.179687 2.649652
v 0.461956 0.113900 2.822841
v 0.437207 0.151870 2.760945
v 0.435754 0.180853 2.682891
v 0.569607 0.027630 2.982430
v 0.484272 0.016229 3.292728
v 0.491913 0.019546 3.222394
v 0.633795 0.027575 3.051018
v 0.558387 0.017137 3.272820
v 0.547208 0.014950 3.394536
v 0.571297 0.018933 3.260651
v 0.571253 0.016280 3.325571
v 0.562879 0.016520 3.362828
v 0.618252 0.023208 3.158734
v 0.556395 0.019611 3.282454
v 0.602768 0.018630 3.292662
v 0.603148 0.016339 3.279601
v 0.607082 0.018906 3.321790
v 0.656347 0.021304 3.260106
v 0.631225 0.011935 3.332718
v 0.724758 0.029271 3.148161
v 0.677262 0.019691 3.275405
v 0.747010 0.028034 3.181653
v 0.684691 0.022677 3.289722
v 0.743422 0.022110 3.267376
v 0.706183 0.015157 3.370463
v 0.473225 0.015276 3.380660
v 0.456807 0.016657 3.509643
v 0.482093 0.014361 3.578938
v 0.476935 0.009017 3.555782
v 0.491048 0.016117 3.533697
v 0.512620 0.012103 3.566551
v 0.512159 0.011821 3.507653
v 0.539435 0.012719 3.546438
v 0.532934 0.008192 3.457946
v 0.543055 0.013246 3.498800
v 0.588973 0.011712 3.599341
v 0.593769 0.011237 3.456298
v 0.564868 0.013389 3.389818
v 0.592031 0.013953 3.377990
v 0.624746 0.013170 3.415938
v 0.612043 0.018005 3.350086
v 0.625618 0.008836 3.348693
v 0.671492 0.012736 3.501941
v 0.588081 -0.232103 3.916297
v 0.486003 0.002306 3.827278
v 0.580198 -0.002198 3.907181
v 0.538532 0.009516 3.657850
v 0.509554 0.005332 3.796420
v 0.506722 0.005097 3.832967
v 0.567124 0.004896 3.882136
v 0.612053 0.007211 3.724588
v 0.663483 0.005239 3.800931
v 0.670231 0.003776 3.876960
v 0.751398 0.007143 3.713999
v 0.808740 0.003732 3.880805
v 0.736149 -0.001214 4.024881
v 0.632347 0.006298 3.916657
v 0.658893 0.005859 3.962993
v 0.729922 0.002584 3.960130
v 0.695374 0.009258 3.976375
v 0.511913 0.193614 2.508192
v 0.581633 0.197822 2.245368
v 0.480397 0.196488 2.352465
v 0.468858 0.195454 2.403507
v 0.490227 0.193416 2.436198
v 0.561092 0.196145 2.452994
v 0.680199 0.199215 2.289557
v 0.654800 0.201225 2.297817
v 0.540824 0.197832 2.390974
v 0.561654 0.199368 2.442814
v 0.566123 0.195889 2.307753
v 0.530743 0.195957 2.380541
v 0.513058 0.195846 2.499539
v 0.573629 0.197426 2.361414
v 0.519885 0.194718 2.399103
v 0.549932 0.198682 2.407357
v 0.537238 0.198532 2.335471
v 0.560662 0.197382 2.344183
v 0.574965 0.195838 2.271242
v 0.654576 0.201108 2.417129
v 0.620505 0.196868 2.253931
v 0.672634 0.202192 2.316723
v 0.667333 0.204866 2.462989
v 0.631960 0.199848 2.326013
v 0.649144 0.200578 2.398960
v 0.665547 0.201741 2.490283
v 0.686874 0.202602 2.281578
v 0.652357 0.202673 2.335557
v 0.649271 0.202915 2.353461
v 0.753688 0.206342 2.373458
v 0.630902 0.200838 2.435160
v 0.632532 0.200936 2.452905
v 0.655702 0.201605 2.471818
v 0.649660 0.200435 2.508584
v 0.743266 0.206169 2.391578
v 0.692492 0.204822 2.409588
v 0.691176 0.205515 2.445459
v 0.734598 0.203098 2.264055
v 0.692493 0.205057 2.481465
v 0.668803 0.204637 2.498979
v 0.715159 0.205665 2.427056
v 0.669135 0.200526 2.309399
v 0.707962 0.201740 2.381424
v 0.784971 0.203312 2.416997
v 0.461916 0.160615 2.780417
v 0.462846 0.171901 2.751429
v 0.483230 0.188881 2.616373
v 0.484650 0.190493 2.588620
v 0.499893 0.167841 2.786788
v 0.528305 0.181584 2.699393
v 0.522295 0.186518 2.654652
v 0.539696 0.179239 2.691591
v 0.602761 0.195006 2.592240
v 0.518411 0.164154 2.814649
v 0.674087 0.204074 2.518663
v 0.599425 0.169426 2.780871
v 0.579202 0.177022 2.733549
v 0.571316 0.166074 2.810495
v 0.643965 0.165901 2.819531
v 0.617399 0.184838 2.682022
v 0.665274 0.179471 2.735415
v 0.662251 0.168956 2.790714
v 0.503564 0.029663 2.883936
v 0.482707 0.104385 2.853375
v 0.475669 0.142365 2.812865
v 0.487758 0.132812 2.842381
v 0.503868 0.112852 2.878083
v 0.504821 0.137595 2.842706
v 0.509411 0.099845 2.887068
v 0.525153 0.108904 2.888936
v 0.516913 0.128257 2.848304
v 0.554099 0.029106 2.948129
v 0.522812 0.105920 2.906346
v 0.527145 0.142269 2.840332
v 0.535817 0.128001 2.874771
v 0.546413 0.150607 2.830337
v 0.591411 0.059003 2.992774
v 0.555308 0.132670 2.885577
v 0.542883 0.122648 2.904292
v 0.561517 0.120104 2.922124
v 0.574682 0.114413 2.971886
v 0.540971 0.138144 2.858261
v 0.543683 0.136380 2.878588
v 0.567407 0.152867 2.859044
v 0.579596 0.146256 2.866378
v 0.589241 0.160815 2.843469
v 0.602803 0.040458 3.003459
v 0.570535 0.134723 2.908728
v 0.576671 0.127376 2.938845
v 0.595968 0.148628 2.877445
v 0.595393 0.151067 2.895198
v 0.642373 0.031508 3.050037
v 0.595137 0.114085 2.990182
v 0.612814 0.099089 3.016961
v 0.594650 0.130983 2.935315
v 0.599266 0.142125 2.915070
v 0.591502 0.129009 2.953534
v 0.607057 0.131672 2.988859
v 0.599513 0.158808 2.866625
v 0.624470 0.069809 3.029104
v 0.613375 0.115415 3.010311
v 0.614184 0.146637 2.926588
v 0.615242 0.138237 2.958465
v 0.627685 0.158912 2.873337
v 0.618062 0.153450 2.892951
v 0.635546 0.101225 3.031359
v 0.626692 0.120339 3.015599
v 0.631202 0.130666 2.989133
v 0.624408 0.152109 2.919657
v 0.653957 0.159660 2.844576
v 0.698083 0.155900 2.912208
v 0.650718 0.079731 3.057346
v 0.644956 0.114261 3.013658
v 0.679245 0.146059 2.958868
v 0.658082 0.131162 2.981171
v 0.659762 0.109724 3.058226
v 0.665316 0.117715 3.033323
v 0.678454 0.119933 3.048074
v 0.673353 0.104617 3.070735
v 0.681649 0.125381 3.014938
v 0.696590 0.135883 2.988716
v 0.700049 0.156091 2.898287
v 0.747476 0.165975 2.837676
v 0.692232 0.126105 3.004099
v 0.696408 0.125996 3.022787
v 0.713954 0.133316 3.025288
v 0.713386 0.146021 2.964785
v 0.678799 0.087447 3.083665
v 0.712626 0.036406 3.125666
v 0.698289 0.082802 3.109804
v 0.702225 0.109607 3.096154
v 0.705521 0.122725 3.078377
v 0.763302 0.023896 3.194432
v 0.770427 0.028236 3.188079
v 0.812047 0.023137 3.239491
v 0.834276 0.020645 3.352538
v 0.804974 0.027278 3.220381
v 0.828011 0.025799 3.243209
v 0.852594 0.022320 3.272071
v 0.900626 0.019788 3.329988
v 0.901302 0.023891 3.320117
v 0.941810 0.021202 3.346932
v 0.764587 0.012662 3.527384
v 0.832210 0.016709 3.417487
v 0.897606 0.008609 3.663928
v 0.953230 0.017143 3.374512
v 0.969367 0.016043 3.434937
v 0.903033 0.033530 3.312659
v 0.981023 0.013744 3.486607
v 0.772844 0.004407 3.795562
v 0.863281 0.004529 3.805816
v 0.940679 0.007241 3.866220
v 0.935804 0.006576 3.759948
v 0.728399 0.007730 4.010685
v 0.747406 0.009019 4.012467
v 0.791932 -0.232103 4.065534
v 0.885409 0.001250 4.127971
v 0.784606 0.003049 3.998857
v 0.846698 0.010657 4.093832
v 0.851028 0.004485 4.033323
v 0.868521 0.004705 4.010989
v 0.934757 -0.232067 4.163244
v 0.898992 0.006547 3.952096
v 0.932150 0.004363 4.087150
v 0.890519 0.009963 4.106778
v 0.943663 0.005536 4.040763
v 0.909289 0.008518 4.137685
v 0.960281 0.009099 4.139222
v 1.041967 0.008785 3.917714
v 1.008889 0.006090 4.094468
v 0.990338 0.002390 4.196194
v 0.946214 0.002966 4.167610
v 0.983248 0.010228 4.167573
v 0.856301 0.203928 2.273252
v 0.938603 0.208726 2.337095
v 0.772986 0.202114 2.255306
v 0.970503 0.209370 2.302092
v 0.958731 0.209027 2.318904
v 0.862298 0.204180 2.363578
v 0.828100 0.204173 2.398226
v 0.850416 0.205826 2.245163
v 0.790212 0.202031 2.236940
v 0.835577 0.203658 2.381653
v 0.906440 0.204800 2.454080
v 0.843353 0.202226 2.509736
v 0.892395 0.204821 2.345793
v 0.914660 0.208284 2.355317
v 0.834136 0.206505 2.391361
v 0.834501 0.204430 2.480527
v 0.963018 0.206314 2.310735
v 0.854388 0.206297 2.408993
v 0.946653 0.205585 2.436118
v 0.933896 0.207203 2.464866
v 0.843246 0.204105 2.499752
v 0.929946 0.205512 2.254959
v 0.941108 0.208685 2.265046
v 0.964679 0.209385 2.283933
v 0.965639 0.206665 2.329363
v 0.944474 0.208907 2.374137
v 0.922961 0.208190 2.427511
v 0.916201 0.207402 2.447111
v 0.921713 0.206298 2.418409
v 0.930260 0.204142 2.491064
v 0.919787 0.203760 2.473188
v 0.948008 0.209558 2.392637
v 0.934031 0.206695 2.401207
v 0.948497 0.207543 2.483636
v 0.996977 0.206745 2.294169
v 0.943939 0.207284 2.499883
v 0.936471 0.206520 2.383759
v 0.941712 0.204560 2.509972
v 0.972491 0.206964 2.274972
v 0.964397 0.208749 2.411242
v 1.070580 0.209943 2.253763
v 0.985645 0.207780 2.362778
v 0.801998 0.176806 2.773433
v 0.806846 0.204390 2.537743
v 0.887495 0.206420 2.526296
v 0.985929 0.197563 2.630268
v 0.708278 0.141244 2.992115
v 0.708314 0.122877 3.054615
v 0.757800 0.144673 2.968248
v 0.721261 0.135256 3.046091
v 0.752116 0.147077 2.976004
v 0.761553 0.125721 3.114103
v 0.858285 0.134542 3.062970
v 0.852718 0.132410 3.077718
v 0.924307 0.147785 2.983212
v 1.069550 0.168002 2.837904
v 0.716913 0.054338 3.130658
v 0.723333 0.088359 3.122853
v 0.715171 0.120101 3.114640
v 0.733857 0.093522 3.134921
v 0.727757 0.128598 3.092491
v 0.745372 0.036262 3.161640
v 0.740033 0.068853 3.156154
v 0.760749 0.104491 3.170052
v 0.743780 0.107825 3.133905
v 0.774124 0.064510 3.182931
v 0.764889 0.117900 3.126706
v 0.779656 0.094716 3.179805
v 0.779227 0.109096 3.149096
v 0.786972 0.110309 3.162983
v 0.789434 0.033333 3.200571
v 0.788681 0.061115 3.202093
v 0.812957 0.067650 3.214625
v 0.791825 0.094211 3.197404
v 0.793759 0.104888 3.178725
v 0.801015 0.121615 3.147820
v 0.804623 0.110598 3.160696
v 0.819242 0.098317 3.205159
v 0.819847 0.118092 3.164136
v 0.813720 0.110373 3.191138
v 0.841921 0.127580 3.115035
v 0.826919 0.033965 3.229288
v 0.832419 0.057224 3.233467
v 0.834271 0.069369 3.224742
v 0.821475 0.099224 3.215649
v 0.845319 0.090399 3.241816
v 0.840859 0.114031 3.185040
v 0.839519 0.107037 3.237204
v 0.850431 0.043055 3.257866
v 0.842571 0.069073 3.246449
v 0.881917 0.113270 3.198163
v 0.865627 0.056560 3.276042
v 0.860520 0.072591 3.268181
v 0.873944 0.082715 3.270004
v 0.866397 0.102172 3.246631
v 0.884737 0.060638 3.292572
v 0.877218 0.065238 3.277736
v 0.874468 0.101421 3.268472
v 0.888590 0.097221 3.287038
v 0.908961 0.122167 3.123094
v 0.947100 0.117198 3.175102
v 0.898248 0.057468 3.304469
v 0.899271 0.088489 3.293793
v 0.904553 0.080937 3.309186
v 0.916176 0.061786 3.319552
v 0.915073 0.096468 3.289838
v 0.947543 0.122283 3.143683
v 0.956029 0.049976 3.354440
v 0.926009 0.092467 3.312364
v 0.934829 0.082524 3.330045
v 0.957496 0.090320 3.331733
v 0.972950 0.098237 3.287181
v 1.008467 0.106849 3.215942
v 1.033401 0.106468 3.230680
v 0.948440 0.080560 3.338143
v 0.956407 0.084443 3.352119
v 0.977021 0.077997 3.370533
v 1.028961 0.064670 3.414149
v 1.001568 0.019139 3.395199
v 1.039775 0.014589 3.433796
v 1.086661 0.012353 3.531541
v 1.083522 0.014762 3.478726
v 1.111640 0.019197 3.476975
v 1.104088 0.008968 3.662152
v 1.120508 0.012822 3.495458
v 1.130208 0.012437 3.543379
v 1.183890 0.015176 3.527451
v 1.115577 0.058942 3.476957
v 1.187313 0.010632 3.564298
v 1.187453 0.050403 3.523869
v 1.198583 0.039610 3.534256
v 1.203346 0.021268 3.541086
v 1.196736 0.018884 3.553441
v 1.221542 0.011583 3.571414
v 1.253187 0.013820 3.575945
v 1.230460 0.010575 3.612511
v 1.069415 0.006856 3.761289
v 1.149300 0.006773 3.856438
v 1.217420 0.011367 3.668842
v 1.197616 0.007075 3.713053
v 1.214964 0.006773 3.793314
v 1.225974 0.007594 3.672395
v 1.226267 0.003737 3.708166
v 1.237543 0.009411 3.723241
v 1.217676 0.006525 3.914181
v 1.012507 0.007141 4.148442
v 1.105569 0.008208 3.938066
v 1.094712 0.007223 4.039538
v 1.133739 0.012345 4.130156
v 1.157173 0.007484 4.030941
v 1.121233 0.008920 4.188424
v 1.263502 0.017120 4.147846
v 1.264466 0.008706 4.006052
v 1.041154 -0.004121 4.229393
v 1.010139 0.006937 4.192019
v 1.055182 -0.230513 4.239586
v 1.105082 0.006958 4.251676
v 1.082764 0.006491 4.212207
v 1.191402 -0.227755 4.319583
v 1.131466 -0.012722 4.282919
v 1.125368 0.005297 4.200480
v 1.141295 0.004818 4.267340
v 1.146705 0.010541 4.224454
v 1.156299 0.015321 4.183213
v 1.263560 0.001805 4.358056
v 1.163102 -0.008073 4.301057
v 1.190634 0.014120 4.252983
v 1.192259 0.010816 4.280732
v 1.172847 0.015010 4.189534
v 1.197947 -0.001491 4.320570
v 1.217714 0.017399 4.223120
v 1.217387 0.015886 4.271502
v 1.240857 0.018498 4.288415
v 1.239063 0.015532 4.323495
v 1.246680 0.014670 4.254233
v 1.277648 0.022502 4.245433
v 1.045153 0.205750 2.351442
v 1.044302 0.205213 2.369178
v 1.132610 0.206762 2.398015
v 1.077492 0.204334 2.405870
v 1.150055 0.203914 2.424856
v 1.032850 0.208058 2.262912
v 1.187611 0.207009 2.380358
v 1.126708 0.203505 2.442683
v 1.145501 0.202022 2.479554
v 1.154484 0.205626 2.453046
v 1.110826 0.207801 2.343792
v 1.207705 0.204618 2.391135
v 1.107969 0.208505 2.271595
v 1.126548 0.201563 2.497167
v 1.145497 0.205727 2.244525
v 1.121918 0.207778 2.288748
v 1.267245 0.203117 2.318290
v 1.195430 0.206912 2.362362
v 1.168996 0.206671 2.434312
v 1.184211 0.205905 2.472036
v 1.141600 0.204550 2.507067
v 1.193715 0.203849 2.461422
v 1.363884 0.204697 2.328362
v 1.143683 0.206433 2.415446
v 1.145717 0.204916 2.488534
v 1.177686 0.204067 2.262948
v 1.233540 0.202657 2.280638
v 1.194445 0.203337 2.403013
v 1.194450 0.206651 2.308281
v 1.343588 0.202506 2.335827
v 1.286785 0.205943 2.498750
v 1.302226 0.202818 2.235951
v 1.255575 0.204213 2.254361
v 1.255716 0.208363 2.453206
v 1.338551 0.199804 2.245849
v 1.388284 0.204473 2.446227
v 1.278750 0.206592 2.345482
v 1.266740 0.207424 2.398517
v 1.098206 0.203888 2.517980
v 1.098818 0.203080 2.566006
v 1.083758 0.190351 2.676619
v 1.183883 0.178259 2.769638
v 1.158192 0.201906 2.516104
v 1.158312 0.204646 2.526496
v 1.235142 0.192349 2.660804
v 1.228307 0.208246 2.528765
v 1.024886 0.136336 3.049370
v 1.176140 0.127049 3.113252
v 1.032628 0.077497 3.404942
v 1.095265 0.095018 3.292161
v 1.118507 0.090767 3.303744
v 1.170501 0.089488 3.331340
v 1.188091 0.083539 3.361115
v 1.077116 0.071244 3.441981
v 1.187915 0.058740 3.512194
v 1.255397 0.062614 3.486756
v 1.339169 0.066478 3.473916
v 1.239424 0.048554 3.558150
v 1.219689 0.054746 3.536817
v 1.225441 0.079124 3.381102
v 1.270102 0.034873 3.581738
v 1.316372 0.010855 3.616806
v 1.302984 0.011450 3.783377
v 1.342745 0.012264 3.783001
v 1.363431 0.012729 3.643137
v 1.316455 0.040529 3.603851
v 1.402448 0.013193 3.692426
v 1.399357 0.016364 3.658275
v 1.402879 0.029769 3.657744
v 1.427310 0.014306 3.678902
v 1.468410 0.016983 3.778824
v 1.452156 0.029612 3.676284
v 1.465654 0.016254 3.698457
v 1.482697 0.019518 3.843615
v 1.568478 0.021495 3.747751
v 1.487010 0.023422 3.695226
v 1.506614 0.020326 3.715989
v 1.555969 0.021356 3.842374
v 1.306227 0.010947 3.914751
v 1.335837 0.013804 4.039783
v 1.354340 0.019164 4.142837
v 1.365476 0.013479 3.984061
v 1.370064 0.015006 4.060070
v 1.451428 0.017556 4.020187
v 1.457634 0.017886 4.112540
v 1.508758 0.019905 3.966686
v 1.504231 0.018045 3.994140
v 1.509515 0.018028 4.146761
v 1.531852 0.018203 4.063578
v 1.366903 -0.225284 4.413648
v 1.315190 -0.007823 4.384837
v 1.267007 0.011175 4.260765
v 1.289751 0.011878 4.313917
v 1.292963 0.005331 4.281345
v 1.338935 0.022355 4.184989
v 1.312691 0.025986 4.270450
v 1.312231 0.004433 4.370328
v 1.324810 0.008992 4.295090
v 1.326536 0.022241 4.291189
v 1.330302 0.014392 4.336257
v 1.318959 0.011785 4.350631
v 1.339479 0.009501 4.312741
v 1.362802 -0.001488 4.409176
v 1.347933 0.011699 4.331797
v 1.357549 0.014754 4.376415
v 1.349470 0.027926 4.296635
v 1.397866 0.029096 4.349154
v 1.430193 0.028622 4.280454
v 1.373608 0.011226 4.355792
v 1.382958 0.004255 4.405090
v 1.405200 0.004579 4.393744
v 1.408271 0.011206 4.380669
v 1.473625 0.031605 4.376444
v 1.412454 0.025664 4.376608
v 1.439240 0.014446 4.393050
v 1.449913 0.030355 4.384753
v 1.523166 0.028499 4.321331
v 1.515504 0.029820 4.410987
v 1.395992 0.002172 4.426416
v 1.433002 -0.010641 4.444440
v 1.426919 0.000795 4.433196
v 1.498138 -0.225224 4.476750
v 1.471920 -0.006247 4.462755
v 1.469159 0.006252 4.437338
v 1.473196 0.022298 4.408852
v 1.489564 0.008431 4.453557
v 1.569356 -0.226075 4.509248
v 1.500855 0.011725 4.438933
v 1.536279 -0.005997 4.493456
v 1.538744 0.010889 4.466257
v 1.534815 0.004030 4.483594
v 1.347251 0.201440 2.300140
v 1.394343 0.203311 2.372889
v 1.322078 0.208301 2.472346
v 1.312244 0.205664 2.481022
v 1.317943 0.209214 2.507577
v 1.291626 0.208828 2.489066
v 1.389410 0.200378 2.265153
v 1.316967 0.208061 2.417492
v 1.397245 0.203117 2.274759
v 1.333799 0.204199 2.408320
v 1.431594 0.203997 2.426891
v 1.327690 0.205778 2.499018
v 1.390885 0.203943 2.309878
v 1.398767 0.200941 2.319408
v 1.563787 0.206740 2.440184
v 1.327664 0.208228 2.490192
v 1.445926 0.204738 2.482858
v 1.391919 0.202654 2.355262
v 1.623961 0.203491 2.396678
v 1.432862 0.204699 2.464771
v 1.412581 0.205510 2.364904
v 1.441302 0.207013 2.455254
v 1.529140 0.203798 2.295921
v 1.402530 0.206722 2.418108
v 1.421144 0.205167 2.347257
v 1.429394 0.204192 2.411151
v 1.511676 0.202409 2.240853
v 1.586500 0.205864 2.386632
v 1.690874 0.202585 2.261477
v 1.609203 0.200600 2.288672
v 1.583207 0.201385 2.306178
v 1.647557 0.204600 2.315506
v 1.580061 0.204734 2.467550
v 1.491349 0.204770 2.502968
v 1.673954 0.206901 2.405698
v 1.494663 0.206522 2.420494
v 1.522422 0.200597 2.251101
v 1.525068 0.202833 2.339976
v 1.637700 0.204314 2.432259
v 1.644454 0.207348 2.457880
v 1.523089 0.207352 2.476431
v 1.646129 0.200072 2.269609
v 1.613894 0.203311 2.378021
v 1.669268 0.205285 2.485559
v 1.367771 0.207366 2.522750
v 1.343329 0.205784 2.516422
v 1.378775 0.169133 2.834974
v 1.381653 0.187087 2.690529
v 1.458221 0.204289 2.522206
v 1.464268 0.186180 2.705949
v 1.577666 0.207845 2.512109
v 1.375910 0.147759 2.991633
v 1.537802 0.128845 3.159303
v 1.542697 0.167483 2.876616
v 1.445685 0.106452 3.283681
v 1.286041 0.047313 3.573854
v 1.352925 0.063248 3.468953
v 1.386223 0.077379 3.416386
v 1.374166 0.065424 3.475091
v 1.346711 0.054819 3.529552
v 1.435090 0.046500 3.599429
v 1.427894 0.060848 3.524696
v 1.417737 0.068794 3.482885
v 1.419237 0.060206 3.509006
v 1.444039 0.076318 3.444358
v 1.499547 0.062917 3.539896
v 1.551246 0.058217 3.589354
v 1.542829 0.056206 3.573594
v 1.563681 0.110290 3.303277
v 1.422089 0.035451 3.658650
v 1.481116 0.041119 3.648108
v 1.488824 0.035991 3.687720
v 1.501663 0.033617 3.706765
v 1.540758 0.024845 3.722453
v 1.624533 0.021935 3.793111
v 1.627796 0.023632 3.771618
v 1.690451 0.024948 3.868872
v 1.721271 0.025601 3.810643
v 1.742430 0.023658 3.828542
v 1.740532 0.027936 3.812197
v 1.817365 0.024913 3.859653
v 1.785502 0.025047 3.891925
v 1.569828 0.021249 4.026189
v 1.576413 0.017780 4.059594
v 1.680400 0.025919 3.897800
v 1.575558 0.017821 4.176022
v 1.692667 0.022483 4.017964
v 1.688186 0.019470 4.117187
v 1.685741 0.017925 4.138943
v 1.738939 0.025943 3.914853
v 1.754633 0.020668 4.138155
v 1.825237 0.022833 4.073948
v 1.597655 0.026533 4.376153
v 1.617545 0.023932 4.419167
v 1.568457 0.023327 4.278742
v 1.680531 0.018017 4.220322
v 1.628854 0.020905 4.278355
v 1.711236 0.019000 4.329786
v 1.729846 0.016131 4.457641
v 1.768121 0.019070 4.158509
v 1.761615 0.016811 4.261071
v 1.555336 0.010173 4.459027
v 1.575807 0.022959 4.445541
v 1.558412 0.009483 4.497426
v 1.596797 -0.006871 4.517101
v 1.570004 0.018289 4.480182
v 1.583906 0.010938 4.457130
v 1.608845 0.002692 4.510290
v 1.606076 0.018561 4.446591
v 1.600459 0.010778 4.489272
v 1.773633 -0.230646 4.581851
v 1.624267 0.008539 4.464760
v 1.640718 0.010353 4.492065
v 1.643030 0.005400 4.524067
v 1.659414 0.016442 4.467040
v 1.662896 -0.002128 4.540591
v 1.648742 0.004216 4.479465
v 1.672554 0.013057 4.527072
v 1.715930 0.010341 4.557901
v 1.722182 0.008906 4.528159
v 1.752190 -0.008662 4.572524
v 1.733689 0.012205 4.520855
v 1.738890 0.002657 4.537446
v 1.768534 0.004240 4.557972
v 1.784458 0.010911 4.549613
v 1.803112 -0.015645 4.587415
v 1.805041 0.014640 4.439936
v 1.580817 0.202110 2.323514
v 1.621366 0.207914 2.493962
v 1.693384 0.202329 2.277267
v 1.693890 0.204232 2.413801
v 1.630171 0.204744 2.332314
v 1.640935 0.204835 2.351440
v 1.665950 0.206817 2.422298
v 1.609242 0.202605 2.297162
v 1.681116 0.202070 2.360441
v 1.702060 0.205071 2.374747
v 1.638913 0.201341 2.342509
v 1.677683 0.200747 2.241518
v 1.650421 0.207504 2.476087
v 1.692849 0.206608 2.503549
v 1.655499 0.204673 2.448628
v 1.663189 0.199215 2.251443
v 1.692071 0.202852 2.324474
v 1.705958 0.206501 2.466260
v 1.698307 0.202464 2.295974
v 1.717047 0.207199 2.351535
v 1.707180 0.206747 2.389930
v 1.703780 0.207307 2.436028
v 1.722036 0.206342 2.449440
v 1.763265 0.202644 2.252831
v 1.732518 0.204454 2.305283
v 1.829121 0.208397 2.332496
v 1.721613 0.207993 2.368007
v 1.749825 0.209719 2.404176
v 1.878567 0.208360 2.412464
v 1.718923 0.210197 2.458234
v 1.732286 0.210162 2.494461
v 1.756768 0.205427 2.241507
v 1.828585 0.204598 2.268953
v 1.860038 0.205009 2.286983
v 1.811237 0.207102 2.278077
v 1.792979 0.207051 2.295750
v 1.753735 0.205270 2.359175
v 1.867064 0.207162 2.395956
v 1.855925 0.209533 2.419491
v 1.747268 0.207612 2.485127
v 1.792937 0.209851 2.475179
v 1.780315 0.201993 2.232394
v 1.801347 0.206893 2.260682
v 1.779086 0.207324 2.314608
v 1.856737 0.205397 2.323806
v 1.777248 0.204843 2.341107
v 1.847010 0.209557 2.386757
v 1.817623 0.209787 2.438899
v 1.772343 0.209555 2.459677
v 1.751880 0.207099 2.502314
v 1.624426 0.199870 2.606063
v 1.689628 0.207949 2.531219
v 1.685975 0.169306 2.841436
v 1.696347 0.206841 2.520227
v 1.696522 0.180259 2.783245
v 1.703058 0.204618 2.566818
v 1.718494 0.210621 2.511809
v 1.807228 0.209908 2.530565
v 1.872323 0.192446 2.692395
v 1.802447 0.209379 2.507967
v 1.808472 0.207762 2.521105
v 1.607947 0.158528 2.943693
v 1.660643 0.139971 3.106470
v 1.673392 0.162388 2.922276
v 1.678218 0.144873 3.051639
v 1.694742 0.165874 2.898805
v 1.728755 0.146518 3.075094
v 1.846941 0.153988 3.038181
v 1.827598 0.170839 2.881980
v 1.669045 0.106266 3.355909
v 1.653564 0.094913 3.421944
v 1.673234 0.129421 3.185845
v 1.679925 0.119747 3.273201
v 1.734598 0.114413 3.317913
v 1.810035 0.129771 3.237629
v 1.559835 0.070407 3.524742
v 1.585709 0.082906 3.468963
v 1.581909 0.058676 3.590697
v 1.653078 0.058815 3.617361
v 1.671733 0.079066 3.515494
v 1.662484 0.087351 3.455117
v 1.821709 0.078465 3.578526
v 1.848529 0.113445 3.368410
v 1.555830 0.035776 3.727681
v 1.600905 0.035270 3.746694
v 1.648311 0.053874 3.625987
v 1.715142 0.055792 3.668737
v 1.721495 0.037268 3.804251
v 1.769103 0.053541 3.678397
v 1.745110 0.040267 3.792670
v 1.784070 0.059459 3.675264
v 1.753772 0.039862 3.813053
v 1.792014 0.027039 3.833034
v 1.814030 0.046298 3.762333
v 2.100426 0.177867 -0.004894
v 2.185629 0.186956 0.187771
v 2.175971 0.181872 0.009843
v 1.884853 0.195826 0.538839
v 2.114977 0.193823 0.537641
v 1.862321 0.207160 1.093455
v 1.909763 0.208688 1.101169
v 2.000285 0.206686 1.096622
v 2.164593 0.203695 0.966096
v 2.077579 0.206864 1.085682
v 1.935681 0.209213 1.184192
v 1.976981 0.216298 1.616328
v 1.946435 0.218255 1.741999
v 2.155022 0.215032 1.488910
v 1.898866 0.218360 1.875515
v 2.048819 0.219442 1.954602
v 1.813767 0.207448 2.224557
v 1.838843 0.209164 2.130952
v 1.885909 0.208971 2.083480
v 1.916555 0.210930 2.069320
v 2.012958 0.210923 2.225376
v 1.958757 0.208152 2.102500
v 2.000409 0.210813 2.156491
v 2.093153 0.211977 2.127556
v 2.080417 0.206805 2.182788
v 2.208035 0.179206 -0.003892
v 2.348258 0.178605 -0.001657
v 2.390268 0.191205 0.359728
v 2.380982 0.195054 0.599564
v 2.113006 0.198757 0.700005
v 2.294294 0.201435 0.768767
v 2.144035 0.206087 1.094309
v 2.210421 0.204713 1.093801
v 2.302896 0.207727 1.085825
v 2.254495 0.208267 1.102769
v 2.393022 0.204138 1.027857
v 2.147051 0.210149 1.326205
v 2.377645 0.208946 1.307358
v 2.124843 0.220014 1.887989
v 2.432534 0.213607 1.580157
v 2.339057 0.215513 1.733435
v 2.392150 0.218286 1.927943
v 2.166610 0.206808 2.237392
v 2.152514 0.207991 2.228891
v 2.205359 0.215938 2.108080
v 2.231174 0.210667 2.227288
v 2.376779 0.211416 2.238930
v 2.436010 0.216666 2.105045
v 2.552288 0.182654 0.011621
v 2.468842 0.179441 -0.004131
v 2.592920 0.186071 0.160187
v 2.691273 0.189590 0.346506
v 2.822971 0.192320 0.597071
v 2.523910 0.200089 0.882321
v 2.575579 0.202424 1.095739
v 2.477427 0.205944 1.104980
v 2.533848 0.209151 1.445481
v 2.657093 0.202245 1.104033
v 2.642401 0.215562 1.931051
v 2.499119 0.213114 2.240824
v 2.560823 0.214980 2.236933
v 2.692083 0.215419 2.202338
v 2.623193 0.178313 0.001098
v 2.775480 0.183207 0.010522
v 2.816459 0.180135 -0.003510
v 2.876463 0.188115 0.333915
v 2.794787 0.198298 0.931810
v 2.714757 0.198371 1.096616
v 2.727972 0.201442 1.087970
v 2.747778 0.200991 1.100388
v 2.792266 0.200328 1.086567
v 2.779261 0.197394 1.096255
v 2.725610 0.209395 1.520664
v 2.876838 0.199122 1.103738
v 3.004659 0.208253 1.744538
v 3.048772 0.210129 1.901761
v 3.040862 0.212015 2.071215
v 2.677220 0.214930 2.244109
v 2.900198 0.214507 2.157803
v 2.792104 0.214655 2.242831
v 2.957891 0.184754 0.090172
v 2.953847 0.181987 0.013090
v 2.989857 0.178706 -0.000345
v 3.076421 0.192985 0.532643
v 3.119344 0.184343 0.014872
v 3.085500 0.187364 0.163155
v 3.116966 0.180103 -0.004666
v 3.087307 0.189681 0.377248
v 3.086118 0.192320 0.533130
v 3.073275 0.195068 0.743760
v 3.079697 0.191596 0.708057
v 3.077924 0.195098 0.871276
v 3.086780 0.195597 0.764651
v 3.076755 0.197923 1.086545
v 3.100776 0.194396 1.095862
v 3.065702 0.197602 1.015489
v 3.053574 0.205997 1.580218
v 3.073674 0.198012 1.103727
v 3.061868 0.199425 1.188048
v 3.068869 0.196470 1.224821
v 3.064966 0.200219 1.409414
v 3.073435 0.202329 1.385354
v 3.125241 0.198133 1.201962
v 3.151104 0.201080 1.414986
v 3.074671 0.204791 1.532919
v 3.057929 0.206120 1.762920
v 3.061532 0.208578 1.832996
v 3.241609 0.205703 1.962856
v 2.912618 0.215572 2.240087
v 2.967945 0.216474 2.244736
v 3.043566 0.214211 2.243176
v 3.048375 0.208941 2.132414
v 3.057950 0.211262 2.095551
v 3.198627 0.209159 2.244039
v 3.156075 0.189606 0.241967
v 3.296238 0.184099 0.008717
v 3.310032 0.187520 0.081763
v 3.414115 0.188636 0.079762
v 3.451013 0.194960 0.521294
v 3.403848 0.196063 0.927810
v 3.213417 0.196482 1.095654
v 3.427619 0.196604 1.086028
v 3.410259 0.196217 1.104977
v 3.345462 0.196121 1.139569
v 3.382569 0.197350 1.338946
v 3.372086 0.192630 1.096404
v 3.284947 0.203533 1.821336
v 3.556822 0.195554 1.642940
v 3.402103 0.204227 2.245282
v 3.617107 0.197403 2.251306
v 3.484006 0.185420 0.008952
v 3.509759 0.178421 0.000043
v 3.566331 0.188568 0.088712
v 3.538984 0.196118 0.401374
v 3.574936 0.184013 0.011163
v 3.577123 0.175482 -0.003115
v 3.600968 0.180207 -0.005342
v 3.566687 0.196474 0.528919
v 3.598886 0.194234 0.636602
v 3.711130 0.193919 0.756551
v 3.754289 0.194136 1.093278
v 3.430907 0.192033 1.096086
v 3.746620 0.192501 1.345657
v 3.587914 0.190293 1.096348
v 3.618864 0.194936 1.106554
v 3.730131 0.192496 1.515507
v 3.610305 0.197260 2.040997
v 3.832998 0.185787 0.098115
v 3.849625 0.185417 0.002133
v 3.771044 0.194467 0.516971
v 3.944889 0.191849 0.451878
v 3.892304 0.195519 0.653807
v 3.915030 0.195002 0.780014
v 3.903964 0.195058 0.899734
v 3.755958 0.192963 1.096737
v 3.963564 0.191058 1.089187
v 3.812845 0.193869 1.104638
v 3.973670 0.190852 1.103935
v 3.949958 0.189599 1.260333
v 4.006299 0.186850 1.096137
v 3.914510 0.186941 1.733916
v 3.946987 0.187983 1.527575
v 3.702579 0.192644 1.901763
v 3.847919 0.189111 2.258494
v 3.970685 0.183859 1.934025
v 3.957514 0.186881 -0.005270
v 4.005363 0.187731 0.184201
v 4.005099 0.187081 -0.005189
v 4.005660 0.189799 0.331393
v 3.961922 0.194804 0.583882
v 3.980289 0.190909 0.978942
v 3.993070 0.185427 1.390677
v 4.006217 0.185744 1.218355
v 4.000124 0.183490 1.570894
v 4.005989 0.181735 1.826971
v 4.005854 0.180590 1.728923
v 4.006048 0.179348 1.970066
v 3.991360 0.181707 2.090578
v 4.006713 0.179620 2.197611
v 4.005761 0.178409 2.208920
v 1.884226 0.024318 4.075006
v 1.873989 0.020368 4.207316
v 1.858840 0.022619 4.107607
v 1.853552 0.019662 4.085585
v 2.024866 0.027759 3.968812
v 1.964019 0.024169 4.115724
v 2.006268 0.026844 4.055499
v 2.028884 0.027875 3.919379
v 1.888278 0.017035 4.347331
v 1.910027 0.015700 4.417032
v 1.959098 0.023780 4.173865
v 1.999627 0.022235 4.274995
v 2.016899 0.020144 4.382751
v 2.044490 0.026173 4.151634
v 2.036847 0.025457 4.229432
v 2.060129 0.023024 4.297870
v 1.974940 -0.232040 4.637274
v 1.806300 0.009822 4.526104
v 1.836221 -0.000785 4.596038
v 1.884405 0.005151 4.605023
v 1.937268 0.010131 4.558425
v 1.953211 -0.056144 4.628401
v 1.977395 0.013576 4.476114
v 1.908248 -0.004272 4.612952
v 1.955646 -0.004310 4.624169
v 1.954412 0.007832 4.608612
v 1.998277 -0.009735 4.634844
v 2.054559 0.011400 4.592289
v 1.979880 0.014158 4.499020
v 1.997615 0.006828 4.622763
v 2.068566 0.017791 4.468563
v 2.016459 0.008934 4.609102
v 2.010914 0.015902 4.469003
v 2.024895 -0.006863 4.640182
v 2.049574 0.009663 4.620056
v 2.064515 0.017056 4.459484
v 2.038050 0.002273 4.636276
v 2.067660 0.004138 4.641205
v 2.088153 -0.063596 4.662831
v 2.147582 -0.232103 4.678102
v 2.071769 -0.010068 4.650912
v 1.804225 0.206948 2.449381
v 1.901357 0.207009 2.378060
v 1.842345 0.207683 2.467888
v 1.904253 0.207562 2.431059
v 1.942100 0.211433 2.494048
v 1.957250 0.211300 2.458246
v 1.973316 0.208927 2.485744
v 2.014343 0.211695 2.476437
v 2.035221 0.209285 2.297991
v 2.073708 0.209458 2.317906
v 2.026657 0.210096 2.369580
v 2.024497 0.206895 2.252813
v 2.043572 0.207254 2.342353
v 2.065578 0.209250 2.244560
v 1.969806 0.208794 2.449619
v 1.988892 0.211150 2.441179
v 1.999268 0.210529 2.404734
v 2.091235 0.210136 2.353737
v 2.235090 0.209370 2.366897
v 2.077490 0.211223 2.424134
v 1.994603 0.208721 2.467237
v 1.987816 0.206573 2.233740
v 2.072117 0.206934 2.326307
v 2.093505 0.207753 2.398147
v 2.145970 0.208698 2.418911
v 2.034159 0.208263 2.431744
v 2.062242 0.209653 2.262234
v 2.064691 0.209228 2.281161
v 2.083673 0.210577 2.388094
v 2.178299 0.208607 2.311992
v 2.127289 0.208114 2.381157
v 2.162432 0.211427 2.445705
v 1.890603 0.211140 2.510904
v 1.901467 0.207616 2.522435
v 1.964615 0.210132 2.523166
v 1.948598 0.180132 2.783222
v 1.968005 0.203070 2.588212
v 2.016533 0.209401 2.503387
v 2.024120 0.210997 2.532634
v 2.131618 0.178956 2.809970
v 2.166227 0.208542 2.529147
v 2.205185 0.210870 2.519708
v 1.924966 0.144221 3.128112
v 1.964598 0.130719 3.260013
v 2.055815 0.113765 3.412584
v 2.161458 0.133506 3.292209
v 1.957426 0.101337 3.462620
v 1.932652 0.082126 3.588639
v 2.090092 0.104284 3.505330
v 1.816217 0.039749 3.833625
v 1.810666 0.055324 3.704115
v 1.813014 0.030407 3.837688
v 1.868041 0.038573 3.852982
v 1.875609 0.027254 3.873228
v 1.942974 0.055252 3.760113
v 1.876051 0.065181 3.674108
v 1.899883 0.058814 3.719758
v 1.919458 0.039837 3.878738
v 1.950341 0.066946 3.702184
v 1.978281 0.048141 3.828243
v 1.960540 0.053746 3.754689
v 1.990434 0.042423 3.870569
v 1.978377 0.060342 3.749540
v 2.035448 0.058435 3.786534
v 2.012115 0.046642 3.867899
v 2.107129 0.060295 3.793878
v 1.896210 0.027364 3.927618
v 1.961921 0.026350 3.904801
v 1.966101 0.036815 3.896561
v 1.989393 0.030084 3.895712
v 2.012547 0.035523 3.895276
v 2.029430 0.043663 3.905461
v 2.057439 0.041376 3.922891
v 2.171616 0.024230 4.328991
v 2.167605 0.026774 4.282878
v 2.167207 0.022558 4.364059
v 2.217640 0.023510 4.361322
v 2.266020 0.025963 4.301010
v 2.279240 0.027941 4.236017
v 2.376478 0.025612 4.300156
v 2.086010 0.006459 4.632427
v 2.103415 0.010351 4.610964
v 2.116095 -0.006798 4.648029
v 2.208506 0.019332 4.466833
v 2.152315 0.010024 4.623268
v 2.122522 0.006861 4.632905
v 2.153247 -0.009309 4.641807
v 2.177067 0.009398 4.617901
v 2.232605 0.017302 4.505332
v 2.200372 0.012727 4.586249
v 2.227773 0.006579 4.625665
v 2.201764 -0.008430 4.644068
v 2.252344 0.008938 4.631591
v 2.285446 0.012169 4.596155
v 2.271940 0.002249 4.635497
v 2.291369 0.008138 4.615574
v 2.290996 -0.003725 4.653913
v 2.304770 0.009594 4.631916
v 2.351959 0.011949 4.599539
v 2.322374 0.008169 4.614755
v 2.322002 0.004223 4.639204
v 2.401837 0.017477 4.462622
v 2.079903 -0.012536 4.657790
v 2.168282 -0.023926 4.676472
v 2.153307 -0.013650 4.659727
v 2.240583 -0.085182 4.696766
v 2.279704 -0.025724 4.703356
v 2.226032 -0.012442 4.664858
v 2.252849 -0.020392 4.690849
v 2.254294 -0.013120 4.658605
v 2.410172 -0.095324 4.740079
v 2.420145 -0.232103 4.744224
v 2.328614 -0.047789 4.717246
v 2.325080 -0.021677 4.702749
v 2.372630 -0.009934 4.676733
v 2.360240 0.007761 4.661520
v 2.191095 0.208866 2.275798
v 2.187969 0.211434 2.339529
v 2.152636 0.208169 2.490094
v 2.238905 0.211720 2.503128
v 2.264742 0.210507 2.296533
v 2.270088 0.209220 2.457988
v 2.158527 0.208284 2.436418
v 2.182908 0.211023 2.394567
v 2.292792 0.212277 2.467213
v 2.245824 0.208559 2.475551
v 2.197522 0.209231 2.259510
v 2.211211 0.212101 2.412338
v 2.251692 0.212324 2.377275
v 2.257481 0.213103 2.305753
v 2.371669 0.216089 2.268593
v 2.305012 0.211581 2.349208
v 2.227710 0.212007 2.430815
v 2.272018 0.211882 2.484958
v 2.311560 0.210111 2.421134
v 2.288963 0.208692 2.239409
v 2.255471 0.213546 2.250154
v 2.385997 0.215692 2.357390
v 2.251865 0.209298 2.403022
v 2.258471 0.209391 2.439135
v 2.303004 0.209755 2.493616
v 2.328098 0.211537 2.384393
v 2.397332 0.216005 2.283873
v 2.358656 0.212484 2.331592
v 2.297659 0.212540 2.448194
v 2.338752 0.212083 2.277033
v 2.427802 0.216770 2.321703
v 2.384554 0.215743 2.339498
v 2.131684 0.197282 2.632049
v 2.208272 0.208742 2.511381
v 2.343995 0.210779 2.541034
v 2.280255 0.194144 2.707086
v 2.383290 0.212059 2.527319
v 2.196730 0.160232 3.059977
v 2.328253 0.150831 3.173571
v 2.326494 0.179982 2.886882
v 2.213634 0.119475 3.427352
v 2.304784 0.135614 3.318559
v 2.382301 0.160344 3.105834
v 2.204189 0.090363 3.620581
v 2.369953 0.120176 3.470775
v 2.118709 0.051710 3.867808
v 2.230201 0.075039 3.725717
v 2.155449 0.060045 3.821896
v 2.207703 0.057057 3.827233
v 2.178274 0.062380 3.809422
v 2.231795 0.054352 3.910690
v 2.264902 0.063017 3.842971
v 2.351039 0.090865 3.684776
v 2.379133 0.066967 3.866742
v 2.098495 0.028468 3.942390
v 2.114522 0.030246 4.101273
v 2.103835 0.043929 3.932769
v 2.142193 0.029376 3.951024
v 2.152124 0.029400 4.003990
v 2.119524 0.046243 3.914830
v 2.120449 0.037038 3.933882
v 2.148889 0.044696 3.948501
v 2.268366 0.031395 4.169254
v 2.176280 0.051107 3.921533
v 2.183253 0.031364 3.954747
v 2.184595 0.044912 3.944326
v 2.205478 0.031336 3.972115
v 2.205366 0.047369 3.960244
v 2.348864 0.033530 4.030571
v 2.269682 0.030834 3.988108
v 2.291817 0.044351 3.983228
v 2.281704 0.051355 3.936576
v 2.295387 0.057654 3.897082
v 2.415457 0.030398 4.185945
v 2.410701 0.055398 3.955184
v 2.324772 0.058331 3.913258
v 2.107994 0.027909 4.190897
v 2.200237 0.028032 4.208943
v 2.241552 0.027528 4.228796
v 2.352118 0.028617 4.238852
v 2.428214 0.024042 4.340862
v 2.440489 0.024495 4.287683
v 2.459004 0.021430 4.389500
v 2.520936 0.024929 4.331563
v 2.569148 0.023613 4.320926
v 2.557626 0.026416 4.303849
v 2.622906 0.023557 4.365535
v 2.377718 0.014321 4.538714
v 2.449138 0.014526 4.546228
v 2.462051 0.018386 4.436972
v 2.445157 0.011510 4.655693
v 2.549871 0.017959 4.491547
v 2.538831 0.016384 4.573642
v 2.477050 0.011215 4.694757
v 2.620524 0.022125 4.424962
v 2.620618 0.016854 4.621319
v 2.361263 -0.035440 4.724067
v 2.378361 -0.020810 4.699103
v 2.414433 -0.035881 4.738797
v 2.397942 -0.027808 4.727921
v 2.393865 0.008175 4.674425
v 2.397343 -0.008014 4.689779
v 2.423115 0.007793 4.675361
v 2.459412 -0.076354 4.745409
v 2.441515 -0.006898 4.722073
v 2.422821 -0.003005 4.688994
v 2.439489 -0.020011 4.740172
v 2.453607 0.006083 4.695344
v 2.500385 -0.007156 4.745096
v 2.495141 -0.001155 4.722909
v 2.542184 -0.026923 4.750358
v 2.530024 0.009245 4.719496
v 2.539187 -0.000515 4.740973
v 2.587618 0.010693 4.722072
v 2.578106 -0.000802 4.752154
v 2.566704 0.008043 4.736770
v 2.758775 -0.232103 4.771880
v 2.800858 0.001383 4.770603
v 2.402914 0.213800 2.294258
v 2.383136 0.212431 2.456364
v 2.421352 0.216766 2.303216
v 2.505193 0.215817 2.312637
v 2.520149 0.215724 2.404663
v 2.503206 0.217877 2.447584
v 2.404547 0.212519 2.474117
v 2.582649 0.216346 2.494729
v 2.511533 0.215253 2.259627
v 2.533684 0.218583 2.378315
v 2.472710 0.217268 2.430025
v 2.514761 0.217340 2.484237
v 2.440610 0.216686 2.248697
v 2.535599 0.218712 2.413360
v 2.527349 0.214756 2.280077
v 2.482563 0.217370 2.394624
v 2.535393 0.215674 2.369389
v 2.554781 0.216721 2.387118
v 2.603891 0.216341 2.460102
v 2.561343 0.217883 2.271338
v 2.567667 0.218147 2.290171
v 2.575638 0.216400 2.334260
v 2.564304 0.216260 2.423684
v 2.529274 0.215714 2.440247
v 2.542320 0.218897 2.467921
v 2.675115 0.219656 2.343103
v 2.693262 0.220230 2.362247
v 2.640490 0.216421 2.352756
v 2.715631 0.219545 2.307523
v 2.595876 0.212700 2.242888
v 2.593034 0.216361 2.476816
v 2.605067 0.217536 2.253309
v 2.661182 0.216516 2.298782
v 2.732069 0.219447 2.325802
v 2.753393 0.219765 2.433500
v 2.746011 0.219109 2.398713
v 2.362159 0.210586 2.510497
v 2.535828 0.218638 2.504124
v 2.520733 0.217982 2.520600
v 2.455713 0.195878 2.715934
v 2.569019 0.216168 2.512355
v 2.554915 0.215616 2.530772
v 2.574807 0.217506 2.539853
v 2.694281 0.213543 2.616345
v 2.431314 0.174521 2.963212
v 2.544280 0.175148 3.028744
v 2.535228 0.190487 2.820358
v 2.563187 0.165892 3.161514
v 2.466534 0.139036 3.366023
v 2.574718 0.135255 3.486138
v 2.661235 0.128210 3.618037
v 2.527157 0.110350 3.658457
v 2.455602 0.076318 3.841595
v 2.538989 0.091539 3.802093
v 2.509074 0.077581 3.884411
v 2.597021 0.107064 3.749102
v 2.336296 0.037594 3.993466
v 2.396270 0.031928 4.128434
v 2.359584 0.055424 3.925926
v 2.371120 0.047282 3.999775
v 2.377934 0.063514 3.908153
v 2.398941 0.037065 4.015369
v 2.441050 0.035085 4.068304
v 2.428664 0.065999 3.881642
v 2.416339 0.049793 4.001897
v 2.419389 0.061133 3.932990
v 2.444704 0.038956 4.020898
v 2.431154 0.034492 4.102928
v 2.429052 0.051668 3.980804
v 2.505296 0.074117 3.901545
v 2.468594 0.054147 3.978485
v 2.476386 0.051545 4.020086
v 2.494155 0.040082 4.030240
v 2.489874 0.060335 3.976608
v 2.533569 0.036428 4.064082
v 2.489711 0.070040 3.890155
v 2.518615 0.050045 4.004572
v 2.515967 0.039331 4.028090
v 2.519482 0.047923 4.020552
v 2.522245 0.070974 3.954343
v 2.525969 0.074007 3.896273
v 2.586434 0.082882 3.915301
v 2.548764 0.041957 4.033952
v 2.541494 0.053296 4.006510
v 2.543130 0.067460 3.987077
v 2.598152 0.042627 4.042179
v 2.558659 0.047207 4.013415
v 2.596029 0.071554 3.989322
v 2.641297 0.040512 4.061377
v 2.569541 0.048062 4.033576
v 2.582167 0.050524 4.017949
v 2.566867 0.064875 4.003942
v 2.604285 0.087182 3.900724
v 2.593475 0.060666 4.009089
v 2.609475 0.030340 4.189494
v 2.747332 0.027194 4.327399
v 2.760854 0.024149 4.406158
v 2.753630 0.022877 4.360683
v 2.772260 0.026026 4.380355
v 2.673378 0.018913 4.501731
v 2.694167 0.017399 4.590032
v 2.714507 0.016463 4.571543
v 2.808210 0.022022 4.483152
v 2.878789 0.025471 4.405606
v 2.830155 0.026253 4.364212
v 2.884969 0.018670 4.584040
v 2.881284 0.017573 4.625279
v 2.611655 0.007785 4.747637
v 2.726306 0.011914 4.696308
v 2.702422 0.004560 4.756725
v 2.851001 0.009656 4.721879
v 2.929604 -0.030083 4.777979
v 2.884361 0.007277 4.754261
v 2.880680 0.003713 4.770152
v 2.791075 0.215988 2.262331
v 2.789756 0.217363 2.315739
v 2.735702 0.219522 2.450030
v 2.731916 0.219414 2.414930
v 2.785028 0.217201 2.424843
v 2.779774 0.216828 2.440618
v 2.779680 0.219724 2.271913
v 2.696038 0.220173 2.466208
v 2.754785 0.220247 2.289525
v 2.705946 0.216832 2.370022
v 2.714319 0.220207 2.378661
v 2.783012 0.217604 2.473320
v 2.709846 0.216966 2.458689
v 2.728069 0.219833 2.484588
v 2.782058 0.217076 2.383973
v 2.782266 0.216056 2.298038
v 2.777807 0.217905 2.349967
v 2.780056 0.216822 2.495481
v 2.787458 0.216637 2.280473
v 2.736504 0.216349 2.405591
v 2.781742 0.219593 2.254049
v 2.784490 0.216153 2.334887
v 2.838053 0.213409 2.245282
v 2.810381 0.216352 2.267582
v 2.801414 0.220049 2.253847
v 2.815017 0.217704 2.306107
v 2.825812 0.217885 2.367444
v 2.863256 0.215658 2.476740
v 2.816169 0.217038 2.252894
v 2.821790 0.218471 2.273907
v 2.830245 0.217269 2.316417
v 2.839281 0.219632 2.373496
v 2.903263 0.219107 2.639925
v 2.851020 0.218550 2.254567
v 2.843482 0.220501 2.276555
v 2.839563 0.216575 2.293028
v 2.884394 0.219070 2.461367
v 2.630784 0.216066 2.531175
v 2.762629 0.201824 2.867381
v 2.698449 0.217593 2.520380
v 2.714323 0.219842 2.504710
v 2.752611 0.219975 2.521990
v 2.765797 0.212853 2.693430
v 2.778899 0.216632 2.530832
v 2.765209 0.219992 2.544083
v 2.776866 0.213922 2.654836
v 2.780353 0.210785 2.754513
v 2.784479 0.217225 2.626151
v 2.761604 0.184281 3.092445
v 2.781627 0.193854 3.012982
v 2.882755 0.208853 2.915898
v 3.015357 0.212291 3.007681
v 2.715517 0.154393 3.399778
v 2.756694 0.167273 3.262967
v 2.761649 0.178625 3.138130
v 2.762065 0.166368 3.296526
v 2.835793 0.183012 3.163628
v 2.832637 0.169946 3.328650
v 2.688740 0.142388 3.496236
v 2.734159 0.136666 3.623513
v 2.747610 0.148340 3.494272
v 2.750592 0.152261 3.432252
v 2.751304 0.135766 3.643950
v 2.848591 0.147153 3.655879
v 2.977194 0.169174 3.563056
v 3.000026 0.181379 3.430870
v 2.650681 0.092270 3.900726
v 2.662930 0.108022 3.791752
v 2.733463 0.102544 3.918460
v 2.748279 0.121300 3.781848
v 2.809525 0.119598 3.907692
v 2.622225 0.047609 4.032485
v 2.620727 0.067952 4.005656
v 2.608750 0.082069 3.909338
v 2.616545 0.063572 4.024623
v 2.637181 0.057916 4.022746
v 2.654381 0.043241 4.044873
v 2.653811 0.084305 3.961322
v 2.643670 0.071536 3.997554
v 2.645166 0.068743 4.019389
v 2.683798 0.088657 3.920758
v 2.721289 0.041862 4.066005
v 2.664786 0.071167 4.012044
v 2.681086 0.066391 4.041212
v 2.674618 0.082255 3.995558
v 2.691080 0.094191 3.931630
v 2.687461 0.043949 4.054441
v 2.708036 0.084518 4.050080
v 2.712066 0.078543 4.060277
v 2.769766 0.094182 4.056582
v 2.773180 0.038112 4.122107
v 2.791426 0.081608 4.073425
v 2.792888 0.043458 4.074383
v 2.770994 0.105445 3.935727
v 2.821911 0.119183 3.934903
v 2.892746 0.039917 4.113503
v 2.825508 0.104685 4.059743
v 2.922533 0.134005 3.963593
v 2.835295 0.087229 4.079354
v 2.853979 0.044744 4.084311
v 2.852498 0.073919 4.082363
v 2.872764 0.117627 4.042557
v 2.860462 0.041975 4.092380
v 2.861470 0.110810 4.075207
v 2.676234 0.026725 4.285786
v 2.843062 0.034246 4.218832
v 2.829085 0.028388 4.347007
v 2.902797 0.029803 4.312446
v 2.928270 0.022631 4.507151
v 2.935937 0.025543 4.422380
v 3.009213 0.023707 4.506069
v 2.980516 0.019101 4.599552
v 3.069065 0.025419 4.482678
v 3.093005 0.026268 4.565540
v 3.059197 0.025652 4.456673
v 2.926478 0.016692 4.743052
v 2.893442 0.012278 4.764679
v 2.918402 0.013871 4.714125
v 2.927447 0.008499 4.767508
v 3.014685 -0.232102 4.785468
v 2.977865 0.014552 4.766743
v 3.017455 -0.020469 4.781938
v 3.053012 0.024682 4.665756
v 3.011530 0.008367 4.762240
v 3.012602 0.019337 4.747757
v 3.113645 -0.020468 4.779110
v 3.065415 0.017428 4.759287
v 3.089407 0.009710 4.767680
v 3.090734 0.020321 4.744865
v 3.116711 0.002839 4.773941
v 3.109160 0.018813 4.760562
v 3.137641 0.018236 4.766124
v 3.132138 0.020297 4.747509
v 2.877295 0.216161 2.411595
v 2.860840 0.216031 2.418035
v 2.885531 0.214804 2.246937
v 2.873393 0.218284 2.281686
v 2.874305 0.221426 2.260267
v 2.876185 0.220355 2.320539
v 2.878865 0.216485 2.355469
v 2.888979 0.219170 2.418299
v 2.872783 0.218318 2.473249
v 2.892695 0.219616 2.287557
v 2.896571 0.221707 2.274870
v 2.907968 0.220762 2.252769
v 2.891653 0.217595 2.346437
v 2.942415 0.216920 2.393969
v 2.920007 0.219457 2.405906
v 2.922420 0.219331 2.469332
v 2.934169 0.221191 2.337778
v 2.935900 0.219748 2.400176
v 2.952224 0.215173 2.475573
v 2.963926 0.215486 2.576492
v 2.955080 0.219775 2.250933
v 2.948105 0.221185 2.287545
v 2.966939 0.216903 2.429549
v 2.983781 0.219816 2.252423
v 2.969387 0.219481 2.401794
v 2.966684 0.217040 2.354339
v 2.972873 0.216419 2.514025
v 2.984893 0.217955 2.299883
v 2.985550 0.218770 2.394367
v 2.995981 0.216782 2.541592
v 3.003531 0.217810 2.392947
v 3.019852 0.217054 2.392261
v 2.999729 0.214596 2.409256
v 3.009746 0.213642 2.500151
v 3.021211 0.215822 2.572169
v 3.007697 0.217818 2.259983
v 3.027230 0.220258 2.263680
v 3.025130 0.217164 2.341275
v 3.036120 0.213433 2.410335
v 3.023620 0.213423 2.428900
v 3.041427 0.213398 2.566183
v 3.038094 0.210978 2.476282
v 3.038114 0.214250 2.316419
v 3.049951 0.211591 2.251985
v 3.041883 0.213026 2.453506
v 3.048462 0.215128 2.364295
v 3.049507 0.207781 2.415764
v 3.051625 0.215254 2.450799
v 3.074624 0.213152 2.424533
v 3.073256 0.214493 2.262943
v 2.957726 0.216842 2.826720
v 2.902328 0.217360 2.607418
v 2.891857 0.215299 2.517275
v 2.896433 0.218471 2.556952
v 2.962849 0.219044 2.726347
v 2.926764 0.216831 2.630220
v 2.960756 0.216279 2.686671
v 2.979974 0.218997 2.721806
v 2.954417 0.218140 2.752592
v 2.985509 0.214074 2.829902
v 2.984257 0.216765 2.607431
v 3.000698 0.218327 2.734862
v 2.993621 0.215617 2.737988
v 3.009229 0.214682 2.615034
v 3.032642 0.217546 2.780802
v 3.031877 0.214187 2.803684
v 3.028337 0.214277 2.620811
v 3.051093 0.213655 2.810648
v 3.026616 0.217793 2.698823
v 3.047045 0.215074 2.609109
v 3.029659 0.216466 2.669383
v 3.061737 0.214521 2.736935
v 3.065628 0.216634 2.771252
v 3.046065 0.214417 2.737195
v 3.067945 0.213866 2.684521
v 3.073728 0.216842 2.744185
v 3.076292 0.214960 2.861370
v 3.094164 0.214339 2.782881
v 3.145617 0.211266 2.714288
v 3.107494 0.215190 2.727075
v 3.012956 0.210514 2.973071
v 3.014102 0.214320 2.946654
v 3.027209 0.211890 2.896798
v 3.025362 0.213567 2.925254
v 3.023782 0.211562 2.951981
v 3.047587 0.211324 2.912579
v 3.041153 0.214426 2.861283
v 3.038269 0.210075 3.032642
v 3.043768 0.213955 2.928992
v 3.057205 0.206872 3.067342
v 3.094468 0.204130 3.136023
v 3.065826 0.214002 2.882709
v 3.093999 0.209031 3.009344
v 3.092491 0.210500 3.035434
v 3.093584 0.207827 3.103655
v 3.071099 0.208384 3.085610
v 3.082720 0.211072 2.912116
v 3.101384 0.212242 2.857318
v 3.109978 0.214639 2.857105
v 3.118888 0.215310 2.780120
v 3.116528 0.211765 2.849406
v 3.118549 0.212344 2.948154
v 3.131984 0.207837 3.019032
v 3.120186 0.208244 3.066734
v 2.981846 0.199166 3.154018
v 3.082642 0.202204 3.245160
v 3.050401 0.207247 3.126281
v 3.060522 0.204352 3.142498
v 3.043774 0.206431 3.081986
v 3.061423 0.208162 3.108725
v 3.131316 0.196196 3.324214
v 3.119401 0.195874 3.339225
v 3.104954 0.202136 3.262331
v 3.102039 0.204973 3.097084
v 3.154980 0.195367 3.343646
v 3.124607 0.204084 3.115128
v 3.117199 0.206898 3.124717
v 3.120829 0.202999 3.164097
v 3.113853 0.204910 3.174541
v 3.034432 0.176822 3.517412
v 3.045066 0.181130 3.453326
v 3.049163 0.176057 3.471777
v 3.043045 0.175574 3.563631
v 3.052018 0.179556 3.483025
v 3.101058 0.186972 3.423710
v 3.085904 0.181719 3.437165
v 3.080838 0.180600 3.486811
v 3.093203 0.178011 3.602058
v 3.181210 0.184026 3.493475
v 3.179184 0.182768 3.494182
v 2.949173 0.139246 3.949945
v 2.956753 0.156557 3.764296
v 3.022462 0.152421 3.959023
v 3.047643 0.172045 3.772478
v 3.037480 0.171470 3.685242
v 3.044014 0.174723 3.697942
v 3.095409 0.175285 3.802086
v 3.094831 0.175635 3.786753
v 3.099352 0.171692 3.794715
v 3.145790 0.177166 3.662666
v 3.130561 0.176592 3.744540
v 3.107799 0.163901 3.967052
v 3.157542 0.174367 3.894307
v 2.875384 0.082516 4.092700
v 2.889317 0.102019 4.093040
v 2.955373 0.136157 3.958343
v 2.905193 0.121772 4.076656
v 2.946677 0.044318 4.103611
v 2.912355 0.114801 4.094005
v 3.003879 0.126114 4.105273
v 2.960129 0.125156 4.096372
v 3.013921 0.138120 4.067748
v 3.032610 0.138027 4.100143
v 3.080663 0.160139 3.979350
v 3.102458 0.159685 3.972597
v 3.118430 0.156183 4.066037
v 2.966261 0.039243 4.112560
v 3.078025 0.031301 4.307122
v 3.047040 0.037126 4.121177
v 3.123347 0.084172 4.123857
v 3.148942 0.037452 4.131706
v 3.133878 0.151648 4.112988
v 3.230217 0.034011 4.446948
v 3.189456 0.029084 4.554211
v 3.213374 0.027303 4.632532
v 3.160387 0.021463 4.744075
v 3.237448 -0.014153 4.775914
v 3.156094 0.004685 4.773138
v 3.191187 -0.000270 4.775838
v 3.194964 0.020768 4.752386
v 3.238150 0.023231 4.710114
v 3.213810 0.018656 4.764676
v 3.239609 0.006461 4.768940
v 3.244458 0.021536 4.741528
v 3.316812 -0.002659 4.773338
v 3.259382 0.013330 4.769473
v 3.264115 0.019980 4.758467
v 3.321137 0.015027 4.766335
v 3.321723 0.020909 4.755342
v 3.400362 -0.061685 4.770188
v 3.372918 0.000010 4.768098
v 3.358492 0.015828 4.764263
v 3.376443 0.023134 4.746713
v 3.435152 0.005957 4.767190
v 3.396472 0.020495 4.758095
v 3.439063 0.025196 4.745559
v 3.239218 0.208525 2.261986
v 3.211526 0.205550 2.253116
v 3.288594 0.203105 2.254036
v 3.465854 0.201708 2.669461
v 3.416785 0.200277 2.255662
v 3.461234 0.201334 2.263588
v 3.130190 0.214620 2.721936
v 3.143081 0.212222 2.821104
v 3.141039 0.215656 2.786736
v 3.152659 0.215952 2.766015
v 3.179148 0.210227 2.732036
v 3.187007 0.211284 2.850291
v 3.172945 0.214868 2.775352
v 3.180275 0.212393 2.772350
v 3.194376 0.212816 2.753118
v 3.238500 0.208697 2.757874
v 3.199548 0.213535 2.804620
v 3.232032 0.211722 2.827760
v 3.127394 0.214138 2.859667
v 3.149686 0.210070 2.901982
v 3.145020 0.207902 3.004678
v 3.196380 0.210251 3.034795
v 3.157023 0.208458 3.077601
v 3.192294 0.211004 2.957449
v 3.178598 0.206695 3.064851
v 3.192613 0.208864 3.083281
v 3.210909 0.207093 2.993852
v 3.253790 0.207540 3.020749
v 3.239695 0.209377 3.061384
v 3.230160 0.205355 3.122710
v 3.222646 0.214638 2.822866
v 3.238934 0.209093 2.909145
v 3.258747 0.209531 3.070265
v 3.266170 0.205481 3.126315
v 3.251846 0.208327 2.832166
v 3.257107 0.211765 2.884736
v 3.256114 0.211493 2.941490
v 3.423169 0.205275 2.947768
v 3.272146 0.208306 2.960531
v 3.293500 0.207982 2.980044
v 3.289848 0.210963 2.996054
v 3.333153 0.205334 3.263790
v 3.307001 0.204958 3.145191
v 3.134975 0.201299 3.245508
v 3.141829 0.198844 3.328284
v 3.149344 0.198821 3.259656
v 3.153790 0.199825 3.311303
v 3.170303 0.202392 3.247679
v 3.200179 0.197331 3.321053
v 3.163639 0.199515 3.255146
v 3.145135 0.203117 3.223474
v 3.163921 0.201312 3.289887
v 3.174110 0.195075 3.348465
v 3.220399 0.197557 3.327538
v 3.214088 0.204632 3.218317
v 3.186576 0.202902 3.240135
v 3.217434 0.201080 3.288653
v 3.233660 0.198195 3.311684
v 3.274078 0.195610 3.391846
v 3.259910 0.200198 3.286647
v 3.277871 0.198639 3.367424
v 3.288630 0.202080 3.261326
v 3.303433 0.202143 3.342520
v 3.281052 0.202241 3.324433
v 3.308971 0.203783 3.297845
v 3.284706 0.200172 3.305215
v 3.373699 0.198552 3.428834
v 3.326014 0.200950 3.325643
v 3.342442 0.203104 3.352105
v 3.397477 0.200860 3.390469
v 3.394403 0.202958 3.407374
v 3.366366 0.205875 3.257867
v 3.370918 0.201100 3.361200
v 3.370412 0.204384 3.239084
v 3.226749 0.186859 3.436234
v 3.152365 0.188646 3.424722
v 3.139115 0.178459 3.597079
v 3.183642 0.180327 3.583476
v 3.191129 0.190058 3.421934
v 3.201175 0.193875 3.389394
v 3.263887 0.186120 3.495481
v 3.319139 0.185442 3.577294
v 3.219046 0.197017 3.353898
v 3.207832 0.197037 3.368194
v 3.228295 0.191794 3.427685
v 3.269598 0.194270 3.425478
v 3.252458 0.193224 3.422332
v 3.323869 0.190573 3.494448
v 3.351527 0.186584 3.561756
v 3.293680 0.197515 3.354805
v 3.296381 0.190292 3.439691
v 3.309394 0.197266 3.428415
v 3.362042 0.194549 3.440099
v 3.321386 0.194414 3.434336
v 3.342147 0.198815 3.425993
v 3.413615 0.193993 3.494864
v 3.381269 0.200172 3.428450
v 3.398919 0.196173 3.441294
v 3.408606 0.193072 3.509835
v 3.191145 0.177842 3.707749
v 3.153331 0.172949 3.615365
v 3.225268 0.181723 3.802647
v 3.172020 0.171085 3.607275
v 3.160313 0.180266 3.620306
v 3.170644 0.176664 3.642974
v 3.188956 0.179934 3.635731
v 3.320996 0.184349 3.741386
v 3.280262 0.183329 3.790853
v 3.184193 0.171738 3.603217
v 3.243366 0.182150 3.796327
v 3.248880 0.182968 3.848734
v 3.291524 0.182085 3.659019
v 3.258705 0.184907 3.804336
v 3.269984 0.181774 3.901144
v 3.354313 0.184950 3.692863
v 3.273246 0.186468 3.805106
v 3.282481 0.181827 3.869736
v 3.306494 0.186532 3.813040
v 3.315554 0.184664 3.798813
v 3.304040 0.186953 3.852519
v 3.362317 0.182659 3.671571
v 3.373734 0.186738 3.795930
v 3.331075 0.189164 3.822414
v 3.335237 0.186530 3.803510
v 3.353851 0.189468 3.807148
v 3.354747 0.190434 3.848512
v 3.372031 0.190940 3.835341
v 3.433620 0.188878 3.679921
v 3.400820 0.193110 3.803108
v 3.394351 0.191878 3.866386
v 3.189605 0.169935 3.983584
v 3.194382 0.160891 4.110926
v 3.260593 0.179569 3.925588
v 3.235128 0.171288 4.059366
v 3.225248 0.162613 4.081733
v 3.214039 0.153483 4.121577
v 3.276958 0.177852 3.995252
v 3.234907 0.162233 4.109404
v 3.260749 0.170350 4.101147
v 3.278482 0.172373 4.094928
v 3.339653 0.181674 3.999510
v 3.311296 0.183488 3.944628
v 3.303689 0.181215 3.970525
v 3.298361 0.178084 3.989342
v 3.322120 0.181353 3.953962
v 3.350790 0.181161 3.993745
v 3.320306 0.174385 4.108340
v 3.351571 0.183577 3.934986
v 3.342391 0.185255 3.930212
v 3.376900 0.184901 3.962263
v 3.368285 0.184717 3.987489
v 3.369184 0.179219 4.094357
v 3.392931 0.186827 3.987001
v 3.402689 0.183720 3.995553
v 3.470691 0.190240 4.011199
v 3.392727 0.188194 3.891787
v 3.409446 0.188555 3.984931
v 3.201214 0.031254 4.341686
v 3.161586 0.147446 4.122770
v 3.195679 0.036100 4.135493
v 3.191761 0.138541 4.127426
v 3.249070 0.041557 4.140879
v 3.248902 0.036536 4.144879
v 3.325711 0.038832 4.181516
v 3.241840 0.139699 4.131858
v 3.345867 0.037259 4.317772
v 3.305875 0.039885 4.145677
v 3.289289 0.141641 4.135224
v 3.271304 0.149237 4.121116
v 3.345356 0.111155 4.143052
v 3.308551 0.151104 4.122663
v 3.294732 0.159977 4.114954
v 3.406732 0.041449 4.152088
v 3.351858 0.038801 4.149492
v 3.320407 0.145142 4.135409
v 3.307364 0.168478 4.116310
v 3.318427 0.134347 4.134869
v 3.394452 0.040591 4.215190
v 3.338528 0.164083 4.119182
v 3.359528 0.149803 4.122775
v 3.358510 0.174894 4.112741
v 3.354424 0.133754 4.136494
v 3.403693 0.130126 4.144080
v 3.389175 0.172530 4.118212
v 3.460149 0.037726 4.283032
v 3.407920 0.170059 4.128525
v 3.191538 0.027635 4.559236
v 3.269748 0.030849 4.556141
v 3.303971 0.033300 4.487555
v 3.363688 0.030409 4.583395
v 3.414044 0.033222 4.509998
v 3.400464 0.029182 4.649377
v 3.605117 0.028481 4.548038
v 3.425788 0.021372 4.758495
v 3.452300 0.013967 4.763083
v 3.474621 0.026914 4.738039
v 3.487346 0.021251 4.758323
v 3.513591 0.006249 4.765294
v 3.539378 0.025873 4.741921
v 3.697337 -0.232095 4.762859
v 3.593602 -0.011260 4.763183
v 3.545263 0.000474 4.764113
v 3.529053 0.017315 4.758811
v 3.878054 -0.014348 4.758375
v 3.559206 0.012405 4.759216
v 3.573454 0.014104 4.711906
v 3.573525 0.002754 4.751566
v 3.600636 -0.000081 4.753294
v 3.576308 0.023166 4.653733
v 3.552379 0.022470 4.688753
v 3.588546 0.004389 4.732324
v 3.609529 0.025735 4.617112
v 3.627841 0.023867 4.663084
v 3.605508 0.018192 4.689597
v 3.616207 0.006509 4.757415
v 3.631969 0.020652 4.731266
v 3.653351 -0.009197 4.761887
v 3.633685 0.004562 4.754517
v 3.682318 0.011487 4.757172
v 3.579176 0.198851 2.541127
v 3.639178 0.197033 2.268928
v 3.780442 0.189953 2.263984
v 3.609411 0.199019 2.763861
v 3.629180 0.199180 2.967388
v 3.715892 0.194787 2.843472
v 3.409109 0.201241 3.367591
v 3.628048 0.200479 3.220641
v 3.542299 0.201415 3.369510
v 3.822964 0.189866 3.135871
v 3.490377 0.196401 3.500268
v 3.409746 0.203308 3.403652
v 3.422426 0.190541 3.500487
v 3.426415 0.200055 3.417514
v 3.516669 0.199947 3.452079
v 3.477496 0.193010 3.591884
v 3.531542 0.196514 3.543840
v 3.503766 0.194029 3.588964
v 3.595430 0.206023 3.431529
v 3.564589 0.200115 3.562542
v 3.575376 0.203230 3.445744
v 3.623420 0.203048 3.376313
v 3.608841 0.203066 3.460299
v 3.623626 0.205008 3.478557
v 3.618576 0.204393 3.593673
v 3.437221 0.190519 3.794481
v 3.413779 0.193925 3.872809
v 3.458599 0.191521 3.618261
v 3.531428 0.193177 3.705546
v 3.418430 0.194285 3.803584
v 3.507987 0.197054 3.794531
v 3.447583 0.192325 3.904355
v 3.445693 0.196181 3.865896
v 3.450703 0.194584 3.850749
v 3.455192 0.196638 3.801539
v 3.461949 0.197639 3.865046
v 3.493432 0.191186 3.637003
v 3.474595 0.193631 3.794890
v 3.466023 0.198383 3.803740
v 3.488097 0.188521 3.601886
v 3.491528 0.185104 3.628222
v 3.509100 0.193128 3.648675
v 3.479343 0.196924 3.826334
v 3.482520 0.200558 3.805780
v 3.504369 0.185646 3.624602
v 3.500832 0.189779 3.598499
v 3.493186 0.194353 3.612924
v 3.492763 0.197969 3.806237
v 3.502147 0.202098 3.808049
v 3.530206 0.201554 3.844563
v 3.554064 0.198698 3.797994
v 3.597234 0.202343 3.800744
v 3.576267 0.200435 3.677004
v 3.604256 0.200239 3.752567
v 3.589724 0.193379 3.786637
v 3.614030 0.202433 3.747843
v 3.749802 0.197166 3.688035
v 3.425598 0.185244 3.996979
v 3.498487 0.191005 4.048075
v 3.431169 0.188067 3.968159
v 3.462489 0.191755 3.989232
v 3.454102 0.187979 3.993896
v 3.475170 0.187297 3.998744
v 3.481886 0.190397 4.088012
v 3.494998 0.188409 3.999466
v 3.492729 0.197542 3.906762
v 3.482135 0.191922 3.991030
v 3.524178 0.192457 3.986236
v 3.534057 0.195022 3.988298
v 3.510272 0.191106 3.999949
v 3.532851 0.195986 3.885751
v 3.533700 0.193982 3.956261
v 3.543961 0.192866 4.013831
v 3.552957 0.188754 4.045887
v 3.529147 0.186673 3.999166
v 3.553327 0.195854 3.991777
v 3.548526 0.191064 4.000048
v 3.563112 0.192243 3.992754
v 3.583347 0.186955 4.057095
v 3.564043 0.184709 4.097929
v 3.614352 0.198035 3.896685
v 3.588870 0.185596 4.005025
v 3.594909 0.184922 4.090997
v 3.616808 0.193630 3.992280
v 3.598448 0.193231 4.014926
v 3.700513 0.196542 3.914070
v 3.649429 0.192070 4.114897
v 3.699971 0.183768 3.994543
v 3.711481 0.198590 3.842901
v 3.681777 0.191399 3.984576
v 3.433104 0.183048 4.122252
v 3.480795 0.043654 4.154096
v 3.474277 0.108562 4.148491
v 3.431100 0.161504 4.133300
v 3.465551 0.034494 4.435702
v 3.484590 0.161049 4.142590
v 3.458045 0.175289 4.134734
v 3.478617 0.184971 4.126925
v 3.555643 0.036921 4.213608
v 3.559256 0.033067 4.335051
v 3.530083 0.041611 4.170684
v 3.493161 0.074991 4.149570
v 3.540061 0.036258 4.156964
v 3.522989 0.073222 4.153421
v 3.560260 0.129248 4.146215
v 3.504233 0.185822 4.134994
v 3.572034 0.034563 4.256230
v 3.563730 0.182792 4.141469
v 3.565374 0.031667 4.166057
v 3.563805 0.048331 4.153884
v 3.587446 0.035407 4.196095
v 3.579840 0.044491 4.151352
v 3.612819 0.083421 4.149023
v 3.592913 0.045044 4.158068
v 3.627600 0.040158 4.186802
v 3.588998 0.155581 4.140208
v 3.585158 0.178660 4.123949
v 3.654086 0.037551 4.261592
v 3.672419 0.034682 4.355419
v 3.651175 0.083366 4.148322
v 3.621770 0.143872 4.142859
v 3.601401 0.171512 4.139946
v 3.705487 0.043259 4.158936
v 3.648905 0.146085 4.143507
v 3.634980 0.160400 4.143100
v 3.629723 0.182755 4.138309
v 3.642836 0.151099 4.139091
v 3.662209 0.179704 4.139495
v 3.473338 0.031364 4.521931
v 3.484824 0.031518 4.591461
v 3.511430 0.032689 4.521502
v 3.544576 0.031134 4.504014
v 3.587724 0.032693 4.394717
v 3.649587 0.033822 4.416035
v 3.505925 0.028655 4.661483
v 3.818459 0.022806 4.642426
v 3.854038 0.024497 4.599751
v 3.902283 0.026941 4.502577
v 3.930149 0.020331 4.595567
v 3.708865 0.020496 4.720374
v 3.721518 -0.009699 4.761449
v 3.708328 0.006693 4.754533
v 3.724435 0.005326 4.758030
v 3.724228 0.015763 4.744366
v 3.762320 0.020205 4.712117
v 3.750223 -0.000258 4.755034
v 3.745730 0.009107 4.738382
v 3.775639 0.002456 4.756888
v 3.773804 0.014936 4.740537
v 3.766564 0.011633 4.729119
v 3.824654 -0.006330 4.757524
v 3.826319 0.014632 4.742517
v 3.843196 0.020561 4.696977
v 3.856424 0.011512 4.752285
v 3.881335 0.017449 4.728625
v 3.891252 0.002449 4.747766
v 3.912469 0.020038 4.664588
v 3.974184 -0.234313 4.751612
v 3.912208 0.013175 4.742095
v 3.996512 -0.012910 4.754795
v 3.930304 -0.003239 4.753437
v 3.938821 0.015129 4.727946
v 3.823200 0.190117 2.278158
v 3.923087 0.184759 2.564711
v 3.828069 0.185889 2.268405
v 3.895042 0.186646 2.435884
v 3.941819 0.183863 2.265514
v 3.995023 0.179942 2.263736
v 3.776499 0.190501 2.629604
v 3.912248 0.186313 2.650767
v 3.805434 0.191835 3.001648
v 3.870419 0.187737 2.874392
v 3.943675 0.183933 2.994694
v 3.925230 0.185592 2.780229
v 3.987537 0.178517 2.874464
v 3.767110 0.196001 3.372876
v 3.905571 0.188141 3.367594
v 3.946746 0.183174 3.226190
v 3.879672 0.186000 3.375777
v 3.823768 0.192531 3.380357
v 3.892892 0.188017 3.385690
v 3.962948 0.183908 3.426567
v 3.915787 0.188941 3.621971
v 3.941029 0.190153 3.845350
v 3.714340 0.191555 4.061710
v 3.819882 0.184016 4.005372
v 3.734135 0.188737 4.115874
v 3.842252 0.186148 3.990628
v 3.892554 0.185646 4.068243
v 3.867136 0.178668 3.997842
v 3.921902 0.183861 4.002151
v 3.963681 0.179053 3.987906
v 3.981318 0.186028 3.929093
v 3.721654 0.161617 4.140191
v 3.715366 0.057579 4.150024
v 3.732863 0.182779 4.133947
v 3.836166 0.037320 4.248245
v 3.809384 0.042471 4.158536
v 3.816370 0.059530 4.152001
v 3.836299 0.185510 4.133065
v 3.796988 0.161608 4.141683
v 3.826602 0.032042 4.431314
v 3.909979 0.094969 4.144740
v 3.888992 0.166740 4.138040
v 3.862573 0.186582 4.123283
v 3.918692 0.031240 4.139603
v 3.914235 0.030538 4.262450
v 3.924210 0.027213 4.171589
v 3.893378 0.181759 4.131652
v 3.960691 0.023386 4.202293
v 3.987159 0.017079 4.320491
v 3.964149 0.179525 4.090254
v 3.957052 0.182772 4.130718
v 3.754380 0.029389 4.486272
v 3.756590 0.032937 4.386005
v 3.982645 0.017180 4.491873
v 3.968976 -0.005573 4.754269
v 3.950399 0.009882 4.741321
v 3.980439 0.013156 4.732625
v 4.007926 0.012283 4.613014
v 4.007769 0.010258 4.744433
v 4.005646 0.178382 2.557762
v 3.993032 0.178346 2.420566
v 4.006012 0.174722 2.264359
v 4.003884 0.175553 2.507051
v 4.000399 0.177510 2.723608
v 4.001688 0.180162 2.633441
v 3.999205 0.176679 2.817068
v 4.000851 0.175901 3.040828
v 3.992135 0.178333 2.923819
v 3.998711 0.177092 2.977701
v 3.999955 0.173692 2.899133
v 3.990665 0.180824 3.178700
v 3.986103 0.178074 3.280010
v 3.996716 0.175082 3.262354
v 3.999411 0.174142 3.136692
v 4.007156 0.180513 3.194613
v 4.004406 0.180438 3.385437
v 3.987733 0.180559 3.378969
v 3.967076 0.182515 3.527232
v 3.986317 0.182637 3.455230
v 3.995270 0.170956 3.376557
v 3.995907 0.177307 3.407883
v 4.007251 0.181305 3.447242
v 3.997189 0.175356 3.467622
v 3.996512 0.174272 3.511806
v 3.993232 0.181313 3.556602
v 3.992168 0.182368 3.623556
v 4.007130 0.183312 3.550667
v 3.978890 0.186145 3.637524
v 3.980083 0.184422 3.773642
v 3.995110 0.181024 3.852284
v 3.989464 0.182922 3.781877
v 3.991421 0.180267 3.660500
v 4.006763 0.182815 3.650203
v 3.989154 0.180930 3.740846
v 4.002009 0.184162 3.813130
v 3.983674 0.184785 3.978400
v 3.984086 0.183533 3.915804
v 3.992622 0.179212 3.942867
v 3.995045 0.181831 3.913309
v 3.998420 0.179781 3.977788
v 4.007942 0.136057 4.131552
v 3.972165 0.159151 4.133779
v 4.007991 0.010365 4.278214
v 4.004340 0.176892 4.130010
v 4.007802 0.012757 4.416100
v -0.766208 -0.009147 -0.005397
v -0.762547 -0.233058 -0.005488
v -0.759596 0.005051 -0.005489
v -0.410701 0.010101 -0.005738
v -0.172739 0.005885 -0.005146
v -0.137520 0.106781 -0.004014
v -0.138058 0.171651 -0.005502
v -0.048741 0.185898 -0.005510
v 0.081883 0.179245 -0.007298
v 0.711019 0.173126 -0.005072
v 1.550968 0.179082 -0.004729
v 2.630075 0.179213 -0.004399
v 2.946682 0.179437 -0.004949
v 3.250950 0.181161 -0.004515
v 3.489723 0.179898 -0.006047
v 3.746075 0.180723 -0.005574
v 4.005927 0.193961 0.672557
v 4.006874 0.179288 1.593456
v 4.006756 0.182400 1.925513
v 4.008112 -0.075341 4.754857
v 4.007981 -0.010144 4.755243
v 4.008172 -0.235229 4.751287
v 4.007195 0.176208 2.470826
v 4.007337 0.175990 2.589512
v 4.007125 0.180612 2.689284
v 4.007113 0.177847 2.868386
v 4.007210 0.178896 2.934866
v 4.007094 0.178169 3.076596
v 4.007236 0.185690 3.699899
v 4.007571 0.179455 4.022635
v 4.007870 0.174753 4.115684
v 4.007289 0.184227 3.841243
v 4.007962 0.014530 4.136940
v 4.007941 0.061978 4.134647
v 4.008015 0.012739 4.176080
v 4.009183 0.007260 4.235090
v -0.127769 0.173132 -0.009097
v 0.023201 0.172749 -0.009017
v -0.127810 0.079567 -0.008325
v -0.744891 0.008837 -0.011697
v -0.744887 -0.232097 -0.011622
v -0.108748 -0.232101 -0.011621
v -0.127812 0.008405 -0.011569
v -0.127775 0.006944 -0.008501
v -0.127803 0.173013 -0.011545
v 1.026089 0.173281 -0.011604
v 1.574965 0.173040 -0.011521
v 3.138494 0.173266 -0.011561
v 4.011954 0.173317 3.265535
v 4.011805 0.008543 4.123605
v 4.011903 0.173030 4.124946
v 4.011882 0.008930 4.745047
v 4.011946 -0.232127 4.745104
v 4.011955 -0.232096 4.100986
v 4.011923 -0.232099 2.647867
v 4.011914 0.173121 2.629385
v 4.011871 0.172863 3.053687
v 4.011909 0.172974 1.534129
v 4.011850 0.172805 3.172980
v 4.011930 -0.232096 -0.011557
v 4.011901 0.173176 -0.011558
v 0.276565 0.172837 -0.008945
v 0.455175 0.173111 -0.008896
v -0.744892 -0.232078 -0.008642
v -0.744900 0.008687 -0.008396
v 0.951670 0.174156 -0.008704
v 4.009079 0.173039 3.580834
v 4.009567 0.008721 4.744801
v 4.009535 -0.232127 4.745096
v 4.009455 0.172520 4.029410
v 4.008654 0.172263 4.125022
v 4.008174 0.176122 1.917507
v 4.008403 0.174542 2.977741
v 4.007463 0.178360 0.675209
v 4.006885 0.179742 -0.006564
v 4.007849 0.176737 1.274642
v 4.008668 0.174280 3.169415
v 0.058502 0.180069 -0.008028
v 4.008383 0.175649 2.191107
vn -0.7865 0.1545 -0.5979
vn -0.7763 -0.0094 -0.6302
vn -0.9938 0.1116 -0.0010
vn -0.8099 0.5864 -0.0180
vn -0.9881 0.1532 0.0104
vn -0.9998 -0.0153 0.0086
vn -0.7701 0.6377 -0.0187
vn -0.2580 0.8397 -0.4779
vn -0.9071 0.4209 0.0007
vn -0.3398 0.9403 -0.0214
vn -0.4782 0.8781 -0.0177
vn -0.0294 0.9982 -0.0526
vn -0.0353 0.9994 0.0031
vn 0.0030 1.0000 -0.0020
vn 0.0025 0.9965 -0.0840
vn -0.0041 0.8405 -0.5418
vn -0.0006 0.9992 -0.0398
vn -0.9992 -0.0381 -0.0092
vn -1.0000 0.0071 -0.0022
vn -0.9220 0.3745 0.0989
vn -0.1445 0.9618 0.2324
vn -0.8832 0.4690 0.0058
vn -0.7849 0.6126 -0.0926
vn -0.9130 0.4008 -0.0760
vn -0.5026 0.8352 0.2231
vn -0.2973 0.9536 0.0485
vn -0.4127 0.8909 0.1895
vn -0.0671 0.9029 0.4247
vn -0.2058 0.9691 0.1357
vn -0.0660 0.9423 0.3282
vn -0.2472 0.9690 0.0009
vn -0.4339 0.8797 -0.1946
vn -0.2465 0.9638 -0.1013
vn -0.0451 0.9738 0.2228
vn -0.2792 0.9576 -0.0714
vn -0.3698 0.8772 -0.3061
vn -0.1530 0.9870 0.0492
vn -0.3397 0.9390 0.0541
vn -0.1554 0.9877 -0.0188
vn -0.4689 0.8830 -0.0204
vn -0.2703 0.9602 0.0703
vn -0.1654 0.9856 -0.0341
vn -0.1979 0.9777 -0.0707
vn -0.0214 0.9952 0.0954
vn -0.1224 0.9925 -0.0071
vn -0.0278 0.9996 0.0058
vn -0.0129 0.9995 -0.0302
vn 0.0011 0.9996 0.0282
vn -0.7810 0.6242 -0.0185
vn -0.8380 0.5441 -0.0419
vn -0.5336 0.8447 -0.0427
vn -0.3942 0.8970 -0.1998
vn -0.2459 0.9692 0.0114
vn -0.1515 0.9858 0.0720
vn -0.3109 0.9376 -0.1555
vn -0.1079 0.9937 -0.0290
vn -0.3203 0.9442 -0.0773
vn -0.2246 0.9744 -0.0066
vn -0.1673 0.9859 -0.0061
vn -0.0395 0.9992 0.0035
vn -0.0562 0.9984 0.0011
vn 0.0067 0.9997 0.0217
vn 0.1806 0.9794 0.0908
vn -0.0123 0.9999 0.0073
vn -0.9993 -0.0367 -0.0104
vn -0.9997 0.0242 -0.0098
vn -0.8570 0.5147 0.0246
vn -0.8992 0.4370 -0.0225
vn -0.3906 0.9205 -0.0110
vn -0.3627 0.9289 0.0749
vn -0.1172 0.9926 -0.0311
vn -0.3949 0.9177 -0.0440
vn -0.1594 0.9872 -0.0021
vn -0.0067 1.0000 0.0063
vn 0.0356 0.9993 0.0137
vn 0.0240 0.9997 0.0004
vn -0.9996 -0.0267 0.0011
vn -0.9518 0.3066 0.0098
vn -0.8039 0.5943 0.0242
vn -0.6032 0.7963 0.0446
vn -0.5986 0.7951 0.0976
vn -0.7556 0.6549 0.0128
vn -0.7839 0.6208 0.0063
vn -0.8523 0.5226 0.0218
vn -0.1960 0.9760 -0.0951
vn -0.2846 0.9571 -0.0548
vn -0.3135 0.9487 0.0405
vn -0.3175 0.9404 0.1222
vn -0.2142 0.9765 0.0247
vn -0.2697 0.9629 0.0105
vn -0.1716 0.9848 0.0252
vn -0.2154 0.9764 0.0167
vn -0.2069 0.9781 0.0214
vn -0.0588 0.9981 0.0155
vn -0.2766 0.9557 0.1009
vn -0.0021 0.9996 0.0264
vn 0.0215 0.9995 0.0231
vn -0.9994 -0.0131 0.0310
vn -0.9959 -0.0121 0.0899
vn -0.7633 0.6453 0.0321
vn -0.8896 0.4493 0.0825
vn -0.5966 0.8013 0.0446
vn -0.9925 0.0095 0.1217
vn -0.2938 0.9559 0.0026
vn -0.0623 0.9978 0.0242
vn -0.3272 0.9431 0.0587
vn -0.0259 0.9996 -0.0130
vn -0.1963 0.9797 0.0404
vn -0.0430 0.9983 0.0400
vn 0.0195 0.9995 -0.0247
vn -0.7320 0.6772 0.0753
vn -0.0020 0.9999 0.0158
vn -0.1582 0.9863 0.0462
vn 0.0098 0.9998 -0.0173
vn -0.9794 -0.0117 0.2017
vn -0.7458 0.6526 0.1335
vn -0.7972 0.5711 0.1955
vn -0.9468 -0.0102 0.3216
vn -0.0832 0.9964 0.0174
vn -0.9104 0.3154 0.2676
vn -0.1602 0.9871 -0.0021
vn -0.0917 0.9956 -0.0196
vn -0.4616 0.8805 0.1083
vn -0.0842 0.9953 -0.0471
vn -0.0459 0.9986 0.0254
vn -0.2292 0.9732 -0.0196
vn -0.1938 0.9807 0.0268
vn -0.1295 0.9913 0.0243
vn 0.0018 1.0000 -0.0084
vn -0.7074 0.6609 0.2506
vn -0.9250 -0.0030 0.3801
vn -0.0256 0.9989 0.0400
vn -0.9171 -0.0049 0.3987
vn -0.6740 0.6700 0.3112
vn -0.0370 0.9992 0.0152
vn -0.1007 0.9939 0.0443
vn 0.0122 0.9999 -0.0021
vn 0.0077 0.9991 0.0411
vn 0.0115 0.9398 -0.3416
vn 0.0026 0.9918 -0.1279
vn 0.0121 0.9999 -0.0016
vn 0.0099 0.9998 0.0154
vn 0.0225 0.9997 0.0059
vn 0.0285 0.9995 0.0156
vn 0.0277 0.9994 0.0198
vn 0.0126 0.9995 0.0306
vn -0.0703 0.9974 0.0167
vn 0.0291 0.9995 0.0135
vn 0.0154 0.9998 0.0150
vn 0.0240 0.9997 -0.0026
vn 0.0195 0.9996 0.0223
vn 0.0244 0.9997 -0.0023
vn 0.0283 0.9995 -0.0148
vn 0.0207 0.9997 0.0106
vn 0.0161 0.9999 -0.0021
vn 0.0263 0.9995 -0.0180
vn 0.0263 0.9996 -0.0113
vn 0.0210 0.9998 -0.0015
vn -0.7404 0.5897 0.3224
vn -0.8546 0.4570 0.2466
vn -0.1117 0.9935 0.0224
vn -0.0243 0.9993 0.0287
vn -0.0055 0.9996 0.0290
vn -0.1432 0.9888 0.0411
vn 0.0095 0.9990 0.0431
vn -0.0167 0.9973 0.0711
vn -0.0235 0.9996 0.0138
vn 0.0222 0.9998 0.0019
vn -0.0264 0.9997 0.0014
vn -0.0101 0.9991 -0.0420
vn 0.0103 0.9993 0.0358
vn 0.0898 0.9843 -0.1523
vn 0.0059 0.9922 0.1241
vn -0.0161 0.9994 0.0297
vn -0.3512 0.5385 -0.7660
vn 0.0170 0.9996 0.0229
vn -0.0158 0.9991 0.0386
vn 0.0112 0.9985 0.0536
vn -0.0953 0.9937 0.0584
vn -0.5761 0.7978 0.1776
vn -0.2920 0.9518 0.0942
vn -0.1534 0.9872 0.0428
vn -0.6885 0.7228 0.0603
vn -0.6883 0.7241 0.0440
vn -0.6246 0.7794 0.0491
vn 0.0055 1.0000 -0.0025
vn 0.0148 0.9998 -0.0117
vn -0.0694 0.9976 0.0015
vn -0.4904 0.8711 0.0271
vn -0.4632 0.8858 0.0291
vn -0.9347 0.3501 0.0618
vn -0.9871 0.1451 0.0672
vn -0.9396 0.3303 0.0892
vn -0.0311 0.9991 0.0305
vn 0.0667 0.9949 -0.0754
vn -0.0924 0.9956 0.0145
vn -0.0386 0.9985 0.0384
vn -0.5311 0.8426 0.0894
vn -0.5236 0.8503 0.0525
vn -0.9588 0.2547 0.1262
vn -0.9730 0.1819 0.1421
vn -0.8546 0.5034 0.1273
vn 0.0186 0.9998 -0.0071
vn -0.0482 0.9988 -0.0019
vn -0.0436 0.9950 0.0904
vn 0.1632 0.9780 0.1299
vn -0.0441 0.9990 0.0099
vn -0.0544 0.9985 -0.0023
vn -0.5302 0.8438 0.0834
vn -0.2810 0.9579 0.0584
vn -0.0243 0.9997 -0.0028
vn -0.0527 0.9986 0.0095
vn 0.1166 0.9848 0.1289
vn 0.0236 0.9993 -0.0276
vn 0.0033 1.0000 -0.0084
vn 0.0400 0.9946 0.0957
vn -0.1038 0.9946 -0.0083
vn -0.0338 0.9994 0.0010
vn -0.0150 0.9995 -0.0264
vn -0.0049 0.9997 -0.0259
vn -0.5822 0.8063 -0.1044
vn -0.9905 0.0870 -0.1068
vn -0.9895 0.1028 -0.1016
vn -0.8193 0.0296 -0.5726
vn -0.9221 0.3865 -0.0186
vn -0.8030 0.2891 -0.5212
vn -0.4509 0.7775 -0.4384
vn -0.3086 0.9511 -0.0107
vn -0.6526 0.7575 -0.0171
vn -0.3971 0.9178 0.0015
vn -0.8918 0.4481 -0.0628
vn -0.8948 0.4454 -0.0312
vn -0.9915 0.1277 -0.0263
vn -0.9611 0.2753 -0.0236
vn -0.9904 0.1336 -0.0355
vn -0.6192 0.7848 -0.0241
vn -0.8125 0.5824 -0.0252
vn -0.2715 0.9622 -0.0223
vn -0.4065 0.9128 -0.0390
vn -0.0757 0.8393 -0.5384
vn -0.0913 0.9948 -0.0461
vn -0.1483 0.9881 0.0411
vn 0.0953 0.9931 -0.0688
vn -0.3904 0.8908 0.2325
vn -0.9393 0.3304 0.0924
vn -0.6629 0.7486 0.0138
vn -0.9756 0.2115 0.0596
vn -0.9926 0.1213 0.0097
vn -0.9953 0.0892 0.0371
vn -0.9890 0.1399 -0.0485
vn -0.9276 0.3735 0.0060
vn -0.7636 0.6457 0.0080
vn -0.8560 0.4853 -0.1780
vn -0.7989 0.4704 0.3748
vn -0.7440 0.6574 0.1194
vn -0.6040 0.7882 -0.1180
vn -0.3866 0.9212 0.0441
vn -0.3296 0.9283 0.1723
vn -0.2700 0.9611 -0.0575
vn 0.0517 0.9979 -0.0379
vn -0.5121 0.8581 0.0383
vn -0.0925 0.9957 -0.0096
vn 0.2610 0.9227 0.2838
vn 0.1389 0.9900 0.0259
vn -0.9807 0.1895 0.0477
vn -0.9893 0.1373 0.0497
vn -0.9983 0.0413 0.0411
vn -0.9353 0.3504 0.0496
vn -0.6386 0.7664 0.0692
vn -0.4443 0.8950 0.0386
vn -0.9103 0.4090 0.0637
vn -0.4467 0.8941 0.0316
vn 0.0638 0.9974 0.0338
vn -0.0700 0.9969 0.0369
vn -0.9713 0.2360 0.0286
vn -0.8959 0.4245 0.1309
vn -0.5896 0.8075 0.0141
vn -0.5497 0.8303 0.0917
vn -0.9129 0.4075 0.0238
vn -0.9222 0.3745 0.0959
vn -0.9949 -0.0111 0.1004
vn -0.6446 0.7613 0.0698
vn -0.5326 0.8463 0.0114
vn -0.2242 0.9726 0.0608
vn -0.2407 0.9699 0.0373
vn 0.3757 0.9267 0.0093
vn -0.3858 0.9190 0.0810
vn -0.9086 0.4062 0.0966
vn -0.4052 0.9124 0.0571
vn -0.9175 0.3809 0.1143
vn -0.9681 0.2225 0.1156
vn -0.9708 0.2147 0.1070
vn -0.5623 0.8245 0.0627
vn -0.5001 0.8594 0.1068
vn 0.4376 0.8991 -0.0066
vn -0.9836 0.0398 0.1757
vn -0.8266 0.5384 0.1640
vn -0.9678 0.1632 0.1918
vn -0.4478 0.8898 0.0877
vn -0.2792 0.9584 0.0590
vn -0.9412 0.2458 0.2317
vn -0.9756 0.0024 0.2194
vn -0.7002 0.6925 0.1737
vn -0.4128 0.9053 0.1005
vn -0.1223 0.9921 -0.0270
vn -0.0112 0.9993 0.0346
vn -0.0804 0.9966 -0.0176
vn -0.0005 0.9965 0.0840
vn -0.4630 0.8804 0.1030
vn -0.8987 0.3736 0.2297
vn -0.9026 0.3567 0.2410
vn -0.0937 0.9907 0.0990
vn -0.6852 0.6648 0.2975
vn 0.0022 0.8002 -0.5997
vn -0.0522 0.9986 -0.0067
vn 0.2413 0.9700 0.0278
vn -0.0397 0.7514 -0.6587
vn -0.2083 0.9777 0.0284
vn -0.4455 0.8827 -0.1492
vn -0.3768 0.9263 0.0002
vn 0.0137 0.9410 -0.3382
vn -0.0610 0.9796 -0.1916
vn -0.0474 0.5591 -0.8277
vn 0.2813 0.9594 -0.0219
vn 0.2517 0.9662 -0.0557
vn 0.2962 0.9545 0.0354
vn 0.1425 0.9866 -0.0793
vn -0.0025 1.0000 0.0083
vn 0.1643 0.9863 0.0165
vn 0.0152 0.9996 0.0258
vn -0.1464 0.9890 -0.0204
vn -0.0302 0.9995 -0.0131
vn -0.2051 0.9785 -0.0236
vn -0.0167 0.9999 0.0001
vn -0.0300 0.9984 -0.0482
vn -0.0091 0.9999 -0.0133
vn -0.0375 0.9110 -0.4107
vn 0.1271 0.9280 0.3502
vn 0.2377 0.9654 0.1072
vn 0.4108 0.8958 -0.1694
vn 0.3223 0.9465 -0.0163
vn -0.0206 0.9892 0.1453
vn 0.0249 0.9765 -0.2139
vn -0.3362 0.9413 -0.0313
vn -0.0738 0.9973 0.0053
vn -0.3053 0.9326 0.1923
vn -0.2704 0.9627 -0.0032
vn -0.2773 0.9602 0.0324
vn 0.0111 0.9999 0.0001
vn -0.0160 0.9999 0.0063
vn -0.0384 0.9987 0.0332
vn 0.5039 0.8637 0.0107
vn 0.3400 0.9401 -0.0234
vn -0.2131 0.9764 0.0352
vn 0.1250 0.9921 0.0038
vn -0.4264 0.9019 0.0686
vn 0.4532 0.8867 0.0913
vn 0.5267 0.8498 -0.0218
vn 0.6498 0.7550 -0.0875
vn 0.5967 0.7333 0.3259
vn 0.6536 0.7479 -0.1159
vn 0.5421 0.8159 -0.2011
vn 0.6359 0.7713 -0.0268
vn -0.6159 0.7761 0.1354
vn -0.6612 0.7479 -0.0587
vn 0.6675 0.7391 0.0904
vn 0.5267 0.8255 0.2028
vn -0.6068 0.6787 0.4137
vn -0.7478 0.6615 0.0567
vn 0.7027 0.7099 -0.0485
vn -0.3355 0.9420 0.0022
vn -0.5171 0.8542 0.0538
vn 0.0582 0.9770 0.2053
vn -0.4453 0.8951 0.0245
vn 0.2305 0.9145 0.3325
vn 0.5414 0.7320 0.4137
vn 0.7332 0.6368 0.2386
vn 0.4361 0.8590 0.2683
vn 0.4131 0.9107 -0.0034
vn 0.4604 0.8876 -0.0149
vn -0.6875 0.7258 0.0232
vn -0.7582 0.6469 0.0812
vn -0.8565 0.5133 0.0536
vn -0.6467 0.7602 0.0631
vn -0.8685 0.4942 0.0380
vn -0.6785 0.7328 0.0515
vn -0.9015 0.4177 0.1133
vn -0.0443 0.9990 0.0088
vn -0.5649 0.8213 0.0796
vn -0.9403 0.3332 0.0695
vn -0.0077 1.0000 -0.0036
vn -0.0093 0.9999 0.0079
vn -0.0066 1.0000 0.0004
vn 0.2583 0.9658 -0.0216
vn 0.1685 0.9857 -0.0044
vn 0.4044 0.9146 -0.0013
vn 0.3453 0.9384 -0.0106
vn -0.7563 0.6536 0.0278
vn 0.4154 0.9096 -0.0020
vn -0.0953 0.9954 -0.0007
vn 0.3764 0.9252 -0.0476
vn 0.7632 0.6374 -0.1059
vn 0.5409 0.8371 -0.0819
vn 0.8306 0.5357 -0.1517
vn -0.7117 0.7024 0.0093
vn -0.7525 0.6559 0.0598
vn 0.0386 0.9989 -0.0251
vn 0.4111 0.9018 -0.1330
vn -0.9717 0.2321 0.0437
vn -0.8861 0.4584 0.0685
vn -0.9332 0.3564 0.0469
vn -0.5589 0.8280 0.0453
vn -0.6763 0.7280 0.1124
vn -0.6869 0.7251 0.0494
vn -0.9658 0.2576 -0.0283
vn -0.3388 0.9401 0.0379
vn -0.5129 0.8526 0.1004
vn -0.0116 0.9999 0.0071
vn -0.8408 0.5127 0.1738
vn -0.5811 0.8093 0.0863
vn -0.9630 0.1564 0.2195
vn -0.2736 0.9586 0.0786
vn -0.3995 0.9099 0.1118
vn -0.5760 0.8044 0.1455
vn 0.3335 0.9415 -0.0478
vn 0.4079 0.9109 -0.0617
vn 0.2171 0.9752 -0.0426
vn 0.4103 0.9117 -0.0208
vn 0.2669 0.9626 -0.0476
vn -0.7118 0.6970 0.0861
vn -0.9022 0.3795 0.2047
vn 0.1447 0.9887 -0.0391
vn 0.1626 0.9852 -0.0538
vn -0.3911 0.9150 0.0989
vn -0.8469 0.5147 0.1337
vn -0.6762 0.7173 0.1682
vn -0.8595 0.4686 0.2040
vn -0.0130 0.9998 0.0129
vn -0.9097 0.3378 0.2417
vn -0.4569 0.8822 0.1139
vn -0.0986 0.9951 0.0002
vn -0.4670 0.8088 0.3573
vn 0.2409 0.9676 -0.0751
vn 0.0767 0.9964 0.0352
vn 0.2524 0.9579 -0.1367
vn -0.7284 0.6473 0.2245
vn 0.2062 0.9774 -0.0457
vn 0.1300 0.9868 -0.0968
vn -0.5854 0.8037 0.1065
vn -0.6345 0.7276 0.2608
vn 0.2150 0.9691 0.1208
vn -0.2794 0.9569 -0.0789
vn -0.6995 0.7042 0.1220
vn 0.1734 0.9845 -0.0249
vn -0.7855 0.6066 0.1223
vn 0.4111 0.9112 0.0267
vn 0.5011 0.8608 -0.0891
vn -0.6385 0.6979 0.3244
vn 0.5043 0.8594 -0.0838
vn -0.0993 0.9130 0.3956
vn 0.4975 0.8342 0.2381
vn -0.8454 0.4865 0.2206
vn -0.5453 0.7897 0.2811
vn 0.0744 0.8975 0.4348
vn -0.6330 0.7094 0.3100
vn -0.2894 0.9536 0.0826
vn -0.5613 0.8154 0.1420
vn -0.9565 -0.0023 0.2918
vn -0.8231 0.2953 0.4851
vn -0.6986 0.5257 0.4855
vn -0.9414 0.1876 0.2803
vn -0.8184 0.5133 0.2584
vn -0.2137 0.7821 0.5854
vn -0.2050 0.4822 0.8517
vn -0.2480 0.8593 0.4474
vn -0.9492 0.0578 0.3095
vn -0.9439 0.1059 0.3127
vn -0.0763 0.8048 0.5886
vn -0.3895 0.9179 -0.0762
vn -0.7905 0.5838 -0.1852
vn -0.9114 0.2447 0.3309
vn -0.8084 0.5867 0.0474
vn 0.2255 0.5969 0.7699
vn -0.1087 0.7494 0.6532
vn -0.4418 0.7289 -0.5230
vn -0.3333 0.8436 -0.4211
vn -0.6125 0.7836 -0.1035
vn -0.8515 0.1708 0.4959
vn -0.8750 -0.0108 0.4840
vn 0.2838 0.6383 0.7156
vn -0.2549 0.9319 0.2581
vn 0.2408 0.5811 0.7774
vn -0.2545 0.9172 -0.3065
vn -0.6253 0.7633 0.1624
vn -0.7980 -0.0128 0.6026
vn 0.0015 0.9860 0.1666
vn -0.2249 0.9725 -0.0614
vn 0.2090 0.7967 0.5671
vn -0.2812 0.8234 -0.4929
vn 0.1673 0.9192 0.3566
vn -0.0536 0.8337 -0.5497
vn -0.0685 0.9269 -0.3691
vn 0.3548 0.8774 0.3229
vn -0.0866 0.9571 -0.2764
vn -0.0484 0.8453 -0.5321
vn -0.0005 0.9829 -0.1839
vn 0.0190 0.9943 -0.1047
vn 0.0116 0.7966 -0.6044
vn 0.0233 0.7738 -0.6330
vn 0.0324 0.9810 -0.1912
vn -0.0058 0.8637 -0.5040
vn 0.0232 0.9993 -0.0305
vn 0.0267 0.9990 -0.0357
vn 0.0170 0.9998 -0.0121
vn 0.1246 0.9922 -0.0103
vn 0.0029 1.0000 -0.0049
vn 0.0704 0.9975 -0.0094
vn -0.0227 0.9997 -0.0028
vn 0.3126 0.9494 0.0310
vn 0.1671 0.9858 0.0175
vn -0.8651 0.4364 0.2472
vn -0.0414 0.9991 0.0094
vn 0.2222 0.9749 0.0114
vn -0.7959 0.5126 0.3222
vn -0.1873 0.9099 0.3700
vn -0.6503 0.7568 0.0654
vn -0.2659 0.8787 -0.3965
vn -0.0046 0.9194 -0.3934
vn 0.1844 0.9720 -0.1455
vn -0.9233 0.3810 0.0486
vn -0.7363 0.6724 -0.0764
vn -0.2718 0.8576 -0.4367
vn -0.7595 0.6101 0.2258
vn -0.0468 0.9801 -0.1928
vn -0.0065 1.0000 0.0020
vn -0.3988 0.9006 -0.1728
vn 0.2944 0.9403 -0.1708
vn -0.2194 0.9455 -0.2408
vn -0.1437 0.9845 -0.1011
vn -0.1881 0.8520 -0.4887
vn -0.4179 0.9057 0.0710
vn 0.5131 0.8552 -0.0736
vn -0.0262 0.9612 -0.2745
vn 0.1575 0.9511 -0.2658
vn 0.2975 0.9461 -0.1279
vn -0.0487 0.9646 0.2591
vn -0.3115 0.9113 0.2692
vn 0.1192 0.9554 -0.2701
vn -0.0780 0.9939 -0.0779
vn -0.1335 0.9200 -0.3685
vn 0.0412 0.9983 -0.0416
vn -0.0578 0.9955 0.0752
vn -0.0264 0.9827 -0.1836
vn -0.0347 0.9950 -0.0936
vn -0.0680 0.9977 0.0079
vn 0.1534 0.9880 0.0202
vn 0.0169 0.8836 -0.4679
vn -0.0120 0.9682 -0.2500
vn 0.2666 0.9631 -0.0380
vn -0.0002 0.9998 -0.0218
vn -0.2691 0.9597 -0.0810
vn 0.0176 0.9775 -0.2100
vn 0.3275 0.9449 0.0033
vn 0.0951 0.9945 -0.0438
vn -0.0359 0.9987 -0.0364
vn -0.1086 0.9936 0.0300
vn -0.0162 0.9998 0.0079
vn 0.0119 0.9996 -0.0251
vn -0.3777 0.9258 -0.0119
vn 0.0161 0.9997 -0.0183
vn 0.3970 0.9149 0.0734
vn 0.2465 0.9677 0.0532
vn 0.3888 0.9209 -0.0281
vn -0.0746 0.9962 -0.0459
vn -0.0635 0.9973 -0.0358
vn -0.2172 0.9721 0.0884
vn -0.0218 0.9968 -0.0771
vn -0.0715 0.9968 -0.0361
vn -0.3694 0.9287 -0.0336
vn -0.1079 0.9916 -0.0714
vn 0.7848 0.6171 -0.0575
vn 0.0099 0.9913 0.1311
vn 0.0368 0.9989 -0.0276
vn -0.2915 0.9542 -0.0672
vn 0.0016 0.9998 -0.0176
vn 0.0092 0.9997 0.0205
vn -0.0009 1.0000 0.0093
vn 0.0560 0.9980 0.0292
vn -0.0103 0.9996 0.0268
vn -0.0123 0.9998 0.0171
vn 0.0684 0.9972 0.0316
vn 0.2621 0.9640 0.0438
vn -0.1331 0.9911 0.0006
vn 0.2678 0.9634 0.0095
vn 0.1099 0.9939 0.0014
vn -0.0277 0.9995 -0.0119
vn -0.2349 0.9715 -0.0302
vn -0.0156 0.9999 -0.0059
vn -0.0189 0.9998 -0.0071
vn -0.1432 0.9896 -0.0097
vn -0.2608 0.9652 -0.0170
vn -0.2824 0.9588 -0.0321
vn 0.1372 0.9904 0.0136
vn -0.0533 0.9985 -0.0114
vn -0.2226 0.9748 -0.0128
vn -0.0275 0.9743 0.2234
vn -0.0428 0.9987 0.0286
vn -0.0238 0.9968 -0.0766
vn -0.0170 0.9998 -0.0040
vn -0.0319 0.9383 0.3443
vn -0.0292 0.9996 -0.0028
vn 0.0100 0.9995 0.0291
vn 0.0569 0.9959 -0.0699
vn -0.0095 0.9514 0.3080
vn 0.0044 0.9996 -0.0271
vn -0.0000 0.9998 -0.0191
vn -0.0075 0.9995 -0.0294
vn -0.0098 0.9963 -0.0853
vn -0.0038 0.9997 -0.0224
vn -0.0095 0.9996 -0.0248
vn -0.0170 0.9998 -0.0086
vn -0.0140 0.9953 0.0956
vn -0.0186 0.9998 -0.0113
vn -0.0203 0.9997 -0.0114
vn -0.0143 0.9999 -0.0000
vn -0.0417 0.9875 0.1520
vn -0.0877 0.9912 -0.0991
vn -0.1444 0.9644 -0.2217
vn -0.1349 0.9269 -0.3501
vn -0.0179 0.9978 -0.0644
vn -0.0421 0.9987 -0.0295
vn -0.0089 0.9972 -0.0746
vn -0.0059 0.9870 0.1608
vn 0.0019 0.9992 -0.0401
vn -0.0097 0.9997 -0.0211
vn -0.0225 0.9991 -0.0346
vn -0.0152 0.9732 -0.2295
vn -0.0163 0.9996 -0.0233
vn -0.0152 0.9995 -0.0274
vn -0.0114 0.9970 -0.0769
vn -0.0199 0.9902 -0.1386
vn -0.0144 0.9888 0.1482
vn -0.0034 1.0000 0.0004
vn -0.0141 0.9999 0.0042
vn 0.0275 0.9935 -0.1107
vn 0.0250 0.9900 0.1391
vn 0.0419 0.9985 0.0351
vn 0.0102 0.9996 0.0250
vn -0.0211 0.9466 -0.3218
vn -0.0236 0.9994 -0.0251
vn 0.2172 0.9757 -0.0296
vn 0.2869 0.9576 -0.0249
vn 0.1055 0.9940 0.0283
vn 0.2036 0.9789 -0.0163
vn -0.0232 0.9994 -0.0257
vn 0.2147 0.9766 -0.0154
vn -0.0067 0.9996 -0.0258
vn -0.0594 0.9980 -0.0194
vn -0.0140 0.9938 -0.1099
vn 0.1839 0.9828 -0.0147
vn 0.1805 0.9835 -0.0089
vn -0.0338 0.9993 -0.0133
vn 0.0232 0.9995 -0.0205
vn -0.2686 0.9629 -0.0257
vn -0.1494 0.9874 -0.0515
vn -0.2271 0.9730 -0.0412
vn 0.2038 0.9790 -0.0067
vn -0.0341 0.9994 -0.0110
vn -0.2899 0.9566 -0.0295
vn 0.3014 0.9532 0.0225
vn 0.1491 0.9888 0.0002
vn -0.0877 0.9960 0.0144
vn -0.2703 0.9627 -0.0108
vn 0.2368 0.9708 0.0384
vn 0.3038 0.9527 0.0085
vn 0.3263 0.9446 0.0360
vn 0.2684 0.9633 0.0040
vn -0.0341 0.9991 -0.0241
vn -0.0847 0.9955 0.0429
vn -0.3724 0.9281 0.0020
vn 0.0120 0.9903 -0.1381
vn 0.2924 0.9561 0.0179
vn 0.2268 0.9723 0.0562
vn 0.0131 0.9642 -0.2647
vn 0.1638 0.9864 0.0144
vn -0.3221 0.9461 0.0350
vn -0.1313 0.9872 0.0901
vn -0.1024 0.9944 -0.0260
vn -0.3500 0.9363 0.0284
vn -0.0217 0.9989 0.0417
vn -0.1004 0.9658 -0.2390
vn 0.0018 0.9843 -0.1764
vn -0.0026 0.8385 -0.5449
vn 0.0020 1.0000 -0.0034
vn -0.0602 0.9969 -0.0515
vn -0.0484 0.9074 -0.4176
vn -0.2744 0.9615 -0.0139
vn -0.2700 0.9622 -0.0349
vn -0.1058 0.9929 -0.0551
vn -0.0069 0.9999 0.0074
vn -0.2683 0.9632 -0.0182
vn 0.0039 0.9998 -0.0185
vn 0.0015 0.9997 -0.0246
vn -0.0078 0.9998 -0.0206
vn 0.0018 0.9876 -0.1573
vn 0.0008 0.9997 -0.0232
vn -0.2043 0.9785 -0.0289
vn -0.0065 0.9997 -0.0217
vn -0.0029 0.9997 -0.0236
vn -0.0041 0.9999 -0.0167
vn -0.0077 0.9996 -0.0275
vn -0.0048 0.9996 -0.0291
vn -0.0031 0.9997 -0.0248
vn -0.0103 0.9999 -0.0114
vn 0.0023 0.9997 -0.0229
vn -0.0023 0.9998 -0.0181
vn -0.0098 0.9999 -0.0050
vn -0.0094 0.9999 -0.0052
vn -0.0142 0.9995 0.0277
vn -0.0108 0.9986 0.0517
vn -0.0055 0.9924 0.1225
vn -0.0102 0.9691 0.2463
vn -0.0242 0.9949 -0.0975
vn -0.0521 0.9782 0.2009
vn -0.0408 0.9992 0.0048
vn -0.0179 0.9966 0.0798
vn -0.0542 0.9981 -0.0302
vn -0.1246 0.9723 -0.1976
vn -0.0611 0.9437 0.3252
vn -0.0089 0.9989 0.0460
vn 0.0976 0.9752 0.1987
vn -0.0388 0.9983 0.0424
vn -0.6436 0.7100 0.2859
vn -0.6467 0.7321 0.2142
vn -0.8996 -0.0079 0.4367
vn -0.9566 -0.0312 0.2897
vn -0.9031 0.0973 0.4182
vn -0.0928 0.9903 0.1033
vn -0.0252 0.9995 -0.0212
vn -0.6340 0.6929 0.3433
vn -0.0193 0.9998 0.0067
vn 0.0169 0.9961 -0.0870
vn -0.0422 0.9853 -0.1653
vn 0.0253 0.9974 -0.0678
vn 0.0176 0.9997 -0.0148
vn -0.8778 -0.0030 0.4790
vn -0.7788 0.4445 0.4426
vn -0.2403 0.9625 0.1256
vn -0.0019 0.9999 0.0099
vn -0.0163 0.9996 0.0240
vn -0.6017 0.7258 0.3333
vn 0.0120 0.9999 0.0078
vn 0.0162 0.9992 -0.0362
vn -0.0014 0.9999 0.0146
vn -0.0552 0.9924 -0.1098
vn 0.0114 0.9999 -0.0125
vn -0.0051 0.9999 -0.0087
vn -0.0237 0.9862 -0.1637
vn -0.0028 1.0000 0.0038
vn -0.0044 0.9988 -0.0478
vn -0.0132 0.9999 -0.0036
vn -0.0053 0.9999 -0.0159
vn -0.0221 0.9995 -0.0212
vn -0.0173 0.9998 0.0029
vn -0.0008 1.0000 -0.0018
vn -0.0202 0.9998 0.0022
vn -0.0249 0.9997 -0.0041
vn -0.0346 0.9990 -0.0283
vn 0.0649 0.9975 0.0265
vn -0.0571 0.9935 0.0989
vn -0.0244 0.9996 0.0112
vn -0.8597 0.0021 0.5108
vn 0.0788 0.9910 0.1085
vn -0.1084 0.9857 0.1288
vn 0.1075 0.9930 -0.0484
vn -0.1481 0.9733 0.1756
vn 0.0700 0.9961 0.0535
vn 0.0087 0.9918 0.1279
vn -0.2996 0.9370 0.1794
vn 0.1081 0.9868 0.1202
vn -0.1253 0.9916 -0.0319
vn -0.1460 0.9785 0.1460
vn -0.3112 0.9008 0.3028
vn -0.2989 0.9011 0.3140
vn 0.1139 0.9931 -0.0292
vn -0.0469 0.9985 -0.0296
vn -0.3403 0.8901 0.3030
vn -0.0527 0.9981 -0.0318
vn -0.0724 0.9973 -0.0154
vn -0.2319 0.9706 0.0652
vn -0.3051 0.9050 0.2965
vn -0.1555 0.9878 -0.0065
vn -0.1475 0.9889 0.0183
vn -0.1657 0.9683 0.1872
vn 0.0309 0.9983 -0.0503
vn 0.0087 0.9997 -0.0241
vn -0.1570 0.9739 0.1640
vn -0.0055 0.9997 0.0240
vn -0.0027 0.9997 -0.0223
vn -0.0058 0.9999 -0.0094
vn -0.0759 0.9927 0.0935
vn -0.8626 0.0261 0.5052
vn -0.7868 0.3724 0.4922
vn -0.3399 0.9149 0.2178
vn -0.0964 0.9953 0.0008
vn 0.0055 1.0000 0.0064
vn -0.8389 0.0002 0.5443
vn -0.0155 0.9994 0.0317
vn -0.0162 0.9996 0.0222
vn -0.0241 0.9996 0.0141
vn -0.0083 1.0000 0.0026
vn -0.7221 0.4590 0.5175
vn -0.5226 0.7850 0.3327
vn -0.0205 0.9996 -0.0213
vn 0.0566 0.9933 -0.1008
vn -0.0380 0.9992 -0.0110
vn -0.0424 0.9991 -0.0040
vn 0.0550 0.9985 -0.0042
vn -0.1621 0.9821 0.0959
vn 0.0015 0.9982 -0.0605
vn -0.0052 0.9972 -0.0752
vn -0.4127 0.8777 0.2435
vn 0.0305 0.9920 -0.1224
vn -0.6411 0.6539 0.4017
vn -0.6273 0.7559 0.1874
vn 0.0019 0.9854 -0.1702
vn -0.8106 -0.1236 0.5724
vn -0.3399 0.9360 0.0915
vn 0.1752 0.9752 -0.1352
vn -0.0252 0.9997 -0.0020
vn -0.0237 0.9997 -0.0084
vn -0.0575 0.9965 0.0605
vn -0.0472 0.9989 -0.0055
vn -0.2064 0.9551 0.2127
vn -0.0312 0.9995 0.0051
vn -0.0299 0.9996 -0.0016
vn -0.0092 1.0000 0.0030
vn -0.0580 0.9968 0.0546
vn 0.0289 0.9995 -0.0099
vn -0.2575 0.9302 0.2616
vn -0.0521 0.9984 0.0216
vn -0.2856 0.9506 0.1216
vn -0.1425 0.9764 0.1622
vn -0.2774 0.9012 0.3330
vn 0.0071 0.9998 0.0178
vn -0.0342 0.9988 0.0341
vn -0.0014 0.9997 -0.0233
vn -0.2894 0.9391 0.1852
vn -0.1978 0.9531 0.2290
vn -0.2941 0.9151 0.2760
vn -0.1982 0.9549 0.2209
vn -0.0394 0.9992 -0.0120
vn 0.0315 0.9983 -0.0489
vn 0.0601 0.9979 0.0261
vn -0.0231 0.9995 -0.0192
vn -0.2122 0.9520 0.2208
vn -0.0321 0.9990 0.0319
vn -0.0372 0.9992 0.0111
vn -0.0299 0.9995 0.0061
vn -0.0188 0.9998 -0.0090
vn -0.0256 0.9997 0.0037
vn -0.1900 0.9689 0.1584
vn -0.2726 0.8902 0.3650
vn -0.1863 0.9605 0.2069
vn -0.0117 0.9999 -0.0067
vn -0.0718 0.9904 0.1178
vn -0.3350 0.8624 0.3796
vn -0.2783 0.9416 0.1896
vn -0.8025 -0.0017 0.5966
vn -0.6576 0.5540 0.5105
vn -0.0381 0.9990 0.0214
vn -0.0232 0.9996 0.0157
vn -0.0343 0.9992 0.0201
vn -0.0230 0.9997 0.0057
vn -0.0186 0.9998 0.0104
vn -0.0093 0.9998 0.0181
vn -0.7154 0.3782 0.5875
vn -0.3024 0.9195 0.2510
vn -0.0015 1.0000 0.0073
vn -0.8823 0.0325 0.4695
vn -0.5067 0.4098 0.7585
vn -0.7819 0.0642 0.6200
vn -0.9064 0.0476 0.4197
vn -0.7862 -0.3023 0.5390
vn -0.8544 -0.1456 0.4989
vn -0.8143 0.1647 0.5566
vn -0.4270 0.8282 0.3629
vn -0.8887 0.0647 0.4538
vn -0.8888 0.1077 0.4455
vn -0.8193 0.3911 0.4192
vn -0.6996 0.4414 0.5619
vn -0.8793 0.4589 0.1272
vn -0.3763 0.8283 0.4151
vn -0.9034 0.4247 0.0590
vn -0.3455 0.9343 0.0874
vn -0.8946 0.1226 0.4297
vn -0.8986 0.4368 0.0407
vn -0.5842 0.7549 -0.2979
vn -0.5394 0.7484 -0.3859
vn -0.2914 0.9555 0.0466
vn -0.5728 0.7385 0.3557
vn 0.1772 0.9774 -0.1151
vn -0.2458 0.9243 0.2919
vn 0.0045 1.0000 -0.0017
vn -0.0146 0.9998 0.0116
vn 0.1454 0.9840 -0.1025
vn -0.4165 0.8655 0.2785
vn -0.1709 0.9853 0.0007
vn -0.2920 0.9415 0.1684
vn -0.8193 0.2435 0.5190
vn -0.6250 0.6354 0.4535
vn -0.0716 0.9712 0.2273
vn -0.5459 0.7507 0.3721
vn -0.1835 0.9722 0.1457
vn -0.7731 0.3740 0.5123
vn -0.1519 0.9739 0.1689
vn -0.1194 0.9835 0.1358
vn -0.0130 0.9996 0.0252
vn -0.0141 0.9998 0.0159
vn -0.1119 0.9852 0.1301
vn -0.0074 0.9999 0.0124
vn -0.0255 0.9996 0.0101
vn -0.4433 0.8422 0.3069
vn -0.0923 0.9947 0.0449
vn -0.0871 0.9953 0.0427
vn -0.0281 0.9996 0.0092
vn -0.0236 0.9997 0.0102
vn -0.0103 0.9999 0.0095
vn -0.0188 0.9998 0.0057
vn -0.1039 0.9877 0.1169
vn 0.0408 0.9991 0.0075
vn -0.0122 0.9999 -0.0092
vn -0.0084 0.9999 0.0119
vn -0.0258 0.9993 0.0270
vn -0.0513 0.9972 0.0550
vn -0.0486 0.9982 0.0349
vn -0.0118 0.9999 0.0051
vn -0.7647 0.0023 0.6444
vn -0.7206 0.2241 0.6561
vn -0.0773 0.9960 -0.0451
vn -0.0442 0.9987 0.0260
vn -0.4274 0.8251 0.3694
vn -0.0823 0.9963 0.0226
vn -0.2842 0.9570 -0.0576
vn -0.7275 0.0036 0.6861
vn -0.0252 0.9996 0.0092
vn -0.0331 0.9978 0.0567
vn -0.0182 0.9996 0.0204
vn -0.0498 0.9984 0.0256
vn -0.1026 0.9890 -0.1064
vn -0.0273 0.9982 0.0527
vn -0.1018 0.9815 0.1622
vn 0.0411 0.9991 -0.0097
vn -0.4338 0.7882 0.4367
vn -0.6725 0.0050 0.7401
vn -0.6652 0.2425 0.7062
vn -0.3563 0.8530 0.3814
vn -0.0385 0.9981 0.0473
vn -0.0100 0.9990 0.0433
vn -0.8407 0.3126 0.4421
vn -0.5364 0.8144 0.2215
vn -0.8610 0.1040 0.4978
vn -0.1560 0.9876 0.0171
vn -0.3161 0.9291 0.1918
vn -0.7274 0.4392 0.5273
vn -0.3957 0.8389 0.3737
vn -0.8455 0.0514 0.5315
vn -0.8345 0.2286 0.5013
vn -0.5021 0.7808 0.3717
vn -0.1626 0.9592 0.2311
vn -0.6667 0.6447 0.3739
vn -0.1882 0.9736 0.1290
vn -0.4669 0.8826 0.0554
vn -0.6645 0.5186 0.5380
vn -0.3224 0.8269 0.4607
vn -0.1125 0.8338 0.5405
vn -0.2245 0.8492 0.4779
vn 0.0736 0.9963 -0.0443
vn 0.2996 0.9482 -0.1058
vn 0.0491 0.9979 -0.0415
vn -0.3115 0.9218 0.2310
vn -0.1219 0.9909 0.0570
vn 0.1270 0.9913 -0.0337
vn -0.6223 0.7243 0.2968
vn -0.0427 0.9990 0.0146
vn -0.0583 0.9832 -0.1731
vn -0.0551 0.9740 -0.2197
vn -0.1144 0.9913 0.0656
vn 0.2418 0.9652 -0.0998
vn -0.0376 0.9980 0.0511
vn -0.0534 0.9968 -0.0588
vn -0.0323 0.9993 0.0207
vn -0.1942 0.9801 -0.0411
vn -0.1971 0.9757 0.0953
vn -0.0321 0.9984 0.0469
vn 0.0267 0.9991 -0.0342
vn 0.0831 0.9959 -0.0346
vn -0.0659 0.9794 0.1909
vn -0.0493 0.9970 0.0600
vn -0.0632 0.9980 -0.0034
vn -0.0829 0.9900 0.1144
vn 0.0263 0.9993 0.0279
vn -0.0342 0.9973 0.0649
vn -0.1025 0.9945 -0.0201
vn -0.1184 0.9887 0.0915
vn -0.0415 0.9987 -0.0292
vn -0.0565 0.9983 0.0155
vn -0.0264 0.9994 0.0232
vn -0.0163 0.9998 0.0115
vn -0.0183 0.9987 0.0469
vn -0.0493 0.9979 0.0413
vn -0.0474 0.9971 0.0594
vn -0.1148 0.9835 -0.1396
vn -0.0146 0.9998 0.0135
vn -0.0286 0.9996 -0.0087
vn -0.0375 0.9990 -0.0252
vn -0.2010 0.9695 0.1401
vn -0.0511 0.9954 0.0811
vn -0.0136 0.9999 -0.0080
vn -0.0266 0.9992 -0.0288
vn -0.0842 0.9956 0.0423
vn -0.0206 0.9865 0.1627
vn -0.8307 0.2408 0.5019
vn -0.6689 0.6608 0.3404
vn -0.6737 0.6131 0.4126
vn -0.6956 0.6342 0.3377
vn -0.4759 0.6718 0.5676
vn -0.4918 0.8453 0.2086
vn -0.7483 0.3578 0.5586
vn -0.1427 0.8762 0.4603
vn -0.0818 0.8979 0.4326
vn -0.3110 0.9476 0.0733
vn -0.8059 0.2337 0.5440
vn -0.6855 0.6301 0.3649
vn -0.3953 0.7985 0.4541
vn -0.1619 0.9690 0.1866
vn 0.0023 0.8561 0.5168
vn -0.2049 0.8840 0.4202
vn -0.8196 0.0030 0.5730
vn -0.4997 0.8173 0.2868
vn -0.3133 0.8557 0.4118
vn -0.4475 0.8671 0.2189
vn -0.2408 0.9489 0.2038
vn -0.6209 0.7410 0.2556
vn -0.5591 0.8256 0.0768
vn -0.4317 0.8735 0.2249
vn -0.6192 0.6987 0.3582
vn -0.6556 0.7284 0.1990
vn -0.8113 0.1162 0.5729
vn -0.7450 0.4191 0.5189
vn -0.6898 0.6292 0.3581
vn -0.5819 0.8019 0.1352
vn -0.6758 0.4459 0.5868
vn -0.4987 0.8364 0.2274
vn -0.4187 0.8920 0.1703
vn -0.6376 0.7342 0.2331
vn -0.7699 0.2478 0.5881
vn -0.4638 0.8185 0.3390
vn -0.5798 0.6350 0.5105
vn -0.1649 0.9780 0.1279
vn -0.2539 0.9550 0.1532
vn -0.0251 0.9991 -0.0352
vn -0.0070 0.9996 -0.0255
vn -0.0202 0.9983 0.0550
vn -0.1993 0.9620 0.1866
vn -0.0277 0.9984 -0.0494
vn -0.0028 0.9985 0.0542
vn 0.0685 0.9952 0.0696
vn -0.0345 0.9993 0.0170
vn -0.0274 0.9977 0.0620
vn -0.0159 0.9945 -0.1034
vn -0.0285 0.9989 0.0370
vn 0.0187 0.9998 -0.0113
vn 0.0011 0.9990 -0.0454
vn 0.1328 0.9911 0.0002
vn -0.0174 0.9968 0.0775
vn 0.0408 0.9867 0.1573
vn -0.0604 0.9981 0.0130
vn -0.0776 0.9664 0.2450
vn -0.0950 0.9952 -0.0223
vn -0.3362 0.8916 0.3034
vn -0.0042 1.0000 0.0003
vn -0.0160 0.9998 0.0107
vn 0.0853 0.9958 0.0332
vn 0.2035 0.9777 0.0515
vn 0.0453 0.9978 -0.0486
vn 0.0382 0.9962 0.0783
vn 0.0063 1.0000 -0.0045
vn 0.0124 0.9998 0.0152
vn 0.1041 0.9944 -0.0208
vn 0.2317 0.9697 0.0774
vn 0.0058 0.9997 0.0255
vn -0.0357 0.9983 -0.0465
vn 0.0459 0.9952 0.0859
vn -0.0230 0.9997 -0.0026
vn 0.0557 0.9957 0.0745
vn -0.0107 0.9999 0.0003
vn 0.3502 0.9183 0.1846
vn 0.1601 0.9824 0.0963
vn -0.0026 1.0000 0.0054
vn -0.0367 0.9984 0.0424
vn -0.0029 0.9997 0.0255
vn -0.4716 0.7069 0.5272
vn -0.6181 0.0064 0.7861
vn -0.5667 0.4531 0.6882
vn -0.0223 0.9993 0.0295
vn 0.0074 0.9991 0.0421
vn -0.1153 0.9875 0.1076
vn 0.0013 0.9995 0.0303
vn -0.1581 0.9658 0.2057
vn 0.0055 0.9998 0.0207
vn 0.0036 0.9995 0.0309
vn -0.5548 0.3200 0.7679
vn 0.0154 0.9999 -0.0006
vn -0.0037 0.9999 -0.0127
vn -0.3957 0.7814 0.4826
vn 0.0493 0.9971 -0.0588
vn -0.0150 0.9997 0.0210
vn -0.0085 1.0000 0.0051
vn -0.0231 0.9978 -0.0617
vn -0.0309 0.9966 0.0765
vn -0.0451 0.9974 0.0555
vn -0.0447 0.9990 -0.0070
vn -0.0323 0.9995 0.0012
vn -0.0450 0.9987 -0.0239
vn -0.0240 0.9988 0.0416
vn -0.0287 0.9886 -0.1476
vn -0.0575 0.9971 -0.0499
vn -0.0495 0.9988 -0.0029
vn -0.0253 0.9996 0.0098
vn -0.0266 0.9975 0.0649
vn -0.0480 0.9985 0.0277
vn -0.0403 0.9905 0.1318
vn -0.0412 0.9947 -0.0945
vn 0.0021 0.9984 0.0559
vn -0.0455 0.9976 0.0530
vn -0.0166 0.9995 -0.0256
vn -0.0149 0.9977 0.0665
vn -0.0137 0.9914 -0.1300
vn -0.0405 0.9991 0.0111
vn -0.0389 0.9941 0.1014
vn -0.0085 0.9997 -0.0225
vn -0.0185 0.9998 0.0044
vn -0.0441 0.9990 -0.0092
vn -0.0391 0.9992 -0.0071
vn -0.0375 0.9988 -0.0314
vn -0.0266 0.9996 0.0127
vn -0.0258 0.9983 0.0513
vn -0.0235 0.9997 0.0019
vn -0.0166 0.9828 -0.1841
vn -0.0413 0.9990 -0.0143
vn -0.0565 0.9981 0.0245
vn -0.0429 0.9976 0.0549
vn -0.0459 0.9982 0.0388
vn -0.0380 0.9777 0.2067
vn -0.0166 0.9987 0.0483
vn -0.0317 0.9990 0.0310
vn -0.0204 0.9989 0.0431
vn -0.0005 0.9999 0.0142
vn -0.0190 0.9994 0.0300
vn -0.0176 0.9994 0.0313
vn 0.1307 0.9787 -0.1581
vn -0.0386 0.9990 0.0225
vn -0.0104 0.9999 -0.0045
vn -0.3915 0.7296 0.5608
vn -0.2094 0.9373 0.2786
vn -0.0865 0.9946 0.0571
vn -0.0343 0.9972 0.0665
vn -0.1984 0.9334 0.2992
vn 0.0760 0.9951 0.0629
vn -0.1013 0.9739 0.2031
vn 0.0695 0.9951 0.0697
vn -0.1541 0.8911 0.4268
vn -0.0343 0.9953 0.0902
vn -0.0389 0.9861 0.1613
vn -0.0205 0.9939 -0.1086
vn -0.1096 0.9778 0.1789
vn -0.1039 0.9711 0.2150
vn -0.0572 0.9698 0.2370
vn -0.0342 0.9918 0.1230
vn -0.0504 0.9873 0.1509
vn -0.0191 0.9898 0.1413
vn -0.6467 0.6199 0.4444
vn -0.7945 0.1608 0.5856
vn -0.5563 0.7127 0.4274
vn -0.5353 0.6340 0.5581
vn -0.4747 0.5649 0.6750
vn -0.7206 0.2613 0.6423
vn -0.5034 0.8035 0.3179
vn -0.1062 0.7654 0.6348
vn -0.0932 0.7504 0.6544
vn -0.5898 0.6643 0.4592
vn -0.7579 0.4832 0.4384
vn -0.5937 0.6622 0.4572
vn -0.1857 0.7687 0.6120
vn -0.1698 0.8693 0.4643
vn -0.7534 -0.0135 0.6574
vn -0.4522 0.8391 0.3024
vn -0.4810 0.8164 0.3196
vn -0.3551 0.8426 0.4049
vn -0.5138 0.6096 0.6037
vn -0.4808 0.8241 0.2995
vn -0.7050 0.4591 0.5405
vn -0.1752 0.8958 0.4084
vn -0.2139 0.8623 0.4591
vn -0.7083 0.2501 0.6601
vn -0.4501 0.8670 0.2137
vn -0.3465 0.9007 0.2619
vn -0.3461 0.8141 0.4664
vn -0.3195 0.9385 0.1306
vn -0.1547 0.9637 0.2176
vn -0.6304 0.5222 0.5744
vn -0.6870 0.2942 0.6644
vn -0.6645 0.1830 0.7245
vn -0.2996 0.9151 0.2697
vn -0.3617 0.8744 0.3235
vn -0.3873 0.9099 0.1487
vn -0.3250 0.8358 0.4424
vn -0.2456 0.8931 0.3769
vn -0.7252 0.0510 0.6867
vn -0.5267 0.5413 0.6555
vn -0.3519 0.8955 0.2726
vn -0.1834 0.9640 0.1927
vn -0.0710 0.9900 0.1222
vn -0.2634 0.9555 0.1328
vn -0.5530 0.4965 0.6691
vn -0.1489 0.7768 0.6119
vn 0.0528 0.9272 0.3708
vn -0.2108 0.9498 0.2311
vn 0.0443 0.9962 0.0751
vn 0.0495 0.9937 0.1004
vn -0.7187 0.1187 0.6851
vn -0.1016 0.8854 0.4537
vn -0.0895 0.9322 0.3508
vn -0.1054 0.9294 0.3537
vn -0.5473 0.6264 0.5551
vn -0.3497 0.9122 0.2134
vn -0.2760 0.9157 0.2920
vn -0.0505 0.9609 0.2722
vn -0.3022 0.9255 0.2283
vn -0.5816 0.5221 0.6238
vn 0.0209 0.9956 0.0917
vn -0.0241 0.9889 0.1463
vn -0.0409 0.9225 0.3839
vn -0.3327 0.9380 0.0972
vn -0.3278 0.9331 0.1476
vn -0.1078 0.9700 0.2180
vn -0.7220 0.2322 0.6518
vn -0.6865 0.1964 0.7001
vn -0.6896 0.5781 0.4361
vn -0.4458 0.8476 0.2879
vn -0.1047 0.9632 0.2474
vn -0.0158 0.9995 0.0267
vn -0.1584 0.9670 0.1994
vn -0.4646 0.6898 0.5553
vn -0.0035 0.9990 0.0453
vn -0.4346 0.8002 0.4134
vn -0.4409 0.7859 0.4335
vn -0.0963 0.9788 0.1809
vn -0.4037 0.7623 0.5059
vn -0.0078 0.9991 0.0417
vn -0.0590 0.9928 0.1046
vn -0.4502 0.6702 0.5900
vn -0.6078 0.3364 0.7193
vn 0.0006 0.9991 0.0429
vn 0.0032 0.9994 0.0333
vn -0.0017 0.9996 0.0274
vn 0.0020 0.9998 0.0211
vn -0.0160 0.9998 0.0105
vn -0.0096 0.9999 0.0116
vn -0.0184 0.9998 -0.0058
vn -0.2647 0.9070 0.3276
vn -0.0038 0.9985 -0.0538
vn -0.5762 0.0034 0.8173
vn -0.5023 0.5041 0.7025
vn 0.0385 0.9945 -0.0974
vn -0.2473 0.8979 0.3642
vn -0.0200 0.9998 0.0047
vn 0.0237 0.9984 -0.0511
vn -0.5494 0.0076 0.8355
vn -0.0337 0.9994 0.0065
vn 0.0188 0.9982 -0.0568
vn -0.0431 0.9973 0.0593
vn -0.0147 0.9998 0.0165
vn -0.2661 0.8810 0.3912
vn -0.0229 0.9996 0.0188
vn -0.0010 1.0000 0.0045
vn -0.0159 0.9997 -0.0191
vn -0.4391 0.5797 0.6864
vn -0.4188 0.5830 0.6962
vn -0.0578 0.9919 0.1130
vn -0.0253 0.9997 -0.0009
vn -0.0163 0.9998 0.0097
vn -0.0279 0.9987 -0.0420
vn -0.0095 0.9998 -0.0153
vn -0.0095 0.9988 -0.0473
vn -0.0181 0.9998 -0.0000
vn -0.0111 0.9969 0.0777
vn -0.0247 0.9983 -0.0533
vn -0.0191 0.9927 -0.1194
vn -0.0137 0.9970 0.0767
vn -0.0071 0.9974 0.0711
vn -0.0231 0.9993 0.0302
vn -0.0205 0.9998 0.0033
vn -0.0107 0.9996 -0.0258
vn -0.0046 1.0000 0.0073
vn -0.0179 0.9998 0.0099
vn -0.0207 0.9997 0.0093
vn 0.0040 0.9969 0.0789
vn 0.0028 0.9976 0.0687
vn -0.0087 0.9995 -0.0307
vn -0.0120 0.9989 0.0458
vn -0.0159 0.9996 -0.0214
vn -0.0234 0.9997 -0.0089
vn -0.0180 0.9995 0.0256
vn -0.0159 0.9997 0.0200
vn -0.0055 0.9985 0.0550
vn -0.0043 0.9963 0.0862
vn 0.0038 1.0000 0.0005
vn -0.0140 0.9999 -0.0045
vn -0.0257 0.9993 0.0269
vn -0.0117 0.9992 0.0384
vn -0.0198 0.9977 0.0645
vn 0.0070 0.9999 -0.0154
vn 0.0046 0.9998 0.0169
vn 0.0077 0.9999 -0.0077
vn -0.0006 0.9984 -0.0569
vn -0.0176 0.9989 -0.0438
vn 0.0055 0.9986 -0.0529
vn 0.0102 0.9995 0.0288
vn 0.0193 0.9998 -0.0079
vn 0.0232 0.9994 -0.0240
vn -0.0141 0.9908 0.1347
vn -0.0104 0.9996 0.0244
vn -0.0159 0.9988 -0.0463
vn -0.0061 0.9963 0.0852
vn -0.0013 0.9935 0.1139
vn -0.2899 0.9350 0.2043
vn -0.4190 0.9051 0.0730
vn 0.0264 0.9927 0.1178
vn -0.3374 0.9333 0.1231
vn 0.0948 0.9948 0.0364
vn -0.1076 0.9337 0.3416
vn 0.1478 0.9890 0.0042
vn -0.1930 0.9269 0.3220
vn -0.0029 0.9889 0.1487
vn -0.0907 0.9615 0.2595
vn -0.0014 0.9898 0.1422
vn -0.7059 0.3150 0.6344
vn -0.7271 0.0862 0.6812
vn -0.6575 0.1643 0.7353
vn -0.5451 0.6627 0.5136
vn -0.7281 0.2915 0.6204
vn -0.2301 0.9507 0.2079
vn -0.6636 0.4288 0.6130
vn -0.7354 0.1361 0.6638
vn -0.4252 0.7080 0.5638
vn -0.4731 0.6582 0.5856
vn -0.4631 0.6208 0.6325
vn -0.6583 0.1334 0.7409
vn -0.2877 0.8237 0.4886
vn -0.4954 0.3753 0.7834
vn -0.2286 0.9213 0.3145
vn -0.1007 0.8207 0.5625
vn -0.5885 0.4185 0.6917
vn -0.6454 0.0458 0.7625
vn -0.5694 0.4738 0.6718
vn -0.3416 0.8677 0.3610
vn -0.1660 0.9144 0.3692
vn -0.2810 0.8600 0.4259
vn -0.5227 0.1933 0.8303
vn -0.5351 0.6772 0.5051
vn -0.1672 0.9546 0.2465
vn -0.2178 0.8558 0.4692
vn 0.0071 0.9897 0.1432
vn -0.5963 0.4571 0.6599
vn -0.7541 0.2023 0.6249
vn -0.6876 0.2664 0.6754
vn -0.7826 0.4849 0.3905
vn -0.6680 0.1756 0.7232
vn -0.1075 0.9621 0.2508
vn -0.4673 0.6315 0.6188
vn -0.7797 0.2237 0.5848
vn -0.7173 0.2079 0.6651
vn -0.6599 0.2348 0.7137
vn -0.6260 0.2938 0.7224
vn -0.6919 0.2692 0.6699
vn -0.3551 0.8251 0.4395
vn -0.0097 0.9851 0.1716
vn -0.6775 0.2157 0.7031
vn -0.6416 0.3798 0.6664
vn -0.4088 0.6475 0.6431
vn -0.6115 0.6665 0.4265
vn -0.0517 0.9781 0.2017
vn -0.6641 0.1422 0.7340
vn -0.4030 0.4948 0.7700
vn 0.1007 0.9933 0.0568
vn -0.6119 0.1386 0.7787
vn -0.6307 0.4068 0.6608
vn -0.1277 0.9267 0.3536
vn -0.6525 0.1075 0.7501
vn -0.3312 0.8180 0.4703
vn -0.5115 0.4270 0.7457
vn 0.0025 0.9854 0.1704
vn -0.1782 0.9374 0.2993
vn 0.0306 0.9927 0.1168
vn -0.1069 0.9548 0.2775
vn -0.6337 0.4637 0.6192
vn -0.5469 0.6397 0.5400
vn -0.5034 0.5287 0.6834
vn -0.5556 0.3198 0.7675
vn -0.4318 0.6996 0.5692
vn -0.1401 0.9679 0.2085
vn -0.0604 0.9930 0.1014
vn 0.0008 0.9996 0.0292
vn -0.4374 0.5796 0.6876
vn -0.1082 0.9674 0.2291
vn -0.0358 0.9854 0.1667
vn -0.4499 0.6932 0.5632
vn -0.0987 0.9883 0.1166
vn -0.4826 0.6209 0.6178
vn -0.4626 0.8845 0.0605
vn -0.0718 0.9759 0.2060
vn -0.3535 0.7460 0.5644
vn -0.0003 0.9995 0.0326
vn -0.0074 0.9995 0.0295
vn 0.0010 1.0000 0.0063
vn 0.0075 1.0000 -0.0036
vn 0.0138 0.9997 0.0209
vn 0.1807 0.9786 0.0980
vn -0.0278 0.9996 0.0075
vn 0.1272 0.9883 0.0845
vn -0.1769 0.9823 -0.0617
vn -0.0655 0.9970 -0.0405
vn -0.0213 0.9998 -0.0023
vn 0.0097 1.0000 0.0009
vn -0.0143 0.9998 -0.0144
vn -0.0440 0.9989 -0.0185
vn 0.0168 0.9998 -0.0091
vn -0.0112 0.9995 -0.0297
vn -0.0356 0.9983 -0.0468
vn -0.0361 0.9989 -0.0297
vn -0.5218 0.0069 0.8531
vn -0.0682 0.9769 0.2027
vn -0.4666 0.4485 0.7623
vn -0.2147 0.8894 0.4035
vn -0.0121 0.9999 0.0090
vn -0.4910 0.0048 0.8711
vn -0.4650 0.3648 0.8067
vn -0.0547 0.9868 0.1523
vn -0.0745 0.9939 0.0815
vn -0.1103 0.9939 0.0092
vn -0.2061 0.8672 0.4533
vn -0.3796 0.5054 0.7749
vn -0.4677 0.4300 0.7722
vn -0.0934 0.9926 0.0781
vn -0.0703 0.9972 0.0260
vn -0.1746 0.9491 0.2623
vn -0.0397 0.9991 0.0150
vn -0.4664 0.5815 0.6666
vn -0.0556 0.9979 0.0341
vn -0.1006 0.9931 0.0610
vn -0.0441 0.9987 0.0244
vn -0.0219 0.9930 0.1161
vn -0.2172 0.9374 0.2721
vn 0.0005 0.9993 0.0368
vn 0.0119 0.9998 -0.0137
vn 0.0034 0.9980 -0.0628
vn -0.0167 0.9982 0.0584
vn 0.0046 0.9997 -0.0220
vn 0.0110 0.9999 -0.0099
vn 0.0033 0.9998 -0.0200
vn -0.0037 0.9982 0.0591
vn 0.0093 0.9993 0.0350
vn 0.0064 0.9990 0.0444
vn -0.0130 0.9989 0.0442
vn -0.0006 0.9996 0.0265
vn -0.0148 0.9914 0.1303
vn 0.0374 0.9932 0.1099
vn 0.0194 0.9828 0.1837
vn 0.0076 0.9997 0.0234
vn 0.0152 0.9934 -0.1133
vn 0.0259 0.9921 -0.1231
vn 0.0070 0.9999 0.0135
vn -0.0020 0.9998 0.0189
vn -0.0110 0.9956 0.0930
vn 0.0058 0.9998 -0.0211
vn -0.0171 0.9980 0.0605
vn 0.0059 0.9994 -0.0328
vn -0.0125 0.9999 0.0050
vn 0.0159 0.9996 0.0243
vn 0.0176 0.9919 -0.1255
vn 0.0126 0.9934 0.1136
vn 0.0090 0.9985 -0.0540
vn 0.0123 0.9995 0.0284
vn 0.0194 0.9958 0.0896
vn 0.0223 0.9980 -0.0600
vn 0.0228 0.9995 -0.0218
vn -0.0042 0.9999 -0.0108
vn 0.0041 0.9992 -0.0395
vn 0.0094 0.9999 -0.0036
vn 0.0031 0.9992 -0.0403
vn -0.0172 0.9869 -0.1602
vn 0.0063 0.9985 0.0543
vn 0.0229 0.9967 0.0773
vn 0.0072 0.9922 0.1242
vn -0.0016 0.9907 0.1364
vn -0.0117 0.9996 0.0269
vn -0.0121 0.9969 -0.0779
vn 0.0003 0.9930 0.1185
vn -0.0219 0.9932 -0.1140
vn 0.0050 0.9880 0.1545
vn -0.0136 0.9875 0.1568
vn 0.0955 0.9922 0.0796
vn -0.2274 0.8665 0.4444
vn 0.0428 0.9928 0.1118
vn -0.0635 0.9730 0.2220
vn 0.0073 0.9854 0.1700
vn -0.2548 0.8424 0.4748
vn -0.4684 0.4485 0.7612
vn -0.1284 0.9104 0.3934
vn -0.2202 0.5908 0.7762
vn -0.0040 0.9842 0.1770
vn -0.5261 0.3288 0.7843
vn 0.0596 0.9974 0.0400
vn -0.3277 0.7090 0.6244
vn -0.2287 0.8659 0.4450
vn 0.0430 0.9925 0.1143
vn -0.4298 0.4610 0.7764
vn -0.3070 0.8019 0.5126
vn -0.0329 0.9994 -0.0070
vn -0.0322 0.9995 0.0008
vn -0.2942 0.8217 0.4882
vn -0.2747 0.7632 0.5848
vn -0.0347 0.9991 0.0227
vn -0.3848 0.5327 0.7537
vn -0.3746 0.6780 0.6325
vn -0.1998 0.8902 0.4094
vn -0.0363 0.9992 -0.0138
vn -0.0476 0.9989 0.0022
vn -0.0409 0.9990 -0.0176
vn -0.2330 0.8275 0.5109
vn -0.1771 0.9283 0.3269
vn -0.1914 0.9188 0.3452
vn -0.3627 0.6571 0.6609
vn -0.3536 0.6224 0.6983
vn -0.0263 0.9995 -0.0190
vn -0.0361 0.9987 -0.0366
vn -0.0448 0.9989 -0.0098
vn -0.0220 0.9994 -0.0249
vn -0.0167 0.9975 -0.0685
vn -0.0264 0.9997 -0.0012
vn -0.0016 0.9998 -0.0207
vn -0.0370 0.9991 0.0196
vn -0.0222 0.9988 0.0442
vn -0.0084 0.9998 0.0161
vn -0.4523 0.0039 0.8919
vn -0.4365 0.3411 0.8325
vn -0.1502 0.9761 0.1573
vn -0.0174 0.9619 0.2729
vn 0.0687 0.9948 -0.0756
vn -0.0904 0.9686 0.2316
vn -0.0235 0.9977 -0.0641
vn -0.2447 0.9416 0.2313
vn -0.2221 0.8447 0.4869
vn -0.4469 0.6817 0.5792
vn -0.4085 0.7953 0.4480
vn -0.1191 0.9776 0.1737
vn 0.0034 0.9993 -0.0384
vn -0.3298 0.9265 0.1811
vn -0.1767 0.9786 0.1054
vn -0.0415 0.9773 0.2076
vn -0.2249 0.9524 0.2059
vn 0.0024 0.9989 -0.0463
vn -0.2457 0.9493 0.1961
vn -0.1787 0.9519 0.2490
vn -0.1009 0.9663 0.2369
vn -0.0571 0.9673 0.2471
vn -0.0097 0.9964 0.0844
vn -0.3839 0.6848 0.6194
vn -0.3657 0.7238 0.5852
vn -0.3023 0.7742 0.5561
vn -0.1746 0.9064 0.3846
vn 0.0121 0.9995 -0.0299
vn 0.0396 0.9985 -0.0379
vn -0.3690 0.6340 0.6796
vn -0.2940 0.6857 0.6659
vn -0.4113 0.2586 0.8740
vn -0.1767 0.8500 0.4963
vn -0.4223 0.0083 0.9064
vn -0.4155 0.4477 0.7918
vn -0.2075 0.9181 0.3376
vn -0.2937 0.8168 0.4965
vn -0.2485 0.9048 0.3459
vn -0.1506 0.9320 0.3296
vn -0.0682 0.9693 0.2361
vn -0.0067 0.9859 0.1672
vn 0.0046 1.0000 -0.0031
vn 0.0006 0.9984 -0.0567
vn -0.0105 0.9927 0.1200
vn 0.0071 0.9998 -0.0171
vn -0.0071 0.9997 0.0237
vn 0.0077 0.9993 0.0371
vn 0.0297 0.9950 0.0950
vn 0.1035 0.9945 0.0181
vn 0.0065 0.9976 -0.0687
vn 0.0110 0.9999 0.0098
vn 0.0092 0.9957 -0.0925
vn -0.0323 0.9957 -0.0873
vn 0.0062 1.0000 0.0044
vn 0.0006 0.9993 -0.0368
vn -0.0054 0.9820 -0.1888
vn -0.1010 0.9944 0.0323
vn -0.0050 0.9982 -0.0590
vn -0.0139 0.9956 -0.0923
vn 0.0037 0.9996 -0.0284
vn 0.0007 0.9999 0.0105
vn 0.0002 0.9997 -0.0261
vn 0.0073 0.9943 0.1060
vn 0.0034 0.9998 -0.0172
vn 0.0193 0.9994 -0.0281
vn -0.0034 0.9998 0.0176
vn 0.0125 0.9910 0.1329
vn 0.0036 0.9887 -0.1502
vn 0.0006 0.9999 -0.0169
vn -0.0321 0.9990 -0.0307
vn 0.0041 0.9992 -0.0392
vn 0.0070 0.9950 -0.0992
vn -0.0107 0.9995 0.0306
vn -0.0109 0.9942 0.1070
vn -0.0048 0.9999 0.0161
vn 0.0065 0.9990 0.0447
vn 0.0069 0.9962 -0.0869
vn 0.0036 0.9996 -0.0293
vn 0.0074 0.9931 -0.1170
vn -0.0135 0.9945 -0.1040
vn 0.0012 0.9989 -0.0470
vn -0.0011 0.9996 0.0299
vn -0.0021 0.9998 -0.0183
vn -0.0196 0.9987 -0.0473
vn -0.0098 0.9968 0.0793
vn 0.0222 0.9927 -0.1186
vn -0.0029 0.9974 0.0714
vn -0.0094 0.9916 0.1293
vn -0.0008 0.9926 0.1218
vn -0.0122 0.9934 0.1139
vn 0.0022 0.9813 0.1923
vn -0.0076 1.0000 -0.0034
vn -0.0174 0.9904 0.1370
vn -0.0081 0.9920 0.1260
vn -0.0304 0.9900 0.1377
vn -0.0421 0.9843 0.1714
vn -0.1465 0.9179 0.3689
vn -0.0624 0.9979 0.0197
vn -0.0379 0.9906 0.1318
vn -0.0506 0.9808 0.1884
vn -0.0196 0.9823 0.1863
vn -0.0619 0.9811 0.1834
vn 0.0109 0.9982 0.0593
vn -0.0960 0.9683 0.2304
vn 0.0422 0.9963 0.0742
vn -0.0680 0.9808 0.1825
vn -0.1344 0.9422 0.3068
vn -0.0321 0.9989 0.0340
vn -0.0935 0.9799 0.1759
vn -0.0489 0.9872 0.1521
vn -0.1486 0.8879 0.4354
vn -0.1007 0.9769 0.1887
vn -0.2353 0.8926 0.3846
vn -0.4274 0.7030 0.5685
vn -0.3520 0.5790 0.7355
vn -0.0328 0.9992 0.0245
vn -0.2060 0.8932 0.3996
vn -0.0049 0.9995 -0.0322
vn -0.1690 0.8221 0.5437
vn -0.0512 0.9922 0.1140
vn -0.2020 0.8415 0.5010
vn -0.0699 0.9921 0.1043
vn -0.0066 0.9995 -0.0305
vn -0.0307 0.9985 0.0457
vn -0.0116 0.9999 -0.0070
vn -0.0224 0.9975 0.0675
vn 0.0152 0.9995 -0.0290
vn -0.0116 0.9995 0.0281
vn -0.0349 0.9981 0.0512
vn -0.0221 0.9993 0.0296
vn -0.0044 1.0000 -0.0006
vn -0.0284 0.9978 0.0603
vn -0.0057 0.9995 0.0322
vn 0.0472 0.9972 -0.0582
vn 0.0429 0.9987 -0.0285
vn 0.0224 0.9995 0.0219
vn 0.0121 0.9999 -0.0098
vn 0.0339 0.9994 -0.0073
vn -0.0385 0.9968 0.0702
vn 0.0198 0.9982 0.0567
vn 0.0022 1.0000 0.0028
vn -0.3452 0.7870 0.5113
vn -0.4279 0.2833 0.8583
vn -0.0996 0.9873 0.1236
vn -0.1342 0.9892 0.0581
vn 0.0152 0.8974 0.4409
vn -0.3753 0.0084 0.9269
vn 0.0415 0.9947 0.0943
vn -0.0158 0.9959 0.0896
vn -0.2892 0.7069 0.6455
vn -0.2900 0.3447 0.8928
vn 0.0741 0.9479 0.3097
vn 0.0661 0.9827 0.1732
vn -0.1362 0.8677 0.4781
vn 0.0098 0.9201 0.3915
vn -0.0650 0.9468 0.3151
vn 0.0770 0.9951 -0.0615
vn -0.2595 0.8561 0.4468
vn -0.1261 0.9384 0.3218
vn -0.0216 0.9871 0.1589
vn -0.3464 0.3900 0.8532
vn -0.1277 0.9722 0.1962
vn -0.1483 0.7589 0.6341
vn 0.0368 0.9966 0.0734
vn -0.2989 0.0099 0.9542
vn -0.1802 0.3785 0.9079
vn -0.1113 0.9687 0.2219
vn -0.1173 0.8848 0.4509
vn 0.2596 0.9435 -0.2059
vn -0.0767 0.9727 0.2189
vn -0.0173 0.9992 0.0370
vn -0.0007 0.9993 -0.0363
vn -0.0287 0.9996 0.0020
vn -0.0042 0.9948 -0.1021
vn -0.0218 0.9954 -0.0928
vn -0.0071 0.9997 -0.0212
vn 0.0094 0.9996 0.0269
vn -0.0572 0.9969 -0.0537
vn -0.0302 0.9945 0.1006
vn 0.0064 0.9992 -0.0407
vn 0.0190 0.9980 -0.0609
vn -0.0404 0.9789 -0.2004
vn -0.0478 0.9938 0.1002
vn -0.0525 0.9986 -0.0072
vn 0.0140 0.9999 -0.0067
vn -0.0095 0.9959 -0.0903
vn -0.0158 0.9998 -0.0079
vn -0.0449 0.9936 -0.1032
vn -0.0245 0.9995 -0.0185
vn -0.0412 0.9847 -0.1696
vn -0.0205 0.9983 0.0552
vn -0.0278 0.9992 -0.0303
vn -0.0585 0.9922 -0.1103
vn -0.0335 0.9986 -0.0416
vn -0.0491 0.9982 -0.0339
vn -0.0138 0.9997 -0.0225
vn -0.0300 0.9910 0.1302
vn -0.0126 0.9946 0.1035
vn -0.0078 0.9933 -0.1152
vn -0.2121 0.9716 -0.1053
vn -0.0221 0.9993 0.0285
vn -0.0456 0.9941 -0.0985
vn -0.0121 0.9998 0.0163
vn -0.0184 0.9987 -0.0465
vn -0.0096 0.9999 0.0081
vn -0.0287 0.9842 -0.1747
vn -0.0016 0.9999 -0.0131
vn -0.0007 0.9961 0.0888
vn -0.0076 0.9995 -0.0312
vn 0.0053 0.9980 0.0628
vn -0.0132 0.9980 -0.0615
vn -0.0195 0.9984 -0.0532
vn -0.0260 0.9993 -0.0277
vn -0.0114 0.9998 0.0187
vn -0.0076 0.9997 -0.0252
vn -0.0154 0.9999 0.0029
vn -0.0086 0.9999 -0.0139
vn -0.0262 0.9993 -0.0256
vn -0.0018 0.9973 -0.0732
vn -0.0074 0.9943 0.1062
vn 0.1425 0.9890 0.0406
vn -0.0242 0.9992 0.0329
vn 0.1157 0.9858 0.1216
vn -0.0509 0.9913 0.1213
vn -0.2222 0.9690 0.1082
vn -0.1769 0.9799 0.0919
vn -0.0299 0.9995 -0.0053
vn -0.0187 0.9987 -0.0467
vn -0.0529 0.9911 0.1220
vn -0.1546 0.9819 0.1090
vn 0.0037 0.9935 0.1139
vn -0.0024 0.9953 0.0972
vn -0.0257 0.9982 -0.0537
vn -0.0118 0.9920 0.1258
vn 0.0259 0.9919 0.1241
vn 0.0169 0.9921 0.1243
vn -0.0538 0.9916 0.1176
vn -0.0134 0.9937 0.1112
vn -0.0347 0.9868 0.1580
vn 0.0249 0.9830 0.1819
vn -0.0523 0.9908 0.1247
vn -0.1259 0.9832 0.1325
vn -0.0427 0.9880 0.1482
vn -0.0390 0.9912 0.1267
vn -0.0685 0.9797 0.1886
vn -0.0537 0.9807 0.1882
vn -0.0569 0.9810 0.1856
vn -0.1237 0.9453 0.3019
vn -0.0401 0.9834 0.1772
vn -0.1188 0.9794 0.1633
vn -0.0377 0.9884 0.1472
vn -0.0545 0.9855 0.1609
vn -0.3025 0.8100 0.5024
vn -0.1853 0.8886 0.4195
vn -0.0147 0.9963 0.0845
vn 0.0026 1.0000 0.0004
vn -0.1364 0.8061 0.5758
vn -0.0938 0.9816 0.1662
vn -0.1038 0.9743 0.1998
vn -0.1526 0.9475 0.2809
vn -0.3421 0.7875 0.5126
vn -0.0478 0.9907 0.1270
vn -0.2068 0.8137 0.5433
vn -0.0076 0.9691 0.2465
vn 0.0013 0.9997 -0.0252
vn -0.0036 0.9925 -0.1222
vn 0.0049 0.9997 -0.0219
vn 0.0041 0.9997 -0.0240
vn 0.0049 0.9927 -0.1206
vn 0.0084 0.9918 -0.1274
vn 0.0058 0.9999 0.0133
vn 0.0058 1.0000 0.0035
vn 0.0039 0.9998 -0.0176
vn 0.0135 0.9998 -0.0162
vn 0.0065 0.9998 -0.0187
vn -0.0003 0.9999 -0.0107
vn -0.0020 0.9999 -0.0100
vn 0.0086 0.9998 -0.0204
vn -0.0121 0.9998 0.0140
vn -0.0113 0.9997 0.0237
vn -0.0575 0.9981 -0.0207
vn -0.1021 0.9905 -0.0921
vn -0.0247 0.9596 0.2803
vn -0.0147 0.9983 0.0568
vn 0.0041 0.9773 0.2120
vn -0.1157 0.9768 0.1800
vn 0.0414 0.9976 -0.0548
vn -0.0257 0.9971 0.0713
vn 0.0005 0.9999 0.0111
vn 0.0023 0.9117 -0.4109
vn -0.0007 1.0000 0.0062
vn 0.0010 0.9998 -0.0197
vn 0.0059 0.9997 -0.0226
vn 0.0018 0.9997 -0.0253
vn 0.0058 0.9998 -0.0212
vn -0.0018 0.9992 -0.0411
vn 0.0060 0.9782 -0.2075
vn 0.0206 0.9970 0.0740
vn 0.0110 0.9996 -0.0268
vn -0.0024 0.9876 0.1570
vn 0.0095 0.9999 -0.0133
vn 0.0022 1.0000 -0.0005
vn 0.0102 0.9999 -0.0122
vn 0.0080 1.0000 -0.0051
vn -0.0094 0.9970 0.0764
vn -0.0146 0.9991 0.0386
vn -0.0196 0.9892 0.1454
vn -0.0148 0.9849 -0.1725
vn 0.0067 0.9879 -0.1553
vn -0.0051 0.8934 -0.4493
vn 0.0012 0.9998 -0.0216
vn 0.0053 0.9998 -0.0168
vn 0.0100 0.9998 -0.0172
vn 0.0156 0.9957 -0.0908
vn 0.0149 0.9925 -0.1212
vn 0.0113 0.9999 -0.0128
vn 0.0109 0.9997 -0.0207
vn 0.0113 0.9998 -0.0163
vn 0.0105 0.9999 -0.0085
vn -0.0032 0.9998 0.0194
vn -0.0114 0.9994 -0.0312
vn -0.0010 0.9996 0.0282
vn 0.0034 1.0000 0.0069
vn -0.0017 0.9920 -0.1263
vn -0.0022 0.9642 -0.2650
vn -0.0057 0.9904 -0.1378
vn 0.0027 0.9275 -0.3737
vn 0.0017 0.9999 -0.0161
vn -0.0010 0.9999 -0.0162
vn 0.0073 0.9999 -0.0142
vn -0.0230 0.9959 0.0877
vn -0.0050 0.9967 -0.0806
vn 0.0116 0.9999 -0.0078
vn 0.0207 0.9894 0.1434
vn 0.0208 0.9891 -0.1458
vn 0.0917 0.9954 -0.0291
vn 0.1795 0.9837 -0.0112
vn 0.0254 0.9996 -0.0118
vn 0.2464 0.9692 -0.0046
vn 0.1789 0.9839 -0.0034
vn 0.0055 0.9999 -0.0101
vn -0.0053 0.9997 -0.0237
vn 0.0031 0.9921 -0.1251
vn -0.0064 0.9993 -0.0360
vn -0.0097 0.9929 -0.1188
vn 0.0337 0.9994 -0.0096
vn -0.0095 0.9998 -0.0185
vn 0.0497 0.9987 -0.0141
vn 0.0284 0.9996 -0.0078
vn 0.2090 0.9778 -0.0137
vn 0.0271 0.9996 -0.0081
vn -0.1694 0.9854 -0.0176
vn -0.0425 0.9990 -0.0101
vn 0.0062 0.9861 0.1659
vn -0.0155 0.9990 -0.0418
vn 0.0284 0.9996 -0.0095
vn 0.0101 0.9842 -0.1766
vn 0.0072 0.9775 -0.2107
vn 0.1454 0.9894 0.0016
vn 0.1547 0.9880 0.0029
vn -0.0906 0.9958 -0.0115
vn -0.1384 0.9904 0.0038
vn 0.0153 0.9998 -0.0129
vn -0.0891 0.9958 -0.0191
vn -0.0882 0.9959 -0.0195
vn 0.0107 0.9999 -0.0123
vn -0.1702 0.9853 -0.0128
vn 0.0261 0.9689 -0.2459
vn -0.0264 0.9825 -0.1842
vn 0.1005 0.9949 -0.0054
vn 0.0300 0.9986 -0.0434
vn -0.1342 0.9909 -0.0144
vn 0.0241 0.9997 -0.0084
vn 0.0178 0.9873 0.1578
vn -0.0075 0.8792 -0.4764
vn -0.0072 0.9999 -0.0125
vn -0.0010 0.9902 -0.1396
vn -0.0078 0.9995 -0.0290
vn -0.0065 0.9994 -0.0331
vn -0.0094 0.9999 -0.0035
vn 0.0025 1.0000 -0.0038
vn 0.0057 1.0000 -0.0026
vn 0.0514 0.9884 0.1430
vn 0.0009 0.9994 -0.0333
vn 0.0149 0.9997 0.0174
vn 0.0145 0.9999 -0.0077
vn 0.0167 0.9998 -0.0149
vn 0.0227 0.9997 -0.0091
vn 0.0226 0.9997 -0.0036
vn 0.0239 0.9863 0.1632
vn 0.0263 0.9885 0.1492
vn -0.0041 0.8720 -0.4895
vn 0.0480 0.7910 -0.6099
vn 0.0231 0.9775 -0.2098
vn 0.0091 0.9992 -0.0385
vn 0.0516 0.9649 -0.2575
vn -0.0058 0.9999 -0.0127
vn -0.0866 0.9672 0.2387
vn -0.0209 0.9632 -0.2679
vn -0.0023 0.9999 0.0101
vn 0.0036 1.0000 0.0055
vn -0.0005 1.0000 -0.0029
vn 0.0020 0.9851 0.1717
vn 0.0966 0.9949 0.0279
vn 0.0134 0.9999 0.0029
vn -0.0004 0.9953 0.0971
vn -0.0028 0.9819 -0.1894
vn 0.0202 0.9998 0.0045
vn 0.0312 0.9995 -0.0050
vn 0.0001 0.9999 -0.0137
vn -0.0102 0.7807 -0.6248
vn -0.0182 0.9935 -0.1122
vn 0.0067 0.9999 -0.0086
vn 0.0083 0.9998 -0.0161
vn 0.0017 1.0000 -0.0025
vn 0.0113 0.9999 0.0055
vn 0.0236 0.9997 0.0041
vn 0.0426 0.9782 0.2034
vn 0.0059 0.9964 0.0846
vn 0.0178 0.9911 -0.1319
vn 0.0484 0.9815 -0.1853
vn 0.6901 0.7237 0.0017
vn 0.0463 0.9989 0.0098
vn 0.0437 0.9990 0.0043
vn 0.0428 0.9990 0.0083
vn 0.0332 0.9994 -0.0044
vn 0.0366 0.9835 0.1771
vn 0.0520 0.9986 0.0105
vn 0.5747 0.8183 -0.0110
vn -0.0085 0.7609 -0.6488
vn 0.5023 0.6862 -0.5261
vn 0.6582 0.7528 -0.0095
vn 0.0375 0.9991 -0.0220
vn 0.6768 0.7362 0.0004
vn 0.0643 0.9979 0.0115
vn 0.0763 0.9971 0.0074
vn 0.6675 0.7445 0.0114
vn 0.2895 0.9571 0.0132
vn 0.5279 0.8493 0.0022
vn 0.6164 0.7874 -0.0055
vn 0.0653 0.9979 0.0026
vn 0.1043 0.9945 0.0027
vn 0.5343 0.8452 0.0089
vn -0.0309 0.9989 0.0351
vn -0.0211 0.9997 -0.0081
vn -0.0232 0.9994 0.0250
vn 0.0040 0.9990 0.0440
vn -0.0248 0.9996 0.0166
vn -0.0113 0.9999 0.0067
vn -0.0461 0.9989 0.0034
vn -0.0133 0.9996 0.0235
vn 0.0201 0.9986 0.0479
vn -0.0323 0.9994 0.0124
vn -0.0312 0.9990 0.0306
vn -0.0292 0.9986 0.0447
vn -0.0319 0.9991 0.0271
vn -0.0346 0.9993 0.0148
vn -0.0241 0.9991 0.0352
vn -0.3172 0.2373 0.9182
vn -0.2697 0.5201 0.8104
vn 0.0500 0.9978 0.0433
vn -0.2489 0.0127 0.9684
vn -0.1364 0.7677 0.6261
vn -0.0263 0.9983 0.0517
vn -0.2425 0.0520 0.9688
vn -0.0490 0.9980 0.0389
vn -0.1637 0.3301 0.9297
vn -0.0096 0.9995 0.0309
vn -0.0925 0.9336 0.3462
vn -0.2087 0.4619 0.8620
vn -0.2034 0.3155 0.9269
vn -0.0087 0.9978 0.0654
vn -0.0653 0.9978 0.0146
vn -0.0437 0.8644 0.5009
vn -0.0178 0.9998 -0.0110
vn -0.0081 0.9741 0.2259
vn -0.0317 0.9991 0.0272
vn -0.2033 0.4949 0.8448
vn -0.0230 0.9997 -0.0065
vn -0.0727 0.9752 0.2089
vn -0.3629 0.8277 0.4279
vn 0.0134 0.7809 0.6246
vn -0.2371 0.0526 0.9701
vn -0.2276 0.0146 0.9736
vn -0.1869 0.4674 0.8641
vn 0.1060 0.9842 0.1421
vn -0.0055 0.9995 -0.0304
vn -0.0050 0.9997 -0.0233
vn -0.0075 0.9988 -0.0476
vn -0.0002 0.9980 -0.0628
vn -0.0066 1.0000 0.0013
vn -0.0000 1.0000 -0.0036
vn 0.0029 0.9996 -0.0293
vn -0.0096 0.9987 -0.0505
vn -0.0121 0.9997 0.0225
vn -0.0053 0.9970 -0.0777
vn -0.0119 0.9997 -0.0205
vn -0.0124 0.9915 0.1295
vn -0.0040 0.9999 -0.0126
vn -0.0059 0.9996 -0.0292
vn -0.0088 0.9989 -0.0456
vn -0.0028 0.9952 -0.0977
vn -0.0113 0.9999 -0.0111
vn -0.0131 0.9999 0.0094
vn -0.0007 0.9996 -0.0268
vn -0.0084 0.9999 0.0140
vn -0.0216 0.9865 0.1622
vn -0.0098 0.9999 -0.0089
vn -0.0083 0.9998 -0.0192
vn -0.0028 0.9884 0.1521
vn -0.0012 0.9995 0.0315
vn -0.0096 0.9993 -0.0356
vn -0.0121 0.9987 -0.0500
vn -0.0047 0.9995 -0.0317
vn -0.0223 0.9992 -0.0347
vn -0.0055 0.9991 0.0427
vn -0.0027 0.9993 -0.0372
vn 0.0059 0.9988 -0.0494
vn -0.0241 0.9925 -0.1197
vn -0.0006 0.9988 0.0480
vn 0.0007 0.9932 0.1164
vn 0.0052 0.9940 0.1094
vn -0.0007 0.9906 0.1367
vn 0.0032 0.9999 -0.0144
vn -0.0114 0.9920 0.1257
vn -0.0067 0.9996 -0.0283
vn -0.0058 0.9939 0.1099
vn -0.0075 0.9940 0.1088
vn -0.0242 0.9953 0.0941
vn -0.0189 0.9939 0.1087
vn -0.0290 0.9920 0.1227
vn -0.0454 0.9887 0.1430
vn -0.0581 0.9877 0.1453
vn -0.0503 0.9905 0.1282
vn -0.0475 0.9893 0.1378
vn -0.1942 0.8490 0.4914
vn -0.0711 0.9816 0.1773
vn -0.2819 0.7347 0.6171
vn -0.1346 0.9351 0.3278
vn -0.1485 0.9327 0.3287
vn -0.0072 0.9981 0.0604
vn -0.0676 0.9821 0.1760
vn -0.0651 0.9842 0.1646
vn -0.0772 0.9795 0.1859
vn -0.0641 0.9886 0.1365
vn -0.1700 0.8631 0.4755
vn -0.0673 0.9953 0.0702
vn -0.1493 0.9325 0.3289
vn -0.0826 0.9605 0.2656
vn -0.1289 0.9739 0.1867
vn -0.0409 0.9990 0.0198
vn -0.0386 0.9935 0.1074
vn -0.0068 0.9998 -0.0170
vn -0.0504 0.9438 0.3268
vn 0.0226 0.8254 0.5641
vn -0.0100 0.9205 0.3906
vn -0.2181 0.9098 0.3532
vn -0.3598 0.8347 0.4170
vn -0.3458 0.8431 0.4119
vn -0.2052 0.7829 0.5873
vn -0.0204 0.9985 0.0502
vn -0.0125 0.9993 0.0364
vn -0.0133 0.9990 0.0415
vn -0.0043 0.9991 0.0434
vn 0.0791 0.9117 0.4031
vn -0.0105 0.9856 0.1686
vn -0.0000 0.9990 0.0458
vn 0.0377 0.9209 0.3880
vn -0.1034 0.8577 0.5037
vn 0.0483 0.8608 0.5066
vn 0.0022 0.9987 0.0505
vn -0.0047 0.9965 0.0831
vn 0.0644 0.9485 0.3102
vn -0.0837 0.8816 0.4645
vn -0.1058 0.9175 0.3833
vn -0.0072 0.9082 0.4185
vn 0.0119 0.9925 0.1219
vn 0.0577 0.9111 0.4081
vn -0.0748 0.9786 0.1919
vn -0.1312 0.8554 0.5010
vn -0.0764 0.9671 0.2428
vn -0.0249 0.9976 0.0653
vn -0.0072 0.9882 0.1530
vn 0.0034 0.9990 0.0455
vn -0.3385 0.5051 0.7939
vn 0.0146 0.8474 0.5307
vn -0.1368 0.5641 0.8143
vn -0.2273 0.0285 0.9734
vn 0.0269 0.9138 0.4053
vn -0.1588 0.5147 0.8425
vn -0.0835 0.8897 0.4488
vn -0.0479 0.9275 0.3708
vn -0.0104 0.9170 0.3987
vn -0.1617 0.0162 0.9867
vn -0.1856 0.0253 0.9823
vn -0.0763 0.7794 0.6219
vn -0.2599 0.1729 0.9500
vn -0.2208 0.7370 0.6388
vn -0.0727 0.9734 0.2171
vn -0.1620 0.8698 0.4661
vn -0.0218 0.9979 -0.0615
vn -0.0194 0.9993 0.0318
vn -0.0024 0.9996 0.0289
vn -0.0153 0.9922 -0.1236
vn -0.0221 0.9986 -0.0483
vn -0.0067 0.9997 -0.0214
vn -0.0065 0.9992 0.0386
vn -0.0091 0.9911 -0.1327
vn -0.0193 0.9968 -0.0774
vn -0.0024 1.0000 -0.0037
vn -0.0236 0.9992 0.0323
vn -0.0195 0.9909 -0.1328
vn 0.0052 0.9929 0.1190
vn -0.0202 0.9986 0.0481
vn -0.0182 0.9978 0.0641
vn -0.0415 0.9928 -0.1119
vn -0.0180 0.9986 -0.0506
vn -0.0150 0.9975 0.0695
vn -0.0207 0.9997 0.0152
vn -0.0218 0.9992 0.0349
vn -0.0296 0.9938 -0.1072
vn -0.0152 0.9983 -0.0571
vn -0.0169 0.9987 -0.0484
vn -0.0120 0.9997 0.0220
vn -0.0069 0.9939 0.1097
vn -0.0222 0.9984 0.0512
vn -0.0202 0.9997 0.0108
vn -0.0121 0.9946 0.1031
vn -0.0222 0.9992 -0.0326
vn -0.0241 0.9996 0.0177
vn -0.0254 0.9995 -0.0169
vn -0.0211 0.9998 -0.0026
vn -0.0158 0.9992 -0.0357
vn -0.0062 0.9996 0.0267
vn -0.0110 0.9970 0.0771
vn -0.0352 0.9957 0.0851
vn -0.0270 0.9956 0.0895
vn -0.0199 0.9731 0.2295
vn -0.0289 0.9948 0.0978
vn -0.0401 0.9940 0.1015
vn -0.0350 0.9928 0.1149
vn -0.0398 0.9909 0.1289
vn -0.0420 0.9933 0.1081
vn -0.0452 0.9879 0.1484
vn -0.0626 0.9901 0.1257
vn -0.0616 0.9908 0.1203
vn -0.0004 1.0000 0.0069
vn -0.0844 0.9961 -0.0275
vn -0.0962 0.9494 0.2991
vn -0.0611 0.9882 0.1404
vn -0.0318 0.9924 0.1185
vn -0.0594 0.9910 0.1201
vn -0.0780 0.9876 0.1361
vn -0.0663 0.9029 0.4247
vn 0.0279 0.8288 0.5588
vn -0.0352 0.9993 -0.0124
vn -0.0538 0.9795 0.1942
vn -0.1276 0.8070 0.5766
vn -0.1961 0.8442 0.4988
vn -0.1991 0.7098 0.6757
vn -0.0269 0.9996 0.0071
vn -0.0632 0.9882 0.1394
vn -0.1931 0.8278 0.5268
vn -0.2460 0.8095 0.5330
vn -0.1870 0.9078 0.3755
vn -0.2739 0.8155 0.5098
vn -0.0327 0.9976 0.0614
vn -0.0092 0.9994 0.0320
vn -0.1006 0.8197 0.5639
vn -0.0830 0.9250 0.3709
vn -0.0308 0.9881 0.1506
vn -0.0745 0.9871 0.1414
vn -0.0773 0.9821 0.1719
vn -0.0540 0.9805 0.1890
vn -0.0603 0.9892 0.1332
vn -0.0230 0.9995 0.0223
vn -0.0077 0.9992 0.0405
vn 0.0015 0.9994 0.0351
vn -0.0096 0.9992 0.0377
vn -0.0105 0.9990 0.0434
vn -0.0069 0.9991 0.0428
vn -0.0029 0.9974 0.0722
vn 0.0108 0.9997 0.0225
vn -0.0106 0.9991 0.0399
vn 0.0019 0.9993 0.0362
vn -0.0042 0.9990 0.0441
vn -0.0074 0.9980 0.0627
vn -0.0022 0.9992 0.0396
vn -0.0153 0.9994 0.0300
vn -0.0063 0.9989 0.0472
vn -0.0397 0.9964 0.0751
vn -0.0164 0.9994 0.0311
vn -0.0211 0.9995 0.0220
vn -0.0053 0.9992 0.0394
vn -0.0054 0.9993 0.0371
vn -0.0895 0.2216 0.9710
vn -0.1829 0.8735 0.4511
vn -0.2336 0.2314 0.9444
vn -0.3053 0.7006 0.6450
vn -0.1525 0.8589 0.4889
vn -0.2723 0.7925 0.5457
vn -0.2082 0.9024 0.3772
vn -0.2144 0.8670 0.4498
vn -0.0879 0.9191 0.3841
vn -0.0965 0.0333 0.9948
vn -0.2105 0.4851 0.8488
vn -0.2556 0.8483 0.4637
vn -0.1195 0.9586 0.2586
vn -0.1354 0.5924 0.7942
vn -0.1836 0.9068 0.3795
vn -0.0971 0.1371 0.9858
vn -0.1037 0.9494 0.2966
vn -0.1424 0.6674 0.7309
vn -0.0208 0.9878 0.1547
vn -0.0383 0.9232 0.3825
vn -0.1109 0.5448 0.8312
vn -0.0675 0.0164 0.9976
vn -0.0220 0.9995 -0.0245
vn -0.0181 0.9911 0.1321
vn -0.0131 0.9996 -0.0270
vn -0.0099 0.9996 0.0245
vn -0.0134 0.9986 -0.0508
vn -0.0213 0.9993 -0.0294
vn -0.0290 0.9960 -0.0850
vn -0.0096 0.9905 -0.1372
vn -0.0190 0.9995 -0.0262
vn -0.0088 0.9970 0.0764
vn -0.0187 0.9994 -0.0306
vn -0.0086 0.9929 -0.1185
vn -0.0216 0.9974 -0.0694
vn -0.0145 0.9998 -0.0128
vn -0.0196 0.9997 -0.0146
vn -0.0070 0.9999 -0.0142
vn -0.0156 0.9989 -0.0437
vn -0.0082 0.9987 0.0500
vn -0.0120 0.9968 0.0785
vn -0.0053 0.9989 0.0461
vn -0.0105 0.9989 -0.0449
vn -0.0071 1.0000 0.0042
vn -0.0089 0.9990 -0.0431
vn -0.0158 0.9998 0.0108
vn -0.0141 0.9991 0.0396
vn -0.0012 0.9994 -0.0333
vn -0.0030 0.9979 0.0643
vn -0.0022 1.0000 -0.0034
vn -0.0130 0.9993 -0.0351
vn 0.0022 0.9946 -0.1041
vn 0.0018 0.9978 -0.0658
vn -0.0072 0.9999 -0.0071
vn 0.0013 0.9980 0.0633
vn 0.0050 0.9985 0.0553
vn 0.0428 0.9990 -0.0111
vn 0.1610 0.9313 0.3266
vn -0.0296 0.9900 -0.1378
vn -0.0201 0.9993 0.0304
vn -0.0233 0.9996 -0.0156
vn -0.0241 0.9960 0.0858
vn 0.0143 0.9974 -0.0708
vn -0.0081 0.9996 0.0261
vn -0.0148 0.9990 -0.0431
vn -0.0746 0.9930 0.0914
vn -0.0457 0.9960 0.0764
vn -0.0497 0.9945 0.0924
vn -0.0326 0.9956 0.0875
vn -0.0583 0.9953 0.0776
vn -0.0608 0.9942 0.0886
vn -0.0669 0.9923 0.1043
vn -0.0800 0.9910 0.1071
vn -0.1049 0.9887 0.1069
vn -0.0971 0.9877 0.1227
vn -0.0957 0.9876 0.1247
vn -0.1203 0.9833 0.1368
vn -0.1277 0.9705 0.2043
vn -0.1118 0.9856 0.1266
vn -0.1865 0.6830 0.7062
vn -0.0542 0.9977 0.0409
vn -0.0614 0.9727 0.2239
vn -0.1748 0.8250 0.5374
vn -0.0806 0.9805 0.1790
vn -0.0787 0.9262 0.3686
vn -0.0272 0.9987 0.0440
vn 0.0106 0.9330 0.3597
vn -0.1050 0.9665 0.2341
vn -0.0926 0.9723 0.2145
vn -0.1144 0.9484 0.2957
vn -0.0396 0.9990 0.0197
vn -0.0116 0.9831 0.1829
vn -0.1218 0.9890 0.0839
vn -0.1114 0.8367 0.5362
vn -0.1701 0.9622 0.2129
vn -0.1085 0.9649 0.2391
vn -0.0255 0.9947 0.0996
vn -0.0101 0.9015 0.4326
vn -0.1264 0.9806 0.1501
vn -0.0716 0.9602 0.2700
vn -0.0361 0.8874 0.4596
vn -0.0303 0.9667 0.2542
vn -0.1626 0.9683 0.1894
vn -0.0967 0.9858 0.1369
vn -0.0626 0.9627 0.2632
vn -0.1082 0.8523 0.5117
vn -0.2140 0.9160 0.3393
vn -0.0816 0.9937 -0.0774
vn -0.0351 0.9619 0.2710
vn -0.1074 0.8484 0.5184
vn -0.0881 0.9497 0.3006
vn -0.0195 0.9900 0.1400
vn -0.1310 0.8723 0.4712
vn -0.1274 0.8515 0.5087
vn -0.1354 0.8048 0.5779
vn -0.1327 0.9221 0.3635
vn -0.1772 0.8559 0.4858
vn 0.0022 0.9973 0.0730
vn -0.0070 0.9986 0.0517
vn -0.1098 0.9792 0.1709
vn -0.0097 0.9995 0.0285
vn 0.4819 0.8762 -0.0021
vn -0.0268 0.9987 0.0442
vn -0.0206 0.9991 0.0374
vn -0.0081 0.9994 0.0323
vn -0.0146 0.9990 0.0424
vn 0.0349 0.9990 0.0262
vn 0.0133 0.9995 0.0292
vn -0.0148 0.9992 0.0384
vn 0.0016 0.9966 0.0827
vn -0.0780 0.9960 0.0430
vn -0.0123 0.9992 0.0383
vn -0.0137 0.9988 0.0474
vn -0.0434 0.6445 0.7633
vn -0.0558 0.8806 0.4706
vn -0.0227 0.9283 0.3711
vn -0.0281 0.9941 0.1049
vn -0.0516 0.0769 0.9957
vn -0.1865 0.9807 0.0583
vn -0.1072 0.6619 0.7419
vn 0.0163 0.9993 0.0333
vn -0.0099 0.9999 -0.0091
vn -0.0121 0.9979 -0.0639
vn -0.0180 0.9996 -0.0233
vn -0.0007 0.9908 -0.1350
vn 0.0801 0.9967 -0.0096
vn 0.0227 0.9997 0.0038
vn -0.0101 0.9999 0.0098
vn -0.0003 0.9992 -0.0388
vn 0.0124 0.9997 0.0201
vn 0.0322 0.9991 -0.0288
vn 0.0333 0.9993 0.0161
vn 0.0159 0.9998 -0.0147
vn -0.0037 0.9998 0.0190
vn 0.0181 0.9998 -0.0029
vn 0.0759 0.9971 -0.0090
vn -0.0138 0.9999 0.0023
vn 0.1066 0.9940 -0.0244
vn -0.1138 0.9935 0.0045
vn 0.0627 0.9975 0.0337
vn -0.0706 0.9969 -0.0343
vn 0.0058 0.9917 -0.1285
vn -0.0857 0.9963 0.0022
vn 0.0939 0.9956 -0.0027
vn -0.0495 0.9920 -0.1161
vn -0.0575 0.9975 0.0414
vn -0.0137 0.9999 -0.0065
vn -0.0734 0.9971 0.0202
vn -0.1091 0.9935 0.0325
vn 0.0831 0.9807 -0.1769
vn -0.0642 0.8876 0.4561
vn -0.0872 0.9957 -0.0313
vn -0.0790 0.9967 0.0179
vn 0.0938 0.9955 -0.0166
vn -0.0502 0.9629 -0.2651
vn -0.0123 0.9998 0.0140
vn -0.1064 0.9925 0.0601
vn 0.1360 0.9897 -0.0449
vn 0.1274 0.9891 0.0742
vn -0.0221 0.9998 0.0029
vn -0.0001 0.9987 0.0516
vn 0.0275 0.9984 -0.0499
vn 0.0052 0.9949 0.1008
vn 0.0371 0.9974 0.0620
vn 0.0847 0.9940 -0.0691
vn -0.0326 0.9995 -0.0039
vn -0.1011 0.9939 0.0436
vn -0.1835 0.9829 0.0168
vn -0.2628 0.9636 0.0486
vn 0.1112 0.9935 -0.0251
vn -0.0726 0.9929 0.0943
vn -0.1388 0.9874 0.0762
vn -0.0691 0.9959 0.0584
vn -0.0480 0.9943 0.0947
vn -0.1767 0.9809 0.0811
vn 0.2796 0.9541 0.1077
vn -0.1922 0.9781 0.0794
vn -0.0913 0.9922 0.0846
vn -0.1015 0.9918 0.0779
vn -0.0821 0.9924 0.0915
vn -0.1056 0.9918 0.0716
vn 0.0556 0.9926 0.1079
vn -0.0932 0.9926 0.0780
vn -0.2535 0.9631 0.0907
vn -0.1330 0.9883 0.0743
vn -0.0803 0.9936 0.0797
vn -0.1374 0.9531 0.2696
vn -0.1143 0.9860 0.1210
vn -0.2068 0.9462 0.2488
vn -0.2540 0.9629 0.0913
vn -0.0908 0.9865 0.1360
vn -0.0630 0.8039 0.5914
vn -0.0937 0.9434 0.3182
vn -0.0723 0.7743 0.6287
vn -0.1718 0.8637 0.4738
vn -0.1965 0.6836 0.7029
vn -0.1482 0.9707 0.1892
vn -0.2916 0.8197 0.4929
vn -0.1734 0.9588 0.2249
vn -0.1428 0.9892 0.0329
vn -0.4867 0.5845 0.6492
vn -0.2602 0.9438 0.2036
vn -0.1487 0.8973 0.4157
vn -0.1326 0.9816 -0.1376
vn -0.2511 0.7120 0.6557
vn -0.3663 0.8515 0.3751
vn -0.1533 0.7271 0.6692
vn -0.3398 0.4773 0.8104
vn -0.1798 0.8836 0.4324
vn -0.1640 0.3757 0.9121
vn -0.0196 0.9969 0.0763
vn -0.1067 0.6676 0.7369
vn -0.1844 0.9776 0.1011
vn -0.1867 0.9823 0.0152
vn -0.1979 0.9167 0.3471
vn -0.0176 0.9930 0.1171
vn -0.2390 0.8635 0.4440
vn -0.4089 0.4821 0.7748
vn -0.3224 -0.0153 0.9465
vn -0.2498 0.3281 0.9110
vn -0.1496 0.9813 -0.1214
vn -0.2160 0.9721 0.0909
vn -0.2468 0.7791 0.5763
vn -0.3045 0.7803 0.5462
vn -0.0122 0.9986 0.0506
vn -0.0144 0.9986 0.0503
vn -0.0070 0.9990 0.0447
vn -0.0259 0.9957 0.0884
vn -0.0164 0.9986 0.0499
vn -0.0223 0.9994 0.0280
vn -0.0099 0.9993 0.0373
vn -0.0233 0.9993 0.0282
vn -0.0393 0.9989 0.0239
vn -0.0381 0.9992 0.0127
vn -0.0346 0.9994 0.0073
vn -0.0900 0.9959 0.0117
vn -0.2077 0.9043 0.3731
vn -0.1051 0.9902 0.0917
vn -0.0718 0.9974 -0.0097
vn -0.0100 0.0152 0.9998
vn 0.0151 0.7792 0.6266
vn 0.0049 0.2636 0.9646
vn -0.0385 0.9990 0.0225
vn -0.0025 0.9555 0.2949
vn 0.0848 0.6843 0.7243
vn 0.0005 0.1388 0.9903
vn -0.0208 0.8471 0.5310
vn -0.0222 0.9824 0.1853
vn -0.0426 0.6490 0.7596
vn -0.0509 0.4539 0.8896
vn 0.0335 0.8714 0.4894
vn -0.0548 0.9826 0.1773
vn -0.0825 0.8372 0.5406
vn 0.0128 0.9999 0.0009
vn 0.0493 0.9987 -0.0124
vn -0.0166 0.9938 -0.1102
vn 0.0457 0.9872 -0.1531
vn -0.1509 0.9876 0.0441
vn -0.0624 0.9974 0.0367
vn 0.1116 0.9936 -0.0186
vn 0.0012 1.0000 0.0022
vn -0.1142 0.9921 0.0520
vn -0.0984 0.9944 0.0377
vn -0.2179 0.9758 -0.0173
vn -0.0727 0.9736 -0.2163
vn -0.0669 0.9968 0.0446
vn 0.0958 0.9954 0.0024
vn 0.0050 0.9999 0.0135
vn 0.0163 0.9999 -0.0023
vn -0.0066 0.9997 0.0253
vn 0.1680 0.9843 -0.0544
vn 0.0203 0.9997 0.0140
vn 0.0860 0.9962 -0.0158
vn -0.0896 0.9952 0.0393
vn 0.0332 0.9994 0.0026
vn 0.0256 0.9734 -0.2277
vn 0.1730 0.8690 -0.4635
vn 0.0139 0.9999 0.0021
vn -0.0092 0.9980 0.0618
vn -0.0483 0.9988 0.0108
vn 0.0028 0.9999 0.0151
vn -0.0031 0.9995 0.0304
vn 0.0686 0.9976 -0.0070
vn 0.0083 0.9996 0.0264
vn 0.0087 0.9999 0.0095
vn 0.0825 0.9966 0.0009
vn -0.0037 1.0000 0.0040
vn -0.0705 0.9770 0.2014
vn 0.0913 0.9956 -0.0194
vn 0.0295 0.9994 0.0177
vn -0.0154 0.9988 0.0471
vn 0.2202 0.9740 0.0535
vn 0.1406 0.9901 0.0029
vn -0.0614 0.9977 -0.0273
vn -0.0252 0.9996 -0.0143
vn 0.0739 0.9972 -0.0147
vn -0.1222 0.9925 0.0094
vn 0.1312 0.9891 0.0670
vn 0.0467 0.9985 0.0288
vn 0.0631 0.9980 0.0099
vn -0.1070 0.9918 -0.0703
vn -0.0322 0.9993 -0.0175
vn 0.0017 0.9887 -0.1501
vn 0.1311 0.9912 -0.0172
vn 0.0186 0.9998 -0.0104
vn 0.0696 0.9970 -0.0342
vn 0.0030 1.0000 0.0003
vn -0.0463 0.9986 0.0267
vn -0.0545 0.9984 0.0169
vn -0.0173 0.9998 0.0063
vn -0.0289 0.9992 0.0262
vn -0.0184 0.9996 0.0210
vn -0.0590 0.9982 0.0122
vn 0.0618 0.9981 0.0049
vn 0.0058 0.9999 0.0110
vn 0.0116 0.9998 0.0164
vn 0.0186 0.9998 -0.0121
vn -0.0077 0.9998 0.0201
vn 0.0828 0.9961 0.0298
vn 0.0792 0.9968 -0.0144
vn 0.0091 0.9997 0.0232
vn -0.0850 0.9952 0.0482
vn 0.0950 0.9946 -0.0409
vn 0.0112 0.9999 0.0052
vn 0.0485 0.9981 -0.0370
vn 0.0296 0.9995 0.0071
vn 0.0215 0.9997 0.0085
vn 0.0453 0.9989 -0.0088
vn -0.0445 0.9973 0.0587
vn -0.0307 0.9991 0.0277
vn 0.0670 0.9960 -0.0591
vn 0.0077 0.9991 -0.0419
vn 0.0423 0.9990 0.0112
vn 0.0070 0.9996 0.0260
vn -0.0079 0.9996 0.0264
vn 0.1047 0.9945 -0.0082
vn 0.0567 0.9983 0.0131
vn 0.1003 0.9949 0.0070
vn 0.0060 0.9997 0.0237
vn -0.0390 0.9992 0.0006
vn 0.0866 0.9958 0.0308
vn -0.0170 0.9996 0.0226
vn 0.0180 0.9996 0.0232
vn 0.0759 0.9965 0.0346
vn -0.0635 0.9961 0.0607
vn 0.1750 0.9839 -0.0373
vn 0.0560 0.9984 0.0122
vn -0.0415 0.9977 0.0538
vn -0.0032 0.9993 0.0379
vn 0.0138 0.9994 0.0330
vn -0.0091 0.9993 0.0375
vn -0.0134 0.9998 0.0155
vn 0.0247 0.9997 0.0077
vn 0.0431 0.9990 -0.0087
vn -0.0275 0.9989 0.0377
vn 0.0815 0.9967 0.0014
vn 0.0667 0.9976 0.0203
vn -0.0930 0.9931 0.0712
vn 0.0786 0.9967 0.0200
vn -0.0024 0.9942 0.1077
vn 0.0734 0.9972 0.0102
vn 0.1399 0.9901 -0.0153
vn -0.1149 0.9880 0.1032
vn -0.0005 0.9969 0.0783
vn 0.1180 0.9930 0.0088
vn -0.0945 0.9888 0.1158
vn 0.0254 0.9989 0.0382
vn -0.0490 0.9987 0.0136
vn -0.0265 0.9996 0.0109
vn -0.0810 0.9960 0.0378
vn -0.0243 0.9991 0.0360
vn -0.0911 0.9890 0.1166
vn -0.1097 0.9924 0.0556
vn 0.0282 0.9883 0.1498
vn -0.0033 0.9993 0.0360
vn 0.0579 0.9978 0.0314
vn -0.0816 0.9961 0.0327
vn 0.0693 0.9490 0.3076
vn -0.3904 0.9199 -0.0368
vn -0.0358 0.9994 0.0026
vn -0.0299 0.9781 0.2060
vn -0.0487 0.8643 0.5007
vn -0.0154 0.9995 0.0263
vn -0.0534 0.8817 0.4687
vn -0.1888 0.9415 0.2793
vn -0.1584 0.9853 0.0644
vn -0.1369 0.9892 0.0528
vn -0.1819 0.9005 0.3950
vn -0.2583 0.9660 0.0078
vn -0.2900 0.9566 0.0283
vn -0.0309 0.9995 -0.0056
vn -0.1148 0.9502 0.2898
vn -0.0191 0.9996 -0.0198
vn -0.0260 0.9908 -0.1328
vn -0.0162 0.9998 -0.0069
vn -0.1395 0.9478 0.2867
vn -0.0764 0.9951 0.0623
vn -0.2696 0.1536 0.9506
vn -0.2346 0.3653 0.9009
vn -0.1774 0.9820 0.0649
vn -0.2388 0.9225 0.3032
vn -0.0734 0.5373 0.8402
vn -0.2536 0.5622 0.7871
vn -0.1521 0.4086 0.8999
vn -0.1682 0.8404 0.5153
vn -0.1627 0.9803 0.1123
vn -0.1305 0.9809 -0.1444
vn -0.1759 0.9023 0.3936
vn -0.1326 0.9856 0.1052
vn -0.1463 0.9816 0.1224
vn -0.0119 0.9502 0.3114
vn -0.0064 0.9993 0.0366
vn -0.0347 0.9154 0.4011
vn -0.1199 0.0887 0.9888
vn -0.0588 0.7395 0.6706
vn -0.1654 0.8630 0.4773
vn -0.0166 0.9995 0.0264
vn -0.0104 0.9992 0.0375
vn 0.0139 0.9744 0.2244
vn 0.0501 0.5532 0.8316
vn 0.0233 0.1196 0.9925
vn -0.0044 0.4050 0.9143
vn -0.0042 0.9985 0.0554
vn -0.0650 0.9404 0.3338
vn -0.0145 0.5919 0.8059
vn 0.0106 0.8096 0.5869
vn 0.0064 0.9832 0.1826
vn -0.1293 0.6421 0.7556
vn 0.0461 0.1825 0.9821
vn -0.0935 0.9419 0.3226
vn 0.0338 0.6561 0.7539
vn -0.0050 0.9570 0.2900
vn 0.0326 0.0229 0.9992
vn 0.0696 0.3001 0.9514
vn 0.1440 0.6492 0.7469
vn -0.0221 0.9341 0.3564
vn 0.0247 0.3441 0.9386
vn 0.0308 0.9511 0.3075
vn -0.0836 0.7711 0.6312
vn 0.0455 0.9958 -0.0793
vn -0.1297 0.9769 0.1700
vn 0.0277 0.9988 -0.0393
vn 0.0278 0.9996 0.0095
vn 0.0307 0.9870 -0.1576
vn 0.0262 0.9996 -0.0042
vn -0.0074 0.9510 -0.3091
vn 0.0512 0.9985 0.0186
vn -0.0497 0.9980 0.0390
vn 0.0471 0.9975 -0.0529
vn 0.1244 0.9917 -0.0314
vn 0.0028 0.9998 0.0181
vn -0.0468 0.9987 0.0191
vn 0.0260 0.9950 -0.0968
vn 0.1313 0.9905 -0.0404
vn 0.0548 0.9983 -0.0212
vn 0.0099 0.9998 0.0166
vn 0.2404 0.9685 -0.0646
vn 0.0771 0.9970 -0.0073
vn -0.0658 0.9967 0.0477
vn -0.0594 0.9973 0.0429
vn -0.1407 0.9871 0.0758
vn -0.0298 0.9990 0.0324
vn 0.0177 0.9995 0.0274
vn 0.0832 0.9965 -0.0005
vn -0.0228 0.9992 0.0334
vn 0.0265 0.9994 0.0225
vn -0.0292 0.9990 0.0330
vn 0.0274 0.9996 0.0101
vn -0.0279 0.9992 0.0289
vn 0.0553 0.9984 0.0087
vn -0.0513 0.9981 0.0351
vn 0.0028 0.9999 -0.0140
vn -0.0042 0.9998 0.0216
vn 0.0103 0.9997 0.0210
vn 0.1075 0.9937 -0.0322
vn -0.0514 0.9981 0.0346
vn 0.0830 0.9965 -0.0087
vn 0.1121 0.9936 -0.0121
vn 0.0944 0.9941 -0.0533
vn 0.0060 0.9998 0.0174
vn 0.0262 0.9997 0.0002
vn -0.0227 0.9997 0.0102
vn -0.0237 0.9969 0.0753
vn -0.0726 0.9719 0.2240
vn -0.0595 0.9967 0.0544
vn -0.0087 0.9988 0.0472
vn -0.0377 0.9977 0.0564
vn -0.1093 0.9907 0.0809
vn 0.0760 0.9969 0.0194
vn 0.0617 0.9979 0.0171
vn 0.0144 0.9970 0.0758
vn -0.1063 0.9923 0.0642
vn -0.0074 0.9990 0.0442
vn -0.0559 0.9973 0.0485
vn 0.0034 0.9995 0.0319
vn -0.0163 0.9989 0.0437
vn -0.0588 0.9952 0.0782
vn -0.1286 0.9871 0.0951
vn -0.0409 0.9981 0.0452
vn -0.0195 0.9994 0.0294
vn -0.0871 0.9950 0.0491
vn -0.2399 0.9433 0.2294
vn -0.0634 0.9969 0.0472
vn -0.0147 0.9994 0.0302
vn -0.0513 0.9981 0.0349
vn -0.0529 0.9974 0.0482
vn -0.1943 0.9734 0.1214
vn -0.0662 0.9963 0.0548
vn -0.0488 0.9972 0.0565
vn -0.0100 0.9994 0.0322
vn 0.1212 0.9808 0.1528
vn -0.0545 0.9979 0.0361
vn -0.0689 0.9965 0.0474
vn 0.1000 0.9949 -0.0161
vn -0.0297 0.9750 0.2203
vn -0.0459 0.9916 0.1212
vn -0.0392 0.9832 0.1783
vn -0.0911 0.9911 0.0969
vn -0.0332 0.9991 0.0275
vn -0.0750 0.9913 0.1084
vn -0.0356 0.9979 0.0538
vn 0.0666 0.9978 0.0059
vn -0.0295 0.9466 0.3209
vn -0.0437 0.8991 0.4356
vn -0.0070 0.9806 0.1957
vn -0.0699 0.9842 0.1629
vn -0.0517 0.9964 0.0667
vn -0.1033 0.9924 0.0667
vn -0.0942 0.7173 -0.6903
vn -0.0423 0.9986 0.0303
vn 0.0056 0.9791 0.2033
vn -0.0546 0.9910 0.1222
vn -0.0467 0.9537 0.2972
vn 0.0281 0.9888 0.1466
vn 0.0215 0.9916 0.1276
vn 0.0164 0.9905 0.1367
vn -0.0233 0.9990 0.0371
vn 0.0525 0.9957 0.0765
vn -0.0373 0.9993 -0.0093
vn 0.0548 0.9964 -0.0644
vn 0.0478 0.9981 0.0390
vn -0.2777 0.9589 -0.0576
vn -0.1971 0.9498 -0.2430
vn -0.1344 0.9900 -0.0421
vn -0.0197 0.9979 -0.0612
vn -0.0601 0.9968 -0.0526
vn -0.5687 0.8079 0.1549
vn -0.0735 0.9870 -0.1428
vn -0.0286 0.9995 0.0134
vn -0.0337 0.9992 0.0211
vn -0.0378 0.9992 -0.0124
vn -0.0754 0.9960 0.0475
vn -0.1204 0.9908 -0.0623
vn -0.0382 0.9978 -0.0539
vn 0.0499 0.9956 -0.0790
vn -0.0533 0.9979 0.0371
vn -0.0339 0.9979 -0.0551
vn 0.0202 0.9986 -0.0482
vn -0.1838 0.9809 0.0643
vn -0.0618 0.9934 -0.0963
vn -0.0872 0.9961 0.0089
vn -0.1716 0.8977 0.4059
vn -0.0435 0.9982 -0.0414
vn -0.0482 0.9881 -0.1461
vn -0.1604 0.9856 0.0542
vn -0.1130 0.9935 0.0119
vn -0.0583 0.9983 0.0050
vn -0.0875 0.9623 -0.2577
vn -0.1578 0.9848 0.0728
vn -0.0896 0.9945 0.0550
vn -0.1054 0.9884 0.1095
vn -0.0919 0.9944 0.0518
vn -0.0229 0.9222 0.3861
vn -0.0155 0.7493 0.6621
vn 0.0519 0.9394 0.3389
vn -0.0624 0.9973 0.0385
vn -0.0494 0.9020 0.4290
vn -0.1503 0.8989 0.4117
vn -0.0738 0.9445 0.3201
vn 0.0364 0.9993 -0.0012
vn -0.1323 0.9871 0.0899
vn -0.0692 0.9976 -0.0085
vn -0.0417 0.9988 0.0238
vn 0.0033 1.0000 -0.0039
vn -0.0464 0.9987 -0.0218
vn -0.1233 0.9921 0.0227
vn -0.0467 0.9987 0.0225
vn -0.0847 0.9220 0.3778
vn -0.1197 0.9916 0.0491
vn -0.0848 0.9789 0.1861
vn -0.0705 0.9973 0.0199
vn 0.0929 0.9861 0.1378
vn -0.0404 0.9963 -0.0759
vn -0.0670 0.9880 0.1391
vn -0.0126 0.9992 0.0368
vn -0.0861 0.9884 0.1249
vn -0.0296 0.9995 0.0117
vn -0.1150 0.4761 0.8718
vn -0.0680 0.7317 0.6782
vn -0.0781 0.2354 0.9688
vn -0.0980 0.3574 0.9288
vn -0.0528 0.9217 0.3842
vn -0.0638 0.3960 0.9160
vn -0.0240 0.9996 0.0163
vn -0.0167 0.9997 0.0176
vn -0.0306 0.9995 0.0111
vn -0.0189 0.5301 0.8477
vn 0.1165 0.8847 0.4515
vn -0.0758 0.7090 0.7011
vn -0.0623 0.1749 0.9826
vn -0.0806 0.5722 0.8161
vn -0.2115 0.6569 0.7237
vn -0.3771 0.7854 0.4909
vn -0.0406 0.3346 0.9415
vn -0.2506 0.4809 0.8402
vn -0.0616 0.7529 0.6552
vn -0.0499 0.7351 0.6761
vn -0.0282 0.9994 0.0187
vn -0.0100 0.4525 0.8917
vn -0.0328 0.7884 0.6143
vn -0.0172 0.4598 0.8879
vn -0.0432 0.5149 0.8561
vn -0.0995 0.2584 0.9609
vn -0.1867 0.5595 0.8075
vn -0.2418 0.7424 0.6248
vn 0.0116 0.9974 0.0709
vn 0.5047 0.8624 -0.0388
vn -0.0147 0.9992 0.0365
vn -0.0052 0.9996 0.0281
vn -0.0128 0.9994 0.0336
vn 0.0044 0.9997 0.0245
vn 0.0204 0.9995 0.0246
vn -0.0128 0.9992 0.0379
vn 0.1097 0.7733 0.6245
vn -0.0279 0.6544 0.7556
vn -0.0354 0.9839 0.1752
vn 0.0021 0.7763 0.6304
vn 0.0556 0.3450 0.9370
vn 0.0305 -0.0012 0.9995
vn -0.0993 0.8115 0.5758
vn 0.1204 0.4079 0.9050
vn 0.1910 0.9340 0.3020
vn -0.0039 0.3513 0.9362
vn 0.0595 0.1935 0.9793
vn 0.3488 0.5605 0.7511
vn 0.2439 0.9504 0.1929
vn 0.3384 0.8057 0.4861
vn -0.2595 0.8476 0.4628
vn 0.0170 0.9992 0.0359
vn 0.0399 0.9986 0.0358
vn 0.0632 0.9932 0.0978
vn 0.1818 0.9814 0.0625
vn -0.0134 0.9630 0.2691
vn -0.0128 0.9986 0.0508
vn -0.1106 0.9846 0.1356
vn -0.1527 0.7289 0.6674
vn -0.0623 0.9962 0.0608
vn -0.1344 0.9530 0.2716
vn -0.0110 0.2286 0.9735
vn 0.0730 0.7216 0.6885
vn 0.0394 0.6910 0.7218
vn 0.0315 0.9995 -0.0012
vn 0.0338 0.9838 -0.1762
vn 0.0401 0.9987 0.0301
vn 0.0345 0.9994 -0.0039
vn 0.0344 0.9994 -0.0046
vn 0.0434 0.9990 -0.0075
vn 0.0245 0.9997 -0.0091
vn -0.0154 0.9999 -0.0059
vn 0.0218 0.9994 -0.0257
vn 0.0525 0.9986 -0.0030
vn -0.0242 0.9939 0.1075
vn -0.0515 0.9977 0.0441
vn 0.1293 0.9914 -0.0180
vn -0.0178 0.9984 0.0532
vn -0.0099 0.9915 0.1301
vn 0.0131 0.9964 0.0839
vn -0.0410 0.9985 0.0366
vn 0.0186 0.9922 0.1234
vn -0.1369 0.9849 0.1056
vn -0.0969 0.9898 0.1042
vn -0.0897 0.9959 0.0146
vn -0.0170 0.9996 0.0227
vn -0.0399 0.9952 0.0896
vn -0.2615 0.9500 0.1705
vn -0.0294 0.9996 0.0046
vn -0.0168 0.9998 0.0069
vn 0.0135 0.9996 0.0252
vn -0.0984 0.9951 -0.0138
vn -0.0693 0.9937 -0.0886
vn -0.0095 0.9765 -0.2154
vn -0.0476 0.9983 0.0341
vn -0.0769 0.9958 0.0493
vn -0.0281 0.9939 -0.1063
vn -0.0745 0.9968 -0.0276
vn -0.1165 0.9914 0.0601
vn -0.1702 0.9522 -0.2537
vn -0.0536 0.9795 0.1943
vn 0.0467 0.9776 -0.2051
vn -0.0590 0.9893 0.1333
vn 0.0297 0.9645 -0.2622
vn 0.0405 0.9763 -0.2126
vn -0.0972 0.9950 -0.0238
vn -0.0817 0.9963 0.0258
vn -0.1721 0.9539 -0.2457
vn -0.3243 0.9351 0.1429
vn -0.2277 0.9654 0.1275
vn -0.5439 0.8322 0.1080
vn -0.0567 0.9805 -0.1880
vn -0.0330 0.9900 -0.1370
vn -0.0597 0.9924 -0.1076
vn 0.0532 0.6064 -0.7934
vn -0.2497 0.9657 0.0718
vn -0.0998 0.9949 0.0112
vn -0.0902 0.9929 0.0773
vn -0.1347 0.9850 -0.1080
vn -0.0935 0.9955 0.0119
vn 0.0456 0.9990 0.0005
vn 0.0081 0.9990 0.0446
vn -0.0451 0.9986 -0.0274
vn 0.1227 0.9924 -0.0082
vn -0.0231 0.9993 0.0305
vn -0.0945 0.9925 0.0769
vn 0.0159 0.9826 0.1848
vn -0.1312 0.9881 0.0803
vn -0.0430 0.9990 0.0109
vn -0.0969 0.9862 -0.1342
vn -0.0626 0.9970 0.0455
vn -0.0411 0.9845 0.1706
vn -0.1073 0.9720 0.2089
vn -0.0433 0.9723 0.2298
vn -0.0194 0.9998 -0.0090
vn -0.0303 0.9986 0.0425
vn -0.0405 0.9982 0.0450
vn 0.1400 0.9889 -0.0504
vn 0.0725 0.9961 0.0507
vn 0.0088 0.9661 0.2580
vn 0.0074 0.9999 0.0103
vn -0.0232 0.9870 0.1591
vn 0.1151 0.9672 0.2263
vn 0.1064 0.9914 0.0766
vn 0.1982 0.7008 0.6853
vn -0.0531 0.9970 0.0562
vn -0.0695 0.9871 0.1444
vn -0.0912 0.9882 0.1227
vn 0.0318 0.9330 0.3586
vn -0.2250 0.9453 -0.2362
vn 0.0250 0.9983 0.0520
vn 0.0248 0.9856 0.1671
vn 0.0280 0.9994 0.0198
vn 0.0564 0.9527 0.2988
vn -0.1454 0.8579 0.4928
vn -0.0044 0.7124 0.7017
vn -0.1287 0.4164 0.9000
vn -0.0185 0.0962 0.9952
vn -0.0710 0.2812 0.9570
vn -0.1247 0.5080 0.8523
vn -0.0759 0.9969 0.0229
vn -0.0956 0.8631 0.4959
vn 0.0607 0.9981 0.0119
vn 0.0101 0.9998 0.0172
vn 0.0146 0.9997 0.0196
vn -0.0376 0.0770 0.9963
vn 0.1171 0.8029 0.5844
vn 0.1234 0.9894 -0.0771
vn -0.0164 0.1010 0.9948
vn 0.0394 0.1099 0.9932
vn -0.0827 0.7991 0.5955
vn 0.0063 0.9997 0.0247
vn -0.0362 0.9483 0.3154
vn 0.0666 0.2883 0.9552
vn -0.0815 0.9950 0.0585
vn 0.0066 0.1506 0.9886
vn -0.2553 0.7534 0.6059
vn -0.0317 0.9925 0.1181
vn -0.0727 0.4784 0.8751
vn 0.0270 0.2138 0.9765
vn 0.0755 0.9214 0.3812
vn -0.0209 0.9992 0.0334
vn -0.0043 0.9997 0.0232
vn 0.0246 0.1332 0.9908
vn -0.0184 0.0811 0.9965
vn -0.2547 0.4290 0.8667
vn -0.0922 0.7063 0.7019
vn -0.0434 0.9764 0.2115
vn 0.0022 0.9388 0.3445
vn 0.0071 0.0192 0.9998
vn -0.4228 -0.1759 0.8890
vn -0.0502 0.1064 0.9930
vn 0.0274 0.5670 0.8233
vn 0.0172 0.9995 0.0256
vn -0.0017 0.9999 0.0157
vn 0.0244 0.9993 0.0273
vn 0.0392 0.9990 0.0223
vn -0.0133 0.9998 0.0157
vn -0.0053 0.9996 0.0264
vn 0.0839 0.9960 0.0306
vn 0.0785 0.9963 0.0340
vn 0.0247 0.9988 0.0431
vn 0.0093 0.9870 0.1606
vn 0.0139 -0.1151 0.9933
vn 0.0104 0.9991 0.0416
vn 0.0474 0.7198 0.6926
vn 0.0723 0.5509 0.8314
vn 0.0617 0.8936 0.4447
vn -0.0451 0.7959 0.6037
vn 0.1654 0.8593 0.4840
vn 0.0069 0.9829 0.1842
vn -0.0192 0.5576 0.8299
vn -0.1331 0.9218 0.3640
vn -0.4315 0.8531 0.2935
vn 0.0065 0.4006 0.9162
vn -0.0302 0.8803 0.4735
vn 0.0101 0.9972 0.0741
vn 0.0528 0.6999 0.7123
vn 0.0626 0.9628 0.2630
vn 0.0154 0.6418 0.7667
vn 0.0555 0.9977 0.0398
vn 0.0333 0.5265 0.8495
vn 0.0322 0.8410 0.5401
vn 0.0020 0.1875 0.9823
vn 0.6587 -0.0089 0.7523
vn 0.0111 0.9649 0.2624
vn 0.0572 0.9843 -0.1667
vn 0.0615 0.9981 -0.0043
vn 0.0464 0.9988 -0.0126
vn 0.0549 0.9985 0.0038
vn 0.0384 0.9992 -0.0089
vn 0.0563 0.9984 -0.0031
vn 0.0484 0.9988 0.0020
vn 0.0578 0.9983 -0.0009
vn 0.0778 0.9970 0.0051
vn 0.0902 0.9959 -0.0012
vn 0.0560 0.9984 -0.0087
vn 0.0585 0.9978 0.0298
vn 0.0766 0.9888 -0.1279
vn 0.0525 0.9960 0.0725
vn 0.0301 0.9986 -0.0432
vn 0.0608 0.9980 -0.0159
vn 0.0925 0.9957 0.0081
vn 0.0988 0.9945 -0.0344
vn 0.0312 0.9994 -0.0123
vn 0.0308 0.9683 -0.2479
vn 0.0186 0.9848 0.1725
vn 0.0238 0.9087 0.4168
vn 0.0507 0.9987 -0.0031
vn 0.0214 0.9993 -0.0303
vn 0.0032 0.9750 -0.2223
vn 0.0619 0.9626 0.2637
vn 0.3525 0.9358 -0.0014
vn 0.0156 0.1731 0.9848
vn 0.0021 0.3051 0.9523
vn 0.0084 0.6970 0.7170
vn 0.0440 0.9984 0.0349
vn 0.0692 0.8153 0.5749
vn 0.0616 0.1864 0.9805
vn 0.0027 0.2143 0.9768
vn 0.0299 0.7800 0.6251
vn 0.0284 0.2827 0.9588
vn 0.0895 0.9395 0.3305
vn 0.1603 0.6230 0.7656
vn 0.0782 0.0331 0.9964
vn 0.1368 0.9906 0.0091
vn 0.1500 0.9885 0.0199
vn 0.0226 0.7682 0.6398
vn 0.1968 0.9803 -0.0136
vn 0.0724 0.9974 0.0006
vn 0.0041 0.9995 0.0323
vn 0.0054 0.9992 0.0402
vn 0.0137 0.9993 0.0347
vn 0.1502 0.9886 0.0132
vn 0.5726 0.8198 0.0113
vn -0.0295 0.8184 0.5739
vn 0.0023 0.3706 0.9288
vn 0.0283 0.9568 0.2893
vn 0.2785 0.8191 0.5015
vn 0.2331 0.6710 0.7039
vn 0.2452 0.9694 0.0147
vn 0.4844 0.8747 0.0168
vn 0.1746 0.9846 0.0004
vn 0.5098 0.8597 0.0314
vn -0.0127 0.9998 0.0177
vn 0.1193 0.9912 -0.0571
vn -0.1561 0.9877 0.0071
vn 0.2080 0.9778 -0.0265
vn 0.3472 0.9377 -0.0081
vn 0.5439 0.8390 0.0143
vn 0.1986 0.9800 0.0093
vn -0.0586 0.9982 0.0090
vn 0.1019 0.9936 -0.0484
vn -0.0302 0.9995 0.0093
vn -0.1827 0.9831 0.0110
vn -0.0665 0.9973 -0.0312
vn 0.2509 0.9677 0.0259
vn 0.5944 0.8040 -0.0157
vn 0.0767 0.9970 0.0022
vn 0.3598 0.9330 0.0084
vn 0.2496 0.9683 0.0102
vn 0.0739 0.9973 0.0045
vn 0.3880 0.9217 0.0067
vn -0.0895 0.9958 0.0180
vn -0.4469 0.8937 -0.0404
vn 0.3653 0.9307 -0.0156
vn 0.5368 0.8341 0.1272
vn -0.0072 0.9998 0.0186
vn -0.1355 0.9849 -0.1076
vn 0.6286 0.7770 0.0330
vn 0.1468 0.9846 0.0944
vn 0.1616 0.9866 -0.0215
vn -0.0446 0.9926 0.1126
vn -0.2087 0.9778 -0.0210
vn -0.0289 0.9982 -0.0529
vn 0.0618 0.9978 -0.0236
vn 0.5452 0.8358 -0.0650
vn 0.1806 0.9825 -0.0455
vn 0.1847 0.9828 -0.0078
vn -0.0494 0.9988 0.0009
vn 0.1260 0.9920 0.0111
vn 0.4666 0.8844 -0.0084
vn 0.0807 0.9967 0.0018
vn 0.0820 0.9964 -0.0204
vn 0.5283 0.8432 -0.0992
vn 0.5017 0.8644 -0.0344
vn 0.5398 0.8416 0.0182
vn 0.2158 0.8893 0.4031
vn 0.6156 0.7880 0.0100
vn 0.2640 0.9643 -0.0221
vn 0.0554 0.9983 0.0207
vn 0.0426 0.9986 0.0303
vn 0.0011 0.9981 0.0613
vn 0.6533 0.7570 -0.0117
vn 0.6852 0.0641 0.7255
vn 0.0707 0.0678 0.9952
vn 0.6511 0.7589 -0.0133
vn 0.2249 0.9743 -0.0143
vn 0.0433 0.7887 0.6133
vn 0.6397 0.7681 0.0296
vn 0.6401 0.0227 0.7680
vn 0.5198 0.4930 0.6977
vn 0.7796 0.5113 0.3617
vn 0.4373 0.4661 0.7691
vn -0.0805 0.9967 -0.0079
vn 0.6926 0.7213 -0.0003
vn -0.6327 0.5363 -0.5586
vn 0.1536 0.9881 -0.0031
vn -0.4395 0.5537 -0.7073
vn -0.4274 0.3033 -0.8517
vn -0.7051 -0.0001 -0.7091
vn -0.5740 0.5917 -0.5661
vn -0.7576 -0.0015 -0.6528
vn -0.0000 0.0002 -1.0000
vn 0.0001 0.4118 -0.9113
vn -0.0023 0.3797 -0.9251
vn 0.7071 0.0001 -0.7071
vn 0.6635 0.3460 -0.6634
vn 0.7655 0.6434 -0.0033
vn 0.6433 0.7656 0.0028
vn 0.7774 0.6289 0.0011
vn 0.9971 0.0449 0.0616
vn 1.0000 0.0003 0.0002
vn 0.5164 0.6461 0.5621
vn 0.7035 -0.0024 0.7107
vn 0.7059 0.0011 0.7083
vn 0.8718 0.4899 0.0010
vn 1.0000 0.0001 -0.0000
vn 0.9405 0.3399 -0.0013
vn 0.8445 0.5356 0.0003
vn 0.8543 0.5197 0.0017
vn 0.6766 0.7363 0.0002
vn 0.8657 0.5006 -0.0004
vn 0.7822 0.6230 0.0066
vn 0.9213 0.3888 -0.0002
vn -0.5836 0.5623 -0.5859
vn -0.0123 0.8328 -0.5535
vn 0.5257 0.5990 0.6040
vn -0.8367 -0.0003 -0.5477
vn 0.5726 0.5922 -0.5669
vn 0.0003 0.6009 -0.7993
vn 0.8442 0.5360 -0.0023
vn 0.7581 0.6521 0.0014
vn 0.0047 0.9127 -0.4085
vn -0.0078 0.9142 -0.4052
vn -0.6087 0.7006 -0.3723
vn -0.3811 0.6158 -0.6896
vn 0.0767 0.8680 -0.4906
vn 0.0017 0.9906 0.1370
vn 0.0218 -0.0192 0.9996
vn 0.5332 -0.0187 0.8458
vn 0.5132 0.8582 0.0065
vn 0.4630 0.8793 0.1118
vn 0.6472 0.7618 0.0289
vn -0.0220 0.8603 -0.5093
vn 0.0024 0.9412 -0.3379
vn 0.5519 0.2165 0.8053
vt 0.851358 0.071805
vt 0.889801 0.070790
vt 0.852042 0.080244
vt 0.849322 0.085780
vt 0.851890 0.105400
vt 0.859700 0.123968
vt 0.849500 0.111598
vt 0.846061 0.072041
vt 0.850250 0.132000
vt 0.846681 0.116953
vt 0.846930 0.131200
vt 0.826103 0.094696
vt 0.836049 0.133424
vt 0.808247 0.127493
vt 0.800296 0.090528
vt 0.821446 0.074935
vt 0.797545 0.106850
vt 0.893100 0.182400
vt 0.856823 0.160818
vt 0.851080 0.144740
vt 0.852580 0.151360
vt 0.853340 0.160000
vt 0.853788 0.170989
vt 0.853728 0.176818
vt 0.849170 0.150480
vt 0.849349 0.158536
vt 0.847057 0.143630
vt 0.845733 0.147525
vt 0.843329 0.154188
vt 0.842582 0.145192
vt 0.842088 0.161844
vt 0.850830 0.174210
vt 0.845700 0.171800
vt 0.836958 0.147850
vt 0.837700 0.168880
vt 0.841300 0.171380
vt 0.836460 0.151710
vt 0.840390 0.155480
vt 0.833164 0.156427
vt 0.838980 0.165980
vt 0.836584 0.161529
vt 0.835900 0.167190
vt 0.835500 0.164000
vt 0.828040 0.144270
vt 0.829418 0.164351
vt 0.820340 0.150441
vt 0.816890 0.159180
vt 0.814405 0.173449
vt 0.855101 0.237185
vt 0.853900 0.191780
vt 0.852345 0.196623
vt 0.850115 0.177518
vt 0.848500 0.186590
vt 0.849900 0.191680
vt 0.844414 0.176062
vt 0.842790 0.180948
vt 0.848579 0.195236
vt 0.849876 0.200215
vt 0.849679 0.211091
vt 0.838429 0.200063
vt 0.838442 0.209276
vt 0.824478 0.200090
vt 0.830101 0.211018
vt 0.835007 0.223040
vt 0.894680 0.233980
vt 0.862821 0.243658
vt 0.856190 0.246700
vt 0.855917 0.257259
vt 0.853200 0.218700
vt 0.852954 0.245500
vt 0.850283 0.250744
vt 0.853762 0.253036
vt 0.850813 0.227294
vt 0.835350 0.255826
vt 0.816345 0.264104
vt 0.816056 0.244137
vt 0.895690 0.272590
vt 0.858124 0.269372
vt 0.856950 0.307913
vt 0.855090 0.265300
vt 0.854900 0.269890
vt 0.856890 0.275090
vt 0.857150 0.293880
vt 0.857400 0.281190
vt 0.853878 0.284151
vt 0.855490 0.285290
vt 0.854700 0.292600
vt 0.852175 0.271349
vt 0.852971 0.277895
vt 0.852489 0.286800
vt 0.854902 0.301307
vt 0.849567 0.277794
vt 0.850124 0.302732
vt 0.845348 0.292004
vt 0.852500 0.299100
vt 0.834647 0.286390
vt 0.822786 0.279948
vt 0.895872 0.312946
vt 0.892231 0.343519
vt 0.856076 0.316674
vt 0.856647 0.335757
vt 0.855790 0.323390
vt 0.865200 0.345518
vt 0.852800 0.305000
vt 0.847322 0.313991
vt 0.854080 0.328590
vt 0.851223 0.327066
vt 0.852100 0.334800
vt 0.846194 0.340223
vt 0.849959 0.342005
vt 0.854016 0.346035
vt 0.833937 0.311146
vt 0.837823 0.347393
vt 0.813161 0.353872
vt 0.891712 0.365473
vt 0.852715 0.357203
vt 0.851499 0.366714
vt 0.882647 0.404644
vt 0.848590 0.360790
vt 0.848944 0.379490
vt 0.841409 0.349908
vt 0.844600 0.372700
vt 0.847143 0.378807
vt 0.841977 0.356880
vt 0.837533 0.373900
vt 0.839114 0.356832
vt 0.833000 0.380890
vt 0.830696 0.380267
vt 0.838400 0.386590
vt 0.843642 0.401554
vt 0.853510 0.420518
vt 0.831086 0.417832
vt 0.872300 0.437990
vt 0.836180 0.416590
vt 0.833700 0.386700
vt 0.831600 0.390700
vt 0.830754 0.401478
vt 0.817696 0.138676
vt 0.787363 0.075971
vt 0.777478 0.087854
vt 0.806206 0.151263
vt 0.781836 0.149814
vt 0.794653 0.163771
vt 0.776700 0.159515
vt 0.794060 0.214765
vt 0.761181 0.197527
vt 0.756514 0.218533
vt 0.804565 0.265719
vt 0.786153 0.277170
vt 0.772953 0.238407
vt 0.794586 0.300864
vt 0.803633 0.324714
vt 0.793874 0.341554
vt 0.780389 0.321987
vt 0.810950 0.385859
vt 0.794296 0.366664
vt 0.764892 0.378853
vt 0.764883 0.395830
vt 0.834155 0.424872
vt 0.832000 0.431600
vt 0.828237 0.390055
vt 0.823631 0.398199
vt 0.820377 0.407976
vt 0.828159 0.429152
vt 0.821532 0.424078
vt 0.816670 0.423676
vt 0.808853 0.432426
vt 0.785762 0.415406
vt 0.756939 0.133342
vt 0.764627 0.106635
vt 0.770515 0.139568
vt 0.745473 0.084877
vt 0.765461 0.077870
vt 0.749106 0.078349
vt 0.744767 0.078648
vt 0.760279 0.180462
vt 0.759427 0.152491
vt 0.762406 0.161886
vt 0.754620 0.159310
vt 0.749670 0.154550
vt 0.751546 0.167663
vt 0.753442 0.198917
vt 0.749570 0.176550
vt 0.750280 0.195080
vt 0.751020 0.210977
vt 0.766735 0.264365
vt 0.760271 0.241390
vt 0.753413 0.248556
vt 0.750400 0.237280
vt 0.749326 0.264601
vt 0.747029 0.237884
vt 0.748021 0.221206
vt 0.746024 0.268205
vt 0.752794 0.294973
vt 0.765996 0.325151
vt 0.751901 0.274858
vt 0.751100 0.310990
vt 0.746059 0.295882
vt 0.747892 0.273949
vt 0.743898 0.287704
vt 0.740320 0.308775
vt 0.743080 0.310680
vt 0.766886 0.339657
vt 0.768769 0.326797
vt 0.766780 0.326590
vt 0.766200 0.327800
vt 0.751149 0.334258
vt 0.744858 0.353756
vt 0.743581 0.318308
vt 0.743154 0.344307
vt 0.745088 0.369666
vt 0.737222 0.384364
vt 0.776298 0.433232
vt 0.785513 0.436043
vt 0.765343 0.424186
vt 0.771300 0.431400
vt 0.768409 0.433880
vt 0.737887 0.396608
vt 0.745960 0.429464
vt 0.743515 0.414769
vt 0.745771 0.097922
vt 0.740670 0.089010
vt 0.731990 0.086070
vt 0.726099 0.079881
vt 0.720930 0.097150
vt 0.719340 0.080330
vt 0.716820 0.080531
vt 0.747210 0.105071
vt 0.746237 0.109995
vt 0.749706 0.144181
vt 0.744962 0.103671
vt 0.746651 0.139263
vt 0.733616 0.119596
vt 0.722275 0.113228
vt 0.726180 0.130600
vt 0.720077 0.121703
vt 0.722000 0.131400
vt 0.718500 0.136180
vt 0.718060 0.100510
vt 0.711615 0.081346
vt 0.713799 0.116555
vt 0.716479 0.147072
vt 0.696410 0.110004
vt 0.750200 0.152900
vt 0.747052 0.153638
vt 0.748800 0.158050
vt 0.747399 0.176758
vt 0.730024 0.152188
vt 0.737648 0.160514
vt 0.728470 0.162450
vt 0.725229 0.169988
vt 0.722581 0.146703
vt 0.724730 0.158770
vt 0.723680 0.153920
vt 0.723510 0.156160
vt 0.722230 0.162050
vt 0.721390 0.168060
vt 0.720230 0.153530
vt 0.718910 0.158450
vt 0.704760 0.164561
vt 0.722256 0.175505
vt 0.711368 0.158846
vt 0.700836 0.155093
vt 0.703814 0.175759
vt 0.747487 0.198573
vt 0.728192 0.184291
vt 0.733755 0.206563
vt 0.724600 0.197200
vt 0.723209 0.182040
vt 0.722193 0.208198
vt 0.724600 0.214900
vt 0.722397 0.225333
vt 0.704204 0.201664
vt 0.709152 0.223538
vt 0.725390 0.229690
vt 0.724900 0.241780
vt 0.723154 0.230295
vt 0.722890 0.238280
vt 0.724875 0.252722
vt 0.724380 0.262800
vt 0.734331 0.272806
vt 0.723800 0.246380
vt 0.722280 0.255800
vt 0.719900 0.244280
vt 0.719690 0.250800
vt 0.703222 0.253024
vt 0.721405 0.262804
vt 0.723579 0.273530
vt 0.720448 0.279167
vt 0.722288 0.288543
vt 0.722615 0.297152
vt 0.722213 0.304232
vt 0.718762 0.304772
vt 0.719655 0.292596
vt 0.701970 0.267176
vt 0.722754 0.320203
vt 0.738886 0.337426
vt 0.738912 0.324163
vt 0.737200 0.355100
vt 0.735060 0.371114
vt 0.731173 0.371891
vt 0.733690 0.350690
vt 0.731935 0.374436
vt 0.728042 0.399251
vt 0.739090 0.428990
vt 0.737689 0.433613
vt 0.729686 0.415295
vt 0.726422 0.433391
vt 0.724900 0.411000
vt 0.724690 0.398600
vt 0.720300 0.417890
vt 0.721180 0.430090
vt 0.718781 0.433995
vt 0.703980 0.080920
vt 0.706900 0.097000
vt 0.696269 0.087802
vt 0.693489 0.081816
vt 0.694643 0.088378
vt 0.692600 0.083800
vt 0.693047 0.098781
vt 0.686120 0.084735
vt 0.685382 0.082181
vt 0.681861 0.081856
vt 0.697390 0.125680
vt 0.696200 0.099500
vt 0.699280 0.144980
vt 0.694906 0.105468
vt 0.695323 0.116092
vt 0.696084 0.131752
vt 0.694890 0.101000
vt 0.691666 0.105270
vt 0.694580 0.111290
vt 0.693790 0.124490
vt 0.685575 0.138619
vt 0.680426 0.098004
vt 0.682676 0.117557
vt 0.681701 0.083206
vt 0.706784 0.157429
vt 0.702910 0.157900
vt 0.701050 0.160630
vt 0.700839 0.171119
vt 0.699800 0.157700
vt 0.699580 0.160410
vt 0.696706 0.160443
vt 0.698943 0.170628
vt 0.698537 0.155901
vt 0.695900 0.148200
vt 0.696260 0.175382
vt 0.653224 0.148636
vt 0.685972 0.199268
vt 0.706080 0.212200
vt 0.703580 0.188650
vt 0.701480 0.176580
vt 0.698390 0.182176
vt 0.698991 0.189363
vt 0.698080 0.194680
vt 0.699641 0.202311
vt 0.702350 0.208210
vt 0.700280 0.208660
vt 0.699850 0.205350
vt 0.701750 0.210930
vt 0.699620 0.211720
vt 0.701700 0.219610
vt 0.697700 0.205620
vt 0.697310 0.211330
vt 0.699850 0.214100
vt 0.699190 0.215720
vt 0.697220 0.214680
vt 0.696472 0.213311
vt 0.699713 0.219675
vt 0.697570 0.221270
vt 0.695797 0.196297
vt 0.698330 0.199770
vt 0.694043 0.213428
vt 0.703000 0.228657
vt 0.702066 0.227948
vt 0.699580 0.227640
vt 0.699438 0.229259
vt 0.699515 0.249156
vt 0.699648 0.257830
vt 0.696874 0.255837
vt 0.697200 0.242532
vt 0.696640 0.225650
vt 0.697560 0.232280
vt 0.694367 0.227433
vt 0.692891 0.246988
vt 0.693490 0.243000
vt 0.682950 0.239458
vt 0.691588 0.263163
vt 0.692900 0.260251
vt 0.670259 0.213772
vt 0.633523 0.275670
vt 0.653940 0.227215
vt 0.702790 0.291264
vt 0.702090 0.301490
vt 0.699050 0.287472
vt 0.698954 0.266852
vt 0.696143 0.268612
vt 0.698556 0.274202
vt 0.697200 0.283100
vt 0.698800 0.291590
vt 0.700290 0.293080
vt 0.699800 0.299690
vt 0.699280 0.297690
vt 0.695990 0.289280
vt 0.695590 0.296200
vt 0.697000 0.298900
vt 0.697700 0.303790
vt 0.692780 0.272190
vt 0.692223 0.286252
vt 0.692780 0.291090
vt 0.691290 0.276800
vt 0.694677 0.305625
vt 0.690680 0.294800
vt 0.693192 0.296903
vt 0.689890 0.287900
vt 0.689017 0.305486
vt 0.675539 0.290866
vt 0.717382 0.323085
vt 0.716750 0.314142
vt 0.716630 0.342030
vt 0.714781 0.320678
vt 0.712031 0.334448
vt 0.710509 0.353025
vt 0.698520 0.316336
vt 0.698090 0.307090
vt 0.693880 0.340200
vt 0.696654 0.310674
vt 0.693066 0.331904
vt 0.688838 0.337411
vt 0.687512 0.322531
vt 0.691290 0.340900
vt 0.689700 0.347400
vt 0.682859 0.339040
vt 0.687500 0.339890
vt 0.687300 0.344790
vt 0.682447 0.351676
vt 0.674278 0.325128
vt 0.705623 0.387693
vt 0.706861 0.365770
vt 0.696041 0.374134
vt 0.702382 0.393153
vt 0.690268 0.357200
vt 0.688272 0.365875
vt 0.687606 0.358921
vt 0.684458 0.357230
vt 0.686462 0.383275
vt 0.686860 0.363090
vt 0.684360 0.360740
vt 0.683130 0.365500
vt 0.685620 0.367460
vt 0.684060 0.371520
vt 0.682440 0.369040
vt 0.683870 0.377020
vt 0.680860 0.372750
vt 0.683350 0.381500
vt 0.684400 0.385190
vt 0.679560 0.379610
vt 0.682470 0.385690
vt 0.680620 0.381740
vt 0.683870 0.392940
vt 0.678960 0.372530
vt 0.680760 0.375990
vt 0.691030 0.395020
vt 0.679413 0.386639
vt 0.679530 0.389670
vt 0.675114 0.380222
vt 0.711310 0.400940
vt 0.706170 0.400970
vt 0.704870 0.395410
vt 0.707712 0.406557
vt 0.705176 0.405203
vt 0.704730 0.401620
vt 0.702660 0.395940
vt 0.698670 0.395130
vt 0.713750 0.423969
vt 0.707798 0.419871
vt 0.701690 0.401360
vt 0.698018 0.403439
vt 0.700940 0.408930
vt 0.695778 0.434347
vt 0.699370 0.411590
vt 0.697440 0.399720
vt 0.697080 0.396290
vt 0.693570 0.409860
vt 0.695680 0.408230
vt 0.696660 0.413320
vt 0.715900 0.436300
vt 0.711480 0.437400
vt 0.695680 0.400260
vt 0.693480 0.401230
vt 0.694190 0.396310
vt 0.687917 0.408672
vt 0.692480 0.428090
vt 0.703580 0.438890
vt 0.688178 0.400032
vt 0.679949 0.427108
vt 0.688140 0.394930
vt 0.687560 0.403600
vt 0.683710 0.397590
vt 0.683620 0.403490
vt 0.682870 0.401230
vt 0.681640 0.393790
vt 0.682070 0.408800
vt 0.680310 0.404260
vt 0.663500 0.085000
vt 0.648494 0.088201
vt 0.653506 0.083166
vt 0.644704 0.083528
vt 0.634863 0.086630
vt 0.631471 0.084010
vt 0.648252 0.097768
vt 0.626533 0.094656
vt 0.624443 0.112234
vt 0.610588 0.160373
vt 0.643279 0.180043
vt 0.608080 0.211289
vt 0.630178 0.313865
vt 0.620547 0.334123
vt 0.623824 0.354688
vt 0.674800 0.386990
vt 0.669319 0.368787
vt 0.626023 0.378464
vt 0.677742 0.393784
vt 0.679880 0.396560
vt 0.677760 0.399120
vt 0.677980 0.402040
vt 0.676370 0.408170
vt 0.673300 0.415630
vt 0.676160 0.400770
vt 0.673545 0.405953
vt 0.675660 0.405290
vt 0.668549 0.406573
vt 0.677690 0.548900
vt 0.678480 0.547590
vt 0.679600 0.552100
vt 0.670690 0.415190
vt 0.674480 0.428400
vt 0.675980 0.547290
vt 0.674700 0.551400
vt 0.674700 0.548380
vt 0.667511 0.419348
vt 0.668700 0.422610
vt 0.662567 0.427415
vt 0.668900 0.425790
vt 0.673600 0.545300
vt 0.667100 0.423500
vt 0.646688 0.422903
vt 0.660000 0.425900
vt 0.667535 0.549611
vt 0.668080 0.546700
vt 0.663800 0.547590
vt 0.666700 0.545300
vt 0.660090 0.547800
vt 0.664077 0.551243
vt 0.657400 0.546000
vt 0.650080 0.426990
vt 0.638513 0.544482
vt 0.639760 0.546551
vt 0.653027 0.549343
vt 0.630915 0.427049
vt 0.631163 0.416848
vt 0.619394 0.085293
vt 0.602902 0.085441
vt 0.605629 0.095054
vt 0.604227 0.096131
vt 0.602416 0.089176
vt 0.593747 0.086424
vt 0.607545 0.145404
vt 0.606100 0.129280
vt 0.604780 0.126380
vt 0.603689 0.132834
vt 0.605180 0.135600
vt 0.567800 0.103381
vt 0.604124 0.146488
vt 0.585831 0.158974
vt 0.607400 0.156380
vt 0.608419 0.180484
vt 0.607680 0.167880
vt 0.605877 0.148595
vt 0.606000 0.154300
vt 0.606280 0.158708
vt 0.606400 0.166080
vt 0.606800 0.174780
vt 0.604760 0.160852
vt 0.605973 0.178465
vt 0.608500 0.198200
vt 0.607100 0.180880
vt 0.607500 0.190400
vt 0.605901 0.192236
vt 0.573068 0.205141
vt 0.611691 0.254943
vt 0.599477 0.253685
vt 0.609490 0.257936
vt 0.582706 0.256890
vt 0.578545 0.252727
vt 0.618039 0.289779
vt 0.615700 0.285690
vt 0.614843 0.291378
vt 0.617515 0.298859
vt 0.615980 0.298500
vt 0.617249 0.316082
vt 0.613021 0.293691
vt 0.583481 0.286249
vt 0.602963 0.330983
vt 0.621582 0.354539
vt 0.617818 0.334098
vt 0.621294 0.365002
vt 0.624782 0.384733
vt 0.613197 0.390616
vt 0.627621 0.416999
vt 0.605312 0.426316
vt 0.613338 0.542820
vt 0.614842 0.541309
vt 0.615890 0.544900
vt 0.617279 0.546569
vt 0.598442 0.426851
vt 0.608839 0.542010
vt 0.580549 0.396537
vt 0.579938 0.541509
vt 0.580104 0.543005
vt 0.533631 0.086025
vt 0.580624 0.085274
vt 0.565703 0.142853
vt 0.517664 0.103224
vt 0.524846 0.086971
vt 0.546047 0.177041
vt 0.538611 0.206490
vt 0.553046 0.254675
vt 0.525852 0.252731
vt 0.532925 0.331265
vt 0.522240 0.290848
vt 0.538673 0.394729
vt 0.560124 0.426753
vt 0.573037 0.540400
vt 0.571200 0.542990
vt 0.566900 0.543200
vt 0.569700 0.544300
vt 0.563300 0.541700
vt 0.550100 0.427997
vt 0.559893 0.543868
vt 0.555460 0.542680
vt 0.537016 0.426747
vt 0.545511 0.541143
vt 0.532178 0.427897
vt 0.519725 0.141159
vt 0.487800 0.099682
vt 0.502124 0.086171
vt 0.495941 0.175780
vt 0.497192 0.216748
vt 0.510492 0.254790
vt 0.501139 0.258353
vt 0.499460 0.250175
vt 0.516762 0.378600
vt 0.486211 0.364376
vt 0.511574 0.427574
vt 0.490900 0.426200
vt 0.500858 0.428001
vt 0.488216 0.410941
vt 0.481753 0.086747
vt 0.474594 0.122183
vt 0.460004 0.104470
vt 0.458490 0.093080
vt 0.458808 0.125404
vt 0.459841 0.156626
vt 0.479135 0.186824
vt 0.461625 0.211402
vt 0.459494 0.197432
vt 0.458088 0.152200
vt 0.477094 0.254333
vt 0.463191 0.254464
vt 0.462753 0.245882
vt 0.460539 0.233637
vt 0.461198 0.252349
vt 0.458135 0.214180
vt 0.459072 0.254021
vt 0.457146 0.260890
vt 0.465669 0.297998
vt 0.463068 0.299771
vt 0.460723 0.293762
vt 0.467212 0.351385
vt 0.465807 0.336686
vt 0.464180 0.341749
vt 0.462642 0.336574
vt 0.467622 0.396129
vt 0.466500 0.362390
vt 0.466895 0.386799
vt 0.465600 0.351990
vt 0.464683 0.361154
vt 0.465288 0.392202
vt 0.461447 0.374835
vt 0.475682 0.427188
vt 0.466932 0.405583
vt 0.467500 0.418000
vt 0.465690 0.427300
vt 0.465306 0.406885
vt 0.463880 0.412690
vt 0.463510 0.423447
vt 0.465419 0.402221
vt 0.463600 0.399390
vt 0.457590 0.403800
vt 0.455488 0.087300
vt 0.432012 0.087969
vt 0.448743 0.086238
vt 0.457500 0.100000
vt 0.457580 0.116681
vt 0.457068 0.086420
vt 0.455390 0.096600
vt 0.455900 0.108400
vt 0.456752 0.122153
vt 0.457663 0.127269
vt 0.456733 0.147688
vt 0.447690 0.101487
vt 0.437320 0.114507
vt 0.444093 0.148077
vt 0.387223 0.087958
vt 0.402738 0.140336
vt 0.457485 0.181219
vt 0.423816 0.182346
vt 0.405790 0.194723
vt 0.414162 0.234998
vt 0.434392 0.254086
vt 0.441679 0.266245
vt 0.407526 0.253727
vt 0.437807 0.308834
vt 0.396649 0.288306
vt 0.405574 0.304880
vt 0.426481 0.334553
vt 0.409789 0.350623
vt 0.440287 0.388686
vt 0.433358 0.411155
vt 0.444667 0.421012
vt 0.432990 0.425900
vt 0.437500 0.427390
vt 0.424346 0.425654
vt 0.425180 0.427212
vt 0.419674 0.411189
vt 0.413377 0.417806
vt 0.414700 0.420390
vt 0.416500 0.425700
vt 0.397682 0.396611
vt 0.405090 0.410490
vt 0.410180 0.422690
vt 0.826847 0.442551
vt 0.829990 0.434100
vt 0.863480 0.464390
vt 0.838980 0.459100
vt 0.826200 0.453590
vt 0.813586 0.430115
vt 0.811886 0.439462
vt 0.821780 0.456690
vt 0.812537 0.447547
vt 0.821780 0.621590
vt 0.838505 0.640558
vt 0.811852 0.612568
vt 0.800324 0.621957
vt 0.799064 0.435423
vt 0.800890 0.437590
vt 0.793116 0.440371
vt 0.779244 0.598905
vt 0.785631 0.594827
vt 0.792976 0.603915
vt 0.813880 0.671100
vt 0.785393 0.641927
vt 0.782339 0.642082
vt 0.775739 0.633271
vt 0.779221 0.621482
vt 0.772809 0.656382
vt 0.780200 0.589990
vt 0.767767 0.610935
vt 0.774990 0.587400
vt 0.772717 0.615529
vt 0.782012 0.437835
vt 0.761584 0.582862
vt 0.766489 0.596055
vt 0.759143 0.602812
vt 0.772700 0.435600
vt 0.769211 0.437479
vt 0.761802 0.619476
vt 0.753469 0.586590
vt 0.752685 0.609301
vt 0.762090 0.436500
vt 0.754519 0.581180
vt 0.748707 0.591549
vt 0.744317 0.601215
vt 0.745781 0.622112
vt 0.735360 0.615337
vt 0.739581 0.437138
vt 0.733459 0.576668
vt 0.740037 0.590490
vt 0.764946 0.654623
vt 0.769953 0.630001
vt 0.769826 0.641641
vt 0.789226 0.701136
vt 0.763547 0.648977
vt 0.764684 0.629279
vt 0.762579 0.640268
vt 0.761158 0.635260
vt 0.759874 0.653786
vt 0.759100 0.650080
vt 0.761710 0.669329
vt 0.758490 0.646790
vt 0.753090 0.658900
vt 0.753600 0.654600
vt 0.755800 0.638580
vt 0.755104 0.636557
vt 0.758511 0.641460
vt 0.756095 0.647252
vt 0.751717 0.641764
vt 0.752780 0.647580
vt 0.754700 0.650080
vt 0.750680 0.652890
vt 0.750024 0.640179
vt 0.748850 0.653653
vt 0.747888 0.658843
vt 0.740898 0.647702
vt 0.742348 0.649575
vt 0.743577 0.634180
vt 0.735258 0.649170
vt 0.736497 0.659829
vt 0.737846 0.641640
vt 0.738290 0.625563
vt 0.730241 0.655710
vt 0.769260 0.678898
vt 0.746109 0.690105
vt 0.744274 0.690159
vt 0.748880 0.663380
vt 0.750643 0.670810
vt 0.756520 0.732744
vt 0.741105 0.667003
vt 0.731820 0.676131
vt 0.721164 0.685233
vt 0.719081 0.676947
vt 0.712437 0.727283
vt 0.720742 0.715383
vt 0.722896 0.592685
vt 0.717586 0.577443
vt 0.705367 0.602859
vt 0.713111 0.626436
vt 0.725600 0.436190
vt 0.720200 0.572000
vt 0.721180 0.436190
vt 0.714532 0.574390
vt 0.715900 0.570590
vt 0.710996 0.583766
vt 0.713500 0.571380
vt 0.713680 0.568400
vt 0.711880 0.579680
vt 0.710690 0.568490
vt 0.710304 0.572964
vt 0.705856 0.578722
vt 0.707180 0.581300
vt 0.708980 0.569890
vt 0.701621 0.586358
vt 0.697324 0.595145
vt 0.700481 0.613709
vt 0.722092 0.641208
vt 0.726897 0.651418
vt 0.722086 0.628420
vt 0.724500 0.656880
vt 0.707420 0.649792
vt 0.700388 0.631631
vt 0.683252 0.649850
vt 0.709774 0.662299
vt 0.722879 0.664478
vt 0.723990 0.658990
vt 0.719938 0.671741
vt 0.719200 0.662500
vt 0.717349 0.660199
vt 0.721180 0.659300
vt 0.717890 0.666100
vt 0.715663 0.673127
vt 0.713679 0.681684
vt 0.712300 0.677200
vt 0.714290 0.665300
vt 0.710005 0.666384
vt 0.709678 0.668746
vt 0.710300 0.678080
vt 0.705967 0.684559
vt 0.707700 0.674880
vt 0.703968 0.678125
vt 0.700152 0.674418
vt 0.701436 0.664373
vt 0.693911 0.695829
vt 0.704779 0.702273
vt 0.691849 0.690462
vt 0.698336 0.679755
vt 0.697190 0.673396
vt 0.693880 0.676500
vt 0.691913 0.678964
vt 0.686323 0.689628
vt 0.691052 0.676135
vt 0.686680 0.681280
vt 0.714409 0.724051
vt 0.730910 0.766562
vt 0.694334 0.745984
vt 0.703918 0.722533
vt 0.695214 0.716406
vt 0.681582 0.736284
vt 0.690491 0.705910
vt 0.681702 0.717018
vt 0.675206 0.706285
vt 0.678055 0.761323
vt 0.680987 0.757384
vt 0.674790 0.744090
vt 0.704800 0.570800
vt 0.706200 0.567080
vt 0.694400 0.549790
vt 0.694280 0.556990
vt 0.690100 0.561500
vt 0.700680 0.567390
vt 0.698800 0.564400
vt 0.697480 0.569580
vt 0.697000 0.566290
vt 0.694890 0.565590
vt 0.691990 0.563880
vt 0.688390 0.558000
vt 0.694980 0.572390
vt 0.688174 0.569166
vt 0.689890 0.565100
vt 0.689300 0.562900
vt 0.687300 0.563300
vt 0.685890 0.559490
vt 0.684180 0.565680
vt 0.682780 0.547680
vt 0.682219 0.556215
vt 0.693238 0.585329
vt 0.682211 0.566252
vt 0.680400 0.561380
vt 0.679090 0.563880
vt 0.693157 0.597377
vt 0.687945 0.602801
vt 0.683422 0.612039
vt 0.684623 0.607671
vt 0.671193 0.643748
vt 0.681923 0.633070
vt 0.675467 0.621003
vt 0.680000 0.612990
vt 0.667415 0.629992
vt 0.669556 0.625010
vt 0.673780 0.619180
vt 0.663505 0.629391
vt 0.664080 0.633000
vt 0.660332 0.634791
vt 0.649643 0.647508
vt 0.652112 0.643233
vt 0.674812 0.688488
vt 0.672343 0.693177
vt 0.667351 0.681500
vt 0.673976 0.659494
vt 0.666608 0.692243
vt 0.663160 0.662832
vt 0.651907 0.677448
vt 0.641722 0.654872
vt 0.656490 0.674180
vt 0.637944 0.663456
vt 0.682103 0.698087
vt 0.669633 0.730133
vt 0.673447 0.711411
vt 0.666411 0.706556
vt 0.651145 0.707162
vt 0.650891 0.712396
vt 0.647013 0.717633
vt 0.653197 0.733128
vt 0.641769 0.694417
vt 0.640525 0.713381
vt 0.646700 0.712700
vt 0.643358 0.733722
vt 0.700200 0.796700
vt 0.658174 0.781860
vt 0.670000 0.743900
vt 0.667331 0.758556
vt 0.665300 0.772400
vt 0.671107 0.738490
vt 0.671000 0.742500
vt 0.680400 0.814180
vt 0.658884 0.748404
vt 0.648693 0.769509
vt 0.640922 0.754013
vt 0.639261 0.756844
vt 0.639693 0.760743
vt 0.638379 0.769490
vt 0.641300 0.771390
vt 0.637090 0.763700
vt 0.652861 0.783403
vt 0.653373 0.835558
vt 0.633196 0.801861
vt 0.637551 0.795615
vt 0.639594 0.778814
vt 0.627600 0.789597
vt 0.675593 0.578520
vt 0.677300 0.570746
vt 0.688310 0.593903
vt 0.675846 0.558326
vt 0.677290 0.557200
vt 0.672675 0.584298
vt 0.671580 0.579200
vt 0.677794 0.601070
vt 0.669619 0.591719
vt 0.667997 0.586652
vt 0.667787 0.580060
vt 0.666700 0.590080
vt 0.661607 0.585721
vt 0.663800 0.588400
vt 0.664830 0.597169
vt 0.662558 0.593756
vt 0.661090 0.589900
vt 0.660600 0.591480
vt 0.658680 0.559580
vt 0.662235 0.554080
vt 0.653416 0.571823
vt 0.657580 0.589900
vt 0.657635 0.556892
vt 0.656182 0.564177
vt 0.658500 0.592400
vt 0.646600 0.550000
vt 0.653190 0.553733
vt 0.654743 0.560387
vt 0.654145 0.562038
vt 0.655900 0.558390
vt 0.642431 0.553979
vt 0.645969 0.557170
vt 0.642512 0.562662
vt 0.653414 0.565805
vt 0.651771 0.569106
vt 0.643980 0.566990
vt 0.650480 0.573580
vt 0.637094 0.596600
vt 0.649800 0.595790
vt 0.646280 0.558890
vt 0.644400 0.571200
vt 0.638060 0.570821
vt 0.643800 0.572700
vt 0.644680 0.574100
vt 0.646184 0.576195
vt 0.644048 0.581531
vt 0.642490 0.564180
vt 0.641300 0.578700
vt 0.642880 0.585380
vt 0.631690 0.551900
vt 0.628512 0.554624
vt 0.638167 0.583405
vt 0.627830 0.584227
vt 0.639819 0.586310
vt 0.635200 0.596800
vt 0.637443 0.550690
vt 0.635011 0.576161
vt 0.637987 0.589542
vt 0.631666 0.587248
vt 0.635200 0.547800
vt 0.628189 0.568631
vt 0.638700 0.572480
vt 0.635590 0.580600
vt 0.659619 0.607427
vt 0.658990 0.601180
vt 0.657792 0.595368
vt 0.656400 0.602680
vt 0.655480 0.607290
vt 0.654900 0.595700
vt 0.654900 0.613780
vt 0.653100 0.607800
vt 0.652956 0.600341
vt 0.665000 0.630590
vt 0.649000 0.621638
vt 0.650390 0.616190
vt 0.652000 0.610880
vt 0.649600 0.607200
vt 0.650300 0.602400
vt 0.648500 0.599300
vt 0.652999 0.631858
vt 0.650080 0.612600
vt 0.648590 0.604700
vt 0.647300 0.608200
vt 0.646070 0.598042
vt 0.645536 0.616981
vt 0.647151 0.613807
vt 0.645181 0.611128
vt 0.645200 0.603600
vt 0.644100 0.608200
vt 0.643280 0.631290
vt 0.641183 0.625511
vt 0.641390 0.621900
vt 0.643000 0.612900
vt 0.634950 0.636450
vt 0.639395 0.615453
vt 0.640690 0.607590
vt 0.640100 0.611890
vt 0.633915 0.641207
vt 0.636690 0.623000
vt 0.635649 0.629237
vt 0.635380 0.616590
vt 0.623895 0.674138
vt 0.630338 0.720158
vt 0.632162 0.723475
vt 0.632044 0.712425
vt 0.613008 0.683078
vt 0.620722 0.719167
vt 0.618495 0.732547
vt 0.620819 0.738595
vt 0.618111 0.726765
vt 0.618753 0.717019
vt 0.620890 0.720700
vt 0.611545 0.700196
vt 0.613427 0.721362
vt 0.613600 0.719380
vt 0.612745 0.725693
vt 0.605490 0.715480
vt 0.608841 0.726016
vt 0.601374 0.717866
vt 0.592335 0.701768
vt 0.600390 0.719690
vt 0.596454 0.696914
vt 0.631873 0.738034
vt 0.633401 0.757464
vt 0.631729 0.764033
vt 0.629100 0.764500
vt 0.628411 0.768218
vt 0.627287 0.760692
vt 0.623390 0.765500
vt 0.619496 0.761730
vt 0.624300 0.756380
vt 0.621950 0.748288
vt 0.610061 0.769005
vt 0.619501 0.754375
vt 0.617397 0.737020
vt 0.612312 0.747192
vt 0.613780 0.734880
vt 0.607924 0.739697
vt 0.611280 0.730180
vt 0.608743 0.729970
vt 0.600069 0.752660
vt 0.596618 0.732115
vt 0.583971 0.754205
vt 0.624180 0.806590
vt 0.629190 0.852100
vt 0.607902 0.819262
vt 0.621000 0.799300
vt 0.619515 0.780477
vt 0.620950 0.806963
vt 0.605704 0.789154
vt 0.611537 0.812590
vt 0.597227 0.798747
vt 0.584770 0.784933
vt 0.583021 0.837235
vt 0.595690 0.811302
vt 0.599370 0.817374
vt 0.595480 0.824890
vt 0.584342 0.823347
vt 0.589690 0.826480
vt 0.573488 0.811198
vt 0.616135 0.548149
vt 0.630912 0.565646
vt 0.632390 0.573700
vt 0.622114 0.576635
vt 0.628839 0.578527
vt 0.617474 0.580572
vt 0.599890 0.554458
vt 0.603756 0.555988
vt 0.621102 0.571389
vt 0.617447 0.579072
vt 0.617799 0.558187
vt 0.622755 0.569878
vt 0.624741 0.588133
vt 0.624850 0.589786
vt 0.616099 0.566476
vt 0.624400 0.572700
vt 0.619490 0.573700
vt 0.622080 0.562690
vt 0.618279 0.563936
vt 0.616801 0.552247
vt 0.602818 0.574441
vt 0.609749 0.549172
vt 0.600748 0.558885
vt 0.600564 0.581335
vt 0.607182 0.560417
vt 0.603900 0.571690
vt 0.600710 0.585527
vt 0.598870 0.552871
vt 0.603780 0.561680
vt 0.604118 0.564500
vt 0.587474 0.566749
vt 0.606524 0.577141
vt 0.606161 0.579954
vt 0.602359 0.582854
vt 0.603112 0.588596
vt 0.588934 0.569659
vt 0.596866 0.578474
vt 0.591502 0.549720
vt 0.596911 0.572841
vt 0.596506 0.584073
vt 0.600160 0.587015
vt 0.593173 0.575474
vt 0.601352 0.557289
vt 0.594690 0.568400
vt 0.582196 0.573618
vt 0.631080 0.631500
vt 0.631131 0.627052
vt 0.627800 0.600038
vt 0.628564 0.606139
vt 0.625403 0.632087
vt 0.620537 0.618259
vt 0.622080 0.611680
vt 0.619405 0.616904
vt 0.622316 0.636327
vt 0.609913 0.600678
vt 0.609607 0.630913
vt 0.598972 0.590306
vt 0.612800 0.623600
vt 0.602510 0.636610
vt 0.614090 0.635680
vt 0.606621 0.615325
vt 0.597457 0.623461
vt 0.599444 0.631816
vt 0.635152 0.659443
vt 0.630900 0.646480
vt 0.629791 0.637624
vt 0.628000 0.642300
vt 0.626380 0.648890
vt 0.626407 0.651743
vt 0.623390 0.651000
vt 0.623726 0.644088
vt 0.625280 0.642090
vt 0.627080 0.669000
vt 0.623304 0.653772
vt 0.620580 0.647580
vt 0.621590 0.641700
vt 0.618189 0.639811
vt 0.617005 0.671683
vt 0.616435 0.654722
vt 0.619300 0.652300
vt 0.617290 0.648890
vt 0.618700 0.647400
vt 0.619490 0.644500
vt 0.613520 0.661845
vt 0.614700 0.643580
vt 0.612990 0.645200
vt 0.617380 0.675700
vt 0.613300 0.656790
vt 0.610135 0.646677
vt 0.614400 0.651880
vt 0.610000 0.649100
vt 0.611254 0.640832
vt 0.611077 0.683051
vt 0.610700 0.664690
vt 0.608690 0.669900
vt 0.610490 0.655780
vt 0.609600 0.652400
vt 0.610700 0.658500
vt 0.607551 0.663194
vt 0.609390 0.644200
vt 0.609880 0.675180
vt 0.607400 0.667280
vt 0.606893 0.653759
vt 0.606580 0.658680
vt 0.605000 0.645200
vt 0.606500 0.648400
vt 0.604780 0.671800
vt 0.605180 0.667590
vt 0.603990 0.663500
vt 0.605226 0.652439
vt 0.600880 0.640600
vt 0.593685 0.650722
vt 0.604346 0.677849
vt 0.602500 0.668290
vt 0.596479 0.658180
vt 0.599776 0.661538
vt 0.599900 0.674790
vt 0.599436 0.670805
vt 0.593990 0.663200
vt 0.596490 0.667590
vt 0.596800 0.672800
vt 0.598197 0.677244
vt 0.593297 0.648391
vt 0.585739 0.639941
vt 0.594900 0.666000
vt 0.594080 0.668600
vt 0.591283 0.668298
vt 0.591180 0.658990
vt 0.598656 0.681210
vt 0.595700 0.684880
vt 0.593100 0.680400
vt 0.592000 0.676900
vt 0.589443 0.703853
vt 0.592421 0.716876
vt 0.581856 0.710418
vt 0.582490 0.707180
vt 0.575290 0.727123
vt 0.574190 0.714690
vt 0.578580 0.710600
vt 0.565677 0.722720
vt 0.565590 0.721090
vt 0.575521 0.738211
vt 0.555740 0.730672
vt 0.559048 0.725047
vt 0.564800 0.718990
vt 0.553169 0.738408
vt 0.549685 0.746746
vt 0.562163 0.774706
vt 0.579440 0.796308
vt 0.565507 0.797644
vt 0.554968 0.789426
vt 0.551279 0.805565
vt 0.584088 0.831347
vt 0.581128 0.831353
vt 0.594290 0.873880
vt 0.558414 0.847742
vt 0.575479 0.828401
vt 0.564671 0.842335
vt 0.562658 0.829425
vt 0.564969 0.834731
vt 0.569190 0.887600
vt 0.558069 0.819619
vt 0.551613 0.840153
vt 0.557900 0.843990
vt 0.549654 0.833421
vt 0.554600 0.848500
vt 0.546741 0.848235
vt 0.536904 0.812194
vt 0.539022 0.841042
vt 0.548690 0.852900
vt 0.541588 0.856901
vt 0.542900 0.852280
vt 0.572094 0.550305
vt 0.558479 0.560013
vt 0.585500 0.548080
vt 0.553741 0.554205
vt 0.555456 0.556877
vt 0.570313 0.564716
vt 0.575542 0.570499
vt 0.583000 0.545000
vt 0.573287 0.545950
vt 0.574429 0.567702
vt 0.562848 0.578708
vt 0.572555 0.587381
vt 0.565709 0.561677
vt 0.562109 0.563043
vt 0.554783 0.555633
vt 0.574590 0.569190
vt 0.571300 0.571900
vt 0.556648 0.575699
vt 0.558451 0.580118
vt 0.574100 0.583190
vt 0.572600 0.586000
vt 0.558721 0.548430
vt 0.560595 0.546981
vt 0.554760 0.551085
vt 0.557255 0.565823
vt 0.560373 0.574388
vt 0.561381 0.577310
vt 0.554239 0.558590
vt 0.560606 0.572997
vt 0.558900 0.584240
vt 0.560663 0.581521
vt 0.558790 0.570200
vt 0.556590 0.568700
vt 0.556062 0.582955
vt 0.549618 0.552513
vt 0.556779 0.585749
vt 0.558490 0.567298
vt 0.553653 0.549742
vt 0.553927 0.571580
vt 0.538266 0.545490
vt 0.550789 0.563885
vt 0.576686 0.623783
vt 0.579405 0.593296
vt 0.565456 0.589834
vt 0.557039 0.587409
vt 0.548827 0.604698
vt 0.591880 0.663290
vt 0.592000 0.673300
vt 0.583817 0.658844
vt 0.589500 0.671400
vt 0.584990 0.660300
vt 0.582879 0.681634
vt 0.568645 0.675493
vt 0.567742 0.672823
vt 0.557543 0.658811
vt 0.555995 0.683784
vt 0.536859 0.639432
vt 0.598380 0.693180
vt 0.595480 0.691500
vt 0.591720 0.686809
vt 0.589772 0.681751
vt 0.589200 0.687500
vt 0.588190 0.678390
vt 0.592490 0.698180
vt 0.589800 0.693000
vt 0.586129 0.685712
vt 0.588400 0.702700
vt 0.583100 0.690680
vt 0.584590 0.697600
vt 0.582700 0.683880
vt 0.580990 0.693490
vt 0.580380 0.687500
vt 0.578980 0.689490
vt 0.584900 0.703980
vt 0.582000 0.700290
vt 0.578582 0.695491
vt 0.578100 0.692200
vt 0.576480 0.686600
vt 0.576300 0.689400
vt 0.577781 0.701628
vt 0.574280 0.696780
vt 0.573580 0.689300
vt 0.574680 0.693580
vt 0.570290 0.681400
vt 0.578800 0.708100
vt 0.575600 0.705690
vt 0.574800 0.703490
vt 0.573400 0.698000
vt 0.570200 0.702790
vt 0.570380 0.692480
vt 0.569745 0.700093
vt 0.573327 0.710446
vt 0.572300 0.705900
vt 0.569100 0.711090
vt 0.568700 0.708000
vt 0.566100 0.707400
vt 0.566100 0.702090
vt 0.563684 0.694195
vt 0.565500 0.712800
vt 0.566900 0.710600
vt 0.561990 0.707580
vt 0.564160 0.705068
vt 0.559629 0.682264
vt 0.563480 0.714690
vt 0.560980 0.709590
vt 0.553246 0.689836
vt 0.559880 0.716000
vt 0.560100 0.712100
vt 0.558080 0.708190
vt 0.554180 0.722280
vt 0.556280 0.711600
vt 0.555100 0.714800
vt 0.548906 0.707300
vt 0.551277 0.714227
vt 0.543410 0.696136
vt 0.538955 0.696021
vt 0.553200 0.716300
vt 0.551190 0.717400
vt 0.547668 0.720173
vt 0.540390 0.728212
vt 0.548900 0.731700
vt 0.542377 0.737093
vt 0.534524 0.744071
vt 0.533313 0.752198
vt 0.530381 0.742526
vt 0.528886 0.745535
vt 0.526572 0.752703
vt 0.518502 0.749572
vt 0.517174 0.754993
vt 0.514680 0.750680
vt 0.515600 0.752780
vt 0.511690 0.755680
vt 0.506577 0.755983
vt 0.510330 0.762334
vt 0.529715 0.771578
vt 0.530627 0.790442
vt 0.520532 0.803045
vt 0.513955 0.777834
vt 0.511330 0.770239
vt 0.509139 0.790181
vt 0.509580 0.771709
vt 0.509500 0.777000
vt 0.507481 0.779001
vt 0.507343 0.810245
vt 0.526941 0.815078
vt 0.527694 0.831746
vt 0.520018 0.845944
vt 0.538055 0.849262
vt 0.516972 0.828255
vt 0.500395 0.847213
vt 0.499928 0.822892
vt 0.547900 0.897800
vt 0.538756 0.856376
vt 0.533880 0.862367
vt 0.523431 0.864605
vt 0.527104 0.858406
vt 0.524600 0.908500
vt 0.519919 0.871397
vt 0.520915 0.853923
vt 0.520600 0.856400
vt 0.517090 0.859880
vt 0.517880 0.867290
vt 0.497875 0.880798
vt 0.514500 0.873390
vt 0.512050 0.862230
vt 0.515690 0.853100
vt 0.509700 0.868700
vt 0.513009 0.854413
vt 0.507700 0.875559
vt 0.505690 0.857565
vt 0.505680 0.866800
vt 0.501990 0.869180
vt 0.501031 0.863649
vt 0.501878 0.874989
vt 0.541532 0.561312
vt 0.541544 0.564210
vt 0.527532 0.568191
vt 0.544174 0.547527
vt 0.518897 0.565126
vt 0.536108 0.569824
vt 0.524565 0.572243
vt 0.525070 0.581024
vt 0.531242 0.559754
vt 0.528187 0.575168
vt 0.523797 0.576606
vt 0.533289 0.542650
vt 0.515679 0.566857
vt 0.526458 0.543810
vt 0.529860 0.550684
vt 0.527980 0.583980
vt 0.532200 0.548156
vt 0.506720 0.554645
vt 0.517784 0.562218
vt 0.521567 0.573831
vt 0.518980 0.579500
vt 0.525633 0.585512
vt 0.517570 0.577904
vt 0.525480 0.541000
vt 0.491427 0.555853
vt 0.525080 0.582497
vt 0.512269 0.549095
vt 0.521251 0.546484
vt 0.525595 0.570900
vt 0.517674 0.569298
vt 0.518280 0.553690
vt 0.515164 0.540412
vt 0.494582 0.557184
vt 0.501768 0.541536
vt 0.509018 0.544659
vt 0.507790 0.576200
vt 0.495982 0.542819
vt 0.504800 0.559000
vt 0.487040 0.574377
vt 0.506281 0.567886
vt 0.532468 0.587272
vt 0.532984 0.596228
vt 0.535511 0.609864
vt 0.518016 0.626307
vt 0.523053 0.586792
vt 0.523385 0.588536
vt 0.511029 0.609105
vt 0.512000 0.588280
vt 0.542530 0.670039
vt 0.515151 0.677914
vt 0.529712 0.707679
vt 0.539852 0.723685
vt 0.525900 0.709500
vt 0.517496 0.713655
vt 0.515006 0.718166
vt 0.532397 0.730987
vt 0.526284 0.736932
vt 0.514969 0.742156
vt 0.515049 0.743813
vt 0.502944 0.735478
vt 0.514100 0.747080
vt 0.491086 0.735499
vt 0.506850 0.749323
vt 0.509980 0.745890
vt 0.509021 0.721967
vt 0.502390 0.753880
vt 0.496613 0.762139
vt 0.490342 0.787228
vt 0.496613 0.787817
vt 0.488410 0.765113
vt 0.494526 0.756283
vt 0.480787 0.772683
vt 0.481090 0.764980
vt 0.482490 0.766900
vt 0.477690 0.769590
vt 0.467480 0.794682
vt 0.495160 0.807938
vt 0.469460 0.785176
vt 0.473190 0.767790
vt 0.471390 0.772300
vt 0.454500 0.778875
vt 0.467990 0.771480
vt 0.464700 0.774600
vt 0.452841 0.791470
vt 0.488804 0.827044
vt 0.485353 0.817990
vt 0.483708 0.832313
vt 0.483991 0.843723
vt 0.470452 0.822850
vt 0.467952 0.837892
vt 0.462204 0.814271
vt 0.462699 0.818596
vt 0.456822 0.829181
vt 0.495000 0.921400
vt 0.490200 0.885897
vt 0.496092 0.861638
vt 0.497790 0.864700
vt 0.494041 0.873056
vt 0.494089 0.868180
vt 0.487674 0.850456
vt 0.490647 0.864284
vt 0.490335 0.882558
vt 0.487690 0.867900
vt 0.488900 0.870000
vt 0.489380 0.878880
vt 0.487690 0.876380
vt 0.486490 0.872500
vt 0.484800 0.875280
vt 0.483090 0.882480
vt 0.484100 0.868600
vt 0.471500 0.864516
vt 0.476199 0.876459
vt 0.479273 0.880123
vt 0.475490 0.885200
vt 0.478890 0.887180
vt 0.464048 0.879892
vt 0.474990 0.882790
vt 0.473600 0.880500
vt 0.469883 0.884366
vt 0.467700 0.881600
vt 0.460746 0.842387
vt 0.456007 0.870001
vt 0.482100 0.888490
vt 0.476500 0.890380
vt 0.471301 0.894587
vt 0.471780 0.891600
vt 0.473300 0.930280
vt 0.464590 0.896300
vt 0.465000 0.891480
vt 0.464100 0.885680
vt 0.461400 0.893580
vt 0.459864 0.890843
vt 0.457300 0.885100
vt 0.494273 0.551531
vt 0.486403 0.562814
vt 0.497378 0.578875
vt 0.498882 0.580380
vt 0.502860 0.583283
vt 0.497897 0.584572
vt 0.490426 0.539258
vt 0.487822 0.545525
vt 0.498400 0.570200
vt 0.502080 0.581700
vt 0.486559 0.547047
vt 0.495700 0.568700
vt 0.480305 0.571203
vt 0.496369 0.583186
vt 0.487300 0.552690
vt 0.485968 0.554165
vt 0.477878 0.579990
vt 0.496423 0.581786
vt 0.450239 0.564895
vt 0.486911 0.559860
vt 0.483610 0.561290
vt 0.459461 0.572411
vt 0.478675 0.575672
vt 0.479976 0.577409
vt 0.465595 0.549508
vt 0.484890 0.569800
vt 0.482287 0.558472
vt 0.480673 0.568487
vt 0.468715 0.540880
vt 0.456113 0.563616
vt 0.480881 0.539200
vt 0.440321 0.543358
vt 0.453041 0.547744
vt 0.457034 0.550703
vt 0.446892 0.551804
vt 0.442264 0.566019
vt 0.470400 0.569700
vt 0.456885 0.576699
vt 0.470716 0.582731
vt 0.466924 0.542423
vt 0.465990 0.556590
vt 0.447935 0.570549
vt 0.446792 0.574807
vt 0.465790 0.578490
vt 0.447426 0.544707
vt 0.451856 0.562209
vt 0.442771 0.579024
vt 0.491249 0.586555
vt 0.493890 0.585968
vt 0.485766 0.635090
vt 0.485761 0.612190
vt 0.467224 0.613212
vt 0.475824 0.585994
vt 0.457137 0.583773
vt 0.487202 0.662119
vt 0.460767 0.640385
vt 0.458022 0.684401
vt 0.475092 0.706363
vt 0.499390 0.751680
vt 0.488839 0.734527
vt 0.485422 0.735427
vt 0.483050 0.726848
vt 0.489870 0.744361
vt 0.476134 0.753478
vt 0.477021 0.743145
vt 0.478590 0.736400
vt 0.478294 0.740682
vt 0.473685 0.729932
vt 0.465468 0.745015
vt 0.458048 0.753391
vt 0.458700 0.750280
vt 0.455427 0.707040
vt 0.477658 0.764272
vt 0.468400 0.762790
vt 0.467090 0.769100
vt 0.464700 0.771790
vt 0.459190 0.775390
vt 0.445190 0.785600
vt 0.444806 0.782074
vt 0.434106 0.796939
vt 0.429726 0.787506
vt 0.426011 0.790819
vt 0.426490 0.787500
vt 0.414090 0.794600
vt 0.418536 0.798751
vt 0.451593 0.823402
vt 0.435487 0.801750
vt 0.450426 0.828095
vt 0.448997 0.847112
vt 0.433770 0.819537
vt 0.432679 0.836403
vt 0.432732 0.840103
vt 0.426277 0.803838
vt 0.422146 0.838772
vt 0.411145 0.828244
vt 0.449528 0.863316
vt 0.440926 0.862761
vt 0.444405 0.877626
vt 0.434126 0.853707
vt 0.428070 0.870620
vt 0.419556 0.842815
vt 0.423413 0.890321
vt 0.417753 0.858759
vt 0.454100 0.897880
vt 0.454180 0.900300
vt 0.450881 0.892920
vt 0.453500 0.894680
vt 0.447652 0.889742
vt 0.460896 0.935163
vt 0.441470 0.885976
vt 0.448190 0.896390
vt 0.449990 0.899200
vt 0.444461 0.903617
vt 0.446390 0.892490
vt 0.443580 0.897580
vt 0.442290 0.901400
vt 0.442990 0.890100
vt 0.440100 0.893400
vt 0.437400 0.897700
vt 0.436690 0.902890
vt 0.434607 0.893050
vt 0.436330 0.895466
vt 0.433800 0.905780
vt 0.431768 0.902440
vt 0.424890 0.906700
vt 0.424302 0.902200
vt 0.427112 0.946941
vt 0.419690 0.910390
vt 0.422390 0.900690
vt 0.416900 0.906880
vt 0.421400 0.903280
vt 0.414232 0.904684
vt 0.457300 0.553690
vt 0.450332 0.580629
vt 0.439882 0.545635
vt 0.439092 0.567490
vt 0.443509 0.569024
vt 0.453390 0.538800
vt 0.447687 0.557697
vt 0.449490 0.554790
vt 0.438049 0.561392
vt 0.441411 0.558943
vt 0.452987 0.549283
vt 0.448107 0.556296
vt 0.442580 0.540260
vt 0.445728 0.577717
vt 0.439057 0.581755
vt 0.444990 0.573300
vt 0.444790 0.541890
vt 0.439850 0.553159
vt 0.441411 0.538561
vt 0.437090 0.575800
vt 0.438574 0.548972
vt 0.435730 0.557640
vt 0.437439 0.571075
vt 0.437090 0.563600
vt 0.434590 0.573090
vt 0.428990 0.541424
vt 0.433456 0.550330
vt 0.418196 0.553715
vt 0.434956 0.560002
vt 0.430331 0.565603
vt 0.410120 0.566141
vt 0.435000 0.574590
vt 0.432833 0.580213
vt 0.430092 0.539816
vt 0.418590 0.543656
vt 0.421260 0.545210
vt 0.413550 0.546333
vt 0.424033 0.548156
vt 0.429952 0.558369
vt 0.412029 0.563577
vt 0.413652 0.567781
vt 0.423400 0.576690
vt 0.430486 0.578485
vt 0.409864 0.426794
vt 0.422908 0.542464
vt 0.426155 0.551238
vt 0.413862 0.552045
vt 0.426372 0.555286
vt 0.415165 0.562319
vt 0.426567 0.574557
vt 0.426482 0.537952
vt 0.419600 0.570900
vt 0.451902 0.598894
vt 0.439301 0.586191
vt 0.438472 0.584264
vt 0.440285 0.646776
vt 0.438665 0.634150
vt 0.437050 0.624943
vt 0.437371 0.591548
vt 0.435000 0.583000
vt 0.420982 0.585175
vt 0.429690 0.581300
vt 0.434857 0.645113
vt 0.409947 0.610642
vt 0.421720 0.582092
vt 0.420800 0.583890
vt 0.452572 0.653138
vt 0.442679 0.677996
vt 0.438890 0.666800
vt 0.430080 0.670430
vt 0.413218 0.660310
vt 0.437697 0.716128
vt 0.441132 0.725062
vt 0.438825 0.687775
vt 0.437941 0.701191
vt 0.428346 0.707983
vt 0.417643 0.694442
vt 0.454185 0.741532
vt 0.452158 0.732866
vt 0.452262 0.752364
vt 0.438900 0.755604
vt 0.439873 0.730277
vt 0.437191 0.738954
vt 0.410787 0.715645
vt 0.412585 0.748959
vt 0.456000 0.774680
vt 0.449053 0.777422
vt 0.441700 0.757700
vt 0.430976 0.764081
vt 0.429436 0.785583
vt 0.422352 0.765179
vt 0.425483 0.783551
vt 0.419875 0.764127
vt 0.423900 0.786400
vt 0.414864 0.778329
vt 0.418300 0.790600
vt 0.363092 0.085147
vt 0.347236 0.116796
vt 0.351573 0.087606
vt 0.397933 0.170389
vt 0.358527 0.168741
vt 0.398291 0.254819
vt 0.392585 0.254313
vt 0.365986 0.251077
vt 0.378199 0.253287
vt 0.352618 0.231466
vt 0.385015 0.265062
vt 0.351357 0.284857
vt 0.383445 0.334858
vt 0.386852 0.353446
vt 0.356099 0.310828
vt 0.397596 0.372723
vt 0.367042 0.381169
vt 0.395220 0.403830
vt 0.401457 0.413311
vt 0.404549 0.425310
vt 0.389416 0.401534
vt 0.372889 0.424486
vt 0.382092 0.406081
vt 0.375058 0.413661
vt 0.360472 0.409069
vt 0.362254 0.417412
vt 0.344796 0.085334
vt 0.324538 0.085323
vt 0.318361 0.142810
vt 0.320198 0.177116
vt 0.360275 0.192414
vt 0.331230 0.202300
vt 0.355485 0.252322
vt 0.337984 0.253215
vt 0.345009 0.252062
vt 0.315635 0.238258
vt 0.330343 0.250551
vt 0.319089 0.281869
vt 0.349341 0.370616
vt 0.322350 0.344935
vt 0.313404 0.376757
vt 0.351074 0.423730
vt 0.343228 0.407664
vt 0.338200 0.423500
vt 0.314732 0.423764
vt 0.292186 0.087372
vt 0.305530 0.084757
vt 0.288828 0.109443
vt 0.271574 0.137524
vt 0.295285 0.214406
vt 0.288226 0.250143
vt 0.301700 0.255012
vt 0.310027 0.324650
vt 0.293716 0.304148
vt 0.263526 0.316123
vt 0.274284 0.376859
vt 0.306470 0.404138
vt 0.285930 0.423229
vt 0.295728 0.424216
vt 0.264580 0.416732
vt 0.281547 0.085266
vt 0.279828 0.084393
vt 0.256274 0.086676
vt 0.251115 0.084285
vt 0.248979 0.175208
vt 0.241295 0.132372
vt 0.248555 0.223625
vt 0.263203 0.249232
vt 0.265373 0.250407
vt 0.260136 0.250832
vt 0.253065 0.248575
vt 0.274032 0.252010
vt 0.255106 0.250187
vt 0.209700 0.320432
vt 0.217763 0.342916
vt 0.210603 0.370649
vt 0.211121 0.396634
vt 0.232477 0.413461
vt 0.228091 0.097342
vt 0.229437 0.086931
vt 0.223697 0.084590
vt 0.203506 0.087147
vt 0.210245 0.164401
vt 0.208237 0.109801
vt 0.207580 0.141431
vt 0.207254 0.164872
vt 0.208768 0.194725
vt 0.208180 0.190939
vt 0.206958 0.199263
vt 0.208208 0.215410
vt 0.205985 0.247009
vt 0.204134 0.249044
vt 0.210217 0.236889
vt 0.239057 0.251232
vt 0.207537 0.252149
vt 0.210243 0.262996
vt 0.209080 0.296201
vt 0.208900 0.268500
vt 0.207883 0.292555
vt 0.197546 0.264980
vt 0.209199 0.349457
vt 0.207567 0.314740
vt 0.196304 0.297336
vt 0.207795 0.360168
vt 0.221680 0.422690
vt 0.230480 0.422300
vt 0.209357 0.421585
vt 0.209369 0.405278
vt 0.207902 0.399589
vt 0.179567 0.382878
vt 0.185255 0.421655
vt 0.203500 0.084187
vt 0.198318 0.121175
vt 0.174931 0.085765
vt 0.175414 0.097675
vt 0.156715 0.097848
vt 0.147886 0.162971
vt 0.158156 0.222836
vt 0.186000 0.248699
vt 0.152027 0.246529
vt 0.154717 0.249506
vt 0.163579 0.257982
vt 0.154154 0.286626
vt 0.160832 0.248401
vt 0.168699 0.347234
vt 0.128327 0.329584
vt 0.152688 0.420995
vt 0.117998 0.420496
vt 0.184420 0.083835
vt 0.143997 0.083983
vt 0.144723 0.086300
vt 0.132441 0.099331
vt 0.140580 0.084700
vt 0.131943 0.141391
vt 0.129741 0.084443
vt 0.130126 0.086808
vt 0.129280 0.162516
vt 0.124688 0.177810
vt 0.107509 0.196609
vt 0.100280 0.245098
vt 0.151362 0.248077
vt 0.102926 0.278227
vt 0.126223 0.247840
vt 0.121290 0.249314
vt 0.100403 0.315400
vt 0.118912 0.384061
vt 0.089913 0.102128
vt 0.101880 0.084200
vt 0.085412 0.085803
vt 0.095380 0.159842
vt 0.069057 0.151441
vt 0.077731 0.180950
vt 0.072433 0.196282
vt 0.077595 0.216213
vt 0.064943 0.245708
vt 0.099137 0.247544
vt 0.089062 0.249624
vt 0.064003 0.248295
vt 0.058405 0.246919
vt 0.069618 0.270988
vt 0.075833 0.345342
vt 0.069100 0.311044
vt 0.103418 0.368811
vt 0.081294 0.420695
vt 0.062457 0.372147
vt 0.062737 0.112486
vt 0.067884 0.084973
vt 0.059991 0.084696
vt 0.059694 0.133653
vt 0.065799 0.171308
vt 0.060952 0.183627
vt 0.062859 0.229774
vt 0.061372 0.289722
vt 0.058327 0.265127
vt 0.058662 0.317582
vt 0.057733 0.341641
vt 0.057662 0.355624
vt 0.066594 0.420932
vt 0.058539 0.395574
vt 0.056740 0.375244
vt 0.402061 0.828038
vt 0.405690 0.833500
vt 0.402578 0.849015
vt 0.406690 0.829990
vt 0.388832 0.834101
vt 0.380163 0.809368
vt 0.381792 0.825796
vt 0.398929 0.869507
vt 0.410395 0.889282
vt 0.391618 0.844219
vt 0.381262 0.860343
vt 0.378508 0.874735
vt 0.376092 0.850468
vt 0.375601 0.839211
vt 0.372399 0.862972
vt 0.412004 0.913180
vt 0.406067 0.912031
vt 0.411108 0.900228
vt 0.395414 0.954544
vt 0.398659 0.912998
vt 0.391120 0.904025
vt 0.390121 0.924180
vt 0.384796 0.891789
vt 0.395300 0.915300
vt 0.395910 0.883401
vt 0.387962 0.913532
vt 0.387890 0.916890
vt 0.381390 0.919200
vt 0.371611 0.910288
vt 0.384200 0.895600
vt 0.381310 0.915970
vt 0.370839 0.890767
vt 0.378479 0.913738
vt 0.379500 0.890690
vt 0.377200 0.919480
vt 0.370615 0.888760
vt 0.373180 0.915300
vt 0.374900 0.918200
vt 0.370400 0.918780
vt 0.369007 0.931351
vt 0.366363 0.961994
vt 0.369890 0.921580
vt 0.421669 0.572673
vt 0.406680 0.560563
vt 0.415576 0.575311
vt 0.406063 0.569000
vt 0.399902 0.579068
vt 0.397656 0.573196
vt 0.395006 0.577443
vt 0.388617 0.575910
vt 0.385918 0.546787
vt 0.379779 0.549723
vt 0.387002 0.558410
vt 0.387856 0.539577
vt 0.384443 0.553976
vt 0.395675 0.571617
vt 0.392725 0.570125
vt 0.381455 0.538067
vt 0.391221 0.564167
vt 0.376924 0.555484
vt 0.354280 0.556667
vt 0.378896 0.567004
vt 0.391708 0.574351
vt 0.393738 0.536739
vt 0.376817 0.426141
vt 0.380026 0.551058
vt 0.376491 0.562612
vt 0.368139 0.565739
vt 0.385645 0.568350
vt 0.381880 0.540853
vt 0.381326 0.543765
vt 0.378064 0.560969
vt 0.363352 0.547963
vt 0.371187 0.559710
vt 0.365461 0.569857
vt 0.407990 0.581900
vt 0.406190 0.583700
vt 0.396379 0.583341
vt 0.392077 0.594707
vt 0.397901 0.623155
vt 0.388200 0.580273
vt 0.386834 0.585105
vt 0.363752 0.584239
vt 0.358497 0.581387
vt 0.370145 0.600804
vt 0.415186 0.638262
vt 0.368170 0.628460
vt 0.399245 0.678779
vt 0.394333 0.698172
vt 0.394733 0.729548
vt 0.396811 0.748837
vt 0.375622 0.721981
vt 0.371674 0.736471
vt 0.414025 0.789434
vt 0.415409 0.768703
vt 0.414715 0.790774
vt 0.405531 0.792383
vt 0.404568 0.795799
vt 0.394082 0.777008
vt 0.401397 0.771135
vt 0.404407 0.763856
vt 0.393322 0.768402
vt 0.388866 0.788098
vt 0.397335 0.795653
vt 0.391213 0.775899
vt 0.388300 0.774900
vt 0.386090 0.794390
vt 0.382490 0.793690
vt 0.379173 0.780450
vt 0.368234 0.780967
vt 0.400726 0.805636
vt 0.390841 0.800609
vt 0.390100 0.798500
vt 0.386400 0.799000
vt 0.380009 0.802508
vt 0.382600 0.798500
vt 0.379290 0.799390
vt 0.374891 0.801958
vt 0.354699 0.867780
vt 0.355954 0.859662
vt 0.354891 0.873292
vt 0.347473 0.872525
vt 0.367590 0.917400
vt 0.364775 0.913865
vt 0.348261 0.891215
vt 0.356908 0.915749
vt 0.361790 0.917500
vt 0.357100 0.920490
vt 0.344604 0.896370
vt 0.349700 0.910000
vt 0.353300 0.915300
vt 0.349590 0.920790
vt 0.345437 0.916640
vt 0.341318 0.917561
vt 0.336229 0.911857
vt 0.338400 0.918690
vt 0.335290 0.915180
vt 0.335310 0.922058
vt 0.333200 0.917800
vt 0.326146 0.912873
vt 0.330390 0.915090
vt 0.318168 0.889797
vt 0.368605 0.922729
vt 0.362890 0.920880
vt 0.354900 0.926900
vt 0.348922 0.941882
vt 0.357190 0.923500
vt 0.337507 0.931589
vt 0.341653 0.928746
vt 0.345690 0.924300
vt 0.341218 0.923369
vt 0.322063 0.972027
vt 0.319359 0.948972
vt 0.330458 0.932039
vt 0.330390 0.936990
vt 0.322916 0.927158
vt 0.330500 0.919300
vt 0.325971 0.923239
vt 0.361466 0.542200
vt 0.361733 0.552484
vt 0.366883 0.577169
vt 0.348415 0.425436
vt 0.365515 0.536056
vt 0.349822 0.545069
vt 0.348453 0.571125
vt 0.353247 0.578622
vt 0.366074 0.568196
vt 0.362380 0.561536
vt 0.352280 0.574039
vt 0.344858 0.572437
vt 0.360559 0.539253
vt 0.357852 0.564019
vt 0.351599 0.558185
vt 0.350894 0.546528
vt 0.332993 0.540154
vt 0.343314 0.553549
vt 0.355252 0.566936
vt 0.348087 0.575509
vt 0.342093 0.565159
vt 0.329003 0.425110
vt 0.351438 0.537727
vt 0.330513 0.554549
vt 0.350314 0.568383
vt 0.343173 0.576755
vt 0.346260 0.535700
vt 0.339589 0.559046
vt 0.351522 0.562411
vt 0.328941 0.542226
vt 0.334894 0.550418
vt 0.344190 0.569580
vt 0.338250 0.541728
vt 0.324039 0.548569
vt 0.330800 0.551537
vt 0.358007 0.580124
vt 0.336248 0.584610
vt 0.345947 0.609160
vt 0.338568 0.636599
vt 0.330295 0.582097
vt 0.356054 0.665200
vt 0.337237 0.682110
vt 0.361204 0.702282
vt 0.352427 0.720799
vt 0.337911 0.704305
vt 0.352441 0.754409
vt 0.328405 0.726096
vt 0.365345 0.793011
vt 0.359800 0.785480
vt 0.351433 0.786039
vt 0.356172 0.783439
vt 0.348181 0.770554
vt 0.347949 0.799397
vt 0.341904 0.788371
vt 0.330272 0.763274
vt 0.368578 0.806209
vt 0.367508 0.803197
vt 0.359402 0.815878
vt 0.364890 0.800490
vt 0.364890 0.804180
vt 0.361400 0.807380
vt 0.359890 0.805280
vt 0.364539 0.831814
vt 0.355690 0.801190
vt 0.354790 0.807900
vt 0.354200 0.805100
vt 0.351016 0.810365
vt 0.350730 0.807059
vt 0.328741 0.818703
vt 0.340569 0.843895
vt 0.336814 0.810697
vt 0.340442 0.812715
vt 0.338635 0.802800
vt 0.336988 0.797134
vt 0.318291 0.805897
vt 0.332716 0.799572
vt 0.323513 0.791984
vt 0.365490 0.845591
vt 0.350279 0.849045
vt 0.339921 0.863740
vt 0.343943 0.851454
vt 0.336810 0.855255
vt 0.317500 0.846684
vt 0.326075 0.852860
vt 0.321334 0.864440
vt 0.312290 0.860735
vt 0.313338 0.870315
vt 0.299651 0.868081
vt 0.308908 0.877788
vt 0.321749 0.902457
vt 0.311187 0.905544
vt 0.308588 0.885704
vt 0.310934 0.921685
vt 0.294161 0.896475
vt 0.294739 0.907304
vt 0.282546 0.885054
vt 0.284941 0.916494
vt 0.324690 0.935980
vt 0.322125 0.930971
vt 0.316300 0.938790
vt 0.318800 0.936100
vt 0.319000 0.924880
vt 0.318800 0.928690
vt 0.311443 0.933934
vt 0.314533 0.928002
vt 0.314500 0.925300
vt 0.310876 0.947230
vt 0.311890 0.937300
vt 0.309700 0.928600
vt 0.305974 0.928355
vt 0.302300 0.937390
vt 0.303200 0.933700
vt 0.296490 0.941900
vt 0.297607 0.932700
vt 0.296400 0.936900
vt 0.288757 0.933527
vt 0.291990 0.935890
vt 0.290284 0.938898
vt 0.268320 0.983285
vt 0.327975 0.544286
vt 0.330700 0.570500
vt 0.325062 0.545544
vt 0.329490 0.535090
vt 0.311822 0.546895
vt 0.309280 0.561381
vt 0.311847 0.568479
vt 0.327274 0.573153
vt 0.310917 0.537953
vt 0.307256 0.557196
vt 0.299145 0.575473
vt 0.309850 0.574089
vt 0.322200 0.536880
vt 0.316651 0.565755
vt 0.306880 0.562785
vt 0.315200 0.560000
vt 0.308357 0.541117
vt 0.313030 0.535195
vt 0.306976 0.555620
vt 0.303908 0.558873
vt 0.295927 0.569745
vt 0.302978 0.539600
vt 0.300680 0.549750
vt 0.302274 0.564195
vt 0.307781 0.567031
vt 0.305590 0.571380
vt 0.301965 0.542590
vt 0.285006 0.550792
vt 0.282164 0.553740
vt 0.302890 0.534380
vt 0.278636 0.545209
vt 0.290491 0.552584
vt 0.297600 0.572480
vt 0.296110 0.536773
vt 0.287201 0.544222
vt 0.276002 0.547916
vt 0.272462 0.564816
vt 0.297600 0.534900
vt 0.273723 0.559191
vt 0.333790 0.579200
vt 0.306463 0.576973
vt 0.308784 0.579965
vt 0.315969 0.610120
vt 0.301218 0.578222
vt 0.303285 0.581204
vt 0.300186 0.582232
vt 0.283097 0.593960
vt 0.304912 0.627867
vt 0.328005 0.668603
vt 0.320011 0.647782
vt 0.303053 0.651661
vt 0.296612 0.678300
vt 0.312737 0.713722
vt 0.294263 0.730515
vt 0.281891 0.748295
vt 0.302363 0.756567
vt 0.311201 0.786752
vt 0.300163 0.778901
vt 0.302396 0.793627
vt 0.288456 0.771699
vt 0.329890 0.813480
vt 0.320044 0.836266
vt 0.326247 0.801591
vt 0.324090 0.813480
vt 0.323300 0.798380
vt 0.319790 0.816780
vt 0.312605 0.825714
vt 0.316900 0.813880
vt 0.315477 0.794015
vt 0.314673 0.801974
vt 0.312200 0.817600
vt 0.314467 0.831919
vt 0.314700 0.810590
vt 0.302889 0.796911
vt 0.306771 0.816431
vt 0.308400 0.809880
vt 0.304796 0.809136
vt 0.298687 0.825875
vt 0.304100 0.819190
vt 0.305700 0.795090
vt 0.300080 0.814300
vt 0.299890 0.816990
vt 0.300590 0.818880
vt 0.299490 0.805400
vt 0.299586 0.795881
vt 0.295300 0.819800
vt 0.296290 0.814700
vt 0.295800 0.810680
vt 0.289518 0.798615
vt 0.287290 0.821380
vt 0.293590 0.816380
vt 0.287299 0.810843
vt 0.280373 0.824986
vt 0.291790 0.819500
vt 0.289700 0.816900
vt 0.291900 0.813300
vt 0.286852 0.795744
vt 0.287690 0.814580
vt 0.293692 0.864137
vt 0.284874 0.846929
vt 0.291855 0.867120
vt 0.283758 0.874696
vt 0.262300 0.875400
vt 0.263341 0.870162
vt 0.261055 0.882500
vt 0.273614 0.898615
vt 0.273537 0.861845
vt 0.271820 0.912815
vt 0.268436 0.908692
vt 0.253651 0.896685
vt 0.267194 0.929485
vt 0.258956 0.877333
vt 0.236739 0.900755
vt 0.242008 0.921915
vt 0.255631 0.945718
vt 0.285109 0.937920
vt 0.271244 0.940891
vt 0.248430 0.936208
vt 0.236376 0.952738
vt 0.243100 0.942650
vt 0.243643 0.945774
vt 0.266572 0.538198
vt 0.266849 0.546197
vt 0.275241 0.567490
vt 0.275838 0.561931
vt 0.284725 0.534848
vt 0.268512 0.539600
vt 0.267705 0.563851
vt 0.268302 0.565805
vt 0.281362 0.570507
vt 0.267624 0.423813
vt 0.280490 0.424290
vt 0.272456 0.542411
vt 0.280090 0.555100
vt 0.278800 0.556500
vt 0.279190 0.569000
vt 0.276300 0.572880
vt 0.267657 0.570534
vt 0.268097 0.556920
vt 0.268090 0.543690
vt 0.268834 0.551792
vt 0.268000 0.574280
vt 0.267207 0.541184
vt 0.275200 0.560590
vt 0.266063 0.535079
vt 0.267690 0.549480
vt 0.249455 0.423286
vt 0.268090 0.536700
vt 0.264690 0.536880
vt 0.263390 0.538990
vt 0.262673 0.544799
vt 0.260960 0.554326
vt 0.254249 0.570972
vt 0.262300 0.536700
vt 0.258700 0.535300
vt 0.260711 0.539864
vt 0.260174 0.546442
vt 0.258700 0.555100
vt 0.256471 0.536821
vt 0.257832 0.540223
vt 0.258590 0.542800
vt 0.250853 0.568241
vt 0.270231 0.632230
vt 0.280842 0.578080
vt 0.291413 0.580662
vt 0.278290 0.576080
vt 0.272190 0.578490
vt 0.270664 0.605389
vt 0.270797 0.582034
vt 0.267890 0.579680
vt 0.267461 0.598666
vt 0.266185 0.594405
vt 0.266106 0.614072
vt 0.246641 0.594927
vt 0.267881 0.666187
vt 0.262147 0.653770
vt 0.248008 0.637841
vt 0.272379 0.715075
vt 0.266782 0.692186
vt 0.267859 0.673702
vt 0.264606 0.698613
vt 0.254859 0.676948
vt 0.253553 0.703780
vt 0.273716 0.730157
vt 0.264170 0.729843
vt 0.268905 0.750728
vt 0.266799 0.719651
vt 0.261294 0.750273
vt 0.247257 0.753582
vt 0.225304 0.716505
vt 0.279342 0.795334
vt 0.277388 0.778436
vt 0.265717 0.797199
vt 0.260742 0.775979
vt 0.286100 0.797380
vt 0.283300 0.819800
vt 0.283100 0.813700
vt 0.283890 0.816690
vt 0.278100 0.822090
vt 0.280690 0.817390
vt 0.278200 0.805700
vt 0.278768 0.815552
vt 0.279500 0.812080
vt 0.273912 0.798486
vt 0.273000 0.819400
vt 0.274219 0.811155
vt 0.275900 0.814490
vt 0.272475 0.800206
vt 0.272790 0.824190
vt 0.267383 0.818304
vt 0.267343 0.826613
vt 0.266900 0.820500
vt 0.258262 0.818691
vt 0.254489 0.822949
vt 0.259090 0.837179
vt 0.255798 0.829449
vt 0.253631 0.793091
vt 0.259441 0.799685
vt 0.251089 0.798810
vt 0.239997 0.837379
vt 0.248682 0.819059
vt 0.246380 0.831900
vt 0.245280 0.827000
vt 0.247400 0.823880
vt 0.234821 0.801769
vt 0.242107 0.813013
vt 0.244980 0.833160
vt 0.242153 0.821477
vt 0.248092 0.854082
vt 0.250115 0.873533
vt 0.236683 0.867666
vt 0.250500 0.877031
vt 0.242203 0.884418
vt 0.242157 0.913832
vt 0.233640 0.888385
vt 0.224021 0.901800
vt 0.227852 0.919555
vt 0.209372 0.913713
vt 0.212755 0.899729
vt 0.237621 0.936778
vt 0.241550 0.944500
vt 0.236267 0.941618
vt 0.236280 0.945740
vt 0.226765 0.989013
vt 0.228200 0.945900
vt 0.222357 0.952758
vt 0.214400 0.929549
vt 0.222573 0.943468
vt 0.222900 0.946730
vt 0.207227 0.954052
vt 0.214340 0.945950
vt 0.210320 0.943720
vt 0.210660 0.948150
vt 0.206490 0.949970
vt 0.207550 0.946500
vt 0.203860 0.944670
vt 0.203060 0.947660
vt 0.251859 0.560597
vt 0.254790 0.561680
vt 0.250900 0.535180
vt 0.246280 0.533900
vt 0.252700 0.537500
vt 0.252790 0.540790
vt 0.252200 0.546700
vt 0.251692 0.552037
vt 0.249872 0.561539
vt 0.252790 0.570100
vt 0.249430 0.541431
vt 0.248780 0.539480
vt 0.246963 0.536076
vt 0.249614 0.550546
vt 0.240586 0.557228
vt 0.244578 0.559411
vt 0.243950 0.569008
vt 0.241687 0.558259
vt 0.242200 0.548690
vt 0.238895 0.569710
vt 0.236134 0.584915
vt 0.236262 0.562428
vt 0.240264 0.541190
vt 0.240288 0.535988
vt 0.234211 0.535339
vt 0.237100 0.533990
vt 0.235875 0.558161
vt 0.236753 0.551001
vt 0.234705 0.575215
vt 0.233980 0.542400
vt 0.233226 0.556842
vt 0.230765 0.579305
vt 0.230362 0.556463
vt 0.230739 0.558977
vt 0.228550 0.572764
vt 0.226041 0.583623
vt 0.230590 0.536090
vt 0.227276 0.536151
vt 0.226576 0.548026
vt 0.227479 0.556140
vt 0.224750 0.558628
vt 0.226486 0.561684
vt 0.221260 0.581656
vt 0.223900 0.568790
vt 0.224472 0.532579
vt 0.224359 0.541966
vt 0.223273 0.565136
vt 0.223445 0.534581
vt 0.223000 0.551590
vt 0.222380 0.559490
vt 0.221033 0.564960
vt 0.218517 0.560721
vt 0.220111 0.536314
vt 0.241468 0.622584
vt 0.247323 0.590444
vt 0.248454 0.582769
vt 0.249500 0.576690
vt 0.236141 0.608109
vt 0.242725 0.593682
vt 0.236590 0.602014
vt 0.237615 0.612259
vt 0.233046 0.607150
vt 0.232194 0.589342
vt 0.231954 0.623914
vt 0.229367 0.608978
vt 0.230579 0.609533
vt 0.228092 0.590333
vt 0.223773 0.615814
vt 0.223983 0.619413
vt 0.224681 0.591081
vt 0.224995 0.603153
vt 0.220911 0.620334
vt 0.224280 0.598500
vt 0.221146 0.588797
vt 0.218700 0.608593
vt 0.221528 0.608884
vt 0.218263 0.613990
vt 0.217880 0.600480
vt 0.216800 0.609700
vt 0.213194 0.615631
vt 0.205737 0.605307
vt 0.211400 0.606890
vt 0.226902 0.650728
vt 0.227391 0.645980
vt 0.227188 0.641837
vt 0.224539 0.633952
vt 0.225158 0.638420
vt 0.225400 0.642580
vt 0.222422 0.628260
vt 0.221357 0.636239
vt 0.222900 0.655080
vt 0.222006 0.638874
vt 0.219501 0.660289
vt 0.212780 0.670709
vt 0.218218 0.631378
vt 0.216573 0.628067
vt 0.213249 0.650934
vt 0.213539 0.654993
vt 0.212974 0.665558
vt 0.217060 0.662999
vt 0.215385 0.635826
vt 0.212224 0.627127
vt 0.210895 0.627065
vt 0.209692 0.625825
vt 0.209280 0.641200
vt 0.206596 0.652051
vt 0.208765 0.659676
vt 0.231091 0.675066
vt 0.215154 0.687634
vt 0.220422 0.669428
vt 0.221790 0.662680
vt 0.218772 0.666727
vt 0.218627 0.671920
vt 0.207692 0.702223
vt 0.211642 0.664568
vt 0.206103 0.699940
vt 0.210700 0.690280
vt 0.207900 0.667200
vt 0.209228 0.668809
vt 0.208500 0.674963
vt 0.209490 0.676590
vt 0.202149 0.702884
vt 0.229501 0.738201
vt 0.218880 0.720600
vt 0.220300 0.730790
vt 0.217980 0.723500
vt 0.218279 0.737965
vt 0.212266 0.717888
vt 0.217180 0.725180
vt 0.207951 0.727633
vt 0.210180 0.715690
vt 0.196415 0.725215
vt 0.209469 0.743423
vt 0.196438 0.726469
vt 0.228826 0.799059
vt 0.230563 0.770383
vt 0.215769 0.770765
vt 0.218098 0.800414
vt 0.217939 0.756869
vt 0.217080 0.759190
vt 0.202692 0.765147
vt 0.208180 0.772800
vt 0.207498 0.773566
vt 0.208100 0.774990
vt 0.201038 0.753105
vt 0.204031 0.800819
vt 0.198163 0.789239
vt 0.241118 0.826975
vt 0.238180 0.824400
vt 0.229399 0.801081
vt 0.235422 0.820529
vt 0.231241 0.836183
vt 0.234300 0.823300
vt 0.219708 0.825054
vt 0.226701 0.823142
vt 0.218474 0.817176
vt 0.208849 0.803019
vt 0.215156 0.822855
vt 0.205558 0.802051
vt 0.202773 0.815580
vt 0.228574 0.838012
vt 0.213415 0.869497
vt 0.216280 0.840480
vt 0.202570 0.836083
vt 0.199590 0.842694
vt 0.199100 0.824190
vt 0.213415 0.895403
vt 0.189553 0.926959
vt 0.199311 0.944549
vt 0.200260 0.950110
vt 0.187600 0.954590
vt 0.194830 0.951480
vt 0.185559 0.938015
vt 0.194001 0.946207
vt 0.187225 0.950650
vt 0.191100 0.948490
vt 0.186000 0.945200
vt 0.183780 0.950200
vt 0.174980 0.953490
vt 0.182980 0.948180
vt 0.174251 0.950589
vt 0.173980 0.948300
vt 0.162200 0.964100
vt 0.166090 0.953281
vt 0.168400 0.950500
vt 0.165280 0.947700
vt 0.156176 0.952882
vt 0.155364 0.947917
vt 0.162200 0.949680
vt 0.192792 0.534914
vt 0.199680 0.532190
vt 0.197600 0.533680
vt 0.185200 0.533290
vt 0.166710 0.531318
vt 0.164604 0.532831
vt 0.156784 0.534353
vt 0.152520 0.596710
vt 0.208031 0.605974
vt 0.205780 0.615890
vt 0.205445 0.621226
vt 0.199946 0.607038
vt 0.203978 0.612605
vt 0.198072 0.625338
vt 0.200606 0.613845
vt 0.197118 0.610255
vt 0.199380 0.613300
vt 0.190600 0.611276
vt 0.196313 0.618221
vt 0.190526 0.621406
vt 0.210722 0.617356
vt 0.207894 0.627235
vt 0.204100 0.633747
vt 0.204796 0.649812
vt 0.196070 0.654053
vt 0.202491 0.661073
vt 0.196873 0.642018
vt 0.198922 0.658922
vt 0.196544 0.661662
vt 0.193648 0.647548
vt 0.186519 0.651362
vt 0.188789 0.657883
vt 0.190104 0.667524
vt 0.189315 0.634091
vt 0.192357 0.620839
vt 0.185532 0.659025
vt 0.184136 0.667840
vt 0.187658 0.622079
vt 0.186168 0.638907
vt 0.186419 0.630161
vt 0.183588 0.641788
vt 0.180069 0.644692
vt 0.177457 0.670472
vt 0.158347 0.636912
vt 0.180625 0.647236
vt 0.205680 0.687500
vt 0.204254 0.700428
vt 0.202297 0.697737
vt 0.199755 0.687614
vt 0.194683 0.699028
vt 0.200931 0.688848
vt 0.204080 0.684000
vt 0.203180 0.689700
vt 0.198706 0.703483
vt 0.200530 0.694250
vt 0.191084 0.699817
vt 0.192583 0.682713
vt 0.197080 0.686290
vt 0.191964 0.693829
vt 0.182143 0.709707
vt 0.189268 0.697358
vt 0.184867 0.693124
vt 0.180254 0.688947
vt 0.177664 0.701707
vt 0.181337 0.698958
vt 0.181809 0.706238
vt 0.176899 0.694526
vt 0.172869 0.688928
vt 0.180800 0.695900
vt 0.166648 0.715121
vt 0.174110 0.698862
vt 0.171292 0.702971
vt 0.162291 0.708684
vt 0.162857 0.711342
vt 0.167500 0.687780
vt 0.166641 0.704128
vt 0.166558 0.684408
vt 0.201860 0.715414
vt 0.189894 0.717277
vt 0.195600 0.714990
vt 0.193988 0.709740
vt 0.174402 0.739015
vt 0.195500 0.740190
vt 0.191400 0.703980
vt 0.193200 0.706300
vt 0.189597 0.715443
vt 0.183215 0.726159
vt 0.182471 0.714926
vt 0.186229 0.714677
vt 0.174063 0.725641
vt 0.179526 0.703851
vt 0.178700 0.717280
vt 0.169274 0.735902
vt 0.176573 0.715144
vt 0.167767 0.716581
vt 0.174600 0.716180
vt 0.171388 0.714680
vt 0.159396 0.725000
vt 0.164900 0.714800
vt 0.160190 0.727400
vt 0.202406 0.742641
vt 0.193582 0.758748
vt 0.200380 0.745580
vt 0.197500 0.744090
vt 0.199000 0.746380
vt 0.197300 0.749800
vt 0.194695 0.748378
vt 0.178960 0.772219
vt 0.187510 0.774126
vt 0.195980 0.743480
vt 0.184835 0.773120
vt 0.177693 0.750639
vt 0.183410 0.781599
vt 0.172649 0.764344
vt 0.179822 0.789946
vt 0.182259 0.774445
vt 0.167664 0.756644
vt 0.179900 0.774500
vt 0.177904 0.784847
vt 0.172815 0.773832
vt 0.174783 0.775836
vt 0.174594 0.781951
vt 0.164000 0.772580
vt 0.170526 0.777080
vt 0.170000 0.773980
vt 0.166640 0.753411
vt 0.166594 0.774415
vt 0.166500 0.781180
vt 0.163900 0.778980
vt 0.155200 0.754190
vt 0.159911 0.774003
vt 0.159754 0.783787
vt 0.191423 0.803265
vt 0.184019 0.815196
vt 0.180496 0.791677
vt 0.189600 0.823490
vt 0.186518 0.825467
vt 0.184900 0.818880
vt 0.178287 0.804150
vt 0.179100 0.821780
vt 0.181879 0.823095
vt 0.176190 0.821086
vt 0.172616 0.796751
vt 0.173101 0.800772
vt 0.174380 0.804057
vt 0.168880 0.804953
vt 0.170634 0.798184
vt 0.166021 0.804661
vt 0.166441 0.795147
vt 0.167880 0.794390
vt 0.169680 0.823000
vt 0.162039 0.799392
vt 0.163200 0.803480
vt 0.157700 0.804700
vt 0.159382 0.803358
vt 0.146806 0.806656
vt 0.162083 0.820772
vt 0.160156 0.788037
vt 0.156635 0.802830
vt 0.191763 0.877773
vt 0.194700 0.825800
vt 0.191891 0.844703
vt 0.190300 0.827880
vt 0.184393 0.844816
vt 0.183100 0.846580
vt 0.182400 0.828800
vt 0.170992 0.853029
vt 0.168433 0.875532
vt 0.185871 0.896513
vt 0.175090 0.829680
vt 0.177680 0.826780
vt 0.174080 0.847280
vt 0.167749 0.836946
vt 0.171900 0.827480
vt 0.173980 0.825100
vt 0.171700 0.824500
vt 0.170580 0.831300
vt 0.170000 0.829680
vt 0.166701 0.848344
vt 0.157936 0.849268
vt 0.159134 0.859294
vt 0.166980 0.825680
vt 0.163828 0.823853
vt 0.164800 0.832000
vt 0.163900 0.828490
vt 0.157112 0.833763
vt 0.155678 0.826785
vt 0.158880 0.824890
vt 0.193968 0.912560
vt 0.193383 0.914005
vt 0.180953 0.914330
vt 0.175008 0.903139
vt 0.163730 0.919945
vt 0.157487 0.908596
vt 0.150000 0.870708
vt 0.160680 0.931478
vt 0.157600 0.949890
vt 0.153500 0.951600
vt 0.149900 0.947000
vt 0.148000 0.950600
vt 0.143900 0.953400
vt 0.115770 0.994688
vt 0.141480 0.951480
vt 0.138688 0.954172
vt 0.139760 0.948400
vt 0.130880 0.955780
vt 0.085078 0.957756
vt 0.136700 0.951830
vt 0.133812 0.944524
vt 0.133870 0.951900
vt 0.129500 0.952880
vt 0.126994 0.915653
vt 0.142821 0.935406
vt 0.132790 0.934490
vt 0.136810 0.939970
vt 0.131092 0.948554
vt 0.126515 0.929661
vt 0.127970 0.941070
vt 0.126800 0.953000
vt 0.123870 0.936395
vt 0.123700 0.948180
vt 0.121100 0.955990
vt 0.123769 0.952732
vt 0.116159 0.952791
vt 0.131101 0.531174
vt 0.137235 0.575318
vt 0.129182 0.533787
vt 0.106209 0.532280
vt 0.128558 0.610656
vt 0.129460 0.641935
vt 0.115380 0.623997
vt 0.125699 0.680991
vt 0.139388 0.704211
vt 0.126519 0.705138
vt 0.093845 0.667617
vt 0.162000 0.716700
vt 0.147317 0.725137
vt 0.160286 0.704812
vt 0.160370 0.710614
vt 0.158000 0.725880
vt 0.157556 0.712775
vt 0.143186 0.717156
vt 0.148800 0.739880
vt 0.141270 0.732433
vt 0.144500 0.739300
vt 0.135380 0.734795
vt 0.130464 0.714216
vt 0.133680 0.716300
vt 0.128587 0.718468
vt 0.125687 0.721103
vt 0.126029 0.739491
vt 0.151652 0.744337
vt 0.139786 0.759363
vt 0.153880 0.772180
vt 0.156786 0.773894
vt 0.151883 0.783622
vt 0.151291 0.789830
vt 0.142487 0.771985
vt 0.151345 0.781188
vt 0.149028 0.783360
vt 0.150800 0.773341
vt 0.147900 0.772090
vt 0.149200 0.773590
vt 0.147200 0.741500
vt 0.145980 0.747300
vt 0.146500 0.745700
vt 0.143168 0.748697
vt 0.146880 0.777190
vt 0.146321 0.773860
vt 0.144980 0.740890
vt 0.146090 0.742990
vt 0.144600 0.745100
vt 0.144875 0.773860
vt 0.143076 0.774085
vt 0.128130 0.772369
vt 0.134963 0.772375
vt 0.138672 0.779938
vt 0.132300 0.753000
vt 0.128434 0.764737
vt 0.129600 0.770380
vt 0.126009 0.763833
vt 0.107503 0.754582
vt 0.124789 0.787935
vt 0.153671 0.804436
vt 0.157032 0.784868
vt 0.141971 0.812880
vt 0.153357 0.800125
vt 0.148160 0.803418
vt 0.149786 0.804358
vt 0.146200 0.805000
vt 0.142999 0.805003
vt 0.144182 0.790048
vt 0.145080 0.803690
vt 0.138601 0.802777
vt 0.136822 0.802928
vt 0.140580 0.805100
vt 0.137978 0.786545
vt 0.137161 0.797879
vt 0.134800 0.806900
vt 0.133334 0.812238
vt 0.133674 0.803408
vt 0.137700 0.804880
vt 0.134574 0.805014
vt 0.132182 0.803594
vt 0.131430 0.820850
vt 0.131931 0.827592
vt 0.128626 0.814128
vt 0.128005 0.805580
vt 0.126596 0.820647
vt 0.123800 0.803600
vt 0.126474 0.807290
vt 0.111121 0.793138
vt 0.110457 0.805173
vt 0.108923 0.781343
vt 0.113573 0.803109
vt 0.151800 0.824680
vt 0.146683 0.849293
vt 0.152416 0.828768
vt 0.146300 0.838980
vt 0.143965 0.830120
vt 0.148000 0.827090
vt 0.144868 0.819132
vt 0.144800 0.825200
vt 0.134458 0.859911
vt 0.134053 0.879988
vt 0.148919 0.896526
vt 0.143600 0.844900
vt 0.136215 0.851235
vt 0.138020 0.853350
vt 0.138780 0.845390
vt 0.132245 0.835350
vt 0.140905 0.826347
vt 0.130431 0.868970
vt 0.132220 0.852410
vt 0.132355 0.848993
vt 0.128499 0.857237
vt 0.125147 0.843836
vt 0.127359 0.850480
vt 0.122042 0.856334
vt 0.129550 0.849340
vt 0.127620 0.831080
vt 0.128113 0.825989
vt 0.117737 0.869144
vt 0.114431 0.883345
vt 0.118744 0.843116
vt 0.122440 0.833500
vt 0.125410 0.828710
vt 0.120930 0.827400
vt 0.118202 0.823661
vt 0.109424 0.851598
vt 0.120190 0.830960
vt 0.119140 0.832660
vt 0.117880 0.833150
vt 0.115910 0.827880
vt 0.146806 0.922618
vt 0.148924 0.911039
vt 0.142058 0.910796
vt 0.137495 0.908593
vt 0.129728 0.891250
vt 0.119019 0.894525
vt 0.076090 0.927100
vt 0.077973 0.910689
vt 0.086838 0.926400
vt 0.111500 0.946690
vt 0.109990 0.956300
vt 0.093225 0.933534
vt 0.112080 0.953100
vt 0.109480 0.953700
vt 0.109380 0.950900
vt 0.105400 0.954200
vt 0.105800 0.950680
vt 0.103000 0.945680
vt 0.101300 0.954280
vt 0.101178 0.951078
vt 0.102700 0.949000
vt 0.093652 0.955720
vt 0.093170 0.951361
vt 0.090000 0.943700
vt 0.088500 0.953280
vt 0.084200 0.949590
vt 0.082900 0.954100
vt 0.078141 0.938727
vt 0.076600 0.955690
vt 0.079480 0.952180
vt 0.066376 0.957354
vt 0.064990 0.968670
vt 0.075190 0.950100
vt 0.098671 0.534587
vt 0.079689 0.576051
vt 0.092600 0.422600
vt 0.098480 0.532580
vt 0.093900 0.530780
vt 0.086073 0.556759
vt 0.085500 0.532000
vt 0.105455 0.587398
vt 0.082856 0.591839
vt 0.097906 0.645842
vt 0.090189 0.626766
vt 0.080065 0.610518
vt 0.076305 0.643714
vt 0.105855 0.700878
vt 0.081150 0.702534
vt 0.094186 0.705273
vt 0.085166 0.703889
vt 0.083174 0.705266
vt 0.078326 0.742726
vt 0.072850 0.779860
vt 0.070056 0.711857
vt 0.107990 0.815578
vt 0.091386 0.806526
vt 0.104760 0.823710
vt 0.088075 0.803119
vt 0.080252 0.815609
vt 0.084013 0.804613
vt 0.075080 0.806200
vt 0.068400 0.804300
vt 0.066225 0.793211
vt 0.106684 0.831029
vt 0.108659 0.847471
vt 0.104906 0.826948
vt 0.090409 0.870589
vt 0.093221 0.852034
vt 0.091550 0.847850
vt 0.094539 0.830561
vt 0.088754 0.825940
vt 0.080478 0.828788
vt 0.084700 0.824510
vt 0.074770 0.850000
vt 0.076800 0.840780
vt 0.076683 0.870376
vt 0.074450 0.855150
vt 0.079874 0.826001
vt 0.068246 0.859869
vt 0.068470 0.819510
vt 0.101859 0.891746
vt 0.101972 0.907467
vt 0.091657 0.898208
vt 0.067666 0.909178
vt 0.063361 0.930128
vt 0.073280 0.952600
vt 0.070390 0.956200
vt 0.068480 0.951080
vt 0.065529 0.952180
vt 0.063900 0.952620
vt 0.070967 0.531489
vt 0.068210 0.575773
vt 0.070990 0.554870
vt 0.056231 0.413680
vt 0.057780 0.422500
vt 0.056550 0.421900
vt 0.069897 0.531208
vt 0.068851 0.568003
vt 0.068569 0.601363
vt 0.068816 0.587515
vt 0.067972 0.580689
vt 0.067433 0.596044
vt 0.069893 0.624381
vt 0.068300 0.615827
vt 0.068880 0.632390
vt 0.067486 0.640725
vt 0.066664 0.650785
vt 0.067800 0.628480
vt 0.066609 0.623681
vt 0.066272 0.634059
vt 0.075187 0.679923
vt 0.067812 0.672128
vt 0.068000 0.688300
vt 0.065980 0.665356
vt 0.065594 0.653883
vt 0.066363 0.685346
vt 0.063928 0.704759
vt 0.064796 0.675765
vt 0.067845 0.703769
vt 0.065960 0.703370
vt 0.065240 0.708400
vt 0.063475 0.714597
vt 0.066950 0.716130
vt 0.069480 0.727520
vt 0.064960 0.718020
vt 0.064900 0.724960
vt 0.065013 0.732181
vt 0.065637 0.742969
vt 0.063016 0.731178
vt 0.067780 0.745005
vt 0.066977 0.766917
vt 0.063238 0.779755
vt 0.065639 0.748683
vt 0.062736 0.746967
vt 0.064000 0.761134
vt 0.064655 0.768245
vt 0.062100 0.773280
vt 0.061501 0.755112
vt 0.062410 0.778566
vt 0.065800 0.802200
vt 0.062021 0.808674
vt 0.065398 0.791140
vt 0.063795 0.796019
vt 0.063303 0.790818
vt 0.062780 0.802290
vt 0.061539 0.823151
vt 0.061561 0.829808
vt 0.067280 0.828510
vt 0.061657 0.873253
vt 0.065250 0.880020
vt 0.069830 0.825420
vt 0.060800 0.854830
vt 0.060540 0.842940
vt 0.062350 0.825240
vt 0.060600 0.850480
vt 0.061400 0.825290
vt 0.061200 0.866190
vt 0.063138 0.896697
vt 0.848500 0.071900
vt 0.068319 0.565029
vt 0.139011 0.458810
vt 0.137290 0.458990
vt 0.138540 0.457850
vt 0.145460 0.456770
vt 0.139206 0.485496
vt 0.042021 0.528430
vt 0.040110 0.490150
vt 0.041540 0.528460
vt 0.146680 0.521690
vt 0.412860 0.457571
vt 0.663008 0.464815
vt 0.801460 0.533490
vt 0.681653 0.463289
vt 0.719607 0.464575
vt 0.803470 0.468630
vt 0.991404 0.535749
vt 0.990664 0.601711
vt 0.990813 0.551033
vt 0.962396 0.688346
vt 0.927080 0.681696
vt 0.988740 0.688730
vt 0.962294 0.787879
vt 0.923640 0.788170
vt 0.923640 0.787810
vt 0.963175 0.706157
vt 0.991036 0.450718
vt 0.927372 0.447946
vt 0.984279 0.281549
vt 0.991027 0.517172
vt 0.928780 0.025910
vt 0.993803 0.232128
vt 0.994643 0.283106
vt 0.992736 0.423756
vt 0.993002 0.442765
vt 0.993261 0.335086
vt 0.993015 0.378918
vt 0.994399 0.136147
vt 0.139261 0.459060
vt 0.163390 0.458328
vt 0.962140 0.787760
vt 0.138827 0.473779
vt 0.761005 0.466038
vt 0.802726 0.467280
vt 0.322268 0.463248
vt 0.990754 0.536241
vt 0.991917 0.505005
vt 0.204143 0.457671
vt 0.232852 0.457363
vt 0.107496 0.486026
vt 0.138995 0.485350
vt 0.039989 0.489851
vt 0.995000 0.027007
vt 0.993690 0.026170
vt 0.162366 0.456629
vt 0.169186 0.456922
vt 0.172867 0.456542
vt 0.252185 0.456659
vt 0.312681 0.457073
vt 0.368609 0.457315
vt 0.151730 0.456360
vt 0.136961 0.469415
vt 0.039386 0.489316
vt 0.037560 0.490500
vt 0.036401 0.492816
vt 0.064500 0.487303
vt 0.093599 0.486101
vt 0.131790 0.484829
vt 0.136280 0.484890
vt 0.988821 0.689030
vt 0.971220 0.690510
vt 0.072127 0.996180
vt 0.948760 0.789730
vt 0.923151 0.789200
vt 0.066600 0.996498
vt 0.963244 0.766338
vt 0.963180 0.782220
vt 0.963271 0.713601
vt 0.963760 0.690500
vt 0.990678 0.671304
vt 0.989532 0.687509
vt 0.989440 0.673580
vt 0.991677 0.646719
vt 0.992430 0.621022
vt 0.992095 0.607908
vt 0.992369 0.595209
vt 0.992290 0.580251
vt 0.992522 0.537631
vt 0.992501 0.520860
vt 0.992712 0.487485
vt 0.992771 0.498141
vt 0.993338 0.458767
vt 0.993400 0.437880
vt 0.993128 0.393002
vt 0.993250 0.382030
vt 0.993747 0.379948
vt 0.993760 0.343274
vt 0.994310 0.336380
vt 0.994120 0.321570
vt 0.993986 0.305638
vt 0.995336 0.222110
vt 0.995570 0.203488
vt 0.996797 0.131133
vt 0.996418 0.080770
vt 0.996210 0.049490
vt 0.996040 0.027256
vt 0.791872 0.465922
vt 0.802472 0.466250
vt 0.737707 0.464894
vt 0.371490 0.456710
vt 0.400435 0.456820
vt 0.652095 0.462499
vt 0.556874 0.460144
vt 0.582145 0.460569
vt 0.409029 0.456785
vt 0.497874 0.458498
vt 0.322472 0.456278
vt 0.274009 0.456560
vt 0.232160 0.456400
vt 0.222880 0.456710
vt 0.209560 0.456215
vt 0.200809 0.456021
vt 0.983468 0.690175
vt 0.514884 0.458326
vt 0.632876 0.461924
vt 0.611232 0.461177
vt 0.732620 0.464810
vt 0.963840 0.696730
vt 0.963370 0.738740
vt 0.959221 0.789607
vt 0.038770 0.528751
vt 0.056800 0.370590
vt 0.230716 0.084100
vt 0.688090 0.081600
vt 0.064173 0.957245
vt 0.056146 0.410357
vt 0.057539 0.316365
vt 0.123880 0.084280
s 1
f 3187/1/1 3188/2/2 1/3/3
f 2/4/4 1/3/3 3/5/5
f 1/3/3 8/6/6 3/5/5
f 9/7/7 4/8/8 2/4/4
f 2/4/4 3/5/5 9/7/7
f 3/5/5 11/9/9 9/7/7
f 10/10/10 9/7/7 11/9/9
f 10/10/10 11/9/9 12/11/11
f 5/12/12 4/8/8 10/10/10
f 10/10/10 4/8/8 9/7/7
f 5/12/12 10/10/10 13/13/13
f 14/14/14 5/12/12 13/13/13
f 7/15/15 6/16/16 5/12/12
f 16/17/17 5/12/12 14/14/14
f 3188/2/2 17/18/18 8/6/6
f 8/6/6 18/19/19 21/20/20
f 21/20/20 18/19/19 22/21/21
f 22/21/21 18/19/19 19/22/22
f 19/22/22 18/19/19 23/23/23
f 18/19/19 20/24/24 23/23/23
f 3/5/5 8/6/6 21/20/20
f 21/20/20 22/21/21 24/25/25
f 22/21/21 19/22/22 24/25/25
f 24/25/25 19/22/22 25/26/26
f 19/22/22 23/23/23 25/26/26
f 3/5/5 21/20/20 11/9/9
f 21/20/20 24/25/25 26/27/27
f 12/11/11 11/9/9 26/27/27
f 21/20/20 26/27/27 11/9/9
f 27/28/28 26/27/27 24/25/25
f 27/28/28 24/25/25 28/29/29
f 25/26/26 28/29/29 24/25/25
f 12/11/11 13/13/13 10/10/10
f 31/30/30 12/11/11 26/27/27
f 26/27/27 27/28/28 31/30/30
f 28/29/29 25/26/26 30/31/31
f 30/31/31 25/26/26 29/32/32
f 33/33/33 30/31/31 29/32/32
f 31/30/30 13/13/13 12/11/11
f 27/28/28 32/34/34 31/30/30
f 30/31/31 33/33/33 37/35/35
f 37/35/35 33/33/33 36/36/36
f 38/37/37 32/34/34 27/28/28
f 27/28/28 28/29/29 38/37/37
f 38/37/37 28/29/29 34/38/38
f 28/29/29 30/31/31 34/38/38
f 39/39/39 34/38/38 30/31/31
f 37/35/35 35/40/40 30/31/31
f 30/31/31 40/41/41 39/39/39
f 40/41/41 30/31/31 35/40/40
f 38/37/37 34/38/38 39/39/39
f 41/42/42 35/40/40 37/35/35
f 42/43/43 40/41/41 35/40/40
f 41/42/42 42/43/43 35/40/40
f 32/34/34 38/37/37 44/44/44
f 43/45/45 42/43/43 41/42/42
f 43/45/45 40/41/41 42/43/43
f 43/45/45 41/42/42 37/35/35
f 44/44/44 38/37/37 45/46/46
f 45/46/46 38/37/37 39/39/39
f 43/45/45 39/39/39 40/41/41
f 47/47/47 45/46/46 39/39/39
f 39/39/39 43/45/45 47/47/47
f 46/48/48 47/47/47 43/45/45
f 8/6/6 17/18/18 18/19/19
f 23/23/23 20/24/24 29/32/32
f 20/24/24 48/49/49 49/50/50
f 49/50/50 48/49/49 52/51/51
f 29/32/32 25/26/26 23/23/23
f 50/52/52 29/32/32 20/24/24
f 20/24/24 49/50/50 50/52/52
f 51/53/53 50/52/52 49/50/50
f 51/53/53 49/50/50 52/51/51
f 51/53/53 52/51/51 53/54/54
f 55/55/55 29/32/32 50/52/52
f 56/56/56 50/52/52 51/53/53
f 57/57/57 53/54/54 52/51/51
f 57/57/57 52/51/51 58/58/58
f 58/58/58 52/51/51 54/59/59
f 33/33/33 29/32/32 55/55/55
f 56/56/56 55/55/55 50/52/52
f 51/53/53 53/54/54 57/57/57
f 59/60/60 58/58/58 54/59/59
f 57/57/57 56/56/56 51/53/53
f 36/36/36 33/33/33 55/55/55
f 60/61/61 59/60/60 54/59/59
f 36/36/36 55/55/55 56/56/56
f 56/56/56 57/57/57 58/58/58
f 58/58/58 59/60/60 56/56/56
f 56/56/56 37/35/35 36/36/36
f 43/45/45 37/35/35 56/56/56
f 43/45/45 56/56/56 59/60/60
f 61/62/62 59/60/60 60/61/61
f 46/48/48 43/45/45 59/60/60
f 61/62/62 46/48/48 59/60/60
f 61/62/62 60/61/61 62/63/63
f 61/62/62 62/63/63 63/64/64
f 18/19/19 17/18/18 64/65/65
f 18/19/19 65/66/66 20/24/24
f 18/19/19 64/65/65 65/66/66
f 20/24/24 65/66/66 67/67/67
f 48/49/49 20/24/24 67/67/67
f 67/67/67 65/66/66 69/68/68
f 70/69/69 52/51/51 48/49/49
f 54/59/59 52/51/51 70/69/69
f 72/70/70 48/49/49 67/67/67
f 73/71/71 72/70/70 67/67/67
f 74/72/72 67/67/67 69/68/68
f 54/59/59 70/69/69 71/73/73
f 71/73/73 70/69/69 48/49/49
f 72/70/70 71/73/73 48/49/49
f 73/71/71 67/67/67 74/72/72
f 63/64/64 54/59/59 71/73/73
f 75/74/74 72/70/70 73/71/71
f 63/64/64 71/73/73 72/70/70
f 60/61/61 54/59/59 63/64/64
f 75/74/74 63/64/64 72/70/70
f 63/64/64 62/63/63 60/61/61
f 77/75/75 76/76/76 75/74/74
f 76/76/76 63/64/64 75/74/74
f 65/66/66 64/65/65 66/77/77
f 65/66/66 66/77/77 68/78/78
f 66/77/77 78/79/79 68/78/78
f 65/66/66 68/78/78 69/68/68
f 80/80/80 69/68/68 68/78/78
f 81/81/81 68/78/78 82/82/82
f 68/78/78 79/83/83 83/84/84
f 68/78/78 83/84/84 82/82/82
f 84/85/85 81/81/81 82/82/82
f 82/82/82 83/84/84 84/85/85
f 83/84/84 79/83/83 85/86/86
f 86/87/87 85/86/86 79/83/83
f 87/88/88 74/72/72 80/80/80
f 80/80/80 68/78/78 81/81/81
f 74/72/72 69/68/68 80/80/80
f 81/81/81 87/88/88 80/80/80
f 81/81/81 88/89/89 87/88/88
f 84/85/85 88/89/89 81/81/81
f 84/85/85 83/84/84 85/86/86
f 84/85/85 85/86/86 86/87/87
f 89/90/90 84/85/85 86/87/87
f 86/87/87 79/83/83 90/91/91
f 73/71/71 74/72/72 87/88/88
f 92/92/92 87/88/88 88/89/89
f 84/85/85 92/92/92 88/89/89
f 92/92/92 84/85/85 89/90/90
f 94/93/93 89/90/90 86/87/87
f 93/94/94 89/90/90 94/93/93
f 86/87/87 90/91/91 91/95/95
f 91/95/95 94/93/93 86/87/87
f 95/96/96 73/71/71 87/88/88
f 93/94/94 92/92/92 89/90/90
f 95/96/96 87/88/88 92/92/92
f 75/74/74 73/71/71 95/96/96
f 95/96/96 92/92/92 93/94/94
f 95/96/96 93/94/94 94/93/93
f 96/97/97 75/74/74 95/96/96
f 77/75/75 75/74/74 96/97/97
f 79/83/83 68/78/78 78/79/79
f 78/79/79 66/77/77 97/98/98
f 78/79/79 97/98/98 99/99/99
f 98/100/100 78/79/79 99/99/99
f 98/100/100 99/99/99 101/101/101
f 98/100/100 101/101/101 102/102/102
f 99/99/99 100/103/103 101/101/101
f 91/95/95 90/91/91 103/104/104
f 90/91/91 79/83/83 78/79/79
f 103/104/104 90/91/91 78/79/79
f 98/100/100 103/104/104 78/79/79
f 104/105/105 98/100/100 102/102/102
f 102/102/102 101/101/101 105/106/106
f 94/93/93 91/95/95 103/104/104
f 94/93/93 103/104/104 98/100/100
f 108/107/107 104/105/105 102/102/102
f 108/107/107 102/102/102 105/106/106
f 107/108/108 105/106/106 101/101/101
f 104/105/105 94/93/93 98/100/100
f 107/108/108 108/107/107 105/106/106
f 109/109/109 108/107/107 107/108/108
f 110/110/110 109/109/109 107/108/108
f 106/111/111 110/110/110 107/108/108
f 111/112/112 94/93/93 104/105/105
f 112/113/113 104/105/105 108/107/107
f 111/112/112 95/96/96 94/93/93
f 112/113/113 111/112/112 104/105/105
f 113/114/114 111/112/112 112/113/113
f 100/103/103 99/99/99 114/115/115
f 101/101/101 100/103/103 106/111/111
f 106/111/111 100/103/103 115/116/116
f 107/108/108 101/101/101 106/111/111
f 115/116/116 100/103/103 114/115/115
f 114/115/115 116/117/117 115/116/116
f 110/110/110 106/111/111 115/116/116
f 114/115/115 117/118/118 116/117/117
f 119/119/119 115/116/116 116/117/117
f 116/117/117 117/118/118 118/120/120
f 121/121/121 109/109/109 110/110/110
f 119/119/119 110/110/110 115/116/116
f 122/122/122 119/119/119 116/117/117
f 122/122/122 116/117/117 120/123/123
f 116/117/117 118/120/120 120/123/123
f 108/107/107 109/109/109 112/113/113
f 121/121/121 112/113/113 109/109/109
f 124/124/124 121/121/121 110/110/110
f 124/124/124 110/110/110 119/119/119
f 125/125/125 124/124/124 119/119/119
f 122/122/122 125/125/125 119/119/119
f 126/126/126 112/113/113 121/121/121
f 126/126/126 121/121/121 124/124/124
f 126/126/126 124/124/124 125/125/125
f 129/127/127 125/125/125 122/122/122
f 128/128/128 126/126/126 125/125/125
f 129/127/127 122/122/122 127/129/129
f 128/128/128 125/125/125 129/127/127
f 118/120/120 117/118/118 123/130/130
f 120/123/123 118/120/120 123/130/130
f 127/129/129 122/122/122 120/123/123
f 127/129/129 120/123/123 123/130/130
f 123/130/130 117/118/118 130/131/131
f 131/132/132 127/129/129 123/130/130
f 117/118/118 132/133/133 130/131/131
f 123/130/130 130/131/131 133/134/134
f 129/127/127 127/129/129 134/135/135
f 135/136/136 134/135/135 127/129/129
f 136/137/137 135/136/136 127/129/129
f 136/137/137 127/129/129 131/132/132
f 133/134/134 131/132/132 123/130/130
f 44/44/44 13/13/13 31/30/30
f 44/44/44 31/30/30 32/34/34
f 15/138/138 14/14/14 13/13/13
f 15/138/138 13/13/13 44/44/44
f 45/46/46 15/138/138 44/44/44
f 3190/139/139 6/16/16 7/15/15
f 137/140/140 3190/139/139 7/15/15
f 16/17/17 7/15/15 5/12/12
f 47/47/47 138/141/141 45/46/46
f 138/141/141 15/138/138 45/46/46
f 14/14/14 138/141/141 139/142/142
f 139/142/142 138/141/141 140/143/143
f 141/144/144 139/142/142 140/143/143
f 142/145/145 61/62/62 63/64/64
f 142/145/145 46/48/48 61/62/62
f 140/143/143 46/48/48 142/145/145
f 143/146/146 140/143/143 142/145/145
f 144/147/147 143/146/146 142/145/145
f 142/145/145 63/64/64 76/76/76
f 145/148/148 76/76/76 77/75/75
f 147/149/149 146/150/150 76/76/76
f 145/148/148 147/149/149 76/76/76
f 146/150/150 142/145/145 76/76/76
f 146/150/150 144/147/147 142/145/145
f 148/151/151 96/97/97 95/96/96
f 145/148/148 77/75/75 96/97/97
f 147/149/149 96/97/97 148/151/151
f 145/148/148 96/97/97 147/149/149
f 111/112/112 148/151/151 95/96/96
f 149/152/152 111/112/112 113/114/114
f 148/151/151 111/112/112 149/152/152
f 150/153/153 149/152/152 113/114/114
f 151/154/154 149/152/152 150/153/153
f 151/154/154 148/151/151 149/152/152
f 128/128/128 112/113/113 126/126/126
f 128/128/128 152/155/155 112/113/113
f 113/114/114 112/113/113 152/155/155
f 153/156/156 113/114/114 152/155/155
f 153/156/156 150/153/153 113/114/114
f 154/157/157 153/156/156 152/155/155
f 155/158/158 154/157/157 152/155/155
f 130/131/131 157/159/159 133/134/134
f 130/131/131 156/160/160 157/159/159
f 134/135/135 128/128/128 129/127/127
f 158/161/161 128/128/128 134/135/135
f 135/136/136 158/161/161 134/135/135
f 131/132/132 133/134/134 157/159/159
f 158/161/161 135/136/136 136/137/137
f 159/162/162 158/161/161 136/137/137
f 160/163/163 159/162/162 136/137/137
f 162/164/164 131/132/132 157/159/159
f 161/165/165 136/137/137 131/132/132
f 162/164/164 161/165/165 131/132/132
f 152/155/155 128/128/128 158/161/161
f 159/162/162 152/155/155 158/161/161
f 161/165/165 160/163/163 136/137/137
f 160/163/163 161/165/165 163/166/166
f 152/155/155 159/162/162 160/163/163
f 164/167/167 160/163/163 163/166/166
f 164/167/167 165/168/168 160/163/163
f 155/158/158 152/155/155 160/163/163
f 16/17/17 137/140/140 7/15/15
f 166/169/169 16/17/17 14/14/14
f 167/170/170 137/140/140 16/17/17
f 167/170/170 16/17/17 166/169/169
f 138/141/141 14/14/14 15/138/138
f 140/143/143 138/141/141 47/47/47
f 140/143/143 47/47/47 46/48/48
f 14/14/14 139/142/142 168/171/171
f 168/171/171 166/169/169 14/14/14
f 170/172/172 169/173/173 137/140/140
f 3191/174/174 170/172/172 171/175/175
f 172/176/176 141/144/144 140/143/143
f 173/177/177 139/142/142 141/144/144
f 174/178/178 173/177/177 141/144/144
f 141/144/144 172/176/176 174/178/178
f 175/179/179 173/177/177 174/178/178
f 175/179/179 176/180/180 173/177/177
f 177/181/181 174/178/178 172/176/176
f 177/181/181 175/179/179 174/178/178
f 143/146/146 172/176/176 140/143/143
f 179/182/182 172/176/176 143/146/146
f 172/176/176 179/182/182 177/181/181
f 144/147/147 179/182/182 143/146/146
f 178/183/183 177/181/181 179/182/182
f 180/184/184 179/182/182 181/185/185
f 181/185/185 179/182/182 144/147/147
f 180/184/184 178/183/183 179/182/182
f 146/150/150 147/149/149 183/186/186
f 184/187/187 144/147/147 146/150/150
f 184/187/187 146/150/150 183/186/186
f 144/147/147 184/187/187 185/188/188
f 144/147/147 185/188/188 186/189/189
f 186/189/189 181/185/185 144/147/147
f 186/189/189 185/188/188 187/190/190
f 188/191/191 181/185/185 186/189/189
f 181/185/185 188/191/191 182/192/192
f 186/189/189 187/190/190 188/191/191
f 188/191/191 187/190/190 189/193/193
f 190/194/194 147/149/149 148/151/151
f 190/194/194 148/151/151 191/195/195
f 183/186/186 147/149/149 190/194/194
f 190/194/194 192/196/196 183/186/186
f 190/194/194 191/195/195 193/197/197
f 192/196/196 185/188/188 184/187/187
f 184/187/187 183/186/186 192/196/196
f 187/190/190 185/188/188 192/196/196
f 190/194/194 194/198/198 192/196/196
f 195/199/199 192/196/196 194/198/198
f 187/190/190 195/199/199 189/193/193
f 195/199/199 187/190/190 192/196/196
f 195/199/199 194/198/198 196/200/200
f 196/200/200 194/198/198 198/201/201
f 198/201/201 194/198/198 199/202/202
f 201/203/203 151/154/154 150/153/153
f 191/195/195 148/151/151 151/154/154
f 201/203/203 200/204/204 151/154/154
f 200/204/204 191/195/195 151/154/154
f 191/195/195 200/204/204 202/205/205
f 200/204/204 203/206/206 202/205/205
f 202/205/205 203/206/206 191/195/195
f 201/203/203 203/206/206 200/204/204
f 204/207/207 191/195/195 203/206/206
f 204/207/207 203/206/206 201/203/203
f 193/197/197 191/195/195 204/207/207
f 205/208/208 204/207/207 201/203/203
f 194/198/198 190/194/194 193/197/197
f 197/209/209 194/198/198 193/197/197
f 197/209/209 193/197/197 204/207/207
f 206/210/210 204/207/207 205/208/208
f 194/198/198 197/209/209 199/202/202
f 201/203/203 150/153/153 153/156/156
f 154/157/157 201/203/203 153/156/156
f 207/211/211 201/203/203 154/157/157
f 295/212/212 154/157/157 155/158/158
f 295/212/212 207/211/211 154/157/157
f 207/211/211 205/208/208 201/203/203
f 155/158/158 160/163/163 165/168/168
f 208/213/213 165/168/168 744/214/214
f 209/215/215 165/168/168 208/213/213
f 155/158/158 165/168/168 209/215/215
f 210/216/216 209/215/215 208/213/213
f 211/217/217 209/215/215 210/216/216
f 212/218/218 155/158/158 209/215/215
f 214/219/219 209/215/215 211/217/217
f 213/220/220 212/218/218 209/215/215
f 214/219/219 213/220/220 209/215/215
f 295/212/212 155/158/158 212/218/218
f 170/172/172 215/221/221 171/175/175
f 171/175/175 216/222/222 217/223/223
f 3192/224/224 217/223/223 218/225/225
f 3193/226/226 218/225/225 219/227/227
f 215/221/221 137/140/140 167/170/170
f 166/169/169 221/228/228 167/170/170
f 170/172/172 137/140/140 215/221/221
f 221/228/228 215/221/221 167/170/170
f 222/229/229 221/228/228 166/169/169
f 223/230/230 222/229/229 166/169/169
f 171/175/175 215/221/221 216/222/222
f 216/222/222 215/221/221 225/231/231
f 215/221/221 221/228/228 225/231/231
f 221/228/228 222/229/229 225/231/231
f 222/229/229 223/230/230 224/232/232
f 225/231/231 222/229/229 226/233/233
f 226/233/233 222/229/229 224/232/232
f 217/223/223 216/222/222 225/231/231
f 217/223/223 225/231/231 226/233/233
f 218/225/225 217/223/223 226/233/233
f 228/234/234 226/233/233 227/235/235
f 218/225/225 226/233/233 228/234/234
f 228/234/234 227/235/235 230/236/236
f 227/235/235 231/237/237 230/236/236
f 218/225/225 228/234/234 230/236/236
f 233/238/238 230/236/236 231/237/237
f 229/239/239 219/227/227 218/225/225
f 220/240/240 219/227/227 229/239/239
f 229/239/239 218/225/225 230/236/236
f 234/241/241 229/239/239 230/236/236
f 234/241/241 230/236/236 233/238/238
f 236/242/242 234/241/241 233/238/238
f 235/243/243 229/239/239 234/241/241
f 173/177/177 168/171/171 139/142/142
f 173/177/177 166/169/169 168/171/171
f 223/230/230 166/169/169 173/177/177
f 238/244/244 223/230/230 173/177/177
f 173/177/177 176/180/180 238/244/244
f 224/232/232 223/230/230 240/245/245
f 240/245/245 223/230/230 238/244/244
f 239/246/246 176/180/180 175/179/179
f 238/244/244 176/180/180 240/245/245
f 240/245/245 176/180/180 239/246/246
f 239/246/246 175/179/179 177/181/181
f 239/246/246 177/181/181 178/183/183
f 239/246/246 178/183/183 241/247/247
f 240/245/245 239/246/246 241/247/247
f 243/248/248 224/232/232 240/245/245
f 242/249/249 240/245/245 241/247/247
f 242/249/249 243/248/248 240/245/245
f 226/233/233 224/232/232 243/248/248
f 245/250/250 242/249/249 244/251/251
f 227/235/235 226/233/233 243/248/248
f 243/248/248 232/252/252 227/235/235
f 242/249/249 245/250/250 249/253/253
f 231/237/237 227/235/235 232/252/252
f 232/252/252 243/248/248 248/254/254
f 249/253/253 243/248/248 242/249/249
f 247/255/255 243/248/248 249/253/253
f 250/256/256 249/253/253 245/250/250
f 245/250/250 244/251/251 250/256/256
f 250/256/256 244/251/251 251/257/257
f 248/254/254 243/248/248 247/255/255
f 233/238/238 231/237/237 232/252/252
f 236/242/242 232/252/252 253/258/258
f 232/252/252 248/254/254 253/258/258
f 248/254/254 247/255/255 253/258/258
f 254/259/259 253/258/258 247/255/255
f 247/255/255 249/253/253 254/259/259
f 254/259/259 249/253/253 250/256/256
f 255/260/260 250/256/256 251/257/257
f 251/257/257 244/251/251 252/261/261
f 253/258/258 254/259/259 256/262/262
f 253/258/258 256/262/262 257/263/263
f 233/238/238 232/252/252 236/242/242
f 236/242/242 253/258/258 257/263/263
f 255/260/260 254/259/259 250/256/256
f 255/260/260 256/262/262 254/259/259
f 258/264/264 255/260/260 251/257/257
f 178/183/183 180/184/184 241/247/247
f 241/247/247 180/184/184 259/265/265
f 259/265/265 180/184/184 181/185/185
f 259/265/265 181/185/185 182/192/192
f 246/266/266 241/247/247 259/265/265
f 259/265/265 182/192/192 260/267/267
f 242/249/249 241/247/247 246/266/266
f 244/251/251 242/249/249 246/266/266
f 246/266/266 259/265/265 261/268/268
f 261/268/268 259/265/265 260/267/267
f 244/251/251 246/266/266 262/269/269
f 244/251/251 262/269/269 252/261/261
f 261/268/268 262/269/269 246/266/266
f 264/270/270 261/268/268 263/271/271
f 261/268/268 260/267/267 263/271/271
f 265/272/272 264/270/270 263/271/271
f 262/269/269 261/268/268 264/270/270
f 267/273/273 262/269/269 264/270/270
f 266/274/274 264/270/270 265/272/272
f 260/267/267 182/192/192 263/271/271
f 263/271/271 182/192/192 268/275/275
f 182/192/192 269/276/276 268/275/275
f 182/192/192 188/191/191 269/276/276
f 263/271/271 268/275/275 265/272/272
f 265/272/272 268/275/275 271/277/277
f 271/277/277 268/275/275 272/278/278
f 268/275/275 269/276/276 272/278/278
f 188/191/191 270/279/279 269/276/276
f 274/280/280 270/279/279 273/281/281
f 269/276/276 270/279/279 275/282/282
f 276/283/283 270/279/279 274/280/280
f 277/284/284 272/278/278 269/276/276
f 278/285/285 275/282/282 270/279/279
f 276/283/283 278/285/285 270/279/279
f 277/284/284 269/276/276 275/282/282
f 278/285/285 277/284/284 275/282/282
f 279/286/286 272/278/278 277/284/284
f 271/277/277 272/278/278 279/286/286
f 278/285/285 279/286/286 277/284/284
f 280/287/287 278/285/285 276/283/283
f 280/287/287 279/286/286 278/285/285
f 266/274/274 265/272/272 271/277/277
f 189/193/193 195/199/199 196/200/200
f 273/281/281 189/193/193 196/200/200
f 188/191/191 189/193/193 273/281/281
f 270/279/279 188/191/191 273/281/281
f 274/280/280 273/281/281 281/288/288
f 276/283/283 274/280/280 280/287/287
f 274/280/280 281/288/288 280/287/287
f 280/287/287 281/288/288 282/289/289
f 281/288/288 273/281/281 284/290/290
f 273/281/281 283/291/291 284/290/290
f 282/289/289 281/288/288 284/290/290
f 273/281/281 196/200/200 283/291/291
f 196/200/200 198/201/201 283/291/291
f 283/291/291 198/201/201 287/292/292
f 283/291/291 287/292/292 288/293/293
f 282/289/289 284/290/290 285/294/294
f 284/290/290 283/291/291 285/294/294
f 285/294/294 283/291/291 288/293/293
f 282/289/289 286/295/295 280/287/287
f 287/292/292 198/201/201 289/296/296
f 204/207/207 206/210/210 197/209/209
f 290/297/297 197/209/209 206/210/210
f 199/202/202 291/298/298 198/201/201
f 199/202/202 197/209/209 291/298/298
f 197/209/209 290/297/297 291/298/298
f 293/299/299 206/210/210 205/208/208
f 294/300/300 205/208/208 207/211/211
f 293/299/299 290/297/297 206/210/210
f 293/299/299 205/208/208 294/300/300
f 295/212/212 294/300/300 207/211/211
f 290/297/297 293/299/299 296/301/301
f 290/297/297 296/301/301 292/302/302
f 297/303/303 293/299/299 294/300/300
f 293/299/299 297/303/303 296/301/301
f 212/218/218 299/304/304 295/212/212
f 298/305/305 213/220/220 214/219/219
f 213/220/220 298/305/305 301/306/306
f 294/300/300 295/212/212 299/304/304
f 300/307/307 299/304/304 212/218/218
f 300/307/307 212/218/218 213/220/220
f 300/307/307 213/220/220 301/306/306
f 294/300/300 299/304/304 297/303/303
f 302/308/308 300/307/307 301/306/306
f 299/304/304 300/307/307 303/309/309
f 297/303/303 299/304/304 304/310/310
f 299/304/304 303/309/309 304/310/310
f 304/310/310 303/309/309 305/311/311
f 306/312/312 303/309/309 300/307/307
f 302/308/308 306/312/312 300/307/307
f 303/309/309 306/312/312 305/311/311
f 305/311/311 306/312/312 307/313/313
f 3194/314/314 220/240/240 237/315/315
f 309/316/316 3194/314/314 237/315/315
f 312/317/317 3194/314/314 309/316/316
f 309/316/316 311/318/318 312/317/317
f 313/319/319 312/317/317 311/318/318
f 313/319/319 311/318/318 314/320/320
f 316/321/321 315/322/322 312/317/317
f 316/321/321 312/317/317 313/319/319
f 316/321/321 313/319/319 314/320/320
f 315/322/322 316/321/321 3195/323/323
f 220/240/240 229/239/239 237/315/315
f 237/315/315 229/239/239 235/243/243
f 319/324/324 235/243/243 234/241/241
f 319/324/324 234/241/241 236/242/242
f 309/316/316 237/315/315 310/325/325
f 310/325/325 237/315/315 235/243/243
f 320/326/326 319/324/324 236/242/242
f 322/327/327 310/325/325 235/243/243
f 319/324/324 323/328/328 235/243/243
f 325/329/329 323/328/328 319/324/324
f 325/329/329 319/324/324 320/326/326
f 321/330/330 311/318/318 310/325/325
f 314/320/320 311/318/318 321/330/330
f 310/325/325 322/327/327 321/330/330
f 326/331/331 321/330/330 322/327/327
f 324/332/332 322/327/327 235/243/243
f 324/332/332 235/243/243 323/328/328
f 324/332/332 323/328/328 328/333/333
f 323/328/328 325/329/329 328/333/333
f 329/334/334 328/333/333 325/329/329
f 314/320/320 321/330/330 326/331/331
f 318/335/335 314/320/320 326/331/331
f 324/332/332 326/331/331 322/327/327
f 327/336/336 326/331/331 324/332/332
f 327/336/336 324/332/332 328/333/333
f 329/334/334 327/336/336 328/333/333
f 317/337/337 316/321/321 314/320/320
f 318/335/335 326/331/331 327/336/336
f 318/335/335 317/337/337 314/320/320
f 257/263/263 256/262/262 331/338/338
f 258/264/264 251/257/257 252/261/261
f 320/326/326 236/242/242 257/263/263
f 331/338/338 256/262/262 255/260/260
f 257/263/263 331/338/338 332/339/339
f 333/340/340 332/339/339 331/338/338
f 333/340/340 331/338/338 255/260/260
f 334/341/341 333/340/340 255/260/260
f 334/341/341 255/260/260 258/264/264
f 333/340/340 336/342/342 332/339/339
f 337/343/343 336/342/342 333/340/340
f 336/342/342 337/343/343 338/344/344
f 339/345/345 337/343/343 334/341/341
f 335/346/346 320/326/326 257/263/263
f 332/339/339 336/342/342 257/263/263
f 257/263/263 336/342/342 335/346/346
f 337/343/343 333/340/340 334/341/341
f 337/343/343 339/345/345 338/344/344
f 341/347/347 325/329/329 335/346/346
f 335/346/346 325/329/329 320/326/326
f 341/347/347 335/346/346 338/344/344
f 342/348/348 338/344/344 339/345/345
f 329/334/334 325/329/329 341/347/347
f 338/344/344 342/348/348 341/347/347
f 342/348/348 329/334/334 341/347/347
f 329/334/334 342/348/348 330/349/349
f 330/349/349 342/348/348 343/350/350
f 330/349/349 327/336/336 329/334/334
f 258/264/264 252/261/261 262/269/269
f 267/273/273 258/264/264 262/269/269
f 344/351/351 264/270/270 266/274/274
f 344/351/351 267/273/273 264/270/270
f 258/264/264 267/273/273 345/352/352
f 340/353/353 334/341/341 258/264/264
f 352/354/354 334/341/341 340/353/353
f 352/354/354 339/345/345 334/341/341
f 352/354/354 258/264/264 345/352/352
f 345/352/352 346/355/355 352/354/354
f 345/352/352 353/356/356 346/355/355
f 353/356/356 345/352/352 267/273/273
f 347/357/357 353/356/356 267/273/273
f 347/357/357 267/273/273 354/358/358
f 349/359/359 348/360/360 354/358/358
f 348/360/360 347/357/357 354/358/358
f 344/351/351 354/358/358 267/273/273
f 351/361/361 349/359/359 354/358/358
f 350/362/362 349/359/359 351/361/361
f 354/358/358 344/351/351 351/361/361
f 355/363/363 351/361/361 344/351/351
f 258/264/264 352/354/354 340/353/353
f 356/364/364 347/357/357 348/360/360
f 357/365/365 349/359/359 350/362/362
f 357/365/365 348/360/360 349/359/359
f 356/364/364 348/360/360 357/365/365
f 357/365/365 350/362/362 358/366/366
f 358/366/366 360/367/367 361/368/368
f 359/369/369 357/365/365 358/366/366
f 358/366/366 361/368/368 359/369/369
f 362/370/370 360/367/367 358/366/366
f 363/371/371 360/367/367 362/370/370
f 352/354/354 346/355/355 353/356/356
f 364/372/372 352/354/354 353/356/356
f 347/357/357 365/373/373 353/356/356
f 364/372/372 353/356/356 365/373/373
f 356/364/364 365/373/373 347/357/357
f 364/372/372 365/373/373 356/364/364
f 356/364/364 359/369/369 364/372/372
f 358/366/366 350/362/362 351/361/361
f 355/363/363 358/366/366 351/361/361
f 339/345/345 352/354/354 342/348/348
f 364/372/372 342/348/348 352/354/354
f 363/371/371 361/368/368 360/367/367
f 366/374/374 364/372/372 359/369/369
f 359/369/369 356/364/364 357/365/365
f 343/350/350 342/348/348 364/372/372
f 343/350/350 364/372/372 366/374/374
f 279/286/286 280/287/287 286/295/295
f 266/274/274 271/277/277 279/286/286
f 368/375/375 266/274/274 279/286/286
f 369/376/376 344/351/351 266/274/274
f 355/363/363 344/351/351 369/376/376
f 368/375/375 369/376/376 266/274/274
f 369/376/376 374/377/377 362/370/370
f 363/371/371 362/370/370 374/377/377
f 371/378/378 374/377/377 369/376/376
f 368/375/375 372/379/379 371/378/378
f 373/380/380 372/379/379 368/375/375
f 373/380/380 368/375/375 279/286/286
f 355/363/363 362/370/370 358/366/366
f 362/370/370 355/363/363 369/376/376
f 368/375/375 371/378/378 369/376/376
f 376/381/381 375/382/382 372/379/379
f 376/381/381 372/379/379 373/380/380
f 361/368/368 363/371/371 377/383/383
f 377/383/383 363/371/371 374/377/377
f 377/383/383 374/377/377 371/378/378
f 370/384/384 377/383/383 371/378/378
f 375/382/382 370/384/384 371/378/378
f 378/385/385 370/384/384 375/382/382
f 371/378/378 372/379/379 375/382/382
f 375/382/382 380/386/386 379/387/387
f 375/382/382 376/381/381 380/386/386
f 359/369/369 361/368/368 378/385/385
f 361/368/368 377/383/383 378/385/385
f 378/385/385 366/374/374 359/369/369
f 378/385/385 377/383/383 370/384/384
f 380/386/386 366/374/374 378/385/385
f 378/385/385 375/382/382 379/387/387
f 380/386/386 378/385/385 379/387/387
f 382/388/388 380/386/386 383/389/389
f 380/386/386 376/381/381 381/390/390
f 380/386/386 381/390/390 383/389/389
f 382/388/388 366/374/374 380/386/386
f 367/391/391 343/350/350 366/374/374
f 382/388/388 367/391/391 366/374/374
f 384/392/392 382/388/388 383/389/389
f 367/391/391 382/388/388 385/393/393
f 288/293/293 386/394/394 285/294/294
f 386/394/394 286/295/295 282/289/289
f 386/394/394 288/293/293 387/395/395
f 386/394/394 282/289/289 285/294/294
f 388/396/396 286/295/295 386/394/394
f 376/381/381 373/380/380 389/397/397
f 390/398/398 376/381/381 389/397/397
f 390/398/398 389/397/397 391/399/399
f 392/400/400 391/399/399 388/396/396
f 389/397/397 373/380/380 286/295/295
f 373/380/380 279/286/286 286/295/295
f 389/397/397 286/295/295 391/399/399
f 388/396/396 391/399/399 286/295/295
f 393/401/401 388/396/396 386/394/394
f 394/402/402 393/401/401 386/394/394
f 394/402/402 386/394/394 387/395/395
f 396/403/403 394/402/402 387/395/395
f 395/404/404 393/401/401 394/402/402
f 396/403/403 395/404/404 394/402/402
f 392/400/400 390/398/398 391/399/399
f 398/405/405 390/398/398 392/400/400
f 392/400/400 388/396/396 398/405/405
f 388/396/396 393/401/401 398/405/405
f 399/406/406 398/405/405 393/401/401
f 397/407/407 399/406/406 393/401/401
f 397/407/407 393/401/401 395/404/404
f 397/407/407 395/404/404 396/403/403
f 396/403/403 400/408/408 397/407/407
f 381/390/390 376/381/381 390/398/398
f 381/390/390 390/398/398 383/389/389
f 383/389/389 390/398/398 401/409/409
f 401/409/409 390/398/398 403/410/410
f 390/398/398 398/405/405 403/410/410
f 398/405/405 404/411/411 403/410/410
f 401/409/409 402/412/412 383/389/389
f 401/409/409 403/410/410 402/412/412
f 406/413/413 399/406/406 397/407/407
f 404/411/411 398/405/405 399/406/406
f 404/411/411 399/406/406 407/414/414
f 405/415/415 399/406/406 406/413/413
f 403/410/410 408/416/416 402/412/412
f 404/411/411 408/416/416 403/410/410
f 404/411/411 407/414/414 408/416/416
f 399/406/406 405/415/415 407/414/414
f 409/417/417 407/414/414 405/415/415
f 410/418/418 383/389/389 402/412/412
f 410/418/418 402/412/412 408/416/416
f 409/417/417 408/416/416 407/414/414
f 410/418/418 408/416/416 409/417/417
f 384/392/392 383/389/389 410/418/418
f 198/201/201 291/298/298 289/296/296
f 287/292/292 289/296/296 411/419/419
f 288/293/293 287/292/292 412/420/420
f 287/292/292 411/419/419 412/420/420
f 291/298/298 290/297/297 292/302/302
f 289/296/296 291/298/298 414/421/421
f 411/419/419 289/296/296 414/421/421
f 413/422/422 412/420/420 411/419/419
f 411/419/419 415/423/423 413/422/422
f 412/420/420 387/395/395 288/293/293
f 291/298/298 292/302/302 414/421/421
f 411/419/419 414/421/421 416/424/424
f 411/419/419 416/424/424 415/423/423
f 413/422/422 417/425/425 412/420/420
f 416/424/424 417/425/425 415/423/423
f 418/426/426 396/403/403 387/395/395
f 417/425/425 387/395/395 412/420/420
f 418/426/426 387/395/395 417/425/425
f 417/425/425 413/422/422 415/423/423
f 406/413/413 397/407/407 400/408/408
f 406/413/413 400/408/408 418/426/426
f 420/427/427 417/425/425 416/424/424
f 418/426/426 400/408/408 396/403/403
f 419/428/428 418/426/426 417/425/425
f 406/413/413 418/426/426 419/428/428
f 421/429/429 419/428/428 417/425/425
f 421/429/429 406/413/413 419/428/428
f 423/430/430 406/413/413 421/429/429
f 420/427/427 421/429/429 417/425/425
f 405/415/415 406/413/413 424/431/431
f 406/413/413 423/430/430 424/431/431
f 409/417/417 405/415/415 424/431/431
f 425/432/432 423/430/430 421/429/429
f 425/432/432 421/429/429 420/427/427
f 426/433/433 425/432/432 420/427/427
f 409/417/417 424/431/431 427/434/434
f 428/435/435 423/430/430 425/432/432
f 429/436/436 428/435/435 425/432/432
f 423/430/430 428/435/435 424/431/431
f 428/435/435 430/437/437 424/431/431
f 431/438/438 409/417/417 427/434/434
f 410/418/418 409/417/417 431/438/438
f 424/431/431 430/437/437 427/434/434
f 414/421/421 292/302/302 296/301/301
f 416/424/424 414/421/421 432/439/439
f 414/421/421 296/301/301 432/439/439
f 416/424/424 432/439/439 433/440/440
f 296/301/301 297/303/303 304/310/310
f 296/301/301 304/310/310 432/439/439
f 434/441/441 433/440/440 435/442/442
f 433/440/440 432/439/439 435/442/442
f 422/443/443 420/427/427 416/424/424
f 433/440/440 422/443/443 416/424/424
f 422/443/443 433/440/440 434/441/441
f 422/443/443 426/433/433 420/427/427
f 436/444/444 422/443/443 434/441/441
f 429/436/436 425/432/432 426/433/433
f 438/445/445 426/433/433 422/443/443
f 438/445/445 437/446/446 426/433/433
f 439/447/447 434/441/441 435/442/442
f 437/446/446 429/436/436 426/433/433
f 441/448/448 438/445/445 422/443/443
f 440/449/449 438/445/445 441/448/448
f 428/435/435 429/436/436 430/437/437
f 430/437/437 429/436/436 437/446/446
f 441/448/448 422/443/443 436/444/444
f 436/444/444 434/441/441 439/447/447
f 440/449/449 437/446/446 438/445/445
f 440/449/449 441/448/448 443/450/450
f 436/444/444 442/451/451 443/450/450
f 445/452/452 444/453/453 442/451/451
f 446/454/454 442/451/451 436/444/444
f 439/447/447 446/454/454 436/444/444
f 437/446/446 440/449/449 430/437/437
f 443/450/450 441/448/448 436/444/444
f 444/453/453 443/450/450 442/451/451
f 448/455/455 444/453/453 445/452/452
f 445/452/452 442/451/451 446/454/454
f 451/456/456 446/454/454 439/447/447
f 452/457/457 451/456/456 439/447/447
f 450/458/458 446/454/454 451/456/456
f 454/459/459 451/456/456 452/457/457
f 454/459/459 453/460/460 451/456/456
f 455/461/461 454/459/459 452/457/457
f 430/437/437 440/449/449 443/450/450
f 443/450/450 444/453/453 456/462/462
f 443/450/450 456/462/462 430/437/437
f 456/462/462 444/453/453 448/455/455
f 448/455/455 445/452/452 446/454/454
f 449/463/463 448/455/455 446/454/454
f 447/464/464 452/457/457 439/447/447
f 456/462/462 427/434/434 430/437/437
f 450/458/458 449/463/463 446/454/454
f 451/456/456 453/460/460 450/458/458
f 458/465/465 453/460/460 454/459/459
f 459/466/466 458/465/465 454/459/459
f 448/455/455 449/463/463 456/462/462
f 456/462/462 449/463/463 450/458/458
f 456/462/462 450/458/458 460/467/467
f 460/467/467 427/434/434 456/462/462
f 432/439/439 304/310/310 461/468/468
f 432/439/439 461/468/468 462/469/469
f 432/439/439 462/469/469 463/470/470
f 432/439/439 463/470/470 435/442/442
f 461/468/468 304/310/310 464/471/471
f 462/469/469 461/468/468 465/472/472
f 461/468/468 464/471/471 465/472/472
f 463/470/470 462/469/469 466/473/473
f 467/474/474 463/470/470 466/473/473
f 435/442/442 463/470/470 468/475/475
f 304/310/310 305/311/311 464/471/471
f 305/311/311 469/476/476 464/471/471
f 464/471/471 469/476/476 470/477/477
f 465/472/472 464/471/471 470/477/477
f 462/469/469 465/472/472 466/473/473
f 466/473/473 471/478/478 467/474/474
f 466/473/473 465/472/472 471/478/478
f 473/479/479 465/472/472 472/480/480
f 465/472/472 470/477/477 472/480/480
f 472/480/480 470/477/477 474/481/481
f 467/474/474 471/478/478 468/475/475
f 472/480/480 474/481/481 475/482/482
f 463/470/470 467/474/474 468/475/475
f 469/476/476 305/311/311 307/313/313
f 473/479/479 471/478/478 465/472/472
f 471/478/478 473/479/479 477/483/483
f 468/475/475 471/478/478 477/483/483
f 468/475/475 477/483/483 476/484/484
f 479/485/485 472/480/480 475/482/482
f 478/486/486 472/480/480 479/485/485
f 480/487/487 479/485/485 475/482/482
f 475/482/482 474/481/481 480/487/487
f 307/313/313 308/488/488 469/476/476
f 469/476/476 308/488/488 481/489/489
f 469/476/476 481/489/489 470/477/477
f 473/479/479 482/490/490 477/483/483
f 483/491/491 482/490/490 473/479/479
f 482/490/490 483/491/491 484/492/492
f 483/491/491 473/479/479 478/486/486
f 478/486/486 473/479/479 472/480/480
f 447/464/464 468/475/475 476/484/484
f 476/484/484 484/492/492 447/464/464
f 477/483/483 484/492/492 476/484/484
f 477/483/483 482/490/490 484/492/492
f 486/493/493 479/485/485 480/487/487
f 480/487/487 474/481/481 487/494/494
f 470/477/477 481/489/489 488/495/495
f 470/477/477 488/495/495 474/481/481
f 447/464/464 484/492/492 483/491/491
f 485/496/496 483/491/491 478/486/486
f 485/496/496 478/486/486 479/485/485
f 489/497/497 486/493/493 480/487/487
f 487/494/494 489/497/497 480/487/487
f 468/475/475 439/447/447 435/442/442
f 447/464/464 483/491/491 490/498/498
f 483/491/491 485/496/496 490/498/498
f 491/499/499 485/496/496 486/493/493
f 486/493/493 485/496/496 479/485/485
f 447/464/464 439/447/447 468/475/475
f 490/498/498 455/461/461 447/464/464
f 485/496/496 493/500/500 490/498/498
f 491/499/499 496/501/501 485/496/496
f 496/501/501 495/502/502 485/496/496
f 490/498/498 493/500/500 494/503/503
f 496/501/501 491/499/499 486/493/493
f 497/504/504 496/501/501 486/493/493
f 452/457/457 447/464/464 455/461/461
f 495/502/502 493/500/500 485/496/496
f 494/503/503 454/459/459 455/461/461
f 490/498/498 494/503/503 455/461/461
f 499/505/505 496/501/501 497/504/504
f 3195/323/323 317/337/337 500/506/506
f 500/506/506 317/337/337 318/335/335
f 500/506/506 318/335/335 501/507/507
f 502/508/508 500/506/506 501/507/507
f 501/507/507 504/509/509 502/508/508
f 505/510/510 504/509/509 501/507/507
f 507/511/511 504/509/509 505/510/510
f 503/512/512 327/336/336 330/349/349
f 503/512/512 501/507/507 318/335/335
f 503/512/512 318/335/335 327/336/336
f 330/349/349 506/513/513 503/512/512
f 509/514/514 506/513/513 330/349/349
f 506/513/513 501/507/507 503/512/512
f 506/513/513 505/510/510 501/507/507
f 511/515/515 330/349/349 510/516/516
f 343/350/350 510/516/516 330/349/349
f 510/516/516 343/350/350 367/391/391
f 385/393/393 510/516/516 367/391/391
f 512/517/517 510/516/516 385/393/393
f 511/515/515 510/516/516 512/517/517
f 384/392/392 385/393/393 382/388/388
f 514/518/518 384/392/392 410/418/418
f 516/519/519 431/438/438 427/434/434
f 517/520/520 516/519/519 427/434/434
f 431/438/438 514/518/518 410/418/418
f 516/519/519 514/518/518 431/438/438
f 450/458/458 453/460/460 458/465/465
f 460/467/467 450/458/458 518/521/521
f 450/458/458 458/465/465 518/521/521
f 460/467/467 457/522/522 427/434/434
f 517/520/520 427/434/434 457/522/522
f 519/523/523 517/520/520 457/522/522
f 520/524/524 494/503/503 498/525/525
f 498/525/525 494/503/503 493/500/500
f 498/525/525 493/500/500 521/526/526
f 521/526/526 493/500/500 495/502/502
f 494/503/503 459/466/466 454/459/459
f 520/524/524 459/466/466 494/503/503
f 495/502/502 496/501/501 499/505/505
f 499/505/505 522/527/527 495/502/502
f 489/497/497 497/504/504 486/493/493
f 524/528/528 497/504/504 525/529/529
f 520/524/524 498/525/525 521/526/526
f 522/527/527 521/526/526 495/502/502
f 458/465/465 459/466/466 520/524/524
f 458/465/465 520/524/524 518/521/521
f 520/524/524 527/530/530 528/531/531
f 521/526/526 522/527/527 527/530/530
f 523/532/532 522/527/527 499/505/505
f 523/532/532 527/530/530 522/527/527
f 523/532/532 499/505/505 497/504/504
f 518/521/521 520/524/524 528/531/531
f 518/521/521 528/531/531 529/533/533
f 524/528/528 523/532/532 497/504/504
f 525/529/529 497/504/504 489/497/497
f 460/467/467 518/521/521 529/533/533
f 530/534/534 526/535/535 531/536/536
f 520/524/524 521/526/526 527/530/530
f 528/531/531 527/530/530 523/532/532
f 528/531/531 523/532/532 524/528/528
f 528/531/531 524/528/528 525/529/529
f 532/537/537 528/531/531 525/529/529
f 526/538/535 525/529/529 489/497/497
f 533/539/538 526/535/535 530/534/534
f 530/534/534 534/540/539 535/541/540
f 529/533/533 528/531/531 536/542/541
f 536/542/541 528/531/531 532/537/537
f 538/543/542 532/537/537 525/529/529
f 536/542/541 532/537/537 538/543/542
f 537/544/543 529/533/533 536/542/541
f 539/545/544 525/529/529 526/538/535
f 539/545/544 538/543/542 525/529/529
f 526/535/535 533/539/538 539/546/544
f 539/546/544 533/539/538 535/541/540
f 535/541/540 533/539/538 530/534/534
f 534/540/539 539/546/544 535/541/540
f 541/547/545 536/542/541 538/543/542
f 539/545/544 541/547/545 538/543/542
f 457/522/522 460/467/467 540/548/546
f 542/549/547 540/548/546 460/467/467
f 542/549/547 460/467/467 529/533/533
f 542/549/547 529/533/533 537/544/543
f 543/550/548 539/546/544 534/540/539
f 536/542/541 541/547/545 537/544/543
f 537/544/543 541/547/545 539/545/544
f 543/550/548 537/551/543 539/546/544
f 537/551/543 544/552/549 542/553/547
f 544/552/549 537/551/543 543/550/548
f 546/554/550 544/552/549 545/555/551
f 519/523/523 457/522/522 540/548/546
f 547/556/552 542/553/547 544/552/549
f 547/556/552 544/552/549 546/554/550
f 542/549/547 547/557/552 540/548/546
f 548/558/553 547/556/552 546/554/550
f 549/559/554 548/558/553 546/554/550
f 549/559/554 546/554/550 550/560/555
f 548/561/553 540/548/546 547/557/552
f 551/562/556 519/523/523 540/548/546
f 548/561/553 551/562/556 540/548/546
f 506/513/513 508/563/557 505/510/510
f 552/564/558 508/563/557 557/565/559
f 553/566/560 552/564/558 557/565/559
f 554/567/561 555/568/562 552/564/558
f 554/567/561 552/564/558 553/566/560
f 556/569/563 509/514/514 330/349/349
f 557/565/559 506/513/513 509/514/514
f 508/563/557 506/513/513 557/565/559
f 558/570/564 509/514/514 556/569/563
f 558/570/564 557/565/559 509/514/514
f 558/570/564 553/566/560 557/565/559
f 560/571/565 559/572/566 553/566/560
f 560/571/565 553/566/560 558/570/564
f 559/572/566 560/571/565 558/570/564
f 561/573/567 558/570/564 556/569/563
f 559/572/566 558/570/564 561/573/567
f 559/572/566 554/567/561 553/566/560
f 555/568/562 554/567/561 559/572/566
f 555/568/562 559/572/566 562/574/568
f 563/575/569 562/574/568 559/572/566
f 574/576/570 562/574/568 563/575/569
f 556/569/563 330/349/349 511/515/515
f 565/577/571 556/569/563 511/515/515
f 566/578/572 564/579/573 511/515/515
f 565/577/571 567/580/574 556/569/563
f 565/577/571 570/581/575 567/580/574
f 568/582/576 565/577/571 511/515/515
f 511/515/515 569/583/577 568/582/576
f 569/583/577 511/515/515 564/579/573
f 571/584/578 569/583/577 564/579/573
f 559/572/566 561/573/567 563/575/569
f 567/580/574 561/573/567 556/569/563
f 563/575/569 561/573/567 567/580/574
f 567/580/574 570/581/575 563/575/569
f 568/582/576 570/581/575 565/577/571
f 572/585/579 570/581/575 568/582/576
f 563/575/569 570/581/575 572/585/579
f 568/582/576 569/583/577 572/585/579
f 569/583/577 571/584/578 572/585/579
f 574/576/570 563/575/569 572/585/579
f 573/586/580 574/576/570 572/585/579
f 566/578/572 511/515/515 512/517/517
f 512/517/517 576/587/581 566/578/572
f 571/584/578 564/579/573 566/578/572
f 573/586/580 571/584/578 566/578/572
f 566/578/572 577/588/582 573/586/580
f 579/589/583 577/588/582 566/578/572
f 577/588/582 579/589/583 578/590/584
f 579/589/583 566/578/572 576/587/581
f 578/590/584 579/589/583 576/587/581
f 512/517/517 578/590/584 576/587/581
f 572/585/579 571/584/578 573/586/580
f 578/590/584 573/586/580 577/588/582
f 575/591/585 573/586/580 578/590/584
f 574/576/570 573/586/580 575/591/585
f 385/393/393 513/592/586 512/517/517
f 513/592/586 385/393/393 384/392/392
f 580/593/587 512/517/517 513/592/586
f 581/594/588 580/593/587 513/592/586
f 512/517/517 580/593/587 578/590/584
f 582/595/589 580/593/587 581/594/588
f 583/596/590 578/590/584 580/593/587
f 580/593/587 582/595/589 583/596/590
f 515/597/591 384/392/392 514/518/518
f 585/598/592 384/392/392 515/597/591
f 513/592/586 384/392/392 585/598/592
f 585/598/592 515/597/591 586/599/593
f 586/599/593 515/597/591 584/600/594
f 586/599/593 584/600/594 587/601/595
f 587/601/595 584/600/594 588/602/596
f 581/594/588 513/592/586 586/599/593
f 581/594/588 586/599/593 589/603/597
f 586/599/593 513/592/586 585/598/592
f 589/603/597 586/599/593 587/601/595
f 590/604/598 589/603/597 593/605/599
f 582/595/589 581/594/588 589/603/597
f 590/604/598 582/595/589 589/603/597
f 516/519/519 584/600/594 514/518/518
f 584/600/594 515/597/591 514/518/518
f 588/602/596 584/600/594 516/519/519
f 591/606/600 588/602/596 516/519/519
f 591/606/600 592/607/601 588/602/596
f 589/603/597 587/601/595 588/602/596
f 592/607/601 589/603/597 588/602/596
f 593/605/599 589/603/597 592/607/601
f 593/605/599 592/607/601 595/608/602
f 591/606/600 516/519/519 517/520/520
f 591/606/600 517/520/520 519/523/523
f 595/608/602 591/606/600 594/609/603
f 594/609/603 591/606/600 519/523/523
f 596/610/604 595/608/602 594/609/603
f 595/608/602 592/607/601 591/606/600
f 593/605/599 595/608/602 596/610/604
f 598/611/605 594/609/603 548/561/553
f 548/561/553 594/609/603 519/523/523
f 548/561/553 519/523/523 551/562/556
f 599/612/606 598/611/605 548/561/553
f 596/610/604 594/609/603 598/611/605
f 601/613/607 599/614/606 548/558/553
f 601/613/607 548/558/553 549/559/554
f 596/610/604 598/611/605 599/612/606
f 603/615/608 549/559/554 602/616/609
f 603/615/608 601/613/607 549/559/554
f 604/617/610 596/610/604 599/612/606
f 604/618/610 599/614/606 601/613/607
f 597/619/611 596/610/604 604/617/610
f 605/620/612 601/613/607 603/615/608
f 606/621/613 605/620/612 603/615/608
f 605/620/612 604/618/610 601/613/607
f 555/568/562 607/622/614 3196/623/615
f 562/574/568 607/622/614 555/568/562
f 609/624/616 562/574/568 574/576/570
f 562/574/568 609/624/616 627/625/617
f 607/622/614 562/574/568 608/626/618
f 610/627/619 609/624/616 574/576/570
f 610/627/619 574/576/570 575/591/585
f 611/628/620 610/627/619 575/591/585
f 575/591/585 578/590/584 583/596/590
f 612/629/621 583/596/590 582/595/589
f 575/591/585 583/596/590 612/629/621
f 611/628/620 575/591/585 612/629/621
f 614/630/622 611/628/620 612/629/621
f 590/604/598 612/629/621 582/595/589
f 590/604/598 593/605/599 616/631/623
f 615/632/624 590/604/598 616/631/623
f 597/619/611 593/605/599 596/610/604
f 617/633/625 593/605/599 597/619/611
f 617/633/625 616/631/623 593/605/599
f 618/634/626 597/619/611 604/617/610
f 618/635/626 604/618/610 605/620/612
f 618/634/626 617/633/625 597/619/611
f 619/636/627 605/620/612 606/621/613
f 618/635/626 605/620/612 619/636/627
f 622/637/628 619/636/627 621/638/629
f 620/639/630 618/635/626 619/636/627
f 620/639/630 619/636/627 622/637/628
f 620/640/630 617/633/625 618/634/626
f 623/641/631 620/639/630 622/637/628
f 625/642/632 620/639/630 623/641/631
f 617/633/625 620/640/630 624/643/633
f 626/644/634 620/639/630 625/642/632
f 624/643/633 620/640/630 626/645/634
f 627/625/617 608/626/618 562/574/568
f 627/625/617 609/624/616 629/646/635
f 627/625/617 643/647/636 608/626/618
f 643/647/636 628/648/637 608/626/618
f 629/646/635 609/624/616 610/627/619
f 630/649/638 629/646/635 610/627/619
f 610/627/619 611/628/620 631/650/639
f 630/649/638 610/627/619 631/650/639
f 612/629/621 613/651/640 614/630/622
f 613/651/640 612/629/621 632/652/641
f 633/653/642 631/650/639 611/628/620
f 633/653/642 611/628/620 614/630/622
f 633/653/642 614/630/622 613/651/640
f 615/632/624 612/629/621 590/604/598
f 632/652/641 612/629/621 615/632/624
f 635/654/643 616/631/623 617/633/625
f 616/631/623 635/654/643 636/655/644
f 635/654/643 617/633/625 624/643/633
f 626/645/634 637/656/645 624/643/633
f 637/656/645 635/654/643 624/643/633
f 641/657/646 637/656/645 639/658/647
f 640/659/648 635/654/643 637/656/645
f 642/660/649 628/648/637 643/647/636
f 645/661/650 627/625/617 629/646/635
f 645/661/650 643/647/636 627/625/617
f 646/662/651 643/647/636 645/661/650
f 644/663/652 642/660/649 643/647/636
f 643/647/636 646/662/651 644/663/652
f 647/664/653 646/662/651 645/661/650
f 630/649/638 645/661/650 629/646/635
f 649/665/654 645/661/650 630/649/638
f 649/665/654 630/649/638 648/666/655
f 647/664/653 645/661/650 649/665/654
f 648/666/655 630/649/638 631/650/639
f 650/667/656 649/665/654 648/666/655
f 651/668/657 698/669/658 649/665/654
f 650/667/656 651/668/657 649/665/654
f 650/667/656 631/650/639 633/653/642
f 654/670/659 613/651/640 632/652/641
f 654/670/659 650/667/656 633/653/642
f 654/670/659 633/653/642 613/651/640
f 650/667/656 648/666/655 631/650/639
f 656/671/660 655/672/661 654/670/659
f 655/672/661 650/667/656 654/670/659
f 653/673/662 650/667/656 655/672/661
f 657/674/663 653/673/662 655/672/661
f 656/671/660 657/674/663 655/672/661
f 653/673/662 651/668/657 650/667/656
f 652/675/664 651/668/657 653/673/662
f 658/676/665 652/675/664 653/673/662
f 658/676/665 653/673/662 657/674/663
f 659/677/666 658/676/665 657/674/663
f 634/678/667 632/652/641 615/632/624
f 656/671/660 654/670/659 632/652/641
f 656/671/660 632/652/641 634/678/667
f 657/674/663 656/671/660 660/679/668
f 660/679/668 656/671/660 634/678/667
f 659/677/666 660/679/668 661/680/669
f 659/677/666 657/674/663 660/679/668
f 634/678/667 615/632/624 616/631/623
f 662/681/670 634/678/667 616/631/623
f 663/682/671 634/678/667 662/681/670
f 663/682/671 660/679/668 634/678/667
f 664/683/672 660/679/668 663/682/671
f 665/684/673 661/680/669 660/679/668
f 665/684/673 660/679/668 664/683/672
f 636/655/644 635/654/643 640/659/648
f 662/681/670 616/631/623 636/655/644
f 667/685/674 636/655/644 640/659/648
f 662/681/670 636/655/644 668/686/675
f 669/687/676 668/686/675 636/655/644
f 667/685/674 669/687/676 636/655/644
f 664/683/672 663/682/671 662/681/670
f 664/683/672 662/681/670 670/688/677
f 671/689/678 670/688/677 662/681/670
f 671/689/678 662/681/670 668/686/675
f 669/687/676 671/689/678 668/686/675
f 672/690/679 671/689/678 669/687/676
f 666/691/680 665/684/673 664/683/672
f 664/683/672 671/689/678 666/691/680
f 671/689/678 664/683/672 670/688/677
f 671/689/678 672/690/679 666/691/680
f 641/657/646 640/659/648 637/656/645
f 641/657/646 639/658/647 674/692/681
f 640/659/648 641/657/646 674/692/681
f 675/693/682 667/685/674 640/659/648
f 676/694/683 640/659/648 674/692/681
f 676/694/683 675/693/682 640/659/648
f 678/695/684 677/696/685 676/694/683
f 676/694/683 674/692/681 678/695/684
f 680/697/686 677/696/685 681/698/687
f 681/698/687 677/696/685 678/695/684
f 667/685/674 672/690/679 669/687/676
f 679/699/688 672/690/679 667/685/674
f 682/700/689 672/690/679 679/699/688
f 666/691/680 672/690/679 682/700/689
f 675/693/682 679/699/688 667/685/674
f 679/699/688 675/693/682 677/696/685
f 682/700/689 679/699/688 677/696/685
f 676/694/683 677/696/685 675/693/682
f 683/701/690 677/696/685 680/697/686
f 683/701/690 682/700/689 677/696/685
f 681/698/687 683/701/690 680/697/686
f 683/701/690 666/691/680 682/700/689
f 685/702/691 687/703/692 3197/704/693
f 688/705/694 644/663/652 646/662/651
f 689/706/695 688/705/694 646/662/651
f 647/664/653 689/706/695 646/662/651
f 685/702/691 684/707/696 686/708/697
f 684/707/696 644/663/652 688/705/694
f 686/708/697 684/707/696 688/705/694
f 692/709/698 686/708/697 688/705/694
f 692/709/698 688/705/694 689/706/695
f 691/710/699 692/709/698 689/706/695
f 691/710/699 689/706/695 647/664/653
f 691/710/699 647/664/653 690/711/700
f 691/710/699 690/711/700 694/712/701
f 686/708/697 692/709/698 693/713/702
f 693/713/702 692/709/698 691/710/699
f 687/703/692 686/708/697 693/713/702
f 685/702/691 686/708/697 687/703/692
f 695/714/703 693/713/702 691/710/699
f 695/714/703 691/710/699 700/715/704
f 696/716/705 693/713/702 695/714/703
f 696/716/705 687/703/692 693/713/702
f 697/717/706 696/716/705 695/714/703
f 690/711/700 698/669/658 694/712/701
f 649/665/654 690/711/700 647/664/653
f 698/669/658 690/711/700 649/665/654
f 698/669/658 699/718/707 694/712/701
f 700/715/704 694/712/701 699/718/707
f 700/715/704 691/710/699 694/712/701
f 695/714/703 700/715/704 697/717/706
f 697/717/706 700/715/704 701/719/708
f 699/718/707 698/669/658 651/668/657
f 699/718/707 651/668/657 652/675/664
f 700/715/704 699/718/707 652/675/664
f 701/719/708 700/715/704 652/675/664
f 703/720/709 701/719/708 702/721/710
f 704/722/711 658/676/665 659/677/666
f 705/723/712 704/722/711 659/677/666
f 658/676/665 702/721/710 652/675/664
f 702/721/710 701/719/708 652/675/664
f 702/721/710 658/676/665 704/722/711
f 704/722/711 706/724/713 702/721/710
f 705/723/712 659/677/666 661/680/669
f 705/723/712 661/680/669 707/725/714
f 706/724/713 704/722/711 705/723/712
f 708/726/715 705/723/712 707/725/714
f 706/724/713 705/723/712 708/726/715
f 708/726/715 707/725/714 709/727/716
f 707/725/714 661/680/669 665/684/673
f 710/728/717 707/725/714 665/684/673
f 709/727/716 707/725/714 710/728/717
f 710/728/717 665/684/673 666/691/680
f 711/729/718 666/691/680 673/730/719
f 711/729/718 710/728/717 666/691/680
f 673/730/719 666/691/680 683/701/690
f 713/731/720 683/701/690 681/698/687
f 678/695/684 712/732/721 681/698/687
f 713/731/720 673/730/719 683/701/690
f 713/731/720 681/698/687 712/732/721
f 716/733/722 712/732/721 714/734/723
f 713/731/720 712/732/721 715/735/724
f 715/735/724 712/732/721 716/733/722
f 716/733/722 717/736/725 715/735/724
f 718/737/726 673/730/719 713/731/720
f 719/738/727 713/731/720 715/735/724
f 718/737/726 713/731/720 719/738/727
f 721/739/728 719/738/727 715/735/724
f 722/740/729 721/739/728 715/735/724
f 720/741/730 673/730/719 718/737/726
f 719/738/727 723/742/731 718/737/726
f 724/743/732 721/739/728 722/740/729
f 156/160/160 130/131/131 725/744/733
f 162/164/164 157/159/159 156/160/160
f 726/745/734 162/164/164 156/160/160
f 132/133/133 727/746/735 130/131/131
f 725/744/733 162/164/164 726/745/734
f 726/745/734 156/160/160 725/744/733
f 725/744/733 130/131/131 727/746/735
f 725/744/733 728/747/736 729/748/737
f 730/749/738 162/164/164 725/744/733
f 725/744/733 727/746/735 728/747/736
f 161/165/165 162/164/164 730/749/738
f 731/750/739 730/749/738 725/744/733
f 725/744/733 729/748/737 732/751/740
f 732/751/740 731/750/739 725/744/733
f 733/752/741 731/750/739 732/751/740
f 728/753/736 727/754/735 729/755/737
f 729/755/737 727/754/735 732/756/740
f 163/166/166 161/165/165 730/749/738
f 164/167/167 163/166/166 730/749/738
f 164/167/167 730/749/738 731/750/739
f 734/757/742 164/167/167 731/750/739
f 735/758/743 734/757/742 731/750/739
f 735/758/743 731/750/739 733/752/741
f 736/759/744 735/758/743 733/752/741
f 734/757/742 165/168/168 164/167/167
f 734/757/742 744/214/214 165/168/168
f 737/760/745 736/761/744 733/762/741
f 732/756/740 727/754/735 739/763/746
f 732/756/740 740/764/747 742/765/748
f 741/766/749 732/756/740 742/765/748
f 732/756/740 739/763/746 740/764/747
f 738/767/750 732/756/740 741/766/749
f 742/765/748 740/764/747 743/768/751
f 736/759/744 734/757/742 735/758/743
f 733/762/741 732/756/740 738/767/750
f 744/769/214 736/761/744 737/760/745
f 746/770/752 737/760/745 733/762/741
f 744/214/214 734/757/742 736/759/744
f 737/760/745 747/771/753 744/769/214
f 745/772/754 746/770/752 733/762/741
f 745/772/754 733/762/741 738/767/750
f 208/213/213 744/214/214 747/773/753
f 747/771/753 737/760/745 750/774/755
f 748/775/756 750/774/755 737/760/745
f 751/776/757 748/775/756 746/770/752
f 746/770/752 748/775/756 737/760/745
f 752/777/758 747/773/753 750/778/755
f 752/777/758 208/213/213 747/773/753
f 751/776/757 746/770/752 749/779/759
f 752/777/758 210/216/216 208/213/213
f 749/779/759 746/770/752 745/772/754
f 752/777/758 211/217/217 210/216/216
f 748/775/756 753/780/760 750/774/755
f 754/781/761 751/776/757 749/779/759
f 750/778/755 211/217/217 752/777/758
f 755/782/762 211/217/217 750/778/755
f 753/780/760 748/775/756 751/776/757
f 753/780/760 755/783/762 750/774/755
f 756/784/763 753/780/760 751/776/757
f 757/785/764 756/784/763 751/776/757
f 757/785/764 751/776/757 754/781/761
f 757/785/764 754/781/761 758/786/765
f 759/787/766 757/785/764 758/786/765
f 760/788/767 211/217/217 755/782/762
f 753/780/760 760/789/767 755/783/762
f 760/788/767 214/219/219 211/217/217
f 761/790/768 756/784/763 757/785/764
f 743/768/751 763/791/769 742/765/748
f 765/792/770 738/767/750 741/766/749
f 762/793/771 741/766/749 742/765/748
f 740/764/747 739/763/746 766/794/772
f 762/793/771 742/765/748 763/791/769
f 767/795/773 762/793/771 763/791/769
f 768/796/774 745/772/754 738/767/750
f 768/796/774 738/767/750 765/792/770
f 765/792/770 741/766/749 762/793/771
f 767/795/773 770/797/775 762/793/771
f 769/798/776 765/792/770 762/793/771
f 769/798/776 762/793/771 770/797/775
f 771/799/777 772/800/778 767/795/773
f 771/799/777 767/795/773 763/791/769
f 773/801/779 771/799/777 763/791/769
f 749/779/759 745/772/754 768/796/774
f 765/792/770 769/798/776 768/796/774
f 775/802/780 770/797/775 767/795/773
f 775/802/780 767/795/773 772/800/778
f 777/803/781 776/804/782 771/799/777
f 777/803/781 771/799/777 773/801/779
f 779/805/783 778/806/784 769/798/776
f 779/805/783 769/798/776 774/807/785
f 774/807/785 769/798/776 770/797/775
f 775/802/780 774/807/785 770/797/775
f 780/808/786 774/807/785 775/802/780
f 772/800/778 780/808/786 775/802/780
f 769/798/776 778/806/784 768/796/774
f 779/805/783 781/809/787 778/806/784
f 781/809/787 779/805/783 774/807/785
f 783/810/788 781/809/787 780/808/786
f 782/811/789 783/810/788 780/808/786
f 782/811/789 780/808/786 772/800/778
f 782/811/789 772/800/778 771/799/777
f 784/812/790 782/811/789 771/799/777
f 784/812/790 771/799/777 776/804/782
f 749/779/759 768/796/774 778/806/784
f 785/813/791 778/806/784 781/809/787
f 781/809/787 774/807/785 780/808/786
f 783/810/788 782/811/789 784/812/790
f 786/814/792 783/810/788 784/812/790
f 787/815/793 784/812/790 776/804/782
f 787/815/793 776/804/782 777/803/781
f 758/786/765 749/779/759 778/806/784
f 781/809/787 783/810/788 786/814/792
f 786/814/792 784/812/790 787/815/793
f 754/781/761 749/779/759 758/786/765
f 785/813/791 781/809/787 788/816/794
f 789/817/795 781/809/787 786/814/792
f 788/816/794 781/809/787 789/817/795
f 758/786/765 778/806/784 785/813/791
f 790/818/796 758/786/765 785/813/791
f 791/819/797 785/813/791 788/816/794
f 792/820/798 789/817/795 786/814/792
f 792/820/798 786/814/792 787/815/793
f 793/821/799 790/818/796 785/813/791
f 791/819/797 793/821/799 785/813/791
f 794/822/800 758/786/765 790/818/796
f 795/823/801 788/816/794 789/817/795
f 795/823/801 789/817/795 792/820/798
f 794/822/800 759/787/766 758/786/765
f 788/816/794 795/823/801 791/819/797
f 740/764/747 766/794/772 764/824/802
f 740/764/747 764/824/802 743/768/751
f 763/791/769 743/768/751 773/801/779
f 743/768/751 764/824/802 796/825/803
f 797/826/804 773/801/779 743/768/751
f 777/803/781 773/801/779 798/827/805
f 799/828/806 773/801/779 797/826/804
f 764/824/802 766/794/772 800/829/807
f 764/824/802 800/829/807 796/825/803
f 798/827/805 773/801/779 799/828/806
f 743/768/751 796/825/803 797/826/804
f 798/827/805 787/815/793 777/803/781
f 801/830/808 798/827/805 799/828/806
f 802/831/809 799/828/806 797/826/804
f 787/815/793 798/827/805 801/830/808
f 801/830/808 792/820/798 787/815/793
f 802/831/809 801/830/808 799/828/806
f 792/820/798 801/830/808 802/831/809
f 804/832/810 802/831/809 797/826/804
f 804/832/810 803/833/811 802/831/809
f 800/829/807 806/834/812 796/825/803
f 797/826/804 796/825/803 805/835/813
f 756/784/763 760/789/767 753/780/760
f 761/790/768 760/789/767 756/784/763
f 301/306/306 214/219/219 760/788/767
f 807/836/814 761/790/768 757/785/764
f 298/305/305 214/219/219 301/306/306
f 760/789/767 761/790/768 807/836/814
f 807/836/814 757/785/764 759/787/766
f 807/836/814 808/837/815 760/789/767
f 760/788/767 302/308/308 301/306/306
f 809/838/816 759/787/766 828/839/817
f 760/788/767 810/840/818 302/308/308
f 808/837/815 810/841/818 760/789/767
f 807/836/814 759/787/766 809/838/816
f 812/842/819 306/312/312 302/308/308
f 812/842/819 302/308/308 810/840/818
f 813/843/820 812/844/819 810/841/818
f 813/843/820 810/841/818 808/837/815
f 811/845/821 808/837/815 807/836/814
f 812/842/819 307/313/313 306/312/312
f 814/846/822 812/844/819 813/843/820
f 814/846/822 307/847/313 812/844/819
f 815/848/823 813/843/820 808/837/815
f 811/845/821 815/848/823 808/837/815
f 809/838/816 811/845/821 807/836/814
f 307/847/313 814/846/822 308/849/488
f 308/849/488 814/846/822 817/850/824
f 817/850/824 814/846/822 813/843/820
f 818/851/825 813/843/820 815/848/823
f 818/851/825 815/848/823 811/845/821
f 819/852/826 818/851/825 811/845/821
f 817/850/824 813/843/820 818/851/825
f 820/853/827 817/850/824 818/851/825
f 819/852/826 822/854/828 818/851/825
f 822/854/828 819/852/826 821/855/829
f 821/855/829 819/852/826 811/845/821
f 821/855/829 811/845/821 809/838/816
f 816/856/830 821/855/829 809/838/816
f 794/822/800 790/818/796 793/821/799
f 794/822/800 793/821/799 823/857/831
f 824/858/832 823/857/831 793/821/799
f 824/858/832 793/821/799 791/819/797
f 795/823/801 824/858/832 791/819/797
f 825/859/833 759/787/766 794/822/800
f 828/839/817 759/787/766 825/859/833
f 823/857/831 825/859/833 794/822/800
f 826/860/834 824/858/832 795/823/801
f 827/861/835 823/857/831 824/858/832
f 828/839/817 825/859/833 823/857/831
f 827/861/835 828/839/817 823/857/831
f 816/856/830 809/838/816 828/839/817
f 830/862/836 828/839/817 827/861/835
f 816/856/830 828/839/817 830/862/836
f 832/863/837 827/861/835 831/864/838
f 830/862/836 827/861/835 832/863/837
f 805/835/813 804/832/810 797/826/804
f 833/865/839 795/823/801 792/820/798
f 802/831/809 833/865/839 792/820/798
f 834/866/840 795/823/801 833/865/839
f 826/860/834 795/823/801 834/866/840
f 835/867/841 802/831/809 803/833/811
f 837/868/842 834/866/840 833/865/839
f 829/869/843 824/858/832 826/860/834
f 836/870/844 826/860/834 834/866/840
f 829/869/843 826/860/834 836/870/844
f 836/870/844 834/866/840 837/868/842
f 837/868/842 829/869/843 836/870/844
f 839/871/845 833/865/839 802/831/809
f 839/871/845 802/831/809 835/867/841
f 837/868/842 833/865/839 839/871/845
f 840/872/846 835/867/841 803/833/811
f 838/873/847 803/833/811 804/832/810
f 838/873/847 804/832/810 805/835/813
f 827/861/835 824/858/832 829/869/843
f 829/869/843 837/868/842 839/871/845
f 840/872/846 839/871/845 835/867/841
f 842/874/848 840/872/846 803/833/811
f 842/874/848 803/833/811 838/873/847
f 839/871/845 841/875/849 829/869/843
f 841/875/849 844/876/850 829/869/843
f 840/872/846 841/875/849 839/871/845
f 845/877/851 841/875/849 840/872/846
f 843/878/852 840/872/846 842/874/848
f 843/878/852 842/874/848 838/873/847
f 846/879/853 843/878/852 838/873/847
f 831/864/838 829/869/843 844/876/850
f 841/875/849 845/877/851 844/876/850
f 845/877/851 840/872/846 843/878/852
f 847/880/854 845/877/851 843/878/852
f 827/861/835 829/869/843 831/864/838
f 848/881/855 847/880/854 843/878/852
f 848/881/855 843/878/852 846/879/853
f 849/882/856 845/877/851 847/880/854
f 852/883/857 831/864/838 844/876/850
f 849/882/856 844/876/850 845/877/851
f 851/884/858 846/879/853 838/873/847
f 851/884/858 838/873/847 861/885/859
f 848/881/855 849/882/856 847/880/854
f 850/886/860 853/887/861 848/881/855
f 850/886/860 848/881/855 846/879/853
f 854/888/862 852/883/857 844/876/850
f 854/888/862 844/876/850 849/882/856
f 848/881/855 853/887/861 849/882/856
f 846/879/853 851/884/858 850/886/860
f 855/889/863 854/888/862 849/882/856
f 849/882/856 856/890/864 855/889/863
f 856/890/864 849/882/856 853/887/861
f 857/891/865 853/887/861 850/886/860
f 852/883/857 832/863/837 831/864/838
f 858/892/866 852/883/857 854/888/862
f 858/892/866 854/888/862 855/889/863
f 858/892/866 855/889/863 856/890/864
f 857/891/865 856/890/864 853/887/861
f 858/892/866 856/890/864 859/893/867
f 796/825/803 806/834/812 805/835/813
f 862/894/868 805/835/813 806/834/812
f 800/829/807 860/895/869 806/834/812
f 838/873/847 805/835/813 861/885/859
f 861/885/859 805/835/813 862/894/868
f 862/894/868 806/834/812 864/896/870
f 863/897/871 861/885/859 862/894/868
f 866/898/872 861/885/859 863/897/871
f 865/899/873 863/897/871 862/894/868
f 865/899/873 866/898/872 863/897/871
f 867/900/874 861/885/859 866/898/872
f 868/901/875 866/898/872 865/899/873
f 867/900/874 851/884/858 861/885/859
f 868/901/875 867/900/874 866/898/872
f 869/902/876 851/884/858 867/900/874
f 860/895/869 871/903/877 864/896/870
f 862/894/868 864/896/870 872/904/878
f 865/899/873 862/894/868 872/904/878
f 864/896/870 871/903/877 872/904/878
f 872/904/878 873/905/879 865/899/873
f 308/849/488 817/850/824 820/853/827
f 308/849/488 820/853/827 874/906/880
f 481/907/489 308/849/488 874/906/880
f 487/908/494 474/909/481 875/910/881
f 820/853/827 818/851/825 874/906/880
f 481/907/489 874/906/880 876/911/882
f 488/912/495 481/907/489 876/911/882
f 876/911/882 874/906/880 877/913/883
f 488/912/495 876/911/882 878/914/884
f 879/915/885 488/912/495 878/914/884
f 474/909/481 488/912/495 880/916/886
f 488/912/495 879/915/885 880/916/886
f 875/910/881 474/909/481 880/916/886
f 487/908/494 875/910/881 492/917/887
f 874/906/880 818/851/825 877/913/883
f 877/913/883 818/851/825 881/918/888
f 876/911/882 877/913/883 878/914/884
f 878/914/884 877/913/883 879/915/885
f 879/915/885 877/913/883 881/918/888
f 880/916/886 879/915/885 882/919/889
f 879/915/885 881/918/888 882/919/889
f 884/920/890 880/916/886 882/919/889
f 875/910/881 880/916/886 883/921/891
f 884/920/890 883/921/891 880/916/886
f 883/921/891 884/920/890 885/922/892
f 886/923/893 875/910/881 883/921/891
f 886/923/893 492/917/887 875/910/881
f 886/923/893 883/921/891 885/922/892
f 886/923/893 885/922/892 887/924/894
f 887/924/894 885/922/892 884/920/890
f 489/925/497 487/908/494 492/917/887
f 888/926/895 489/925/497 492/917/887
f 889/927/896 818/851/825 822/854/828
f 881/918/888 818/851/825 889/927/896
f 881/918/888 889/927/896 882/919/889
f 887/924/894 884/920/890 882/919/889
f 887/924/894 882/919/889 890/928/897
f 492/917/887 886/923/893 888/926/895
f 888/926/895 886/923/893 887/924/894
f 891/929/898 888/926/895 887/924/894
f 892/930/899 887/924/894 890/928/897
f 893/931/900 822/854/828 821/855/829
f 894/932/901 821/855/829 816/856/830
f 894/932/901 893/931/900 821/855/829
f 895/933/902 894/932/901 816/856/830
f 896/934/903 894/932/901 895/933/902
f 816/856/830 830/862/836 895/933/902
f 898/935/904 897/936/905 830/862/836
f 898/935/904 830/862/836 832/863/837
f 895/933/902 830/862/836 897/936/905
f 899/937/906 895/933/902 897/936/905
f 900/938/907 896/934/903 895/933/902
f 901/939/908 897/936/905 898/935/904
f 900/938/907 903/940/909 902/941/910
f 900/938/907 895/933/902 899/937/906
f 903/940/909 900/938/907 899/937/906
f 899/937/906 897/936/905 901/939/908
f 903/940/909 899/937/906 901/939/908
f 904/942/911 903/940/909 901/939/908
f 905/943/912 901/939/908 898/935/904
f 906/944/913 905/943/912 898/935/904
f 906/944/913 907/945/914 908/946/915
f 858/892/866 832/863/837 852/883/857
f 856/890/864 909/947/916 859/893/867
f 910/948/917 856/890/864 857/891/865
f 856/890/864 910/948/917 909/947/916
f 858/892/866 859/893/867 909/947/916
f 912/949/918 858/892/866 909/947/916
f 911/950/919 832/863/837 858/892/866
f 912/949/918 911/950/919 858/892/866
f 913/951/920 912/949/918 909/947/916
f 898/935/904 832/863/837 911/950/919
f 914/952/921 898/935/904 911/950/919
f 914/952/921 911/950/919 912/949/918
f 907/945/914 898/935/904 914/952/921
f 915/953/922 912/949/918 913/951/920
f 916/954/923 907/945/914 914/952/921
f 917/955/924 912/949/918 915/953/922
f 907/945/914 906/944/913 898/935/904
f 914/952/921 912/949/918 917/955/924
f 914/952/921 917/955/924 915/953/922
f 918/956/925 916/954/923 914/952/921
f 915/953/922 918/956/925 914/952/921
f 857/891/865 850/886/860 870/957/926
f 870/957/926 850/886/860 851/884/858
f 870/957/926 851/884/858 869/902/876
f 868/901/875 865/899/873 919/958/927
f 910/948/917 857/891/865 870/957/926
f 920/959/928 869/902/876 867/900/874
f 920/959/928 867/900/874 868/901/875
f 919/958/927 920/959/928 868/901/875
f 922/960/929 910/948/917 870/957/926
f 870/957/926 869/902/876 922/960/929
f 922/960/929 869/902/876 920/959/928
f 909/947/916 910/948/917 913/951/920
f 923/961/930 910/948/917 922/960/929
f 926/962/931 922/960/929 920/959/928
f 923/961/930 922/960/929 926/962/931
f 923/961/930 913/951/920 910/948/917
f 924/963/932 926/962/931 920/959/928
f 924/963/932 920/959/928 919/958/927
f 925/964/933 924/963/932 919/958/927
f 915/953/922 913/951/920 927/965/934
f 913/951/920 923/961/930 928/966/935
f 928/966/935 927/965/934 913/951/920
f 929/967/936 926/962/931 924/963/932
f 926/962/931 929/967/936 923/961/930
f 928/966/935 923/961/930 929/967/936
f 930/968/937 924/963/932 925/964/933
f 928/966/935 929/967/936 924/963/932
f 860/895/869 932/969/938 871/903/877
f 932/969/938 933/970/939 871/903/877
f 872/904/878 934/971/940 873/905/879
f 935/972/941 934/971/940 872/904/878
f 935/972/941 872/904/878 936/973/942
f 872/904/878 871/903/877 936/973/942
f 921/974/943 919/958/927 865/899/873
f 937/975/944 921/974/943 873/905/879
f 934/971/940 937/975/944 873/905/879
f 921/974/943 865/899/873 873/905/879
f 933/970/939 932/969/938 938/976/945
f 934/971/940 921/974/943 937/975/944
f 871/903/877 933/970/939 936/973/942
f 919/958/927 921/974/943 934/971/940
f 939/977/946 934/971/940 935/972/941
f 940/978/947 935/972/941 936/973/942
f 934/971/940 939/977/946 919/958/927
f 939/977/946 925/964/933 919/958/927
f 940/978/947 939/977/946 935/972/941
f 941/979/948 939/977/946 940/978/947
f 930/968/937 925/964/933 939/977/946
f 941/979/948 930/968/937 939/977/946
f 942/980/949 941/979/948 940/978/947
f 945/981/950 940/978/947 946/982/951
f 940/978/947 944/983/952 946/982/951
f 945/981/950 942/980/949 940/978/947
f 947/984/953 945/981/950 946/982/951
f 936/973/942 943/985/954 940/978/947
f 936/973/942 933/970/939 943/985/954
f 938/976/945 949/986/955 950/987/956
f 933/970/939 938/976/945 950/987/956
f 933/970/939 950/987/956 943/985/954
f 943/985/954 950/987/956 952/988/957
f 951/989/958 943/985/954 952/988/957
f 944/983/952 940/978/947 943/985/954
f 951/989/958 944/983/952 943/985/954
f 946/982/951 944/983/952 951/989/958
f 953/990/959 951/989/958 952/988/957
f 889/927/896 822/854/828 893/931/900
f 890/928/897 882/919/889 889/927/896
f 526/535/535 489/925/497 888/926/895
f 890/928/897 957/991/960 956/992/961
f 891/929/898 887/924/894 892/930/899
f 892/930/899 890/928/897 956/992/961
f 889/927/896 893/931/900 954/993/962
f 889/927/896 954/993/962 957/991/960
f 958/994/963 888/926/895 891/929/898
f 958/994/963 955/995/964 888/926/895
f 890/928/897 889/927/896 957/991/960
f 531/536/536 526/535/535 888/926/895
f 955/995/964 531/536/536 888/926/895
f 534/540/539 531/536/536 955/995/964
f 958/994/963 891/929/898 892/930/899
f 958/994/963 892/930/899 956/992/961
f 893/931/900 894/932/901 954/993/962
f 957/991/960 954/993/962 960/996/965
f 957/991/960 960/996/965 961/997/966
f 530/534/534 531/536/536 534/540/539
f 961/997/966 956/992/961 957/991/960
f 954/993/962 894/932/901 959/998/967
f 954/993/962 962/999/968 960/996/965
f 964/1000/969 963/1001/970 960/996/965
f 543/550/548 534/540/539 955/995/964
f 955/995/964 958/994/963 543/550/548
f 963/1001/970 958/994/963 956/992/961
f 963/1001/970 956/992/961 961/997/966
f 961/997/966 960/996/965 963/1001/970
f 894/932/901 896/934/903 959/998/967
f 960/996/965 962/999/968 964/1000/969
f 964/1000/969 962/999/968 965/1002/971
f 965/1002/971 968/1003/972 964/1000/969
f 969/1004/973 968/1003/972 965/1002/971
f 965/1002/971 966/1005/974 967/1006/975
f 965/1002/971 967/1006/975 969/1004/973
f 545/555/551 543/550/548 958/994/963
f 963/1001/970 545/555/551 958/994/963
f 968/1003/972 963/1001/970 964/1000/969
f 969/1004/973 967/1006/975 970/1007/976
f 970/1007/976 968/1003/972 969/1004/973
f 971/1008/977 970/1007/976 967/1006/975
f 545/555/551 544/552/549 543/550/548
f 975/1009/978 972/1010/979 545/555/551
f 976/1011/980 545/555/551 963/1001/970
f 973/1012/981 968/1003/972 970/1007/976
f 976/1011/980 968/1003/972 973/1012/981
f 970/1007/976 971/1008/977 973/1012/981
f 550/560/555 545/555/551 972/1010/979
f 978/1013/982 972/1010/979 975/1009/978
f 976/1011/980 975/1009/978 545/555/551
f 979/1014/983 975/1009/978 976/1011/980
f 976/1011/980 963/1001/970 968/1003/972
f 973/1012/981 971/1008/977 974/1015/984
f 546/554/550 545/555/551 550/560/555
f 980/1016/985 550/560/555 972/1010/979
f 977/1017/986 972/1010/979 978/1013/982
f 982/1018/987 978/1013/982 975/1009/978
f 982/1018/987 975/1009/978 983/1019/988
f 982/1018/987 981/1020/989 978/1013/982
f 983/1019/988 975/1009/978 979/1014/983
f 978/1013/982 985/1021/990 977/1017/986
f 986/1022/991 981/1020/989 982/1018/987
f 986/1022/991 978/1013/982 981/1020/989
f 987/1023/992 979/1014/983 984/1024/993
f 987/1023/992 983/1019/988 979/1014/983
f 988/1025/994 984/1024/993 979/1014/983
f 988/1025/994 989/1026/995 984/1024/993
f 990/1027/996 979/1014/983 976/1011/980
f 990/1027/996 988/1025/994 979/1014/983
f 993/1028/997 973/1012/981 994/1029/998
f 991/1030/999 986/1022/991 982/1018/987
f 995/1031/1000 988/1025/994 990/1027/996
f 992/1032/1001 988/1025/994 995/1031/1000
f 996/1033/1002 995/1031/1000 990/1027/996
f 998/1034/1003 996/1033/1002 990/1027/996
f 998/1034/1003 990/1027/996 997/1035/1004
f 997/1035/1004 990/1027/996 999/1036/1005
f 999/1036/1005 990/1027/996 976/1011/980
f 993/1028/997 976/1011/980 973/1012/981
f 1001/1037/1006 987/1023/992 984/1024/993
f 1000/1038/1007 997/1035/1004 999/1036/1005
f 1002/1039/1008 999/1036/1005 976/1011/980
f 1002/1039/1008 976/1011/980 993/1028/997
f 1003/1040/1009 977/1017/986 985/1021/990
f 978/1013/982 986/1022/991 1004/1041/1010
f 1006/1042/1011 999/1036/1005 1002/1039/1008
f 1008/1043/1012 1002/1039/1008 1007/1044/1013
f 1009/1045/1014 1002/1039/1008 993/1028/997
f 972/1010/979 977/1017/986 1010/1046/1015
f 1003/1040/1009 1010/1046/1015 977/1017/986
f 1004/1041/1010 985/1021/990 978/1013/982
f 1005/1047/1016 997/1035/1004 1000/1038/1007
f 1014/1048/1017 1007/1044/1013 1002/1039/1008
f 1009/1045/1014 1014/1048/1017 1002/1039/1008
f 1013/1049/1018 1007/1044/1013 1014/1048/1017
f 600/1050/1019 549/559/554 550/560/555
f 980/1016/985 972/1010/979 1010/1046/1015
f 1015/1051/1020 988/1025/994 992/1032/1001
f 1012/1052/1021 995/1031/1000 996/1033/1002
f 1012/1052/1021 992/1032/1001 995/1031/1000
f 996/1033/1002 998/1034/1003 1012/1052/1021
f 1012/1052/1021 998/1034/1003 997/1035/1004
f 1011/1053/1022 1000/1038/1007 999/1036/1005
f 1002/1039/1008 1008/1043/1012 1006/1042/1011
f 959/998/967 896/934/903 900/938/907
f 962/999/968 954/993/962 959/998/967
f 965/1002/971 962/999/968 966/1005/974
f 959/998/967 900/938/907 902/941/910
f 959/998/967 1017/1054/1023 962/999/968
f 962/999/968 1017/1054/1023 966/1005/974
f 967/1006/975 966/1005/974 1018/1055/1024
f 1019/1056/1025 967/1006/975 1018/1055/1024
f 974/1015/984 971/1008/977 967/1006/975
f 1019/1056/1025 974/1015/984 967/1006/975
f 959/998/967 902/941/910 1017/1054/1023
f 1017/1054/1023 1018/1055/1024 966/1005/974
f 1018/1055/1024 1017/1054/1023 1021/1057/1026
f 1021/1057/1026 1017/1054/1023 1020/1058/1027
f 974/1015/984 1019/1056/1025 1022/1059/1028
f 1019/1056/1025 1018/1055/1024 1022/1059/1028
f 1021/1057/1026 1022/1059/1028 1018/1055/1024
f 1022/1059/1028 973/1012/981 974/1015/984
f 902/941/910 903/940/909 904/942/911
f 902/941/910 904/942/911 1017/1054/1023
f 1020/1058/1027 1017/1054/1023 1023/1060/1029
f 1023/1060/1029 1024/1061/1030 1020/1058/1027
f 1022/1059/1028 1021/1057/1026 1025/1062/1031
f 1025/1062/1031 1021/1057/1026 1020/1058/1027
f 994/1029/998 973/1012/981 1022/1059/1028
f 1025/1062/1031 994/1029/998 1022/1059/1028
f 1026/1063/1032 904/942/911 901/939/908
f 1026/1063/1032 901/939/908 905/943/912
f 1017/1054/1023 904/942/911 1023/1060/1029
f 1023/1060/1029 904/942/911 1028/1064/1033
f 1023/1060/1029 1028/1064/1033 1029/1065/1034
f 1024/1061/1030 1023/1060/1029 1030/1066/1035
f 1025/1062/1031 1020/1058/1027 1024/1061/1030
f 1033/1067/1036 1024/1061/1030 1030/1066/1035
f 1025/1062/1031 1032/1068/1037 1034/1069/1038
f 1025/1062/1031 1024/1061/1030 1032/1068/1037
f 904/942/911 1026/1063/1032 905/943/912
f 1027/1070/1039 904/942/911 906/944/913
f 1031/1071/1040 1030/1066/1035 1023/1060/1029
f 1031/1071/1040 1023/1060/1029 1029/1065/1034
f 1033/1067/1036 1032/1068/1037 1024/1061/1030
f 1037/1072/1041 1032/1068/1037 1033/1067/1036
f 1033/1067/1036 1030/1066/1035 1031/1071/1040
f 1033/1067/1036 1031/1071/1040 1035/1073/1042
f 994/1029/998 1025/1062/1031 1034/1069/1038
f 1034/1069/1038 1038/1074/1043 994/1029/998
f 904/942/911 905/943/912 906/944/913
f 906/944/913 908/946/915 1027/1070/1039
f 1028/1064/1033 1036/1075/1044 1029/1065/1034
f 1035/1073/1042 1037/1072/1041 1033/1067/1036
f 1035/1073/1042 1031/1071/1040 1041/1076/1045
f 1035/1073/1042 1041/1076/1045 1042/1077/1046
f 1031/1071/1040 1029/1065/1034 1041/1076/1045
f 1041/1076/1045 1029/1065/1034 1036/1075/1044
f 1034/1069/1038 1032/1068/1037 1038/1074/1043
f 1032/1068/1037 1037/1072/1041 1039/1078/1047
f 1039/1078/1047 1037/1072/1041 1035/1073/1042
f 1040/1079/1048 1039/1078/1047 1035/1073/1042
f 993/1028/997 994/1029/998 1038/1074/1043
f 904/942/911 1027/1070/1039 1043/1080/1049
f 1028/1064/1033 904/942/911 1043/1080/1049
f 1044/1081/1050 1028/1064/1033 1043/1080/1049
f 1045/1082/1051 1028/1064/1033 1044/1081/1050
f 1040/1079/1048 1035/1073/1042 1042/1077/1046
f 1046/1083/1052 1042/1077/1046 1041/1076/1045
f 1036/1075/1044 1028/1064/1033 1045/1082/1051
f 1032/1068/1037 1039/1078/1047 1038/1074/1043
f 1044/1081/1050 1043/1080/1049 1048/1084/1053
f 1049/1085/1054 1036/1075/1044 1045/1082/1051
f 1042/1077/1046 1046/1083/1052 1047/1086/1055
f 1040/1079/1048 1042/1077/1046 1047/1086/1055
f 1047/1086/1055 1046/1083/1052 1051/1087/1056
f 1046/1083/1052 1049/1085/1054 1051/1087/1056
f 1041/1076/1045 1036/1075/1044 1049/1085/1054
f 1049/1085/1054 1046/1083/1052 1041/1076/1045
f 993/1028/997 1038/1074/1043 1047/1086/1055
f 1038/1074/1043 1039/1078/1047 1047/1086/1055
f 1039/1078/1047 1040/1079/1048 1047/1086/1055
f 908/946/915 1052/1088/1057 1027/1070/1039
f 1045/1082/1051 1044/1081/1050 1050/1089/1058
f 1044/1081/1050 1053/1090/1059 1050/1089/1058
f 1053/1090/1059 1044/1081/1050 1048/1084/1053
f 1049/1085/1054 1045/1082/1051 1050/1089/1058
f 1054/1091/1060 1047/1086/1055 1051/1087/1056
f 1051/1087/1056 1049/1085/1054 1054/1091/1060
f 927/965/934 1055/1092/1061 915/953/922
f 1055/1092/1061 918/956/925 915/953/922
f 931/1093/1062 928/966/935 924/963/932
f 930/968/937 1056/1094/1063 924/963/932
f 1057/1095/1064 927/965/934 928/966/935
f 1056/1094/1063 931/1093/1062 924/963/932
f 1057/1095/1064 928/966/935 931/1093/1062
f 1057/1095/1064 1058/1096/1065 927/965/934
f 1057/1095/1064 931/1093/1062 1059/1097/1066
f 1059/1097/1066 931/1093/1062 1056/1094/1063
f 1063/1098/1067 1056/1094/1063 1060/1099/1068
f 1063/1098/1067 1062/1100/1069 1056/1094/1063
f 1061/1101/1070 1057/1095/1064 1059/1097/1066
f 1065/1102/1071 1059/1097/1066 1056/1094/1063
f 1065/1102/1071 1056/1094/1063 1062/1100/1069
f 1057/1095/1064 1064/1103/1072 1058/1096/1065
f 1061/1101/1070 1064/1103/1072 1057/1095/1064
f 1066/1104/1073 1059/1097/1066 1065/1102/1071
f 1066/1104/1073 1065/1102/1071 1062/1100/1069
f 1066/1104/1073 1061/1101/1070 1059/1097/1066
f 1067/1105/1074 1061/1101/1070 1066/1104/1073
f 1066/1104/1073 1062/1100/1069 1068/1106/1075
f 1069/1107/1076 1061/1101/1070 1067/1105/1074
f 1066/1104/1073 1068/1106/1075 1070/1108/1077
f 1069/1107/1076 1064/1103/1072 1061/1101/1070
f 1066/1104/1073 1069/1107/1076 1067/1105/1074
f 1070/1108/1077 1069/1107/1076 1066/1104/1073
f 1070/1108/1077 1072/1109/1078 1069/1107/1076
f 1073/1110/1079 1064/1103/1072 1069/1107/1076
f 1074/1111/1080 1072/1109/1078 1070/1108/1077
f 1071/1112/1081 1064/1103/1072 1073/1110/1079
f 1072/1109/1078 1073/1110/1079 1069/1107/1076
f 1077/1113/1082 930/968/937 941/979/948
f 1078/1114/1083 942/980/949 945/981/950
f 948/1115/1084 1078/1114/1083 947/984/953
f 948/1115/1084 947/984/953 946/982/951
f 1078/1114/1083 1077/1113/1082 941/979/948
f 942/980/949 1078/1114/1083 941/979/948
f 1056/1094/1063 930/968/937 1077/1113/1082
f 1060/1099/1068 1056/1094/1063 1077/1113/1082
f 1080/1116/1085 948/1115/1084 1079/1117/1086
f 1081/1118/1087 1077/1113/1082 1078/1114/1083
f 1081/1118/1087 1078/1114/1083 948/1115/1084
f 948/1115/1084 1080/1116/1085 1081/1118/1087
f 1082/1119/1088 1080/1116/1085 1079/1117/1086
f 1084/1120/1089 1083/1121/1090 1081/1118/1087
f 1082/1119/1088 1084/1120/1089 1081/1118/1087
f 1082/1119/1088 1081/1118/1087 1080/1116/1085
f 1060/1099/1068 1077/1113/1082 1081/1118/1087
f 1083/1121/1090 1085/1122/1091 1081/1118/1087
f 1087/1123/1092 1082/1119/1088 1079/1117/1086
f 1085/1122/1091 1060/1099/1068 1081/1118/1087
f 1086/1124/1093 1085/1122/1091 1083/1121/1090
f 1086/1124/1093 1083/1121/1090 1084/1120/1089
f 1084/1120/1089 1082/1119/1088 1087/1123/1092
f 1085/1122/1091 1089/1125/1094 1060/1099/1068
f 1063/1098/1067 1068/1106/1075 1062/1100/1069
f 1089/1125/1094 1063/1098/1067 1060/1099/1068
f 1088/1126/1095 1089/1125/1094 1085/1122/1091
f 1088/1126/1095 1085/1122/1091 1086/1124/1093
f 1090/1127/1096 1063/1098/1067 1089/1125/1094
f 1091/1128/1097 1090/1127/1096 1089/1125/1094
f 1092/1129/1098 1068/1106/1075 1063/1098/1067
f 1090/1127/1096 1093/1130/1099 1092/1129/1098
f 1092/1129/1098 1063/1098/1067 1090/1127/1096
f 1093/1130/1099 1090/1127/1096 1091/1128/1097
f 1091/1128/1097 1089/1125/1094 1088/1126/1095
f 1094/1131/1100 1088/1126/1095 1086/1124/1093
f 1084/1120/1089 1094/1131/1100 1086/1124/1093
f 1092/1129/1098 1093/1130/1099 1068/1106/1075
f 1093/1130/1099 1070/1108/1077 1068/1106/1075
f 1094/1131/1100 1084/1120/1089 1087/1123/1092
f 1094/1131/1100 1091/1128/1097 1088/1126/1095
f 1074/1111/1080 1070/1108/1077 1093/1130/1099
f 1076/1132/1101 1093/1130/1099 1091/1128/1097
f 1094/1131/1100 1087/1123/1092 1254/1133/1102
f 1079/1117/1086 946/982/951 951/989/958
f 950/987/956 1096/1134/1103 952/988/957
f 1079/1117/1086 948/1115/1084 946/982/951
f 953/990/959 1079/1117/1086 951/989/958
f 950/987/956 949/986/955 1095/1135/1104
f 950/987/956 1095/1135/1104 1097/1136/1105
f 950/987/956 1097/1136/1105 1096/1134/1103
f 1099/1137/1106 953/990/959 952/988/957
f 1099/1137/1106 952/988/957 1096/1134/1103
f 1098/1138/1107 1079/1117/1086 953/990/959
f 1099/1137/1106 1096/1134/1103 1100/1139/1108
f 1102/1140/1109 1098/1138/1107 953/990/959
f 1100/1139/1108 1096/1134/1103 1101/1141/1110
f 1102/1140/1109 953/990/959 1099/1137/1106
f 1096/1134/1103 1097/1136/1105 1101/1141/1110
f 1087/1123/1092 1079/1117/1086 1098/1138/1107
f 1101/1141/1110 1099/1137/1106 1100/1139/1108
f 1103/1142/1111 1099/1137/1106 1101/1141/1110
f 1087/1123/1092 1098/1138/1107 1102/1140/1109
f 1102/1140/1109 1099/1137/1106 1103/1142/1111
f 1105/1143/1112 1102/1140/1109 1103/1142/1111
f 1097/1136/1105 1095/1135/1104 1107/1144/1113
f 1104/1145/1114 1103/1142/1111 1101/1141/1110
f 1104/1145/1114 1101/1141/1110 1108/1146/1115
f 1109/1147/1116 1108/1146/1115 1101/1141/1110
f 1101/1141/1110 1097/1136/1105 1109/1147/1116
f 1110/1148/1117 1104/1145/1114 1108/1146/1115
f 1111/1149/1118 1108/1146/1115 1109/1147/1116
f 1110/1148/1117 1106/1150/1119 1104/1145/1114
f 1111/1149/1118 1110/1148/1117 1108/1146/1115
f 1109/1147/1116 1097/1136/1105 1107/1144/1113
f 600/1050/1019 550/560/555 980/1016/985
f 1113/1151/1120 980/1016/985 1010/1046/1015
f 1114/1152/1121 984/1024/993 989/1026/995
f 1114/1152/1121 1001/1037/1006 984/1024/993
f 987/1023/992 1001/1037/1006 1114/1152/1121
f 1115/1153/1122 1012/1052/1021 997/1035/1004
f 1115/1153/1122 992/1032/1001 1012/1052/1021
f 1016/1154/1123 1005/1047/1016 1000/1038/1007
f 1000/1038/1007 1116/1155/1124 1016/1154/1123
f 999/1036/1005 1117/1156/1125 1011/1053/1022
f 1116/1155/1124 1000/1038/1007 1011/1053/1022
f 1117/1156/1125 999/1036/1005 1006/1042/1011
f 1113/1151/1120 600/1050/1019 980/1016/985
f 1118/1157/1126 1004/1041/1010 986/1022/991
f 991/1030/999 982/1018/987 1119/1158/1127
f 989/1026/995 988/1025/994 1114/1152/1121
f 1120/1159/1128 992/1032/1001 1115/1153/1122
f 1115/1153/1122 997/1035/1004 1005/1047/1016
f 1121/1160/1129 1116/1155/1124 1011/1053/1022
f 1119/1158/1127 986/1022/991 991/1030/999
f 1119/1158/1127 1118/1157/1126 986/1022/991
f 1122/1161/1130 982/1018/987 983/1019/988
f 982/1018/987 1122/1161/1130 1119/1158/1127
f 1123/1162/1131 992/1032/1001 1120/1159/1128
f 1123/1162/1131 1015/1051/1020 992/1032/1001
f 1124/1163/1132 1013/1049/1018 1014/1048/1017
f 1124/1163/1132 1014/1048/1017 1112/1164/1133
f 602/616/609 549/559/554 600/1050/1019
f 988/1025/994 1125/1165/1134 1114/1152/1121
f 1125/1165/1134 988/1025/994 1015/1051/1020
f 1126/1166/1135 1120/1159/1128 1115/1153/1122
f 1115/1153/1122 1005/1047/1016 1127/1167/1136
f 1121/1160/1129 1011/1053/1022 1117/1156/1125
f 1113/1151/1120 602/616/609 600/1050/1019
f 1128/1168/1137 987/1023/992 1114/1152/1121
f 1129/1169/1138 1128/1168/1137 1114/1152/1121
f 1126/1166/1135 1115/1153/1122 1127/1167/1136
f 1130/1170/1139 1003/1040/1009 985/1021/990
f 1004/1041/1010 1130/1170/1139 985/1021/990
f 1131/1171/1140 1127/1167/1136 1005/1047/1016
f 1132/1172/1141 1010/1046/1015 1003/1040/1009
f 1133/1173/1142 1122/1161/1130 983/1019/988
f 983/1019/988 987/1023/992 1133/1173/1142
f 1120/1159/1128 1126/1166/1135 1127/1167/1136
f 1130/1170/1139 1132/1172/1141 1003/1040/1009
f 1010/1046/1015 1132/1172/1141 1113/1151/1120
f 1129/1169/1138 1114/1152/1121 1125/1165/1134
f 1131/1171/1140 1005/1047/1016 1016/1154/1123
f 1134/1174/1143 1117/1156/1125 1006/1042/1011
f 1135/1175/1144 987/1023/992 1128/1168/1137
f 1135/1175/1144 1133/1173/1142 987/1023/992
f 1136/1176/1145 1120/1159/1128 1127/1167/1136
f 1006/1042/1011 1008/1043/1012 1134/1174/1143
f 1007/1044/1013 1013/1049/1018 1137/1177/1146
f 1137/1177/1146 1013/1049/1018 1124/1163/1132
f 1138/1178/1147 1130/1170/1139 1004/1041/1010
f 1129/1169/1138 1135/1175/1144 1128/1168/1137
f 1139/1179/1148 1135/1175/1144 1129/1169/1138
f 1140/1180/1149 1129/1169/1138 1125/1165/1134
f 1141/1181/1150 1125/1165/1134 1015/1051/1020
f 1141/1181/1150 1015/1051/1020 1123/1162/1131
f 1142/1182/1151 1116/1155/1124 1121/1160/1129
f 1016/1154/1123 1116/1155/1124 1142/1182/1151
f 1143/1183/1152 1121/1160/1129 1117/1156/1125
f 1143/1183/1152 1117/1156/1125 1134/1174/1143
f 1144/1184/1153 1134/1174/1143 1008/1043/1012
f 1144/1184/1153 1008/1043/1012 1007/1044/1013
f 1145/1185/1154 1124/1163/1132 1112/1164/1133
f 1138/1178/1147 1004/1041/1010 1118/1157/1126
f 1146/1186/1155 1123/1162/1131 1120/1159/1128
f 1148/1187/1156 1121/1160/1129 1143/1183/1152
f 1149/1188/1157 1132/1172/1141 1130/1170/1139
f 1120/1159/1128 1136/1176/1145 1146/1186/1155
f 1136/1176/1145 1127/1167/1136 1147/1189/1158
f 1147/1189/1158 1127/1167/1136 1131/1171/1140
f 1142/1182/1151 1121/1160/1129 1148/1187/1156
f 1007/1044/1013 1137/1177/1146 1150/1190/1159
f 1150/1190/1159 1144/1184/1153 1007/1044/1013
f 1151/1191/1160 1124/1163/1132 1145/1185/1154
f 1151/1191/1160 1137/1177/1146 1124/1163/1132
f 1133/1173/1142 1119/1158/1127 1122/1161/1130
f 1152/1192/1161 1131/1171/1140 1016/1154/1123
f 606/621/613 603/615/608 602/616/609
f 1153/1193/1162 1119/1158/1127 1133/1173/1142
f 1141/1181/1150 1123/1162/1131 1154/1194/1163
f 1146/1186/1155 1154/1194/1163 1123/1162/1131
f 1142/1182/1151 1152/1192/1161 1016/1154/1123
f 1155/1195/1164 1147/1189/1158 1131/1171/1140
f 1027/1070/1039 1052/1088/1057 1043/1080/1049
f 1043/1080/1049 1052/1088/1057 1048/1084/1053
f 1156/1196/1165 1053/1090/1059 1048/1084/1053
f 1054/1091/1060 1049/1085/1054 1050/1089/1058
f 1157/1197/1166 1054/1091/1060 1050/1089/1058
f 1157/1197/1166 1050/1089/1058 1053/1090/1059
f 1157/1197/1166 1053/1090/1059 1156/1196/1165
f 1159/1198/1167 1014/1048/1017 1009/1045/1014
f 1158/1199/1168 993/1028/997 1047/1086/1055
f 1054/1091/1060 1158/1199/1168 1047/1086/1055
f 1160/1200/1169 1157/1197/1166 1156/1196/1165
f 1158/1199/1168 1009/1045/1014 993/1028/997
f 1158/1199/1168 1159/1198/1167 1009/1045/1014
f 1161/1201/1170 1158/1199/1168 1054/1091/1060
f 1157/1197/1166 1160/1200/1169 1054/1091/1060
f 1161/1201/1170 1054/1091/1060 1160/1200/1169
f 1158/1199/1168 1162/1202/1171 1159/1198/1167
f 1163/1203/1172 1158/1199/1168 1161/1201/1170
f 1161/1201/1170 1160/1200/1169 1165/1204/1173
f 1158/1199/1168 1163/1203/1172 1162/1202/1171
f 1164/1205/1174 1112/1164/1133 1014/1048/1017
f 1159/1198/1167 1164/1205/1174 1014/1048/1017
f 1167/1206/1175 1163/1203/1172 1161/1201/1170
f 1166/1207/1176 1112/1164/1133 1164/1205/1174
f 1159/1198/1167 1162/1202/1171 1164/1205/1174
f 1163/1203/1172 1164/1205/1174 1162/1202/1171
f 1163/1203/1172 1167/1206/1175 1168/1208/1177
f 1167/1206/1175 1170/1209/1178 1168/1208/1177
f 1167/1206/1175 1161/1201/1170 1169/1210/1179
f 1171/1211/1180 1164/1205/1174 1163/1203/1172
f 1168/1208/1177 1171/1211/1180 1163/1203/1172
f 1145/1185/1154 1112/1164/1133 1166/1207/1176
f 1172/1212/1181 1164/1205/1174 1171/1211/1180
f 1171/1211/1180 1168/1208/1177 1170/1209/1178
f 1173/1213/1182 1171/1211/1180 1170/1209/1178
f 1172/1212/1181 1171/1211/1180 1173/1213/1182
f 1172/1212/1181 1166/1207/1176 1164/1205/1174
f 908/946/915 907/945/914 916/954/923
f 908/946/915 1174/1214/1183 1052/1088/1057
f 908/946/915 916/954/923 1174/1214/1183
f 1052/1088/1057 1174/1214/1183 1175/1215/1184
f 1048/1084/1053 1052/1088/1057 1176/1216/1185
f 1052/1088/1057 1175/1215/1184 1177/1217/1186
f 1156/1196/1165 1048/1084/1053 1160/1200/1169
f 1177/1217/1186 1175/1215/1184 1178/1218/1187
f 1176/1216/1185 1052/1088/1057 1177/1217/1186
f 1160/1200/1169 1048/1084/1053 1176/1216/1185
f 1165/1204/1173 1160/1200/1169 1176/1216/1185
f 1177/1217/1186 1165/1204/1173 1176/1216/1185
f 1174/1214/1183 916/954/923 918/956/925
f 1175/1215/1184 1174/1214/1183 1180/1219/1188
f 1178/1218/1187 1175/1215/1184 1180/1219/1188
f 1178/1218/1187 1181/1220/1189 1182/1221/1190
f 1177/1217/1186 1178/1218/1187 1179/1222/1191
f 1179/1222/1191 1178/1218/1187 1182/1221/1190
f 1179/1222/1191 1165/1204/1173 1177/1217/1186
f 1183/1223/1192 1174/1214/1183 918/956/925
f 1178/1218/1187 1180/1219/1188 1181/1220/1189
f 1181/1220/1189 1180/1219/1188 1184/1224/1193
f 1182/1221/1190 1181/1220/1189 1186/1225/1194
f 1179/1222/1191 1182/1221/1190 1185/1226/1195
f 1179/1222/1191 1185/1226/1195 1165/1204/1173
f 1165/1204/1173 1185/1226/1195 1187/1227/1196
f 918/956/925 1055/1092/1061 1183/1223/1192
f 1183/1223/1192 1188/1228/1197 1174/1214/1183
f 1174/1214/1183 1188/1228/1197 1184/1224/1193
f 1180/1219/1188 1174/1214/1183 1184/1224/1193
f 1191/1229/1198 1190/1230/1199 1184/1224/1193
f 1186/1225/1194 1181/1220/1189 1189/1231/1200
f 1194/1232/1201 1186/1225/1194 1189/1231/1200
f 1181/1220/1189 1184/1224/1193 1190/1230/1199
f 1190/1230/1199 1189/1231/1200 1181/1220/1189
f 1193/1233/1202 1187/1227/1196 1185/1226/1195
f 1193/1233/1202 1185/1226/1195 1182/1221/1190
f 1182/1221/1190 1186/1225/1194 1193/1233/1202
f 1193/1233/1202 1186/1225/1194 1194/1232/1201
f 1165/1204/1173 1169/1210/1179 1161/1201/1170
f 1184/1224/1193 1188/1228/1197 1192/1234/1203
f 1184/1224/1193 1192/1234/1203 1191/1229/1198
f 1191/1229/1198 1189/1231/1200 1190/1230/1199
f 1193/1233/1202 1194/1232/1201 1195/1235/1204
f 1196/1236/1205 1194/1232/1201 1189/1231/1200
f 1187/1227/1196 1193/1233/1202 1195/1235/1204
f 1165/1204/1173 1187/1227/1196 1169/1210/1179
f 1183/1223/1192 1055/1092/1061 1198/1237/1206
f 1183/1223/1192 1198/1237/1206 1188/1228/1197
f 1200/1238/1207 1191/1229/1198 1192/1234/1203
f 1194/1232/1201 1196/1236/1205 1195/1235/1204
f 1201/1239/1208 1196/1236/1205 1189/1231/1200
f 1199/1240/1209 1189/1231/1200 1191/1229/1198
f 1199/1240/1209 1201/1239/1208 1189/1231/1200
f 1202/1241/1210 1201/1239/1208 1199/1240/1209
f 1197/1242/1211 1169/1210/1179 1187/1227/1196
f 1197/1242/1211 1187/1227/1196 1195/1235/1204
f 1196/1236/1205 1197/1242/1211 1195/1235/1204
f 1055/1092/1061 1203/1243/1212 1198/1237/1206
f 1203/1243/1212 1055/1092/1061 1058/1096/1065
f 1192/1234/1203 1188/1228/1197 1204/1244/1213
f 1204/1244/1213 1188/1228/1197 1205/1245/1214
f 1206/1246/1215 1207/1247/1216 1200/1238/1207
f 1208/1248/1217 1200/1238/1207 1192/1234/1203
f 1206/1246/1215 1200/1238/1207 1208/1248/1217
f 1192/1234/1203 1204/1244/1213 1209/1249/1218
f 1191/1229/1198 1202/1241/1210 1199/1240/1209
f 1207/1247/1216 1191/1229/1198 1200/1238/1207
f 1202/1241/1210 1191/1229/1198 1207/1247/1216
f 1210/1250/1219 1197/1242/1211 1196/1236/1205
f 1210/1250/1219 1196/1236/1205 1201/1239/1208
f 1205/1245/1214 1188/1228/1197 1211/1251/1220
f 1204/1244/1213 1205/1245/1214 1212/1252/1221
f 1208/1248/1217 1192/1234/1203 1209/1249/1218
f 1209/1249/1218 1204/1244/1213 1212/1252/1221
f 1213/1253/1222 1207/1247/1216 1206/1246/1215
f 1213/1253/1222 1206/1246/1215 1214/1254/1223
f 1214/1254/1223 1206/1246/1215 1208/1248/1217
f 1214/1254/1223 1208/1248/1217 1209/1249/1218
f 1215/1255/1224 1197/1242/1211 1210/1250/1219
f 1215/1255/1224 1210/1250/1219 1201/1239/1208
f 1215/1255/1224 1201/1239/1208 1216/1256/1225
f 1216/1256/1225 1201/1239/1208 1202/1241/1210
f 1207/1247/1216 1216/1256/1225 1202/1241/1210
f 1198/1237/1206 1203/1243/1212 1211/1251/1220
f 1188/1228/1197 1198/1237/1206 1211/1251/1220
f 1211/1251/1220 1217/1257/1226 1205/1245/1214
f 1218/1258/1227 1212/1252/1221 1205/1245/1214
f 1205/1245/1214 1217/1257/1226 1218/1258/1227
f 1209/1249/1218 1212/1252/1221 1219/1259/1228
f 1218/1258/1227 1219/1259/1228 1212/1252/1221
f 1213/1253/1222 1216/1256/1225 1207/1247/1216
f 1220/1260/1229 1216/1256/1225 1213/1253/1222
f 1170/1209/1178 1167/1206/1175 1221/1261/1230
f 1167/1206/1175 1169/1210/1179 1197/1242/1211
f 1222/1262/1231 1167/1206/1175 1197/1242/1211
f 1222/1262/1231 1197/1242/1211 1215/1255/1224
f 1203/1243/1212 1223/1263/1232 1211/1251/1220
f 1217/1257/1226 1211/1251/1220 1223/1263/1232
f 1217/1257/1226 1224/1264/1233 1218/1258/1227
f 1224/1264/1233 1219/1259/1228 1218/1258/1227
f 1225/1265/1234 1220/1260/1229 1213/1253/1222
f 1226/1266/1235 1213/1253/1222 1214/1254/1223
f 1219/1259/1228 1214/1254/1223 1209/1249/1218
f 1226/1266/1235 1214/1254/1223 1219/1259/1228
f 1220/1260/1229 1222/1262/1231 1215/1255/1224
f 1220/1260/1229 1215/1255/1224 1216/1256/1225
f 1222/1262/1231 1221/1261/1230 1167/1206/1175
f 1217/1257/1226 1223/1263/1232 1227/1267/1236
f 1228/1268/1237 1224/1264/1233 1217/1257/1226
f 1228/1268/1237 1217/1257/1226 1227/1267/1236
f 1219/1259/1228 1224/1264/1233 1226/1266/1235
f 1226/1266/1235 1224/1264/1233 1228/1268/1237
f 1225/1265/1234 1213/1253/1222 1226/1266/1235
f 1232/1269/1238 1226/1266/1235 1228/1268/1237
f 1231/1270/1239 1232/1269/1238 1228/1268/1237
f 1229/1271/1240 1228/1268/1237 1227/1267/1236
f 1227/1267/1236 1230/1272/1241 1229/1271/1240
f 1233/1273/1242 1170/1209/1178 1221/1261/1230
f 1221/1261/1230 1222/1262/1231 1233/1273/1242
f 1234/1274/1243 1173/1213/1182 1170/1209/1178
f 1235/1275/1244 1232/1269/1238 1231/1270/1239
f 1236/1276/1245 1235/1275/1244 1231/1270/1239
f 1236/1276/1245 1231/1270/1239 1228/1268/1237
f 1228/1268/1237 1229/1271/1240 1236/1276/1245
f 1237/1277/1246 1236/1276/1245 1229/1271/1240
f 1233/1273/1242 1234/1274/1243 1170/1209/1178
f 1225/1265/1234 1222/1262/1231 1220/1260/1229
f 1226/1266/1235 1238/1278/1247 1225/1265/1234
f 1058/1096/1065 1055/1092/1061 927/965/934
f 1203/1243/1212 1239/1279/1248 1223/1263/1232
f 1223/1263/1232 1239/1279/1248 1230/1272/1241
f 1227/1267/1236 1223/1263/1232 1230/1272/1241
f 1058/1096/1065 1064/1103/1072 1071/1112/1081
f 1071/1112/1081 1203/1243/1212 1058/1096/1065
f 1239/1279/1248 1203/1243/1212 1241/1280/1249
f 1241/1280/1249 1242/1281/1250 1239/1279/1248
f 1230/1272/1241 1239/1279/1248 1242/1281/1250
f 1243/1282/1251 1230/1272/1241 1242/1281/1250
f 1230/1272/1241 1243/1282/1251 1229/1271/1240
f 1244/1283/1252 1073/1110/1079 1072/1109/1078
f 1075/1284/1253 1072/1109/1078 1074/1111/1080
f 1075/1284/1253 1244/1283/1252 1072/1109/1078
f 1075/1284/1253 1074/1111/1080 1076/1132/1101
f 1246/1285/1254 1244/1283/1252 1075/1284/1253
f 1248/1286/1255 1244/1283/1252 1246/1285/1254
f 1246/1285/1254 1075/1284/1253 1247/1287/1256
f 1250/1288/1257 1246/1285/1254 1247/1287/1256
f 1249/1289/1258 1246/1285/1254 1250/1288/1257
f 1250/1288/1257 1247/1287/1256 1251/1290/1259
f 1251/1290/1259 1252/1291/1260 1250/1288/1257
f 1076/1132/1101 1074/1111/1080 1093/1130/1099
f 1254/1133/1102 1076/1132/1101 1091/1128/1097
f 1254/1133/1102 1091/1128/1097 1094/1131/1100
f 1247/1287/1256 1075/1284/1253 1076/1132/1101
f 1255/1292/1261 1247/1287/1256 1076/1132/1101
f 1254/1133/1102 1255/1292/1261 1076/1132/1101
f 1105/1143/1112 1254/1133/1102 1087/1123/1092
f 1257/1293/1262 1247/1287/1256 1255/1292/1261
f 1251/1290/1259 1253/1294/1263 1252/1291/1260
f 1252/1291/1260 1253/1294/1263 1259/1295/1264
f 1251/1290/1259 1247/1287/1256 1257/1293/1262
f 1258/1296/1265 1257/1293/1262 1255/1292/1261
f 1258/1296/1265 1255/1292/1261 1254/1133/1102
f 1257/1293/1262 1253/1294/1263 1251/1290/1259
f 1260/1297/1266 1254/1133/1102 1256/1298/1267
f 1261/1299/1268 1103/1142/1111 1104/1145/1114
f 1106/1150/1119 1261/1299/1268 1104/1145/1114
f 1087/1123/1092 1102/1140/1109 1105/1143/1112
f 1261/1299/1268 1105/1143/1112 1103/1142/1111
f 1261/1299/1268 1256/1298/1267 1105/1143/1112
f 1106/1150/1119 1262/1300/1269 1261/1299/1268
f 1256/1298/1267 1254/1133/1102 1105/1143/1112
f 1261/1299/1268 1262/1300/1269 1256/1298/1267
f 1264/1301/1270 1256/1298/1267 1262/1300/1269
f 1264/1301/1270 1262/1300/1269 1263/1302/1271
f 1107/1144/1113 1265/1303/1272 1109/1147/1116
f 1265/1303/1272 1111/1149/1118 1109/1147/1116
f 1110/1148/1117 1111/1149/1118 1265/1303/1272
f 1266/1304/1273 1110/1148/1117 1265/1303/1272
f 1107/1144/1113 1095/1135/1104 1267/1305/1274
f 1267/1305/1274 1268/1306/1275 1107/1144/1113
f 1269/1307/1276 1110/1148/1117 1266/1304/1273
f 1106/1150/1119 1110/1148/1117 1269/1307/1276
f 1270/1308/1277 1266/1304/1273 1265/1303/1272
f 1265/1303/1272 1107/1144/1113 1270/1308/1277
f 1272/1309/1278 1106/1150/1119 1269/1307/1276
f 1272/1309/1278 1262/1300/1269 1106/1150/1119
f 1271/1310/1279 1269/1307/1276 1266/1304/1273
f 1272/1309/1278 1269/1307/1276 1271/1310/1279
f 1270/1308/1277 1271/1310/1279 1266/1304/1273
f 1267/1305/1274 1273/1311/1280 1268/1306/1275
f 1270/1308/1277 1107/1144/1113 1268/1306/1275
f 1272/1309/1278 1274/1312/1281 1262/1300/1269
f 1275/1313/1282 1271/1310/1279 1270/1308/1277
f 1275/1313/1282 1270/1308/1277 1276/1314/1283
f 1276/1314/1283 1270/1308/1277 1268/1306/1275
f 1277/1315/1284 1271/1310/1279 1275/1313/1282
f 1276/1314/1283 1268/1306/1275 1278/1316/1285
f 1263/1302/1271 1262/1300/1269 1274/1312/1281
f 1279/1317/1286 1275/1313/1282 1276/1314/1283
f 1279/1317/1286 1276/1314/1283 1278/1316/1285
f 1277/1315/1284 1274/1312/1281 1272/1309/1278
f 1277/1315/1284 1272/1309/1278 1271/1310/1279
f 1280/1318/1287 1263/1302/1271 1274/1312/1281
f 1280/1318/1287 1274/1312/1281 1277/1315/1284
f 1281/1319/1288 1277/1315/1284 1275/1313/1282
f 1278/1316/1285 1268/1306/1275 1283/1320/1289
f 1268/1306/1275 1282/1321/1290 1283/1320/1289
f 1283/1320/1289 1279/1317/1286 1278/1316/1285
f 1268/1306/1275 1273/1311/1280 1282/1321/1290
f 1284/1322/1291 1279/1317/1286 1283/1320/1289
f 1285/1323/1292 1130/1170/1139 1138/1178/1147
f 1286/1324/1293 1139/1179/1148 1129/1169/1138
f 1286/1324/1293 1135/1175/1144 1139/1179/1148
f 1287/1325/1294 1113/1151/1120 1132/1172/1141
f 1285/1323/1292 1149/1188/1157 1130/1170/1139
f 1288/1326/1295 1119/1158/1127 1153/1193/1162
f 1135/1175/1144 1289/1327/1296 1133/1173/1142
f 1290/1328/1297 1140/1180/1149 1125/1165/1134
f 1291/1329/1298 1146/1186/1155 1136/1176/1145
f 1291/1329/1298 1136/1176/1145 1147/1189/1158
f 1293/1330/1299 606/621/613 602/616/609
f 1293/1330/1299 602/616/609 1113/1151/1120
f 1293/1330/1299 1113/1151/1120 1292/1331/1300
f 1287/1325/1294 1132/1172/1141 1149/1188/1157
f 1292/1331/1300 1113/1151/1120 1287/1325/1294
f 1288/1326/1295 1118/1157/1126 1119/1158/1127
f 1290/1328/1297 1125/1165/1134 1141/1181/1150
f 1289/1327/1296 1153/1193/1162 1133/1173/1142
f 1146/1186/1155 1141/1181/1150 1154/1194/1163
f 1294/1332/1301 1141/1181/1150 1146/1186/1155
f 1148/1187/1156 1143/1183/1152 1295/1333/1302
f 1296/1334/1303 1151/1191/1160 1145/1185/1154
f 1286/1324/1293 1129/1169/1138 1297/1335/1304
f 1298/1336/1305 1140/1180/1149 1290/1328/1297
f 1295/1333/1302 1143/1183/1152 1134/1174/1143
f 1288/1326/1295 1153/1193/1162 1301/1337/1306
f 1298/1336/1305 1297/1335/1304 1129/1169/1138
f 1298/1336/1305 1129/1169/1138 1140/1180/1149
f 1291/1329/1298 1299/1338/1307 1146/1186/1155
f 1302/1339/1308 1147/1189/1158 1155/1195/1164
f 1303/1340/1309 1142/1182/1151 1148/1187/1156
f 1142/1182/1151 1303/1340/1309 1152/1192/1161
f 1304/1341/1310 1295/1333/1302 1134/1174/1143
f 1300/1342/1311 1144/1184/1153 1150/1190/1159
f 1301/1337/1306 1153/1193/1162 1289/1327/1296
f 1294/1332/1301 1146/1186/1155 1299/1338/1307
f 1291/1329/1298 1147/1189/1158 1302/1339/1308
f 1304/1341/1310 1134/1174/1143 1144/1184/1153
f 1300/1342/1311 1150/1190/1159 1137/1177/1146
f 1151/1191/1160 1296/1334/1303 1305/1343/1312
f 1305/1343/1312 1137/1177/1146 1151/1191/1160
f 1307/1344/1313 1306/1345/1314 1287/1325/1294
f 1307/1344/1313 1287/1325/1294 1149/1188/1157
f 1306/1345/1314 1292/1331/1300 1287/1325/1294
f 1149/1188/1157 1285/1323/1292 1307/1344/1313
f 1285/1323/1292 1138/1178/1147 1308/1346/1315
f 1308/1346/1315 1138/1178/1147 1118/1157/1126
f 1294/1332/1301 1310/1347/1316 1141/1181/1150
f 1311/1348/1317 1155/1195/1164 1152/1192/1161
f 1311/1348/1317 1152/1192/1161 1303/1340/1309
f 1312/1349/1318 1303/1340/1309 1148/1187/1156
f 1148/1187/1156 1295/1333/1302 1312/1349/1318
f 619/636/627 606/621/613 1293/1330/1299
f 619/636/627 1293/1330/1299 1292/1331/1300
f 1309/1350/1319 1135/1175/1144 1286/1324/1293
f 1309/1350/1319 1289/1327/1296 1135/1175/1144
f 1290/1328/1297 1141/1181/1150 1310/1347/1316
f 1313/1351/1320 1155/1195/1164 1311/1348/1317
f 1137/1177/1146 1314/1352/1321 1300/1342/1311
f 1314/1352/1321 1137/1177/1146 1305/1343/1312
f 621/638/629 619/636/627 1292/1331/1300
f 1302/1339/1308 1155/1195/1164 1313/1351/1320
f 1315/1353/1322 1304/1341/1310 1144/1184/1153
f 1315/1353/1322 1144/1184/1153 1300/1342/1311
f 1317/1354/1323 1316/1355/1324 1291/1329/1298
f 1317/1354/1323 1291/1329/1298 1302/1339/1308
f 1318/1356/1325 1300/1342/1311 1314/1352/1321
f 1299/1338/1307 1291/1329/1298 1316/1355/1324
f 623/641/631 621/638/629 1292/1331/1300
f 1288/1326/1295 1319/1357/1326 1118/1157/1126
f 1319/1357/1326 1308/1346/1315 1118/1157/1126
f 1318/1356/1325 1315/1353/1322 1300/1342/1311
f 1320/1358/1327 1305/1343/1312 1296/1334/1303
f 1316/1355/1324 1294/1332/1301 1299/1338/1307
f 623/641/631 622/637/628 621/638/629
f 1320/1358/1327 1314/1352/1321 1305/1343/1312
f 1310/1347/1316 1294/1332/1301 1321/1359/1328
f 1321/1359/1328 1294/1332/1301 1316/1355/1324
f 1323/1360/1329 1307/1344/1313 1285/1323/1292
f 1323/1360/1329 1285/1323/1292 1308/1346/1315
f 1324/1361/1330 1302/1339/1308 1313/1351/1320
f 1324/1361/1330 1317/1354/1323 1302/1339/1308
f 623/641/631 1292/1331/1300 1325/1362/1331
f 1292/1331/1300 1306/1345/1314 1325/1362/1331
f 1326/1363/1332 1298/1336/1305 1290/1328/1297
f 1326/1363/1332 1290/1328/1297 1310/1347/1316
f 1234/1274/1243 1327/1364/1333 1172/1212/1181
f 1328/1365/1334 1166/1207/1176 1172/1212/1181
f 1296/1334/1303 1145/1185/1154 1166/1207/1176
f 1328/1365/1334 1172/1212/1181 1327/1364/1333
f 1296/1334/1303 1166/1207/1176 1328/1365/1334
f 1296/1334/1303 1328/1365/1334 1329/1366/1335
f 1322/1367/1336 1296/1334/1303 1329/1366/1335
f 1322/1367/1336 1320/1358/1327 1296/1334/1303
f 1330/1368/1337 1328/1365/1334 1327/1364/1333
f 1330/1368/1337 1329/1366/1335 1328/1365/1334
f 1235/1275/1244 1236/1276/1245 1331/1369/1338
f 1332/1370/1339 1237/1277/1246 1229/1271/1240
f 1238/1278/1247 1226/1266/1235 1232/1269/1238
f 1331/1369/1338 1238/1278/1247 1232/1269/1238
f 1232/1269/1238 1235/1275/1244 1331/1369/1338
f 1237/1277/1246 1331/1369/1338 1236/1276/1245
f 1333/1371/1340 1233/1273/1242 1222/1262/1231
f 1225/1265/1234 1238/1278/1247 1222/1262/1231
f 1173/1213/1182 1234/1274/1243 1172/1212/1181
f 1334/1372/1341 1237/1277/1246 1332/1370/1339
f 1335/1373/1342 1238/1278/1247 1331/1369/1338
f 1335/1373/1342 1222/1262/1231 1238/1278/1247
f 1237/1277/1246 1335/1373/1342 1331/1369/1338
f 1335/1373/1342 1237/1277/1246 1334/1372/1341
f 1333/1371/1340 1222/1262/1231 1335/1373/1342
f 1336/1374/1343 1335/1373/1342 1334/1372/1341
f 1338/1375/1344 1335/1373/1342 1336/1374/1343
f 1337/1376/1345 1233/1273/1242 1333/1371/1340
f 1337/1376/1345 1234/1274/1243 1233/1273/1242
f 1333/1371/1340 1335/1373/1342 1338/1375/1344
f 1339/1377/1346 1327/1364/1333 1234/1274/1243
f 1339/1377/1346 1234/1274/1243 1337/1376/1345
f 1391/1378/1347 1339/1377/1346 1337/1376/1345
f 1327/1364/1333 1339/1377/1346 1340/1379/1348
f 1330/1368/1337 1327/1364/1333 1340/1379/1348
f 1240/1380/1349 1203/1243/1212 1071/1112/1081
f 1203/1243/1212 1240/1380/1349 1341/1381/1350
f 1241/1280/1249 1341/1381/1350 1342/1382/1351
f 1241/1280/1249 1203/1243/1212 1341/1381/1350
f 1343/1383/1352 1242/1281/1250 1241/1280/1249
f 1343/1383/1352 1241/1280/1249 1342/1382/1351
f 1243/1282/1251 1332/1370/1339 1229/1271/1240
f 1334/1372/1341 1332/1370/1339 1243/1282/1251
f 1342/1382/1351 1341/1381/1350 1344/1384/1353
f 1342/1382/1351 1344/1384/1353 1343/1383/1352
f 1336/1374/1343 1334/1372/1341 1345/1385/1354
f 1243/1282/1251 1242/1281/1250 1345/1385/1354
f 1345/1385/1354 1334/1372/1341 1243/1282/1251
f 1242/1281/1250 1343/1383/1352 1345/1385/1354
f 1240/1380/1349 1071/1112/1081 1346/1386/1355
f 1071/1112/1081 1073/1110/1079 1346/1386/1355
f 1341/1381/1350 1240/1380/1349 1346/1386/1355
f 1341/1381/1350 1347/1387/1356 1344/1384/1353
f 1341/1381/1350 1346/1386/1355 1347/1387/1356
f 1343/1383/1352 1344/1384/1353 1349/1388/1357
f 1349/1388/1357 1336/1374/1343 1343/1383/1352
f 1336/1374/1343 1345/1385/1354 1343/1383/1352
f 1245/1389/1358 1073/1110/1079 1244/1283/1252
f 1245/1389/1358 1346/1386/1355 1073/1110/1079
f 1346/1386/1355 1245/1389/1358 1347/1387/1356
f 1348/1390/1359 1347/1387/1356 1350/1391/1360
f 1344/1384/1353 1347/1387/1356 1348/1390/1359
f 1349/1388/1357 1344/1384/1353 1348/1390/1359
f 1336/1374/1343 1349/1388/1357 1351/1392/1361
f 1347/1387/1356 1245/1389/1358 1350/1391/1360
f 1348/1390/1359 1350/1391/1360 1352/1393/1362
f 1348/1390/1359 1351/1392/1361 1349/1388/1357
f 1351/1392/1361 1348/1390/1359 1353/1394/1363
f 1354/1395/1364 1353/1394/1363 1348/1390/1359
f 1245/1389/1358 1244/1283/1252 1355/1396/1365
f 1244/1283/1252 1248/1286/1255 1355/1396/1365
f 1245/1389/1358 1355/1396/1365 1350/1391/1360
f 1356/1397/1366 1350/1391/1360 1355/1396/1365
f 1352/1393/1362 1350/1391/1360 1356/1397/1366
f 1352/1393/1362 1356/1397/1366 1358/1398/1367
f 1359/1399/1368 1352/1393/1362 1358/1398/1367
f 1360/1400/1369 1353/1394/1363 1354/1395/1364
f 1359/1399/1368 1361/1401/1370 1348/1390/1359
f 1361/1401/1370 1354/1395/1364 1348/1390/1359
f 1359/1399/1368 1348/1390/1359 1352/1393/1362
f 1360/1400/1369 1336/1374/1343 1351/1392/1361
f 1351/1392/1361 1353/1394/1363 1360/1400/1369
f 1355/1396/1365 1248/1286/1255 1357/1402/1371
f 1356/1397/1366 1355/1396/1365 1357/1402/1371
f 1356/1397/1366 1357/1402/1371 1358/1398/1367
f 1358/1398/1367 1357/1402/1371 1362/1403/1372
f 1360/1400/1369 1354/1395/1364 1361/1401/1370
f 1363/1404/1373 1360/1400/1369 1361/1401/1370
f 1361/1401/1370 1359/1399/1368 1363/1404/1373
f 1363/1404/1373 1359/1399/1368 1364/1405/1374
f 1364/1405/1374 1359/1399/1368 1358/1398/1367
f 1360/1400/1369 1365/1406/1375 1336/1374/1343
f 1336/1374/1343 1365/1406/1375 1338/1375/1344
f 1248/1286/1255 1246/1285/1254 1366/1407/1376
f 1366/1407/1376 1246/1285/1254 1249/1289/1258
f 1357/1402/1371 1248/1286/1255 1366/1407/1376
f 1357/1402/1371 1366/1407/1376 1367/1408/1377
f 1357/1402/1371 1367/1408/1377 1368/1409/1378
f 1369/1410/1379 1357/1402/1371 1368/1409/1378
f 1362/1403/1372 1357/1402/1371 1369/1410/1379
f 1369/1410/1379 1368/1409/1378 1370/1411/1380
f 1364/1405/1374 1358/1398/1367 1362/1403/1372
f 1371/1412/1381 1364/1405/1374 1362/1403/1372
f 1371/1412/1381 1362/1403/1372 1369/1410/1379
f 1372/1413/1382 1371/1412/1381 1369/1410/1379
f 1373/1414/1383 1366/1407/1376 1249/1289/1258
f 1366/1407/1376 1373/1414/1383 1367/1408/1377
f 1249/1289/1258 1250/1288/1257 1373/1414/1383
f 1367/1408/1377 1374/1415/1384 1368/1409/1378
f 1368/1409/1378 1374/1415/1384 1370/1411/1380
f 1369/1410/1379 1370/1411/1380 1372/1413/1382
f 1371/1412/1381 1363/1404/1373 1364/1405/1374
f 1363/1404/1373 1365/1406/1375 1360/1400/1369
f 1376/1416/1385 1373/1414/1383 1250/1288/1257
f 1367/1408/1377 1373/1414/1383 1374/1415/1384
f 1370/1411/1380 1374/1415/1384 1373/1414/1383
f 1370/1411/1380 1373/1414/1383 1377/1417/1386
f 1373/1414/1383 1376/1416/1385 1377/1417/1386
f 1370/1411/1380 1377/1417/1386 1378/1418/1387
f 1370/1411/1380 1379/1419/1388 1372/1413/1382
f 1378/1418/1387 1379/1419/1388 1370/1411/1380
f 1375/1420/1389 1371/1412/1381 1372/1413/1382
f 1375/1420/1389 1365/1406/1375 1363/1404/1373
f 1375/1420/1389 1363/1404/1373 1371/1412/1381
f 1376/1416/1385 1250/1288/1257 1259/1295/1264
f 1376/1416/1385 1259/1295/1264 1380/1421/1390
f 1381/1422/1391 1377/1417/1386 1376/1416/1385
f 1376/1416/1385 1380/1421/1390 1381/1422/1391
f 1377/1417/1386 1381/1422/1391 1378/1418/1387
f 1381/1422/1391 1383/1423/1392 1378/1418/1387
f 1378/1418/1387 1382/1424/1393 1379/1419/1388
f 1372/1413/1382 1379/1419/1388 1375/1420/1389
f 1384/1425/1394 1333/1371/1340 1338/1375/1344
f 1337/1376/1345 1333/1371/1340 1384/1425/1394
f 1384/1425/1394 1338/1375/1344 1365/1406/1375
f 1250/1288/1257 1252/1291/1260 1259/1295/1264
f 1380/1421/1390 1259/1295/1264 1386/1426/1395
f 1383/1423/1392 1381/1422/1391 1380/1421/1390
f 1383/1423/1392 1380/1421/1390 1387/1427/1396
f 1380/1421/1390 1386/1426/1395 1387/1427/1396
f 1382/1424/1393 1378/1418/1387 1383/1423/1392
f 1375/1420/1389 1379/1419/1388 1382/1424/1393
f 1385/1428/1397 1365/1406/1375 1375/1420/1389
f 1385/1428/1397 1384/1425/1394 1365/1406/1375
f 1386/1426/1395 1389/1429/1398 1388/1430/1399
f 1388/1430/1399 1387/1427/1396 1386/1426/1395
f 1383/1423/1392 1390/1431/1400 1382/1424/1393
f 1390/1431/1400 1383/1423/1392 1387/1427/1396
f 1390/1431/1400 1387/1427/1396 1388/1430/1399
f 1391/1378/1347 1337/1376/1345 1384/1425/1394
f 1389/1429/1398 1386/1426/1395 1392/1432/1401
f 1388/1430/1399 1389/1429/1398 1393/1433/1402
f 1393/1433/1402 1389/1429/1398 1394/1434/1403
f 1390/1431/1400 1388/1430/1399 1393/1433/1402
f 1396/1435/1404 1382/1424/1393 1390/1431/1400
f 1375/1420/1389 1382/1424/1393 1396/1435/1404
f 1396/1435/1404 1390/1431/1400 1393/1433/1402
f 1395/1436/1405 1393/1433/1402 1394/1434/1403
f 1397/1437/1406 1384/1425/1394 1385/1428/1397
f 1395/1436/1405 1396/1435/1404 1393/1433/1402
f 1384/1425/1394 1397/1437/1406 1391/1378/1347
f 1398/1438/1407 1391/1378/1347 1397/1437/1406
f 1386/1426/1395 1259/1295/1264 1392/1432/1401
f 1259/1295/1264 1253/1294/1263 1392/1432/1401
f 1399/1439/1408 1389/1429/1398 1392/1432/1401
f 1394/1434/1403 1389/1429/1398 1399/1439/1408
f 1395/1436/1405 1394/1434/1403 1399/1439/1408
f 1399/1439/1408 1392/1432/1401 1400/1440/1409
f 1400/1440/1409 1392/1432/1401 1401/1441/1410
f 1392/1432/1401 1402/1442/1411 1401/1441/1410
f 1395/1436/1405 1399/1439/1408 1400/1440/1409
f 1253/1294/1263 1257/1293/1262 1403/1443/1412
f 1403/1443/1412 1257/1293/1262 1258/1296/1265
f 1404/1444/1413 1403/1443/1412 1258/1296/1265
f 1260/1297/1266 1404/1444/1413 1258/1296/1265
f 1406/1445/1414 1260/1297/1266 1405/1446/1415
f 1405/1446/1415 1260/1297/1266 1256/1298/1267
f 1404/1444/1413 1407/1447/1416 1403/1443/1412
f 1406/1445/1414 1404/1444/1413 1260/1297/1266
f 1405/1446/1415 1409/1448/1417 1406/1445/1414
f 1407/1447/1416 1404/1444/1413 1406/1445/1414
f 1406/1445/1414 1409/1448/1417 1407/1447/1416
f 1410/1449/1418 1409/1448/1417 1405/1446/1415
f 1407/1447/1416 1409/1448/1417 1411/1450/1419
f 1413/1451/1420 1409/1448/1417 1410/1449/1418
f 1413/1451/1420 1410/1449/1418 1405/1446/1415
f 1411/1450/1419 1409/1448/1417 1413/1451/1420
f 1413/1451/1420 1416/1452/1421 1411/1450/1419
f 1417/1453/1422 1416/1452/1421 1413/1451/1420
f 1417/1453/1422 1413/1451/1420 1418/1454/1423
f 1417/1453/1422 1418/1454/1423 1416/1452/1421
f 1419/1455/1424 1416/1452/1421 1418/1454/1423
f 1420/1456/1425 1418/1454/1423 1413/1451/1420
f 1264/1301/1270 1408/1457/1426 1256/1298/1267
f 1408/1457/1426 1405/1446/1415 1256/1298/1267
f 1408/1457/1426 1264/1301/1270 1421/1458/1427
f 1421/1458/1427 1264/1301/1270 1263/1302/1271
f 1422/1459/1428 1421/1458/1427 1280/1318/1287
f 1424/1460/1429 1423/1461/1430 1408/1457/1426
f 1424/1460/1429 1408/1457/1426 1421/1458/1427
f 1423/1461/1430 1405/1446/1415 1408/1457/1426
f 1423/1461/1430 1413/1451/1420 1405/1446/1415
f 1425/1462/1431 1424/1460/1429 1421/1458/1427
f 1425/1462/1431 1421/1458/1427 1422/1459/1428
f 1426/1463/1432 1423/1461/1430 1424/1460/1429
f 1427/1464/1433 1426/1463/1432 1424/1460/1429
f 1428/1465/1434 1427/1464/1433 1424/1460/1429
f 1428/1465/1434 1424/1460/1429 1425/1462/1431
f 1429/1466/1435 1425/1462/1431 1422/1459/1428
f 1420/1456/1425 1413/1451/1420 1423/1461/1430
f 1426/1463/1432 1420/1456/1425 1423/1461/1430
f 1280/1318/1287 1421/1458/1427 1263/1302/1271
f 1277/1315/1284 1431/1467/1436 1280/1318/1287
f 1281/1319/1288 1431/1467/1436 1277/1315/1284
f 1432/1468/1437 1431/1467/1436 1281/1319/1288
f 1433/1469/1438 1281/1319/1288 1430/1470/1439
f 1431/1467/1436 1422/1459/1428 1280/1318/1287
f 1434/1471/1440 1431/1467/1436 1432/1468/1437
f 1432/1468/1437 1281/1319/1288 1433/1469/1438
f 1434/1471/1440 1432/1468/1437 1433/1469/1438
f 1434/1471/1440 1422/1459/1428 1431/1467/1436
f 1429/1466/1435 1422/1459/1428 1434/1471/1440
f 1436/1472/1441 1434/1471/1440 1433/1469/1438
f 1437/1473/1442 1429/1466/1435 1434/1471/1440
f 1436/1472/1441 1437/1473/1442 1434/1471/1440
f 1282/1321/1290 1284/1322/1291 1283/1320/1289
f 1282/1321/1290 1273/1311/1280 1440/1474/1443
f 1281/1319/1288 1275/1313/1282 1279/1317/1286
f 1430/1470/1439 1281/1319/1288 1279/1317/1286
f 1284/1322/1291 1430/1470/1439 1279/1317/1286
f 1439/1475/1444 1284/1322/1291 1282/1321/1290
f 1430/1470/1439 1284/1322/1291 1439/1475/1444
f 1282/1321/1290 1438/1476/1445 1439/1475/1444
f 1282/1321/1290 1440/1474/1443 1438/1476/1445
f 1441/1477/1446 1439/1475/1444 1438/1476/1445
f 1442/1478/1447 1430/1470/1439 1439/1475/1444
f 1440/1474/1443 1443/1479/1448 1444/1480/1449
f 1440/1474/1443 1444/1480/1449 1438/1476/1445
f 1441/1477/1446 1442/1478/1447 1439/1475/1444
f 1435/1481/1450 1433/1469/1438 1430/1470/1439
f 1442/1478/1447 1435/1481/1450 1430/1470/1439
f 1445/1482/1451 1435/1481/1450 1442/1478/1447
f 1438/1476/1445 1444/1480/1449 1441/1477/1446
f 1447/1483/1452 1442/1478/1447 1441/1477/1446
f 1446/1484/1453 1441/1477/1446 1444/1480/1449
f 1447/1483/1452 1445/1482/1451 1442/1478/1447
f 1444/1480/1449 1449/1485/1454 1450/1486/1455
f 1451/1487/1456 1441/1477/1446 1446/1484/1453
f 1446/1484/1453 1444/1480/1449 1450/1486/1455
f 1433/1469/1438 1435/1481/1450 1448/1488/1457
f 1448/1488/1457 1435/1481/1450 1445/1482/1451
f 1448/1488/1457 1445/1482/1451 1447/1483/1452
f 1451/1487/1456 1447/1483/1452 1441/1477/1446
f 1452/1489/1458 1451/1487/1456 1446/1484/1453
f 1452/1489/1458 1446/1484/1453 1450/1486/1455
f 1453/1490/1459 1448/1488/1457 1447/1483/1452
f 1451/1487/1456 1453/1490/1459 1447/1483/1452
f 1454/1491/1460 1452/1489/1458 1450/1486/1455
f 1453/1490/1459 1433/1469/1438 1448/1488/1457
f 1444/1480/1449 1443/1479/1448 1449/1485/1454
f 1450/1486/1455 1449/1485/1454 1454/1491/1460
f 1436/1472/1441 1433/1469/1438 1453/1490/1459
f 1455/1492/1461 1453/1490/1459 1451/1487/1456
f 1452/1489/1458 1456/1493/1462 1451/1487/1456
f 1454/1491/1460 1456/1493/1462 1452/1489/1458
f 1457/1494/1463 1456/1493/1462 1454/1491/1460
f 1436/1472/1441 1453/1490/1459 1455/1492/1461
f 1451/1487/1456 1459/1495/1464 1455/1492/1461
f 1459/1495/1464 1451/1487/1456 1456/1493/1462
f 1458/1496/1465 1457/1494/1463 1454/1491/1460
f 1449/1485/1454 1458/1496/1465 1454/1491/1460
f 1461/1497/1466 1297/1335/1304 1298/1336/1305
f 1461/1497/1466 1286/1324/1293 1297/1335/1304
f 1310/1347/1316 1462/1498/1467 1326/1363/1332
f 1316/1355/1324 1317/1354/1323 1463/1499/1468
f 1307/1344/1313 1466/1500/1469 1306/1345/1314
f 1326/1363/1332 1461/1497/1466 1298/1336/1305
f 1467/1501/1470 1462/1498/1467 1310/1347/1316
f 1463/1499/1468 1321/1359/1328 1316/1355/1324
f 1464/1502/1471 1317/1354/1323 1324/1361/1330
f 1465/1503/1472 1324/1361/1330 1313/1351/1320
f 1465/1503/1472 1313/1351/1320 1311/1348/1317
f 1469/1504/1473 1315/1353/1322 1318/1356/1325
f 1325/1362/1331 1306/1345/1314 1466/1500/1469
f 1323/1360/1329 1466/1500/1469 1307/1344/1313
f 1467/1501/1470 1310/1347/1316 1321/1359/1328
f 1463/1499/1468 1317/1354/1323 1464/1502/1471
f 1469/1504/1473 1304/1341/1310 1315/1353/1322
f 1471/1505/1474 1309/1350/1319 1286/1324/1293
f 1468/1506/1475 1311/1348/1317 1303/1340/1309
f 1470/1507/1476 1468/1506/1475 1303/1340/1309
f 1295/1333/1302 1470/1507/1476 1312/1349/1318
f 638/1508/1477 626/644/634 625/642/632
f 638/1508/1477 625/642/632 623/641/631
f 1471/1505/1474 1286/1324/1293 1461/1497/1466
f 1472/1509/1478 1467/1501/1470 1321/1359/1328
f 1472/1509/1478 1321/1359/1328 1463/1499/1468
f 1475/1510/1479 638/1508/1477 623/641/631
f 1325/1362/1331 1475/1510/1479 623/641/631
f 1476/1511/1480 1323/1360/1329 1308/1346/1315
f 1474/1512/1481 1314/1352/1321 1320/1358/1327
f 1318/1356/1325 1314/1352/1321 1474/1512/1481
f 1323/1360/1329 1473/1513/1482 1466/1500/1469
f 1308/1346/1315 1319/1357/1326 1476/1511/1480
f 1301/1337/1306 1477/1514/1483 1288/1326/1295
f 1478/1515/1484 1461/1497/1466 1326/1363/1332
f 1478/1515/1484 1326/1363/1332 1462/1498/1467
f 1311/1348/1317 1468/1506/1475 1479/1516/1485
f 1480/1517/1486 1295/1333/1302 1304/1341/1310
f 1481/1518/1487 1474/1512/1481 1320/1358/1327
f 1476/1511/1480 1473/1513/1482 1323/1360/1329
f 1477/1514/1483 1301/1337/1306 1289/1327/1296
f 1465/1503/1472 1311/1348/1317 1479/1516/1485
f 1480/1517/1486 1482/1519/1488 1295/1333/1302
f 1482/1519/1488 1470/1507/1476 1295/1333/1302
f 638/1508/1477 637/1520/645 626/644/634
f 1483/1521/1489 1289/1327/1296 1309/1350/1319
f 1485/1522/1490 1469/1504/1473 1318/1356/1325
f 1474/1512/1481 1485/1522/1490 1318/1356/1325
f 1487/1523/1491 1473/1513/1482 1476/1511/1480
f 1486/1524/1492 1466/1500/1469 1473/1513/1482
f 1484/1525/1493 1464/1502/1471 1324/1361/1330
f 1324/1361/1330 1465/1503/1472 1484/1525/1493
f 1463/1499/1468 1464/1502/1471 1484/1525/1493
f 1488/1526/1494 1463/1499/1468 1484/1525/1493
f 1469/1504/1473 1480/1517/1486 1304/1341/1310
f 1466/1500/1469 1486/1524/1492 1325/1362/1331
f 1489/1527/1495 1288/1326/1295 1477/1514/1483
f 1483/1521/1489 1477/1514/1483 1289/1327/1296
f 639/1528/647 637/1520/645 638/1508/1477
f 1325/1362/1331 1486/1524/1492 1475/1510/1479
f 1490/1529/1496 1483/1521/1489 1309/1350/1319
f 1490/1529/1496 1309/1350/1319 1471/1505/1474
f 1475/1510/1479 1492/1530/1497 638/1508/1477
f 1493/1531/1498 1475/1510/1479 1486/1524/1492
f 1494/1532/1499 1468/1506/1475 1470/1507/1476
f 1492/1530/1497 639/1528/647 638/1508/1477
f 1495/1533/1500 1475/1510/1479 1493/1531/1498
f 1482/1519/1488 1494/1532/1499 1470/1507/1476
f 1475/1510/1479 1495/1533/1500 1492/1530/1497
f 1497/1534/1501 1490/1529/1496 1471/1505/1474
f 1496/1535/1502 1468/1506/1475 1494/1532/1499
f 1461/1497/1466 1497/1534/1501 1471/1505/1474
f 1498/1536/1503 1472/1509/1478 1488/1526/1494
f 1496/1535/1502 1479/1516/1485 1468/1506/1475
f 1499/1537/1504 1322/1367/1336 1329/1366/1335
f 1500/1538/1505 1329/1366/1335 1330/1368/1337
f 1499/1537/1504 1329/1366/1335 1500/1538/1505
f 1330/1368/1337 1340/1379/1348 1501/1539/1506
f 1322/1367/1336 1499/1537/1504 1320/1358/1327
f 1330/1368/1337 1501/1539/1506 1500/1538/1505
f 1499/1537/1504 1481/1518/1487 1320/1358/1327
f 1340/1379/1348 1502/1540/1507 1501/1539/1506
f 1499/1537/1504 1503/1541/1508 1481/1518/1487
f 1504/1542/1509 1499/1537/1504 1500/1538/1505
f 1504/1542/1509 1500/1538/1505 1501/1539/1506
f 1505/1543/1510 1501/1539/1506 1502/1540/1507
f 1504/1542/1509 1503/1541/1508 1499/1537/1504
f 1505/1543/1510 1504/1542/1509 1501/1539/1506
f 1506/1544/1511 1503/1541/1508 1504/1542/1509
f 1505/1543/1510 1506/1544/1511 1504/1542/1509
f 1391/1378/1347 1507/1545/1512 1339/1377/1346
f 1340/1379/1348 1339/1377/1346 1507/1545/1512
f 1508/1546/1513 1340/1379/1348 1507/1545/1512
f 1385/1428/1397 1375/1420/1389 1396/1435/1404
f 1507/1545/1512 1391/1378/1347 1398/1438/1407
f 1510/1547/1514 1396/1435/1404 1509/1548/1515
f 1509/1548/1515 1396/1435/1404 1395/1436/1405
f 1510/1547/1514 1385/1428/1397 1396/1435/1404
f 1397/1437/1406 1385/1428/1397 1510/1547/1514
f 1397/1437/1406 1510/1547/1514 1398/1438/1407
f 1398/1438/1407 1508/1546/1513 1507/1545/1512
f 1510/1547/1514 1511/1549/1516 1398/1438/1407
f 1398/1438/1407 1511/1549/1516 1512/1550/1517
f 1513/1551/1518 1512/1550/1517 1511/1549/1516
f 1512/1550/1517 1508/1546/1513 1398/1438/1407
f 1400/1440/1409 1401/1441/1410 1395/1436/1405
f 1253/1294/1263 1403/1443/1412 1392/1432/1401
f 1392/1432/1401 1403/1443/1412 1402/1442/1411
f 1509/1548/1515 1395/1436/1405 1401/1441/1410
f 1401/1441/1410 1402/1442/1411 1509/1548/1515
f 1402/1442/1411 1403/1443/1412 1407/1447/1416
f 1509/1548/1515 1402/1442/1411 1514/1552/1519
f 1514/1552/1519 1402/1442/1411 1412/1553/1520
f 1402/1442/1411 1407/1447/1416 1412/1553/1520
f 1515/1554/1521 1509/1548/1515 1514/1552/1519
f 1407/1447/1416 1411/1450/1419 1412/1553/1520
f 1515/1554/1521 1514/1552/1519 1412/1553/1520
f 1412/1553/1520 1411/1450/1419 1414/1555/1522
f 1412/1553/1520 1414/1555/1522 1515/1554/1521
f 1516/1556/1523 1509/1548/1515 1515/1554/1521
f 1513/1551/1518 1511/1549/1516 1510/1547/1514
f 1513/1551/1518 1510/1547/1514 1509/1548/1515
f 1411/1450/1419 1415/1557/1524 1414/1555/1522
f 1516/1556/1523 1513/1551/1518 1509/1548/1515
f 1517/1558/1525 1513/1551/1518 1516/1556/1523
f 1411/1450/1419 1416/1452/1421 1415/1557/1524
f 1416/1452/1421 1518/1559/1526 1415/1557/1524
f 1414/1555/1522 1415/1557/1524 1515/1554/1521
f 1515/1554/1521 1415/1557/1524 1519/1560/1527
f 1415/1557/1524 1518/1559/1526 1519/1560/1527
f 1520/1561/1528 1513/1551/1518 1517/1558/1525
f 1416/1452/1421 1521/1562/1529 1518/1559/1526
f 1416/1452/1421 1419/1455/1424 1521/1562/1529
f 1519/1560/1527 1516/1556/1523 1515/1554/1521
f 1512/1550/1517 1513/1551/1518 1520/1561/1528
f 1419/1455/1424 1418/1454/1423 1420/1456/1425
f 1521/1562/1529 1419/1455/1424 1522/1563/1530
f 1428/1465/1434 1426/1463/1432 1427/1464/1433
f 1522/1563/1530 1419/1455/1424 1420/1456/1425
f 1522/1563/1530 1420/1456/1425 1426/1463/1432
f 1524/1564/1531 1426/1463/1432 1428/1465/1434
f 1523/1565/1532 1428/1465/1434 1425/1462/1431
f 1524/1564/1531 1428/1465/1434 1523/1565/1532
f 1522/1563/1530 1426/1463/1432 1524/1564/1531
f 1525/1566/1533 1522/1563/1530 1524/1564/1531
f 1522/1563/1530 1525/1566/1533 1521/1562/1529
f 1521/1562/1529 1525/1566/1533 1526/1567/1534
f 1527/1568/1535 1525/1566/1533 1524/1564/1531
f 1526/1567/1534 1525/1566/1533 1529/1569/1536
f 1529/1569/1536 1525/1566/1533 1528/1570/1537
f 1530/1571/1538 1528/1570/1537 1527/1568/1535
f 1534/1572/1539 1524/1564/1531 1539/1573/1540
f 1531/1574/1541 1524/1564/1531 1534/1572/1539
f 1529/1569/1536 1528/1570/1537 1530/1571/1538
f 1529/1569/1536 1530/1571/1538 1532/1575/1542
f 1533/1576/1543 1530/1571/1538 1527/1568/1535
f 1531/1574/1541 1527/1568/1535 1524/1564/1531
f 1532/1575/1542 1530/1571/1538 1533/1576/1543
f 1533/1576/1543 1527/1568/1535 1531/1574/1541
f 1531/1574/1541 1535/1577/1544 1533/1576/1543
f 1536/1578/1545 1533/1576/1543 1537/1579/1546
f 1537/1579/1546 1533/1576/1543 1535/1577/1544
f 1538/1580/1547 1531/1574/1541 1534/1572/1539
f 1437/1473/1442 1539/1573/1540 1429/1466/1435
f 1539/1573/1540 1425/1462/1431 1429/1466/1435
f 1540/1581/1548 1437/1473/1442 1436/1472/1441
f 1539/1573/1540 1523/1565/1532 1425/1462/1431
f 1542/1582/1549 1539/1573/1540 1437/1473/1442
f 1543/1583/1550 1540/1581/1548 1436/1472/1441
f 1541/1584/1551 1543/1583/1550 1436/1472/1441
f 1542/1582/1549 1437/1473/1442 1540/1581/1548
f 1524/1564/1531 1523/1565/1532 1539/1573/1540
f 1534/1572/1539 1539/1573/1540 1542/1582/1549
f 1540/1581/1548 1544/1585/1552 1542/1582/1549
f 1544/1585/1552 1540/1581/1548 1543/1583/1550
f 1544/1585/1552 1543/1583/1550 1545/1586/1553
f 1545/1586/1553 1543/1583/1550 1541/1584/1551
f 1546/1587/1554 1542/1582/1549 1544/1585/1552
f 1547/1588/1555 1546/1587/1554 1544/1585/1552
f 1534/1572/1539 1542/1582/1549 1546/1587/1554
f 1549/1589/1556 1544/1585/1552 1545/1586/1553
f 1449/1485/1454 1550/1590/1557 1551/1591/1558
f 1455/1492/1461 1459/1495/1464 1460/1592/1559
f 1552/1593/1560 1459/1495/1464 1457/1494/1463
f 1457/1494/1463 1459/1495/1464 1456/1493/1462
f 1449/1485/1454 1443/1479/1448 1550/1590/1557
f 1553/1594/1561 1552/1593/1560 1457/1494/1463
f 1554/1595/1562 1552/1593/1560 1553/1594/1561
f 1553/1594/1561 1457/1494/1463 1458/1496/1465
f 1455/1492/1461 1555/1596/1563 1436/1472/1441
f 1459/1495/1464 1552/1593/1560 1460/1592/1559
f 1460/1592/1559 1555/1596/1563 1455/1492/1461
f 1556/1597/1564 1460/1592/1559 1552/1593/1560
f 1552/1593/1560 1554/1595/1562 1556/1597/1564
f 1449/1485/1454 1551/1591/1558 1557/1598/1565
f 1559/1599/1566 1554/1595/1562 1558/1600/1567
f 1561/1601/1568 1553/1594/1561 1458/1496/1465
f 1560/1602/1569 1553/1594/1561 1561/1601/1568
f 1557/1598/1565 1458/1496/1465 1449/1485/1454
f 1561/1601/1568 1458/1496/1465 1557/1598/1565
f 1541/1584/1551 1436/1472/1441 1555/1596/1563
f 1555/1596/1563 1460/1592/1559 1556/1597/1564
f 1558/1600/1567 1554/1595/1562 1553/1594/1561
f 1560/1602/1569 1558/1600/1567 1553/1594/1561
f 1562/1603/1570 1558/1600/1567 1560/1602/1569
f 1554/1595/1562 1559/1599/1566 1556/1597/1564
f 1564/1604/1571 1562/1603/1570 1560/1602/1569
f 1560/1602/1569 1561/1601/1568 1565/1605/1572
f 1565/1605/1572 1561/1601/1568 1557/1598/1565
f 1566/1606/1573 1556/1597/1564 1559/1599/1566
f 1559/1599/1566 1558/1600/1567 1562/1603/1570
f 1562/1603/1570 1566/1606/1573 1559/1599/1566
f 1565/1605/1572 1564/1604/1571 1560/1602/1569
f 1568/1607/1574 1556/1597/1564 1566/1606/1573
f 1566/1606/1573 1562/1603/1570 1564/1604/1571
f 1567/1608/1575 1566/1606/1573 1564/1604/1571
f 1569/1609/1576 1564/1604/1571 1565/1605/1572
f 1569/1609/1576 1567/1608/1575 1564/1604/1571
f 1568/1607/1574 1555/1596/1563 1556/1597/1564
f 1571/1610/1577 1569/1609/1576 1565/1605/1572
f 1571/1610/1577 1565/1605/1572 1570/1611/1578
f 1568/1607/1574 1566/1606/1573 1567/1608/1575
f 1573/1612/1579 1568/1607/1574 1567/1608/1575
f 1569/1609/1576 1572/1613/1580 1574/1614/1581
f 1572/1613/1580 1569/1609/1576 1571/1610/1577
f 1574/1614/1581 1567/1608/1575 1569/1609/1576
f 1574/1614/1581 1572/1613/1580 1575/1615/1582
f 1567/1608/1575 1574/1614/1581 1576/1616/1583
f 1574/1614/1581 1575/1615/1582 1576/1616/1583
f 1545/1586/1553 1541/1584/1551 1555/1596/1563
f 1576/1616/1583 1573/1612/1579 1567/1608/1575
f 1548/1617/1584 1545/1586/1553 1555/1596/1563
f 1548/1617/1584 1555/1596/1563 1568/1607/1574
f 1577/1618/1585 1548/1617/1584 1568/1607/1574
f 1577/1618/1585 1568/1607/1574 1573/1612/1579
f 1557/1598/1565 1551/1591/1558 1563/1619/1586
f 1565/1605/1572 1557/1598/1565 1563/1619/1586
f 1565/1605/1572 1563/1619/1586 1570/1611/1578
f 1551/1591/1558 1579/1620/1587 1563/1619/1586
f 1579/1620/1587 1551/1591/1558 1550/1590/1557
f 1579/1620/1587 1550/1590/1557 1580/1621/1588
f 1570/1611/1578 1563/1619/1586 1579/1620/1587
f 1571/1610/1577 1570/1611/1578 1579/1620/1587
f 1581/1622/1589 1571/1610/1577 1579/1620/1587
f 1579/1620/1587 1580/1621/1588 1581/1622/1589
f 1575/1615/1582 1572/1613/1580 1571/1610/1577
f 1580/1621/1588 1550/1590/1557 1582/1623/1590
f 1581/1622/1589 1580/1621/1588 1583/1624/1591
f 1571/1610/1577 1581/1622/1589 1575/1615/1582
f 1583/1624/1591 1584/1625/1592 1581/1622/1589
f 1575/1615/1582 1581/1622/1589 1584/1625/1592
f 1575/1615/1582 1585/1626/1593 1576/1616/1583
f 1586/1627/1594 1584/1625/1592 1583/1624/1591
f 1576/1616/1583 1585/1626/1593 1573/1612/1579
f 1588/1628/1595 1575/1615/1582 1584/1625/1592
f 1585/1626/1593 1575/1615/1582 1588/1628/1595
f 1588/1628/1595 1584/1625/1592 1586/1627/1594
f 1573/1612/1579 1585/1626/1593 1578/1629/1596
f 1588/1628/1595 1578/1629/1596 1585/1626/1593
f 1476/1511/1480 1319/1357/1326 1592/1630/1597
f 1592/1630/1597 1319/1357/1326 1489/1527/1495
f 1462/1498/1467 1593/1631/1598 1478/1515/1484
f 1594/1632/1599 1482/1519/1488 1480/1517/1486
f 1595/1633/1600 1480/1517/1486 1469/1504/1473
f 1593/1631/1598 1462/1498/1467 1467/1501/1470
f 1595/1633/1600 1469/1504/1473 1485/1522/1490
f 1595/1633/1600 1594/1632/1599 1480/1517/1486
f 1491/1634/1601 1481/1518/1487 1596/1635/1602
f 674/1636/681 639/1528/647 1492/1530/1497
f 1486/1524/1492 1598/1637/1603 1493/1531/1498
f 1598/1637/1603 1486/1524/1492 1473/1513/1482
f 1599/1638/1604 1488/1526/1494 1484/1525/1493
f 1599/1638/1604 1484/1525/1493 1465/1503/1472
f 1597/1639/1605 1595/1633/1600 1485/1522/1490
f 1485/1522/1490 1491/1634/1601 1597/1639/1605
f 1600/1640/1606 1473/1513/1482 1487/1523/1491
f 1600/1640/1606 1598/1637/1603 1473/1513/1482
f 1592/1630/1597 1489/1527/1495 1477/1514/1483
f 1599/1638/1604 1498/1536/1503 1488/1526/1494
f 1601/1641/1607 1498/1536/1503 1599/1638/1604
f 1602/1642/1608 1599/1638/1604 1465/1503/1472
f 1479/1516/1485 1602/1642/1608 1465/1503/1472
f 1603/1643/1609 1595/1633/1600 1491/1634/1601
f 1604/1644/1610 1592/1630/1597 1477/1514/1483
f 1603/1643/1609 1491/1634/1601 1596/1635/1602
f 1595/1633/1600 1597/1639/1605 1491/1634/1601
f 1605/1645/1611 1477/1514/1483 1483/1521/1489
f 1595/1633/1600 1608/1646/1612 1594/1632/1599
f 1607/1647/1613 1595/1633/1600 1603/1643/1609
f 1610/1648/1614 1472/1509/1478 1498/1536/1503
f 1609/1649/1615 1461/1497/1466 1478/1515/1484
f 1609/1649/1615 1478/1515/1484 1612/1650/1616
f 1609/1649/1615 1497/1534/1501 1461/1497/1466
f 1478/1515/1484 1593/1631/1598 1612/1650/1616
f 1472/1509/1478 1610/1648/1614 1467/1501/1470
f 1606/1651/1617 1602/1642/1608 1479/1516/1485
f 1479/1516/1485 1496/1535/1502 1606/1651/1617
f 1613/1652/1618 1496/1535/1502 1494/1532/1499
f 1482/1519/1488 1611/1653/1619 1494/1532/1499
f 1608/1646/1612 1595/1633/1600 1607/1647/1613
f 1614/1654/1620 1487/1523/1491 1476/1511/1480
f 1604/1644/1610 1477/1514/1483 1605/1645/1611
f 1609/1649/1615 1490/1529/1496 1497/1534/1501
f 1602/1642/1608 1615/1655/1621 1599/1638/1604
f 1613/1652/1618 1494/1532/1499 1611/1653/1619
f 1592/1630/1597 1614/1654/1620 1476/1511/1480
f 1616/1656/1622 1490/1529/1496 1609/1649/1615
f 1601/1641/1607 1617/1657/1623 1498/1536/1503
f 1615/1655/1621 1601/1641/1607 1599/1638/1604
f 1617/1657/1623 1601/1641/1607 1615/1655/1621
f 1618/1658/1624 674/1636/681 1492/1530/1497
f 1492/1530/1497 1495/1533/1500 1618/1658/1624
f 1619/1659/1625 1593/1631/1598 1467/1501/1470
f 1619/1659/1625 1467/1501/1470 1610/1648/1614
f 1618/1658/1624 678/1660/684 674/1636/681
f 1620/1661/1626 1495/1533/1500 1493/1531/1498
f 1620/1661/1626 1493/1531/1498 1598/1637/1603
f 1621/1662/1627 1600/1640/1606 1487/1523/1491
f 1621/1662/1627 1487/1523/1491 1614/1654/1620
f 1622/1663/1628 1592/1630/1597 1604/1644/1610
f 1592/1630/1597 1622/1663/1628 1614/1654/1620
f 1623/1664/1629 1622/1663/1628 1604/1644/1610
f 1604/1644/1610 1605/1645/1611 1623/1664/1629
f 1626/1665/1630 1498/1536/1503 1617/1657/1623
f 1626/1665/1630 1610/1648/1614 1498/1536/1503
f 1617/1657/1623 1615/1655/1621 1602/1642/1608
f 1627/1666/1631 1617/1657/1623 1602/1642/1608
f 1613/1652/1618 1611/1653/1619 1624/1667/1632
f 1611/1653/1619 1594/1632/1599 1608/1646/1612
f 1625/1668/1633 1607/1647/1613 1603/1643/1609
f 1628/1669/1634 1618/1658/1624 1495/1533/1500
f 1628/1669/1634 1495/1533/1500 1620/1661/1626
f 1490/1529/1496 1629/1670/1635 1483/1521/1489
f 1616/1656/1622 1629/1670/1635 1490/1529/1496
f 1606/1651/1617 1630/1671/1636 1602/1642/1608
f 1630/1671/1636 1627/1666/1631 1602/1642/1608
f 1496/1535/1502 1613/1652/1618 1631/1672/1637
f 1611/1653/1619 1608/1646/1612 1632/1673/1638
f 1633/1674/1639 1598/1637/1603 1600/1640/1606
f 1619/1659/1625 1634/1675/1640 1593/1631/1598
f 1593/1631/1598 1634/1675/1640 1612/1650/1616
f 1635/1676/1641 1608/1646/1612 1607/1647/1613
f 1506/1544/1511 1505/1543/1510 1636/1677/1642
f 1637/1678/1643 1503/1541/1508 1506/1544/1511
f 1481/1518/1487 1503/1541/1508 1596/1635/1602
f 1596/1635/1602 1503/1541/1508 1637/1678/1643
f 1638/1679/1644 1505/1543/1510 1502/1540/1507
f 1636/1677/1642 1637/1678/1643 1506/1544/1511
f 1639/1680/1645 1636/1677/1642 1505/1543/1510
f 1505/1543/1510 1638/1679/1644 1639/1680/1645
f 1639/1680/1645 1641/1681/1646 1636/1677/1642
f 1640/1682/1647 1637/1678/1643 1636/1677/1642
f 1641/1681/1646 1639/1680/1645 1638/1679/1644
f 1640/1682/1647 1636/1677/1642 1641/1681/1646
f 1642/1683/1648 1596/1635/1602 1637/1678/1643
f 1640/1682/1647 1642/1683/1648 1637/1678/1643
f 1642/1683/1648 1603/1643/1609 1596/1635/1602
f 1625/1668/1633 1603/1643/1609 1642/1683/1648
f 1643/1684/1649 1340/1379/1348 1508/1546/1513
f 1638/1679/1644 1502/1540/1507 1340/1379/1348
f 1643/1684/1649 1638/1679/1644 1340/1379/1348
f 1645/1685/1650 1638/1679/1644 1643/1684/1649
f 1644/1686/1651 1645/1685/1650 1643/1684/1649
f 1641/1681/1646 1638/1679/1644 1645/1685/1650
f 1508/1546/1513 1512/1550/1517 1646/1687/1652
f 1644/1686/1651 1508/1546/1513 1646/1687/1652
f 1643/1684/1649 1508/1546/1513 1644/1686/1651
f 1518/1559/1526 1516/1556/1523 1519/1560/1527
f 1518/1559/1526 1521/1562/1529 1647/1688/1653
f 1648/1689/1654 1520/1561/1528 1517/1558/1525
f 1526/1567/1534 1647/1688/1653 1521/1562/1529
f 1517/1558/1525 1516/1556/1523 1518/1559/1526
f 1650/1690/1655 1649/1691/1656 1520/1561/1528
f 1650/1690/1655 1520/1561/1528 1648/1689/1654
f 1647/1688/1653 1517/1558/1525 1518/1559/1526
f 1649/1691/1656 1512/1550/1517 1520/1561/1528
f 1646/1687/1652 1512/1550/1517 1649/1691/1656
f 1647/1688/1653 1651/1692/1657 1517/1558/1525
f 1652/1693/1658 1647/1688/1653 1526/1567/1534
f 1651/1692/1657 1647/1688/1653 1652/1693/1658
f 1650/1690/1655 1648/1689/1654 1517/1558/1525
f 1650/1690/1655 1517/1558/1525 1653/1694/1659
f 1653/1694/1659 1517/1558/1525 1651/1692/1657
f 1654/1695/1660 1649/1691/1656 1650/1690/1655
f 1650/1690/1655 1655/1696/1661 1654/1695/1660
f 1653/1694/1659 1655/1696/1661 1650/1690/1655
f 1652/1693/1658 1653/1694/1659 1651/1692/1657
f 1656/1697/1662 1649/1691/1656 1654/1695/1660
f 1657/1698/1663 1654/1695/1660 1655/1696/1661
f 1657/1698/1663 1656/1697/1662 1654/1695/1660
f 1658/1699/1664 1653/1694/1659 1652/1693/1658
f 1659/1700/1665 1655/1696/1661 1653/1694/1659
f 1659/1700/1665 1653/1694/1659 1658/1699/1664
f 1660/1701/1666 1646/1687/1652 1649/1691/1656
f 1652/1693/1658 1526/1567/1534 1661/1702/1667
f 1526/1567/1534 1529/1569/1536 1661/1702/1667
f 1529/1569/1536 1532/1575/1542 1661/1702/1667
f 1532/1575/1542 1662/1703/1668 1661/1702/1667
f 1662/1703/1668 1652/1693/1658 1661/1702/1667
f 1662/1703/1668 1532/1575/1542 1663/1704/1669
f 1532/1575/1542 1533/1576/1543 1663/1704/1669
f 1663/1704/1669 1533/1576/1543 1536/1578/1545
f 1652/1693/1658 1662/1703/1668 1658/1699/1664
f 1664/1705/1670 1662/1703/1668 1663/1704/1669
f 1663/1704/1669 1536/1578/1545 1664/1705/1670
f 1536/1578/1545 1537/1579/1546 1664/1705/1670
f 1538/1580/1547 1535/1577/1544 1531/1574/1541
f 1535/1577/1544 1665/1706/1671 1537/1579/1546
f 1666/1707/1672 1535/1577/1544 1538/1580/1547
f 1667/1708/1673 1535/1577/1544 1666/1707/1672
f 1668/1709/1674 1666/1707/1672 1538/1580/1547
f 1669/1710/1675 1667/1708/1673 1666/1707/1672
f 1670/1711/1676 1669/1710/1675 1666/1707/1672
f 1670/1711/1676 1666/1707/1672 1668/1709/1674
f 1671/1712/1677 1669/1710/1675 1670/1711/1676
f 1672/1713/1678 1670/1711/1676 1673/1714/1679
f 1549/1589/1556 1547/1588/1555 1544/1585/1552
f 1674/1715/1680 1547/1588/1555 1549/1589/1556
f 1549/1589/1556 1545/1586/1553 1548/1617/1584
f 1676/1716/1681 1534/1572/1539 1546/1587/1554
f 1674/1715/1680 1546/1587/1554 1547/1588/1555
f 1675/1717/1682 1674/1715/1680 1549/1589/1556
f 1674/1715/1680 1676/1716/1681 1546/1587/1554
f 1675/1717/1682 1549/1589/1556 1548/1617/1584
f 1675/1717/1682 1548/1617/1584 1677/1718/1683
f 1676/1716/1681 1538/1580/1547 1534/1572/1539
f 1676/1716/1681 1674/1715/1680 1678/1719/1684
f 1679/1720/1685 1674/1715/1680 1675/1717/1682
f 1678/1719/1684 1674/1715/1680 1679/1720/1685
f 1679/1720/1685 1675/1717/1682 1680/1721/1686
f 1681/1722/1687 1676/1716/1681 1678/1719/1684
f 1682/1723/1688 1678/1719/1684 1679/1720/1685
f 1673/1714/1679 1668/1709/1674 1681/1722/1687
f 1682/1723/1688 1683/1724/1689 1678/1719/1684
f 1683/1724/1689 1681/1722/1687 1678/1719/1684
f 1578/1629/1596 1577/1618/1585 1573/1612/1579
f 1677/1718/1683 1548/1617/1584 1577/1618/1585
f 1577/1618/1585 1686/1725/1690 1677/1718/1683
f 1688/1726/1691 1686/1725/1690 1577/1618/1585
f 1684/1727/1692 1688/1726/1691 1577/1618/1585
f 1687/1728/1693 1677/1718/1683 1686/1725/1690
f 1688/1726/1691 1687/1728/1693 1686/1725/1690
f 1687/1728/1693 1680/1721/1686 1677/1718/1683
f 1680/1721/1686 1675/1717/1682 1677/1718/1683
f 1687/1728/1693 1688/1726/1691 1689/1729/1694
f 1689/1729/1694 1688/1726/1691 1684/1727/1692
f 1691/1730/1695 1680/1721/1686 1687/1728/1693
f 1689/1729/1694 1684/1727/1692 1690/1731/1696
f 1682/1723/1688 1679/1720/1685 1680/1721/1686
f 1682/1723/1688 1680/1721/1686 1691/1730/1695
f 1692/1732/1697 1691/1730/1695 1687/1728/1693
f 1689/1729/1694 1692/1732/1697 1687/1728/1693
f 1591/1733/1698 1583/1624/1591 1589/1734/1699
f 1583/1624/1591 1591/1733/1698 1586/1627/1594
f 1693/1735/1700 1588/1628/1595 1586/1627/1594
f 1590/1736/1701 1693/1735/1700 1586/1627/1594
f 1591/1733/1698 1590/1736/1701 1586/1627/1594
f 1694/1737/1702 1578/1629/1596 1588/1628/1595
f 1580/1621/1588 1582/1623/1590 1587/1738/1703
f 1583/1624/1591 1580/1621/1588 1587/1738/1703
f 1583/1624/1591 1587/1738/1703 1589/1734/1699
f 1694/1737/1702 1588/1628/1595 1693/1735/1700
f 1577/1618/1585 1578/1629/1596 1685/1739/1704
f 1685/1739/1704 1684/1727/1692 1577/1618/1585
f 1694/1737/1702 1685/1739/1704 1578/1629/1596
f 1697/1740/1705 1693/1735/1700 1590/1736/1701
f 1697/1740/1705 1590/1736/1701 1591/1733/1698
f 1697/1740/1705 1591/1733/1698 1695/1741/1706
f 1591/1733/1698 1589/1734/1699 1695/1741/1706
f 1587/1738/1703 1696/1742/1707 1589/1734/1699
f 1589/1734/1699 1696/1742/1707 1695/1741/1706
f 1698/1743/1708 1693/1735/1700 1697/1740/1705
f 1693/1735/1700 1698/1743/1708 1694/1737/1702
f 1701/1744/1709 1698/1743/1708 1697/1740/1705
f 1701/1744/1709 1697/1740/1705 1695/1741/1706
f 1699/1745/1710 1695/1741/1706 1696/1742/1707
f 1694/1737/1702 1698/1743/1708 1700/1746/1711
f 1700/1746/1711 1685/1739/1704 1694/1737/1702
f 1703/1747/1712 1698/1743/1708 1701/1744/1709
f 1699/1745/1710 1701/1744/1709 1695/1741/1706
f 1704/1748/1713 1703/1747/1712 1701/1744/1709
f 1699/1745/1710 1704/1748/1713 1701/1744/1709
f 1704/1748/1713 1699/1745/1710 1705/1749/1714
f 1705/1749/1714 1699/1745/1710 1696/1742/1707
f 1706/1750/1715 1685/1739/1704 1700/1746/1711
f 1706/1750/1715 1700/1746/1711 1703/1747/1712
f 1698/1743/1708 1703/1747/1712 1700/1746/1711
f 1703/1747/1712 1708/1751/1716 1706/1750/1715
f 1704/1748/1713 1708/1751/1716 1703/1747/1712
f 1696/1742/1707 1707/1752/1717 1705/1749/1714
f 1704/1748/1713 1705/1749/1714 1709/1753/1718
f 1708/1751/1716 1704/1748/1713 1709/1753/1718
f 1705/1749/1714 1707/1752/1717 1709/1753/1718
f 1709/1753/1718 1707/1752/1717 1710/1754/1719
f 1711/1755/1720 1706/1750/1715 1708/1751/1716
f 1711/1755/1720 1708/1751/1716 1709/1753/1718
f 1696/1742/1707 1587/1738/1703 1702/1756/1721
f 1707/1752/1717 1696/1742/1707 1712/1757/1722
f 1690/1731/1696 1684/1727/1692 1685/1739/1704
f 1690/1731/1696 1685/1739/1704 1706/1750/1715
f 1711/1755/1720 1690/1731/1696 1706/1750/1715
f 1711/1755/1720 1709/1753/1718 1710/1754/1719
f 1710/1754/1719 1707/1752/1717 1712/1757/1722
f 1713/1758/1723 1690/1731/1696 1711/1755/1720
f 1715/1759/1724 1714/1760/1725 1711/1755/1720
f 1715/1759/1724 1711/1755/1720 1710/1754/1719
f 1696/1742/1707 1702/1756/1721 1712/1757/1722
f 1712/1757/1722 1715/1759/1724 1710/1754/1719
f 1711/1755/1720 1714/1760/1725 1713/1758/1723
f 1716/1761/1726 1690/1731/1696 1713/1758/1723
f 1716/1761/1726 1713/1758/1723 1714/1760/1725
f 1715/1759/1724 1716/1761/1726 1714/1760/1725
f 1719/1762/1727 1605/1645/1611 1483/1521/1489
f 1631/1672/1637 1613/1652/1618 1624/1667/1632
f 1635/1676/1641 1632/1673/1638 1608/1646/1612
f 1624/1667/1632 1611/1653/1619 1632/1673/1638
f 1720/1763/1728 1635/1676/1641 1607/1647/1613
f 1598/1637/1603 1633/1674/1639 1620/1661/1626
f 1721/1764/1729 1600/1640/1606 1621/1662/1627
f 1719/1762/1727 1483/1521/1489 1629/1670/1635
f 1720/1763/1728 1607/1647/1613 1625/1668/1633
f 1623/1664/1629 1605/1645/1611 1719/1762/1727
f 1722/1765/1730 1626/1665/1630 1617/1657/1623
f 1722/1765/1730 1617/1657/1623 1627/1666/1631
f 1725/1766/1731 1722/1765/1730 1627/1666/1631
f 1627/1666/1631 1630/1671/1636 1725/1766/1731
f 712/732/721 678/695/684 714/734/723
f 714/1767/723 678/1660/684 1618/1658/1624
f 1633/1674/1639 1600/1640/1606 1721/1764/1729
f 1724/1768/1732 1629/1670/1635 1616/1656/1622
f 1723/1769/1733 1719/1762/1727 1629/1670/1635
f 1724/1768/1732 1616/1656/1622 1609/1649/1615
f 1728/1770/1734 1609/1649/1615 1612/1650/1616
f 1727/1771/1735 1609/1649/1615 1728/1770/1734
f 1728/1770/1734 1612/1650/1616 1634/1675/1640
f 1624/1667/1632 1632/1673/1638 1635/1676/1641
f 1726/1772/1736 1621/1662/1627 1614/1654/1620
f 1729/1773/1737 1629/1670/1635 1724/1768/1732
f 1729/1773/1737 1723/1769/1733 1629/1670/1635
f 1614/1654/1620 1622/1663/1628 1726/1772/1736
f 1727/1771/1735 1724/1768/1732 1609/1649/1615
f 714/1767/723 1618/1658/1624 1730/1774/1738
f 1731/1775/1739 1624/1667/1632 1635/1676/1641
f 1625/1668/1633 1732/1776/1740 1720/1763/1728
f 1730/1774/1738 1618/1658/1624 1628/1669/1634
f 1733/1777/1741 1496/1535/1502 1631/1672/1637
f 1734/1778/1742 1628/1669/1634 1620/1661/1626
f 1628/1669/1634 1734/1778/1742 1730/1774/1738
f 1735/1779/1743 1623/1664/1629 1719/1762/1727
f 1735/1779/1743 1719/1762/1727 1723/1769/1733
f 1496/1535/1502 1733/1777/1741 1606/1651/1617
f 1730/1774/1738 717/1780/725 714/1767/723
f 717/736/725 716/733/722 714/734/723
f 1735/1779/1743 1723/1769/1733 1729/1773/1737
f 1728/1770/1734 1634/1675/1640 1619/1659/1625
f 1631/1672/1637 1624/1667/1632 1736/1781/1744
f 1737/1782/1745 1622/1663/1628 1623/1664/1629
f 1726/1772/1736 1622/1663/1628 1737/1782/1745
f 1738/1783/1746 1724/1768/1732 1727/1771/1735
f 1740/1784/1747 1725/1766/1731 1630/1671/1636
f 1606/1651/1617 1733/1777/1741 1740/1784/1747
f 1740/1784/1747 1630/1671/1636 1606/1651/1617
f 1736/1781/1744 1733/1777/1741 1631/1672/1637
f 1736/1781/1744 1624/1667/1632 1731/1775/1739
f 1721/1764/1729 1620/1661/1626 1633/1674/1639
f 1721/1764/1729 1621/1662/1627 1737/1782/1745
f 1726/1772/1736 1737/1782/1745 1621/1662/1627
f 1735/1779/1743 1737/1782/1745 1623/1664/1629
f 1729/1773/1737 1724/1768/1732 1738/1783/1746
f 1610/1648/1614 1739/1785/1748 1619/1659/1625
f 1728/1770/1734 1619/1659/1625 1739/1785/1748
f 1739/1785/1748 1610/1648/1614 1626/1665/1630
f 1722/1765/1730 1739/1785/1748 1626/1665/1630
f 1740/1784/1747 1733/1777/1741 1741/1786/1749
f 1741/1786/1749 1733/1777/1741 1736/1781/1744
f 1732/1776/1740 1635/1676/1641 1720/1763/1728
f 1620/1661/1626 1730/1774/1738 1734/1778/1742
f 1742/1787/1750 1730/1774/1738 1620/1661/1626
f 1743/1788/1751 1737/1782/1745 1735/1779/1743
f 715/735/724 717/736/725 722/740/729
f 1744/1789/1752 1735/1779/1743 1729/1773/1737
f 1738/1783/1746 1727/1771/1735 1728/1770/1734
f 1745/1790/1753 1738/1783/1746 1728/1770/1734
f 1746/1791/1754 1739/1785/1748 1722/1765/1730
f 1746/1791/1754 1722/1765/1730 1747/1792/1755
f 1748/1793/1756 1741/1786/1749 1736/1781/1744
f 1749/1794/1757 1635/1676/1641 1732/1776/1740
f 1750/1795/1758 717/1780/725 1730/1774/1738
f 1750/1795/1758 1730/1774/1738 1742/1787/1750
f 1751/1796/1759 1620/1661/1626 1721/1764/1729
f 1751/1796/1759 1721/1764/1729 1753/1797/1760
f 1753/1797/1760 1721/1764/1729 1737/1782/1745
f 1752/1798/1761 1753/1797/1760 1737/1782/1745
f 1737/1782/1745 1743/1788/1751 1754/1799/1762
f 1755/1800/1763 1738/1783/1746 1745/1790/1753
f 1756/1801/1764 1739/1785/1748 1746/1791/1754
f 1747/1792/1755 1722/1765/1730 1725/1766/1731
f 1757/1802/1765 1725/1766/1731 1740/1784/1747
f 1757/1802/1765 1747/1792/1755 1725/1766/1731
f 1759/1803/1766 1736/1781/1744 1731/1775/1739
f 1758/1804/1767 1731/1775/1739 1635/1676/1641
f 1759/1803/1766 1731/1775/1739 1758/1804/1767
f 1758/1804/1767 1635/1676/1641 1749/1794/1757
f 717/736/725 1760/1805/1768 722/740/729
f 1761/1806/1769 1742/1787/1750 1620/1661/1626
f 1620/1661/1626 1751/1796/1759 1761/1806/1769
f 1754/1799/1762 1752/1798/1761 1737/1782/1745
f 1743/1788/1751 1735/1779/1743 1762/1807/1770
f 1763/1808/1771 1762/1807/1770 1735/1779/1743
f 1763/1808/1771 1735/1779/1743 1744/1789/1752
f 1764/1809/1772 1744/1789/1752 1729/1773/1737
f 1764/1809/1772 1729/1773/1737 1738/1783/1746
f 1765/1810/1773 1728/1770/1734 1739/1785/1748
f 1767/1811/1774 1741/1786/1749 1748/1793/1756
f 1767/1811/1774 1748/1793/1756 1736/1781/1744
f 1767/1811/1774 1736/1781/1744 1759/1803/1766
f 1750/1795/1758 1760/1812/1768 717/1780/725
f 1766/1813/1775 1740/1784/1747 1741/1786/1749
f 1769/1814/1776 1640/1682/1647 1641/1681/1646
f 1645/1685/1650 1769/1814/1776 1641/1681/1646
f 1732/1776/1740 1625/1668/1633 1642/1683/1648
f 1770/1815/1777 1640/1682/1647 1769/1814/1776
f 1772/1816/1778 1642/1683/1648 1640/1682/1647
f 1782/1817/1779 1771/1818/1780 1770/1815/1777
f 1782/1817/1779 1770/1815/1777 1769/1814/1776
f 1772/1816/1778 1640/1682/1647 1770/1815/1777
f 1771/1818/1780 1772/1816/1778 1770/1815/1777
f 1773/1819/1781 1772/1816/1778 1771/1818/1780
f 1774/1820/1782 1772/1816/1778 1773/1819/1781
f 1772/1816/1778 1732/1776/1740 1642/1683/1648
f 1732/1776/1740 1772/1816/1778 1775/1821/1783
f 1776/1822/1784 1772/1816/1778 1774/1820/1782
f 1768/1823/1785 1732/1776/1740 1775/1821/1783
f 1768/1823/1785 1749/1794/1757 1732/1776/1740
f 1784/1824/1786 1777/1825/1787 1773/1819/1781
f 1777/1825/1787 1774/1820/1782 1773/1819/1781
f 1778/1826/1788 1768/1823/1785 1775/1821/1783
f 1779/1827/1789 1775/1821/1783 1772/1816/1778
f 1779/1827/1789 1772/1816/1778 1776/1822/1784
f 1778/1826/1788 1775/1821/1783 1779/1827/1789
f 1780/1828/1790 1645/1685/1650 1644/1686/1651
f 1781/1829/1791 1780/1828/1790 1644/1686/1651
f 1769/1814/1776 1645/1685/1650 1780/1828/1790
f 1782/1817/1779 1769/1814/1776 1780/1828/1790
f 1784/1824/1786 1771/1818/1780 1783/1830/1792
f 1783/1830/1792 1771/1818/1780 1782/1817/1779
f 1785/1831/1793 1784/1824/1786 1783/1830/1792
f 1784/1824/1786 1773/1819/1781 1771/1818/1780
f 1786/1832/1794 1784/1824/1786 1785/1831/1793
f 1660/1701/1666 1644/1686/1651 1646/1687/1652
f 1788/1833/1795 1644/1686/1651 1660/1701/1666
f 1789/1834/1796 1788/1833/1795 1660/1701/1666
f 1788/1833/1795 1790/1835/1797 1644/1686/1651
f 1790/1835/1797 1781/1829/1791 1644/1686/1651
f 1782/1817/1779 1780/1828/1790 1781/1829/1791
f 1791/1836/1798 1790/1835/1797 1788/1833/1795
f 1783/1830/1792 1782/1817/1779 1781/1829/1791
f 1790/1835/1797 1783/1830/1792 1781/1829/1791
f 1792/1837/1799 1791/1836/1798 1788/1833/1795
f 1791/1836/1798 1785/1831/1793 1790/1835/1797
f 1785/1831/1793 1783/1830/1792 1790/1835/1797
f 1792/1837/1799 1785/1831/1793 1791/1836/1798
f 1793/1838/1800 1785/1831/1793 1792/1837/1799
f 1657/1698/1663 1655/1696/1661 1659/1700/1665
f 1794/1839/1801 1656/1697/1662 1657/1698/1663
f 1795/1840/1802 1649/1691/1656 1656/1697/1662
f 1794/1839/1801 1795/1840/1802 1656/1697/1662
f 1794/1839/1801 1657/1698/1663 1796/1841/1803
f 1657/1698/1663 1659/1700/1665 1796/1841/1803
f 1795/1840/1802 1660/1701/1666 1649/1691/1656
f 1796/1841/1803 1659/1700/1665 1658/1699/1664
f 1795/1840/1802 1789/1834/1796 1660/1701/1666
f 1789/1834/1796 1795/1840/1802 1794/1839/1801
f 1797/1842/1804 1794/1839/1801 1796/1841/1803
f 1789/1834/1796 1794/1839/1801 1797/1842/1804
f 1797/1842/1804 1799/1843/1805 1789/1834/1796
f 1798/1844/1806 1799/1843/1805 1797/1842/1804
f 1788/1833/1795 1789/1834/1796 1799/1843/1805
f 1798/1844/1806 1788/1833/1795 1799/1843/1805
f 1792/1837/1799 1788/1833/1795 1798/1844/1806
f 1792/1837/1799 1798/1844/1806 1801/1845/1807
f 1801/1845/1807 1798/1844/1806 1800/1846/1808
f 1664/1705/1670 1658/1699/1664 1662/1703/1668
f 1664/1705/1670 1537/1579/1546 1665/1706/1671
f 1802/1847/1809 1664/1705/1670 1665/1706/1671
f 1665/1706/1671 1535/1577/1544 1802/1847/1809
f 1802/1847/1809 1658/1699/1664 1664/1705/1670
f 1802/1847/1809 1535/1577/1544 1803/1848/1810
f 1658/1699/1664 1802/1847/1809 1803/1848/1810
f 1804/1849/1811 1796/1841/1803 1658/1699/1664
f 1535/1577/1544 1667/1708/1673 1803/1848/1810
f 1804/1849/1811 1658/1699/1664 1805/1850/1812
f 1803/1848/1810 1805/1850/1812 1658/1699/1664
f 1797/1842/1804 1796/1841/1803 1804/1849/1811
f 1806/1851/1813 1803/1848/1810 1667/1708/1673
f 1806/1851/1813 1667/1708/1673 1669/1710/1675
f 1807/1852/1814 1804/1849/1811 1805/1850/1812
f 1808/1853/1815 1805/1850/1812 1803/1848/1810
f 1803/1848/1810 1806/1851/1813 1808/1853/1815
f 1804/1849/1811 1807/1852/1814 1797/1842/1804
f 1809/1854/1816 1797/1842/1804 1807/1852/1814
f 1806/1851/1813 1669/1710/1675 1671/1712/1677
f 1671/1712/1677 1808/1853/1815 1806/1851/1813
f 1809/1854/1816 1798/1844/1806 1797/1842/1804
f 1810/1855/1817 1808/1853/1815 1671/1712/1677
f 1808/1853/1815 1812/1856/1818 1805/1850/1812
f 1811/1857/1819 1671/1712/1677 1670/1711/1676
f 1810/1855/1817 1671/1712/1677 1811/1857/1819
f 1800/1846/1808 1798/1844/1806 1809/1854/1816
f 1676/1716/1681 1668/1709/1674 1538/1580/1547
f 1681/1722/1687 1668/1709/1674 1676/1716/1681
f 1670/1711/1676 1668/1709/1674 1673/1714/1679
f 687/703/692 696/716/705 1813/1858/1820
f 1814/1859/1821 696/716/705 697/717/706
f 1814/1859/1821 1815/1860/1822 696/716/705
f 1816/1861/1823 697/717/706 701/719/708
f 1817/1862/1824 697/717/706 1816/1861/1823
f 1816/1861/1823 701/719/708 703/720/709
f 702/721/710 706/724/713 1818/1863/1825
f 1819/1864/1826 1818/1863/1825 706/724/713
f 1818/1863/1825 1822/1865/1827 702/721/710
f 1820/1866/1828 1818/1863/1825 1819/1864/1826
f 1822/1865/1827 1821/1867/1829 702/721/710
f 1822/1865/1827 1818/1863/1825 1820/1866/1828
f 703/720/709 702/721/710 1821/1867/1829
f 1819/1864/1826 706/724/713 708/726/715
f 1819/1864/1826 708/726/715 1823/1868/1830
f 1823/1868/1830 1820/1866/1828 1819/1864/1826
f 1849/1869/1831 1823/1868/1830 708/726/715
f 1824/1870/1832 709/727/716 710/728/717
f 1824/1870/1832 710/728/717 1825/1871/1833
f 709/727/716 1826/1872/1834 708/726/715
f 1826/1872/1834 709/727/716 1824/1870/1832
f 673/730/719 1827/1873/1835 711/729/718
f 710/728/717 711/729/718 1825/1871/1833
f 673/730/719 720/741/730 1827/1873/1835
f 1825/1871/1833 711/729/718 1827/1873/1835
f 1825/1871/1833 1827/1873/1835 1828/1874/1836
f 724/743/732 719/738/727 721/739/728
f 722/740/729 1760/1805/1768 724/743/732
f 723/742/731 719/738/727 1831/1875/1837
f 1830/1876/1838 719/738/727 724/743/732
f 723/742/731 720/741/730 718/737/726
f 1831/1875/1837 719/738/727 1830/1876/1838
f 1830/1876/1838 724/743/732 1829/1877/1839
f 1832/1878/1840 1831/1875/1837 1830/1876/1838
f 1831/1875/1837 720/741/730 723/742/731
f 1828/1874/1836 1827/1873/1835 720/741/730
f 1833/1879/1841 1830/1876/1838 1829/1877/1839
f 1831/1875/1837 1832/1878/1840 720/741/730
f 1834/1880/1842 1832/1878/1840 1830/1876/1838
f 1835/1881/1843 1834/1880/1842 1830/1876/1838
f 1835/1881/1843 1830/1876/1838 1833/1879/1841
f 1828/1874/1836 720/741/730 1832/1878/1840
f 1836/1882/1844 1828/1874/1836 1832/1878/1840
f 1837/1883/1845 1836/1882/1844 1832/1878/1840
f 1837/1883/1845 1834/1880/1842 1835/1881/1843
f 1837/1883/1845 1832/1878/1840 1834/1880/1842
f 1815/1860/1822 1813/1858/1820 696/716/705
f 1838/1884/1846 1813/1858/1820 1815/1860/1822
f 1839/1885/1847 1838/1884/1846 1815/1860/1822
f 1814/1859/1821 1817/1862/1824 1840/1886/1848
f 1814/1859/1821 697/717/706 1817/1862/1824
f 1841/1887/1849 1840/1886/1848 1817/1862/1824
f 703/720/709 1817/1862/1824 1816/1861/1823
f 1821/1867/1829 1842/1888/1850 703/720/709
f 1842/1888/1850 1817/1862/1824 703/720/709
f 1843/1889/1851 1817/1862/1824 1842/1888/1850
f 1843/1889/1851 1841/1887/1849 1817/1862/1824
f 1844/1890/1852 1822/1865/1827 1820/1866/1828
f 1844/1890/1852 1821/1867/1829 1822/1865/1827
f 1847/1891/1853 1845/1892/1854 1844/1890/1852
f 1848/1893/1855 1821/1867/1829 1844/1890/1852
f 1846/1894/1856 1844/1890/1852 1845/1892/1854
f 1846/1894/1856 1848/1893/1855 1844/1890/1852
f 1843/1889/1851 1842/1888/1850 1821/1867/1829
f 1844/1890/1852 1820/1866/1828 1823/1868/1830
f 1847/1891/1853 1844/1890/1852 1823/1868/1830
f 1847/1891/1853 1823/1868/1830 1849/1869/1831
f 1850/1895/1857 1847/1891/1853 1849/1869/1831
f 1849/1869/1831 708/726/715 1826/1872/1834
f 1828/1874/1836 1851/1896/1858 1825/1871/1833
f 1851/1896/1858 1824/1870/1832 1825/1871/1833
f 1851/1896/1858 1826/1872/1834 1824/1870/1832
f 1853/1897/1859 1826/1872/1834 1851/1896/1858
f 1851/1896/1858 1854/1898/1860 1853/1897/1859
f 1837/1883/1845 1835/1881/1843 1833/1879/1841
f 1856/1899/1861 1837/1883/1845 1833/1879/1841
f 1836/1882/1844 1837/1883/1845 1857/1900/1862
f 1856/1899/1861 1857/1900/1862 1837/1883/1845
f 1857/1900/1862 1828/1874/1836 1836/1882/1844
f 1858/1901/1863 1857/1900/1862 1856/1899/1861
f 1859/1902/1864 1857/1900/1862 1858/1901/1863
f 1857/1900/1862 1851/1896/1858 1828/1874/1836
f 1861/1903/1865 1815/1860/1822 1814/1859/1821
f 1861/1903/1865 1839/1885/1847 1815/1860/1822
f 1840/1886/1848 1861/1903/1865 1814/1859/1821
f 1862/1904/1866 1839/1885/1847 1861/1903/1865
f 1840/1886/1848 1863/1905/1867 1861/1903/1865
f 1864/1906/1868 1863/1905/1867 1840/1886/1848
f 1866/1907/1869 1841/1887/1849 1843/1889/1851
f 1866/1907/1869 1843/1889/1851 1821/1867/1829
f 1867/1908/1870 1846/1894/1856 1845/1892/1854
f 1848/1893/1855 1866/1907/1869 1821/1867/1829
f 1867/1908/1870 1845/1892/1854 1847/1891/1853
f 1868/1909/1871 1867/1908/1870 1847/1891/1853
f 1848/1893/1855 1846/1894/1856 1867/1908/1870
f 1850/1895/1857 1868/1909/1871 1847/1891/1853
f 1852/1910/1872 1849/1869/1831 1826/1872/1834
f 1852/1910/1872 1850/1895/1857 1849/1869/1831
f 1853/1897/1859 1852/1910/1872 1826/1872/1834
f 1852/1910/1872 1869/1911/1873 1850/1895/1857
f 1885/1912/1874 1869/1911/1873 1852/1910/1872
f 1871/1913/1875 1853/1897/1859 1854/1898/1860
f 1852/1910/1872 1853/1897/1859 1885/1912/1874
f 1860/1914/1876 1851/1896/1858 1857/1900/1862
f 1860/1914/1876 1857/1900/1862 1859/1902/1864
f 1854/1898/1860 1851/1896/1858 1860/1914/1876
f 1873/1915/1877 1859/1902/1864 1872/1916/1878
f 1859/1902/1864 1873/1915/1877 1860/1914/1876
f 1874/1917/1879 1854/1898/1860 1860/1914/1876
f 1874/1917/1879 1860/1914/1876 1873/1915/1877
f 1871/1913/1875 1854/1898/1860 1874/1917/1879
f 1875/1918/1880 3198/1919/1881 1862/1904/1866
f 1875/1918/1880 1862/1904/1866 1861/1903/1865
f 1876/1920/1882 1875/1918/1880 1861/1903/1865
f 1864/1906/1868 1876/1920/1882 1863/1905/1867
f 1876/1920/1882 1861/1903/1865 1863/1905/1867
f 1877/1921/1883 1875/1918/1880 1876/1920/1882
f 1864/1906/1868 1840/1886/1848 1841/1887/1849
f 1865/1922/1884 1864/1906/1868 1841/1887/1849
f 1876/1920/1882 1864/1906/1868 1878/1923/1885
f 1878/1923/1885 1864/1906/1868 1865/1922/1884
f 1865/1922/1884 1841/1887/1849 1866/1907/1869
f 1879/1924/1886 1865/1922/1884 1866/1907/1869
f 1867/1908/1870 1866/1907/1869 1848/1893/1855
f 1881/1925/1887 1867/1908/1870 1880/1926/1888
f 1867/1908/1870 1879/1924/1886 1866/1907/1869
f 1879/1924/1886 1867/1908/1870 1881/1925/1887
f 1880/1926/1888 1882/1927/1889 1881/1925/1887
f 1882/1927/1889 1883/1928/1890 1881/1925/1887
f 1879/1924/1886 1881/1925/1887 1883/1928/1890
f 1870/1929/1891 1868/1909/1871 1850/1895/1857
f 1870/1929/1891 1867/1908/1870 1868/1909/1871
f 1870/1929/1891 1880/1926/1888 1867/1908/1870
f 1869/1911/1873 1870/1929/1891 1850/1895/1857
f 1885/1912/1874 1870/1929/1891 1869/1911/1873
f 1885/1912/1874 1882/1927/1889 1870/1929/1891
f 1882/1927/1889 1880/1926/1888 1870/1929/1891
f 1884/1930/1892 1883/1928/1890 1882/1927/1889
f 1909/1931/1893 1885/1912/1874 1887/1932/1894
f 1871/1913/1875 1885/1912/1874 1853/1897/1859
f 1887/1932/1894 1885/1912/1874 1871/1913/1875
f 1888/1933/1895 1887/1932/1894 1871/1913/1875
f 1889/1934/1896 1888/1933/1895 1871/1913/1875
f 1891/1935/1897 1871/1913/1875 1874/1917/1879
f 1891/1935/1897 1889/1934/1896 1871/1913/1875
f 1878/1923/1885 1893/1936/1898 1876/1920/1882
f 1894/1937/1899 1877/1921/1883 1876/1920/1882
f 1894/1937/1899 1876/1920/1882 1893/1936/1898
f 1894/1937/1899 1895/1938/1900 1877/1921/1883
f 1897/1939/1901 1895/1938/1900 1894/1937/1899
f 1897/1939/1901 1894/1937/1899 1893/1936/1898
f 1896/1940/1902 1898/1941/1903 1893/1936/1898
f 1898/1941/1903 1897/1939/1901 1893/1936/1898
f 1896/1940/1902 1878/1923/1885 1865/1922/1884
f 1896/1940/1902 1893/1936/1898 1878/1923/1885
f 1900/1942/1904 1898/1941/1903 1896/1940/1902
f 1900/1942/1904 1896/1940/1902 1901/1943/1905
f 1902/1944/1906 1865/1922/1884 1879/1924/1886
f 1902/1944/1906 1896/1940/1902 1865/1922/1884
f 1903/1945/1907 1896/1940/1902 1902/1944/1906
f 1903/1945/1907 1901/1943/1905 1896/1940/1902
f 1905/1946/1908 1901/1943/1905 1903/1945/1907
f 1903/1945/1907 1902/1944/1906 1904/1947/1909
f 1903/1945/1907 1904/1947/1909 1905/1946/1908
f 1906/1948/1910 1879/1924/1886 1883/1928/1890
f 1906/1948/1910 1883/1928/1890 1884/1930/1892
f 1907/1949/1911 1906/1948/1910 1884/1930/1892
f 1908/1950/1912 1902/1944/1906 1879/1924/1886
f 1908/1950/1912 1879/1924/1886 1906/1948/1910
f 1904/1947/1909 1902/1944/1906 1908/1950/1912
f 1906/1948/1910 1904/1947/1909 1908/1950/1912
f 1906/1948/1910 1905/1946/1908 1904/1947/1909
f 1886/1951/1913 1884/1930/1892 1882/1927/1889
f 1885/1912/1874 1886/1951/1913 1882/1927/1889
f 1886/1951/1913 1885/1912/1874 1909/1931/1893
f 1907/1949/1911 1884/1930/1892 1886/1951/1913
f 1910/1952/1914 1907/1949/1911 1886/1951/1913
f 1911/1953/1915 1886/1951/1913 1909/1931/1893
f 1911/1953/1915 1910/1952/1914 1886/1951/1913
f 1913/1954/1916 1912/1955/1917 1911/1953/1915
f 1913/1954/1916 1911/1953/1915 1909/1931/1893
f 1912/1955/1917 1910/1952/1914 1911/1953/1915
f 1910/1952/1914 1912/1955/1917 1914/1956/1918
f 1914/1956/1918 1912/1955/1917 1913/1954/1916
f 1915/1957/1919 1910/1952/1914 1914/1956/1918
f 1918/1958/1920 1913/1954/1916 1909/1931/1893
f 1917/1959/1921 1913/1954/1916 1918/1958/1920
f 1916/1960/1922 1914/1956/1918 1913/1954/1916
f 1916/1960/1922 1913/1954/1916 1917/1959/1921
f 1918/1958/1920 1909/1931/1893 1887/1932/1894
f 1918/1958/1920 1887/1932/1894 1888/1933/1895
f 1919/1961/1923 1917/1959/1921 1918/1958/1920
f 1922/1962/1924 1891/1935/1897 1921/1963/1925
f 1889/1934/1896 1891/1935/1897 1923/1964/1926
f 1924/1965/1927 1918/1958/1920 1888/1933/1895
f 1889/1934/1896 1924/1965/1927 1888/1933/1895
f 1924/1965/1927 1889/1934/1896 1923/1964/1926
f 1925/1966/1928 1924/1965/1927 1923/1964/1926
f 1919/1961/1923 1918/1958/1920 1925/1966/1928
f 1918/1958/1920 1924/1965/1927 1925/1966/1928
f 1920/1967/1929 1919/1961/1923 1925/1966/1928
f 1926/1968/1930 1925/1966/1928 1923/1964/1926
f 1899/1969/1931 1895/1938/1900 1897/1939/1901
f 1897/1939/1901 1898/1941/1903 1927/1970/1932
f 1928/1971/1933 1899/1969/1931 1897/1939/1901
f 1929/1972/1934 1928/1971/1933 1897/1939/1901
f 1929/1972/1934 1897/1939/1901 1927/1970/1932
f 1930/1973/1935 1928/1971/1933 1929/1972/1934
f 1927/1970/1932 1898/1941/1903 1900/1942/1904
f 1901/1943/1905 1927/1970/1932 1900/1942/1904
f 1929/1972/1934 1927/1970/1932 1901/1943/1905
f 1931/1974/1936 1929/1972/1934 1901/1943/1905
f 1932/1975/1937 1901/1943/1905 1905/1946/1908
f 1931/1974/1936 1901/1943/1905 1932/1975/1937
f 1932/1975/1937 1905/1946/1908 1906/1948/1910
f 1932/1975/1937 1906/1948/1910 1933/1976/1938
f 1934/1977/1939 1932/1975/1937 1933/1976/1938
f 1916/1960/1922 1915/1957/1919 1914/1956/1918
f 1906/1948/1910 1907/1949/1911 1933/1976/1938
f 1907/1949/1911 1910/1952/1914 1933/1976/1938
f 1933/1976/1938 1910/1952/1914 1915/1957/1919
f 1915/1957/1919 1935/1978/1940 1933/1976/1938
f 1936/1979/1941 1915/1957/1919 1916/1960/1922
f 1935/1978/1940 1915/1957/1919 1936/1979/1941
f 1937/1980/1942 1936/1979/1941 1916/1960/1922
f 1938/1981/1943 1934/1977/1939 1933/1976/1938
f 1938/1981/1943 1933/1976/1938 1935/1978/1940
f 1916/1960/1922 1917/1959/1921 1939/1982/1944
f 1937/1980/1942 1916/1960/1922 1939/1982/1944
f 1940/1983/1945 1937/1980/1942 1939/1982/1944
f 1919/1961/1923 1939/1982/1944 1917/1959/1921
f 1939/1982/1944 1919/1961/1923 1920/1967/1929
f 1926/1968/1930 1920/1967/1929 1925/1966/1928
f 1941/1984/1946 1920/1967/1929 1926/1968/1930
f 1942/1985/1947 1920/1967/1929 1941/1984/1946
f 3200/1986/1948 1928/1971/1933 3201/1987/1949
f 1930/1973/1935 1943/1988/1950 1928/1971/1933
f 1945/1989/1951 1943/1988/1950 1930/1973/1935
f 1944/1990/1952 3201/1987/1949 1943/1988/1950
f 1945/1989/1951 1930/1973/1935 1946/1991/1953
f 1948/1992/1954 3201/1987/1949 1944/1990/1952
f 1947/1993/1955 1944/1990/1952 1943/1988/1950
f 1947/1993/1955 1943/1988/1950 1945/1989/1951
f 1948/1992/1954 1944/1990/1952 1947/1993/1955
f 1931/1974/1936 1930/1973/1935 1929/1972/1934
f 1946/1991/1953 1930/1973/1935 1931/1974/1936
f 1950/1994/1956 1946/1991/1953 1931/1974/1936
f 1951/1995/1957 1931/1974/1936 1932/1975/1937
f 1952/1996/1958 1951/1995/1957 1932/1975/1937
f 1951/1995/1957 1950/1994/1956 1931/1974/1936
f 1953/1997/1959 1932/1975/1937 1934/1977/1939
f 1935/1978/1940 1934/1977/1939 1938/1981/1943
f 1954/1998/1960 1934/1977/1939 1935/1978/1940
f 1955/1999/1961 1936/1979/1941 1937/1980/1942
f 1956/2000/1962 1934/1977/1939 1954/1998/1960
f 1956/2000/1962 1954/1998/1960 1935/1978/1940
f 1957/2001/1963 1935/1978/1940 1936/1979/1941
f 1957/2001/1963 1956/2000/1962 1935/1978/1940
f 1934/1977/1939 1956/2000/1962 1953/1997/1959
f 1940/1983/1945 1955/1999/1961 1937/1980/1942
f 1958/2002/1964 1955/1999/1961 1940/1983/1945
f 1959/2003/1965 1939/1982/1944 1920/1967/1929
f 1940/1983/1945 1939/1982/1944 1959/2003/1965
f 1942/1985/1947 1959/2003/1965 1920/1967/1929
f 1960/2004/1966 1947/1993/1955 1945/1989/1951
f 3202/2005/1967 1947/1993/1955 1961/2006/1968
f 1961/2006/1968 1947/1993/1955 1960/2004/1966
f 1960/2004/1966 1945/1989/1951 1946/1991/1953
f 1962/2007/1969 1960/2004/1966 1946/1991/1953
f 1962/2007/1969 1946/1991/1953 1950/1994/1956
f 1963/2008/1970 1960/2004/1966 1962/2007/1969
f 1963/2008/1970 1962/2007/1969 1964/2009/1971
f 1951/1995/1957 1962/2007/1969 1950/1994/1956
f 1962/2007/1969 1951/1995/1957 1952/1996/1958
f 1964/2009/1971 1962/2007/1969 1952/1996/1958
f 1964/2009/1971 1952/1996/1958 1965/2010/1972
f 1952/1996/1958 1932/1975/1937 1966/2011/1973
f 1953/1997/1959 1966/2011/1973 1932/1975/1937
f 1965/2010/1972 1952/1996/1958 1966/2011/1973
f 1968/2012/1974 1966/2011/1973 1953/1997/1959
f 1955/1999/1961 1957/2001/1963 1936/1979/1941
f 1956/2000/1962 1967/2013/1975 1953/1997/1959
f 1956/2000/1962 1957/2001/1963 1967/2013/1975
f 1969/2014/1976 1967/2013/1975 1957/2001/1963
f 1955/1999/1961 1969/2014/1976 1957/2001/1963
f 1970/2015/1977 1969/2014/1976 1955/1999/1961
f 1968/2012/1974 1953/1997/1959 1967/2013/1975
f 1972/2016/1978 1967/2013/1975 1969/2014/1976
f 1971/2017/1979 1970/2015/1977 1955/1999/1961
f 1971/2017/1979 1955/1999/1961 1958/2002/1964
f 1973/2018/1980 1971/2017/1979 1958/2002/1964
f 1974/2019/1981 1971/2017/1979 1973/2018/1980
f 1975/2020/1982 1940/1983/1945 1959/2003/1965
f 1973/2018/1980 1958/2002/1964 1940/1983/1945
f 1973/2018/1980 1940/1983/1945 1975/2020/1982
f 1976/2021/1983 1959/2003/1965 1942/1985/1947
f 1976/2021/1983 1975/2020/1982 1959/2003/1965
f 1977/2022/1984 1973/2018/1980 1975/2020/1982
f 1977/2022/1984 1975/2020/1982 1976/2021/1983
f 1979/2023/1985 1961/2006/1968 1960/2004/1966
f 1978/2024/1986 1961/2006/1968 1979/2023/1985
f 1980/2025/1987 1978/2024/1986 1979/2023/1985
f 1979/2023/1985 1960/2004/1966 1963/2008/1970
f 1981/2026/1988 1979/2023/1985 1963/2008/1970
f 1963/2008/1970 1964/2009/1971 1982/2027/1989
f 1982/2027/1989 1964/2009/1971 1965/2010/1972
f 1982/2027/1989 1965/2010/1972 3203/2028/1990
f 3203/2028/1990 1963/2008/1970 1982/2027/1989
f 1983/2029/1991 1965/2010/1972 1966/2011/1973
f 1983/2029/1991 1966/2011/1973 1968/2012/1974
f 1983/2029/1991 3203/2028/1990 1965/2010/1972
f 1968/2012/1974 1972/2016/1978 1983/2029/1991
f 1972/2016/1978 1968/2012/1974 1967/2013/1975
f 1971/2017/1979 1974/2019/1981 1984/2030/1992
f 1970/2015/1977 1972/2016/1978 1969/2014/1976
f 1985/2031/1993 1970/2015/1977 1971/2017/1979
f 1984/2030/1992 1985/2031/1993 1971/2017/1979
f 1985/2031/1993 1972/2016/1978 1970/2015/1977
f 1986/2032/1994 1984/2030/1992 1974/2019/1981
f 1984/2030/1992 1986/2032/1994 1985/2031/1993
f 1974/2019/1981 1973/2018/1980 1988/2033/1995
f 1987/2034/1996 1988/2033/1995 1973/2018/1980
f 1987/2034/1996 1973/2018/1980 1977/2022/1984
f 1988/2033/1995 1986/2032/1994 1974/2019/1981
f 3086/2035/1997 1977/2022/1984 1976/2021/1983
f 1990/2036/1998 1989/2037/1999 1977/2022/1984
f 3086/2035/1997 1990/2036/1998 1977/2022/1984
f 1811/1857/1819 1670/1711/1676 1672/1713/1678
f 1993/2038/2000 1681/1722/1687 1683/1724/1689
f 1995/2039/2001 1682/1723/1688 1994/2040/2002
f 1683/1724/1689 1682/1723/1688 1995/2039/2001
f 1996/2041/2003 1993/2038/2000 1683/1724/1689
f 1995/2039/2001 1996/2041/2003 1683/1724/1689
f 1993/2038/2000 1996/2041/2003 1995/2039/2001
f 1998/2042/2004 1993/2038/2000 1995/2039/2001
f 1998/2042/2004 1997/2043/2005 1993/2038/2000
f 1997/2043/2005 1998/2042/2004 1999/2044/2006
f 2001/2045/2007 1689/1729/1694 1690/1731/1696
f 1994/2040/2002 1682/1723/1688 1691/1730/1695
f 2001/2045/2007 1692/1732/1697 1689/1729/1694
f 1718/2046/2008 2001/2045/2007 1690/1731/1696
f 1994/2040/2002 1691/1730/1695 1692/1732/1697
f 2001/2045/2007 1994/2040/2002 1692/1732/1697
f 1998/2042/2004 1995/2039/2001 1994/2040/2002
f 2003/2047/2009 1994/2040/2002 2001/2045/2007
f 1994/2040/2002 2003/2047/2009 1998/2042/2004
f 2003/2047/2009 2001/2045/2007 2004/2048/2010
f 2001/2045/2007 2005/2049/2011 2004/2048/2010
f 2007/2050/2012 1998/2042/2004 2003/2047/2009
f 2007/2050/2012 2003/2047/2009 2004/2048/2010
f 2007/2050/2012 2006/2051/2013 1998/2042/2004
f 2008/2052/2014 2004/2048/2010 2005/2049/2011
f 1712/1757/1722 1702/1756/1721 1717/2053/2015
f 1715/1759/1724 1712/1757/1722 1717/2053/2015
f 1718/2046/2008 1690/1731/1696 1716/1761/1726
f 1715/1759/1724 1717/2053/2015 2011/2054/2016
f 2010/2055/2017 1718/2046/2008 1716/1761/1726
f 1715/1759/1724 2011/2054/2016 1716/1761/1726
f 1717/2053/2015 1702/1756/1721 2009/2056/2018
f 2012/2057/2019 2010/2055/2017 1716/1761/1726
f 2013/2058/2020 2010/2055/2017 2012/2057/2019
f 2012/2057/2019 1716/1761/1726 2011/2054/2016
f 2011/2054/2016 1717/2053/2015 2014/2059/2021
f 2015/2060/2022 1718/2046/2008 2010/2055/2017
f 1717/2053/2015 2009/2056/2018 2014/2059/2021
f 2015/2060/2022 2010/2055/2017 2013/2058/2020
f 2011/2054/2016 2016/2061/2023 2012/2057/2019
f 2002/2062/2024 2001/2045/2007 1718/2046/2008
f 2011/2054/2016 2014/2059/2021 2016/2061/2023
f 2015/2060/2022 2002/2062/2024 1718/2046/2008
f 2016/2061/2023 2018/2063/2025 2012/2057/2019
f 2013/2058/2020 2012/2057/2019 2018/2063/2025
f 2016/2061/2023 2017/2064/2026 2018/2063/2025
f 2016/2061/2023 2014/2059/2021 2017/2064/2026
f 2017/2064/2026 2014/2059/2021 2019/2065/2027
f 2013/2058/2020 2018/2063/2025 2020/2066/2028
f 2021/2067/2029 2015/2060/2022 2013/2058/2020
f 2022/2068/2030 2018/2063/2025 2017/2064/2026
f 2022/2068/2030 2017/2064/2026 2019/2065/2027
f 2020/2066/2028 2023/2069/2031 2013/2058/2020
f 2024/2070/2032 2020/2066/2028 2018/2063/2025
f 2024/2070/2032 2018/2063/2025 2022/2068/2030
f 2025/2071/2033 2002/2062/2024 2015/2060/2022
f 2025/2071/2033 2015/2060/2022 2021/2067/2029
f 2023/2069/2031 2025/2071/2033 2021/2067/2029
f 2023/2069/2031 2021/2067/2029 2013/2058/2020
f 2014/2059/2021 2026/2072/2034 2019/2065/2027
f 2019/2065/2027 2026/2072/2034 2022/2068/2030
f 2028/2073/2035 2002/2062/2024 2025/2071/2033
f 2028/2073/2035 2001/2045/2007 2002/2062/2024
f 2026/2072/2034 2024/2070/2032 2022/2068/2030
f 2027/2074/2036 2024/2070/2032 2026/2072/2034
f 2028/2073/2035 2005/2049/2011 2001/2045/2007
f 2020/2066/2028 2024/2070/2032 2027/2074/2036
f 2029/2075/2037 2027/2074/2036 2026/2072/2034
f 2027/2074/2036 2029/2075/2037 2030/2076/2038
f 2023/2069/2031 2028/2073/2035 2025/2071/2033
f 2014/2059/2021 2009/2056/2018 2031/2077/2039
f 2009/2056/2018 2032/2078/2040 2031/2077/2039
f 2026/2072/2034 2014/2059/2021 2033/2079/2041
f 1760/1805/1768 1829/1877/1839 724/743/732
f 1765/1810/1773 1739/1785/1748 1756/1801/1764
f 1767/1811/1774 1766/1813/1775 1741/1786/1749
f 2034/2080/2042 1766/1813/1775 1767/1811/1774
f 1728/1770/1734 2035/2081/2043 1745/1790/1753
f 2036/2082/2044 1767/1811/1774 1759/1803/1766
f 2035/2081/2043 1728/1770/1734 1765/1810/1773
f 2037/2083/2045 1757/1802/1765 1740/1784/1747
f 2037/2083/2045 1740/1784/1747 1766/1813/1775
f 1758/1804/1767 1749/1794/1757 2038/2084/2046
f 2039/2085/2047 1767/1811/1774 2036/2082/2044
f 2040/2086/2048 1759/1803/1766 1758/1804/1767
f 1749/1794/1757 1778/1826/1788 2038/2084/2046
f 2039/2085/2047 2034/2080/2042 1767/1811/1774
f 2038/2084/2046 2040/2086/2048 1758/1804/1767
f 2041/2087/2049 1759/1803/1766 2040/2086/2048
f 1833/1879/1841 1829/1877/1839 1760/1805/1768
f 2042/2088/2050 1752/1798/1761 1754/1799/1762
f 2043/2089/2051 1743/1788/1751 1762/1807/1770
f 2043/2089/2051 1762/1807/1770 1763/1808/1771
f 2044/2090/2052 1745/1790/1753 2035/2081/2043
f 2036/2082/2044 1759/1803/1766 2041/2087/2049
f 2045/2091/2053 1742/1787/1750 1761/1806/1769
f 2042/2088/2050 1754/1799/1762 1743/1788/1751
f 2046/2092/2054 1744/1789/1752 1764/1809/1772
f 2044/2090/2052 1755/1800/1763 1745/1790/1753
f 1747/1792/1755 1756/1801/1764 1746/1791/1754
f 2045/2091/2053 1750/1795/1758 1742/1787/1750
f 2046/2092/2054 1764/1809/1772 1738/1783/1746
f 2048/2093/2055 1766/1813/1775 2034/2080/2042
f 2049/2094/2056 2037/2083/2045 1766/1813/1775
f 2049/2094/2056 1766/1813/1775 2048/2093/2055
f 2048/2093/2055 2034/2080/2042 2039/2085/2047
f 1750/1795/1758 2045/2091/2053 2047/2095/2057
f 2050/2096/2058 1756/1801/1764 1747/1792/1755
f 2047/2095/2057 1760/1812/1768 1750/1795/1758
f 1738/1783/1746 1755/1800/1763 2051/2097/2059
f 2046/2092/2054 1738/1783/1746 2051/2097/2059
f 2052/2098/2060 2051/2097/2059 1755/1800/1763
f 2052/2098/2060 1755/1800/1763 2044/2090/2052
f 2053/2099/2061 1747/1792/1755 1757/1802/1765
f 2053/2099/2061 1757/1802/1765 2037/2083/2045
f 2054/2100/2062 2036/2082/2044 2041/2087/2049
f 2054/2100/2062 2039/2085/2047 2036/2082/2044
f 2055/2101/2063 1760/1812/1768 2047/2095/2057
f 1760/1805/1768 2055/2102/2063 1833/1879/1841
f 2056/2103/2064 1763/1808/1771 1744/1789/1752
f 2056/2103/2064 2043/2089/2051 1763/1808/1771
f 1756/1801/1764 2057/2104/2065 1765/1810/1773
f 2057/2104/2065 1756/1801/1764 2050/2096/2058
f 2058/2105/2066 2050/2096/2058 1747/1792/1755
f 2037/2083/2045 2059/2106/2067 2053/2099/2061
f 2059/2106/2067 2037/2083/2045 2049/2094/2056
f 1761/1806/1769 1751/1796/1759 2060/2107/2068
f 1752/1798/1761 2061/2108/2069 1753/1797/1760
f 2062/2109/2070 2035/2081/2043 1765/1810/1773
f 2062/2109/2070 1765/1810/1773 2057/2104/2065
f 2058/2105/2066 1747/1792/1755 2053/2099/2061
f 2060/2107/2068 2045/2091/2053 1761/1806/1769
f 2061/2108/2069 1751/1796/1759 1753/1797/1760
f 2042/2088/2050 1743/1788/1751 2063/2110/2071
f 2063/2110/2071 1743/1788/1751 2043/2089/2051
f 2064/2111/2072 2044/2090/2052 2035/2081/2043
f 2064/2111/2072 2035/2081/2043 2062/2109/2070
f 2048/2093/2055 2065/2112/2073 2049/2094/2056
f 1778/1826/1788 1749/1794/1757 1768/1823/1785
f 2066/2113/2074 1778/1826/1788 1779/1827/1789
f 1777/1825/1787 1776/1822/1784 1774/1820/1782
f 2066/2113/2074 1779/1827/1789 1776/1822/1784
f 2067/2114/2075 2066/2113/2074 1776/1822/1784
f 2068/2115/2076 1776/1822/1784 1777/1825/1787
f 2068/2115/2076 2067/2114/2075 1776/1822/1784
f 2070/2116/2077 1777/1825/1787 2069/2117/2078
f 2068/2115/2076 2066/2113/2074 2067/2114/2075
f 2068/2115/2076 1777/1825/1787 2070/2116/2077
f 2071/2118/2079 1778/1826/1788 2066/2113/2074
f 2071/2118/2079 2038/2084/2046 1778/1826/1788
f 2072/2119/2080 2068/2115/2076 2070/2116/2077
f 2068/2115/2076 2071/2118/2079 2066/2113/2074
f 2071/2118/2079 2068/2115/2076 2074/2120/2081
f 2075/2121/2082 2071/2118/2079 2074/2120/2081
f 2074/2120/2081 2068/2115/2076 2072/2119/2080
f 2182/2122/2083 2072/2119/2080 2070/2116/2077
f 1787/2123/2084 1784/1824/1786 1786/1832/1794
f 1777/1825/1787 1784/1824/1786 1787/2123/2084
f 2069/2117/2078 1777/1825/1787 1787/2123/2084
f 1786/1832/1794 2069/2117/2078 1787/2123/2084
f 2073/2124/2085 2069/2117/2078 1786/1832/1794
f 2073/2124/2085 1786/1832/1794 2076/2125/2086
f 1786/1832/1794 1785/1831/1793 1793/1838/1800
f 2076/2125/2086 1786/1832/1794 1793/1838/1800
f 2077/2126/2087 1793/1838/1800 1801/1845/1807
f 2077/2126/2087 2076/2125/2086 1793/1838/1800
f 1801/1845/1807 1793/1838/1800 1792/1837/1799
f 1800/1846/1808 2080/2127/2088 1801/1845/1807
f 2080/2127/2088 1800/1846/1808 2081/2128/2089
f 1801/1845/1807 2080/2127/2088 2077/2126/2087
f 2078/2129/2090 2077/2126/2087 2080/2127/2088
f 2082/2130/2091 2080/2127/2088 2081/2128/2089
f 1810/1855/1817 1811/1857/1819 2083/2131/2092
f 2084/2132/2093 1805/1850/1812 1812/1856/1818
f 1808/1853/1815 1810/1855/1817 1812/1856/1818
f 2084/2132/2093 1807/1852/1814 1805/1850/1812
f 2083/2131/2092 1811/1857/1819 2085/2133/2094
f 2085/2133/2094 1811/1857/1819 1672/1713/1678
f 1810/1855/1817 2083/2131/2092 1812/1856/1818
f 1807/1852/1814 2084/2132/2093 1809/1854/1816
f 2083/2131/2092 2086/2134/2095 1812/1856/1818
f 2085/2133/2094 2087/2135/2096 2083/2131/2092
f 2083/2131/2092 2087/2135/2096 2086/2134/2095
f 1812/1856/1818 2088/2136/2097 2084/2132/2093
f 1809/1854/1816 2090/2137/2098 2089/2138/2099
f 2090/2137/2098 1809/1854/1816 2084/2132/2093
f 2086/2134/2095 2088/2136/2097 1812/1856/1818
f 2089/2138/2099 1800/1846/1808 1809/1854/1816
f 2081/2128/2089 1800/1846/1808 2089/2138/2099
f 2089/2138/2099 2090/2137/2098 2092/2139/2100
f 2084/2132/2093 2088/2136/2097 2090/2137/2098
f 2093/2140/2101 2088/2136/2097 2086/2134/2095
f 2093/2140/2101 2086/2134/2095 2091/2141/2102
f 2094/2142/2103 2092/2139/2100 2090/2137/2098
f 2088/2136/2097 2094/2142/2103 2090/2137/2098
f 2092/2139/2100 2081/2128/2089 2089/2138/2099
f 2096/2143/2104 2092/2139/2100 2094/2142/2103
f 2093/2140/2101 2095/2144/2105 2098/2145/2106
f 2097/2146/2107 2094/2142/2103 2088/2136/2097
f 2092/2139/2100 2082/2130/2091 2081/2128/2089
f 2097/2146/2107 2088/2136/2097 2093/2140/2101
f 2099/2147/2108 2092/2139/2100 2096/2143/2104
f 2099/2147/2108 2096/2143/2104 2094/2142/2103
f 2100/2148/2109 1673/1714/1679 1681/1722/1687
f 1993/2038/2000 2100/2148/2109 1681/1722/1687
f 2087/2135/2096 2085/2133/2094 1672/1713/1678
f 2086/2134/2095 2087/2135/2096 2091/2141/2102
f 1673/1714/1679 2087/2135/2096 1672/1713/1678
f 2101/2149/2110 1673/1714/1679 2100/2148/2109
f 2101/2149/2110 2087/2135/2096 1673/1714/1679
f 1997/2043/2005 2100/2148/2109 1993/2038/2000
f 2091/2141/2102 2087/2135/2096 2102/2150/2111
f 2087/2135/2096 2101/2149/2110 2102/2150/2111
f 2101/2149/2110 2103/2151/2112 2102/2150/2111
f 2000/2152/2113 2100/2148/2109 1997/2043/2005
f 2102/2150/2111 2093/2140/2101 2091/2141/2102
f 2103/2151/2112 2095/2144/2105 2102/2150/2111
f 2103/2151/2112 2101/2149/2110 2000/2152/2113
f 2101/2149/2110 2100/2148/2109 2000/2152/2113
f 2093/2140/2101 2102/2150/2111 2095/2144/2105
f 2104/2153/2114 2095/2144/2105 2103/2151/2112
f 2104/2153/2114 2103/2151/2112 2000/2152/2113
f 2098/2145/2106 2095/2144/2105 2104/2153/2114
f 2105/2154/2115 2104/2153/2114 2000/2152/2113
f 2098/2145/2106 2104/2153/2114 2105/2154/2115
f 2105/2154/2115 2000/2152/2113 2106/2155/2116
f 2006/2051/2013 1999/2044/2006 1998/2042/2004
f 2008/2052/2014 2007/2050/2012 2004/2048/2010
f 2107/2156/2117 2008/2052/2014 2005/2049/2011
f 2108/2157/2118 2008/2052/2014 2107/2156/2117
f 2109/2158/2119 2110/2159/2120 2107/2156/2117
f 2114/2160/2121 2027/2074/2036 2030/2076/2038
f 2115/2161/2122 2023/2069/2031 2020/2066/2028
f 2114/2160/2121 2115/2161/2122 2020/2066/2028
f 2114/2160/2121 2020/2066/2028 2027/2074/2036
f 2117/2162/2123 2028/2073/2035 2023/2069/2031
f 2118/2163/2124 2023/2069/2031 2115/2161/2122
f 2117/2162/2123 2005/2049/2011 2028/2073/2035
f 2119/2164/2125 2118/2163/2124 2115/2161/2122
f 2119/2164/2125 2120/2165/2126 2118/2163/2124
f 2109/2158/2119 2107/2156/2117 2005/2049/2011
f 2109/2158/2119 2005/2049/2011 2117/2162/2123
f 2122/2166/2127 2117/2162/2123 2023/2069/2031
f 2122/2166/2127 2023/2069/2031 2118/2163/2124
f 2123/2167/2128 2122/2166/2127 2118/2163/2124
f 2121/2168/2129 2123/2167/2128 2118/2163/2124
f 2121/2168/2129 2125/2169/2130 2124/2170/2131
f 2121/2168/2129 2124/2170/2131 2123/2167/2128
f 2124/2170/2131 2126/2171/2132 2123/2167/2128
f 2117/2162/2123 2110/2159/2120 2109/2158/2119
f 2127/2172/2133 2123/2167/2128 2126/2171/2132
f 2127/2172/2133 2122/2166/2127 2123/2167/2128
f 2128/2173/2134 2127/2172/2133 2126/2171/2132
f 2129/2174/2135 2127/2172/2133 2128/2173/2134
f 2130/2175/2136 2129/2174/2135 2128/2173/2134
f 2131/2176/2137 2129/2174/2135 2130/2175/2136
f 2132/2177/2138 2127/2172/2133 2129/2174/2135
f 2133/2178/2139 2129/2174/2135 2131/2176/2137
f 2135/2179/2140 2110/2159/2120 2122/2166/2127
f 2110/2159/2120 2117/2162/2123 2122/2166/2127
f 2133/2178/2139 2132/2177/2138 2129/2174/2135
f 2026/2072/2034 2033/2079/2041 2029/2075/2037
f 2029/2075/2037 2033/2079/2041 2030/2076/2038
f 2014/2059/2021 2031/2077/2039 2033/2079/2041
f 2136/2180/2141 2033/2079/2041 2031/2077/2039
f 2114/2160/2121 2030/2076/2038 2033/2079/2041
f 2116/2181/2142 2033/2079/2041 2136/2180/2141
f 2114/2160/2121 2033/2079/2041 2116/2181/2142
f 2114/2160/2121 2116/2181/2142 2115/2161/2122
f 2119/2164/2125 2115/2161/2122 2116/2181/2142
f 2136/2180/2141 2031/2077/2039 2137/2182/2143
f 2120/2165/2126 2119/2164/2125 2116/2181/2142
f 2031/2077/2039 2032/2078/2040 2139/2183/2144
f 2138/2184/2145 2136/2180/2141 2137/2182/2143
f 2138/2184/2145 2120/2165/2126 2116/2181/2142
f 2138/2184/2145 2116/2181/2142 2136/2180/2141
f 2031/2077/2039 2139/2183/2144 2140/2185/2146
f 2031/2077/2039 2140/2185/2146 2137/2182/2143
f 2120/2165/2126 2125/2169/2130 2118/2163/2124
f 2125/2169/2130 2121/2168/2129 2118/2163/2124
f 2125/2169/2130 2120/2165/2126 2138/2184/2145
f 2137/2182/2143 2140/2185/2146 2142/2186/2147
f 2137/2182/2143 2125/2169/2130 2138/2184/2145
f 2125/2169/2130 2137/2182/2143 2141/2187/2148
f 2137/2182/2143 2142/2186/2147 2141/2187/2148
f 2143/2188/2149 2124/2170/2131 2141/2187/2148
f 2125/2169/2130 2141/2187/2148 2124/2170/2131
f 2143/2188/2149 2141/2187/2148 2142/2186/2147
f 2143/2188/2149 2126/2171/2132 2124/2170/2131
f 2032/2078/2040 2145/2189/2150 2139/2183/2144
f 2139/2183/2144 2144/2190/2151 2140/2185/2146
f 2126/2171/2132 2143/2188/2149 2128/2173/2134
f 2130/2175/2136 2128/2173/2134 2143/2188/2149
f 2147/2191/2152 2142/2186/2147 2140/2185/2146
f 2139/2183/2144 2145/2189/2150 2144/2190/2151
f 2144/2190/2151 2146/2192/2153 2140/2185/2146
f 2147/2191/2152 2140/2185/2146 2146/2192/2153
f 2148/2193/2154 2130/2175/2136 2143/2188/2149
f 2148/2193/2154 2143/2188/2149 2142/2186/2147
f 2130/2175/2136 2134/2194/2155 2131/2176/2137
f 2134/2194/2155 2133/2178/2139 2131/2176/2137
f 2148/2193/2154 2149/2195/2156 2130/2175/2136
f 2150/2196/2157 1751/1796/1759 2061/2108/2069
f 2151/2197/2158 2056/2103/2064 1744/1789/1752
f 2151/2197/2158 1744/1789/1752 2046/2092/2054
f 2059/2106/2067 2049/2094/2056 2065/2112/2073
f 2038/2084/2046 2152/2198/2159 2040/2086/2048
f 2152/2198/2159 2041/2087/2049 2040/2086/2048
f 1855/2199/2160 1833/1879/1841 2055/2102/2063
f 1855/2200/2160 2055/2101/2063 2047/2095/2057
f 2150/2196/2157 2060/2107/2068 1751/1796/1759
f 1752/1798/1761 2154/2201/2161 2061/2108/2069
f 2039/2085/2047 2155/2202/2162 2048/2093/2055
f 2155/2202/2162 2065/2112/2073 2048/2093/2055
f 2153/2203/2163 2152/2198/2159 2038/2084/2046
f 2154/2201/2161 1752/1798/1761 2042/2088/2050
f 2156/2204/2164 2059/2106/2067 2065/2112/2073
f 1856/1899/1861 1833/1879/1841 1855/2199/2160
f 2157/2205/2165 2062/2109/2070 2057/2104/2065
f 2156/2204/2164 2053/2099/2061 2059/2106/2067
f 2159/2206/2166 2054/2100/2062 2041/2087/2049
f 2158/2207/2167 2039/2085/2047 2054/2100/2062
f 2159/2206/2166 2158/2207/2167 2054/2100/2062
f 2160/2208/2168 2047/2095/2057 2045/2091/2053
f 2161/2209/2169 2057/2104/2065 2050/2096/2058
f 2158/2207/2167 2155/2202/2162 2039/2085/2047
f 2160/2208/2168 2045/2091/2053 2060/2107/2068
f 2044/2090/2052 2064/2111/2072 2162/2210/2170
f 2050/2096/2058 2058/2105/2066 2161/2209/2169
f 2163/2211/2171 2154/2201/2161 2042/2088/2050
f 2157/2205/2165 2064/2111/2072 2062/2109/2070
f 2053/2099/2061 2156/2204/2164 2058/2105/2066
f 2164/2212/2172 2160/2208/2168 2060/2107/2068
f 2163/2211/2171 2042/2088/2050 2063/2110/2071
f 2046/2092/2054 2165/2213/2173 2151/2197/2158
f 2165/2213/2173 2046/2092/2054 2051/2097/2059
f 2052/2098/2060 2044/2090/2052 2162/2210/2170
f 2157/2205/2165 2057/2104/2065 2161/2209/2169
f 2058/2105/2066 2156/2204/2164 2166/2214/2174
f 2167/2215/2175 2159/2206/2166 2041/2087/2049
f 2166/2214/2174 2168/2216/2176 2058/2105/2066
f 2152/2198/2159 2167/2215/2175 2041/2087/2049
f 1858/1901/1863 1856/1899/1861 1855/2199/2160
f 1855/2199/2160 2169/2217/2177 1858/1901/1863
f 2170/2218/2178 1855/2200/2160 2047/2095/2057
f 2047/2095/2057 2160/2208/2168 2170/2218/2178
f 2052/2098/2060 2171/2219/2179 2051/2097/2059
f 2161/2209/2169 2058/2105/2066 2168/2216/2176
f 2173/2220/2180 2166/2214/2174 2156/2204/2164
f 2174/2221/2181 2167/2215/2175 2152/2198/2159
f 2174/2221/2181 2152/2198/2159 2153/2203/2163
f 2169/2222/2177 1855/2200/2160 2170/2218/2178
f 2060/2107/2068 2150/2196/2157 2164/2212/2172
f 2175/2223/2182 2064/2111/2072 2157/2205/2165
f 2175/2223/2182 2162/2210/2170 2064/2111/2072
f 2172/2224/2183 2157/2205/2165 2161/2209/2169
f 2173/2220/2180 2156/2204/2164 2065/2112/2073
f 2176/2225/2184 2061/2108/2069 2154/2201/2161
f 2177/2226/2185 2043/2089/2051 2056/2103/2064
f 2177/2226/2185 2056/2103/2064 2151/2197/2158
f 2150/2196/2157 2061/2108/2069 2176/2225/2184
f 2171/2219/2179 2165/2213/2173 2051/2097/2059
f 2178/2227/2186 2173/2220/2180 2065/2112/2073
f 2065/2112/2073 2155/2202/2162 2178/2227/2186
f 2179/2228/2187 2164/2212/2172 2150/2196/2157
f 2179/2228/2187 2150/2196/2157 2176/2225/2184
f 2180/2229/2188 2063/2110/2071 2043/2089/2051
f 1859/1902/1864 1858/1901/1863 2169/2217/2177
f 2177/2226/2185 2180/2229/2188 2043/2089/2051
f 2181/2230/2189 2151/2197/2158 2165/2213/2173
f 2038/2084/2046 2071/2118/2079 2153/2203/2163
f 2182/2122/2083 2069/2117/2078 2073/2124/2085
f 2182/2122/2083 2070/2116/2077 2069/2117/2078
f 2074/2120/2081 2072/2119/2080 2182/2122/2083
f 2183/2231/2190 2071/2118/2079 2075/2121/2082
f 2183/2231/2190 2153/2203/2163 2071/2118/2079
f 2184/2232/2191 2182/2122/2083 2073/2124/2085
f 2184/2232/2191 2074/2120/2081 2182/2122/2083
f 2185/2233/2192 2184/2232/2191 2073/2124/2085
f 2189/2234/2193 2185/2233/2192 2073/2124/2085
f 2074/2120/2081 2186/2235/2194 2075/2121/2082
f 2184/2232/2191 2186/2235/2194 2074/2120/2081
f 2073/2124/2085 2076/2125/2086 2187/2236/2195
f 2073/2124/2085 2187/2236/2195 2189/2234/2193
f 2188/2237/2196 2189/2234/2193 2187/2236/2195
f 2187/2236/2195 2077/2126/2087 2079/2238/2197
f 2187/2236/2195 2076/2125/2086 2077/2126/2087
f 2079/2238/2197 2077/2126/2087 2078/2129/2090
f 2190/2239/2198 2191/2240/2199 2079/2238/2197
f 2188/2237/2196 2187/2236/2195 2079/2238/2197
f 2188/2237/2196 2079/2238/2197 2191/2240/2199
f 2082/2130/2091 2078/2129/2090 2080/2127/2088
f 2082/2130/2091 2079/2238/2197 2078/2129/2090
f 2193/2241/2200 2190/2239/2198 2082/2130/2091
f 2082/2130/2091 2190/2239/2198 2079/2238/2197
f 2194/2242/2201 2190/2239/2198 2193/2241/2200
f 2194/2242/2201 2191/2240/2199 2190/2239/2198
f 2195/2243/2202 2093/2140/2101 2098/2145/2106
f 2099/2147/2108 2082/2130/2091 2092/2139/2100
f 2195/2243/2202 2097/2146/2107 2093/2140/2101
f 2099/2147/2108 2094/2142/2103 2097/2146/2107
f 2099/2147/2108 2097/2146/2107 2197/2244/2203
f 2197/2244/2203 2097/2146/2107 2195/2243/2202
f 2198/2245/2204 2099/2147/2108 2197/2244/2203
f 2199/2246/2205 2196/2247/2206 2099/2147/2108
f 2193/2241/2200 2082/2130/2091 2099/2147/2108
f 2199/2246/2205 2099/2147/2108 2198/2245/2204
f 2200/2248/2207 2197/2244/2203 2195/2243/2202
f 2193/2241/2200 2099/2147/2108 2196/2247/2206
f 2201/2249/2208 2196/2247/2206 2199/2246/2205
f 2201/2249/2208 2198/2245/2204 2197/2244/2203
f 2201/2249/2208 2197/2244/2203 2200/2248/2207
f 2199/2246/2205 2198/2245/2204 2201/2249/2208
f 2202/2250/2209 2193/2241/2200 2196/2247/2206
f 2194/2242/2201 2193/2241/2200 2202/2250/2209
f 2000/2152/2113 2204/2251/2210 2106/2155/2116
f 1997/2043/2005 2204/2251/2210 2000/2152/2113
f 2195/2243/2202 2098/2145/2106 2105/2154/2115
f 2105/2154/2115 2106/2155/2116 2195/2243/2202
f 2106/2155/2116 2204/2251/2210 2206/2252/2211
f 2206/2252/2211 2195/2243/2202 2106/2155/2116
f 2208/2253/2212 1997/2043/2005 1999/2044/2006
f 2209/2254/2213 2195/2243/2202 2206/2252/2211
f 2210/2255/2214 2206/2252/2211 2204/2251/2210
f 2207/2256/2215 2210/2255/2214 2204/2251/2210
f 2208/2253/2212 2207/2256/2215 2204/2251/2210
f 2208/2253/2212 2204/2251/2210 1997/2043/2005
f 2210/2255/2214 2209/2254/2213 2206/2252/2211
f 2209/2254/2213 2210/2255/2214 2211/2257/2216
f 2210/2255/2214 2207/2256/2215 2211/2257/2216
f 2205/2258/2217 2208/2253/2212 1999/2044/2006
f 2211/2257/2216 2213/2259/2218 2209/2254/2213
f 2195/2243/2202 2209/2254/2213 2213/2259/2218
f 2211/2257/2216 2214/2260/2219 2215/2261/2220
f 2207/2256/2215 2214/2260/2219 2211/2257/2216
f 2216/2262/2221 2214/2260/2219 2207/2256/2215
f 2216/2262/2221 2207/2256/2215 2208/2253/2212
f 2213/2259/2218 2211/2257/2216 2215/2261/2220
f 2217/2263/2222 2213/2259/2218 2215/2261/2220
f 2214/2260/2219 2216/2262/2221 2215/2261/2220
f 2216/2262/2221 2208/2253/2212 2205/2258/2217
f 2218/2264/2223 2205/2258/2217 2212/2265/2224
f 2200/2248/2207 2195/2243/2202 2213/2259/2218
f 2200/2248/2207 2213/2259/2218 2217/2263/2222
f 2215/2261/2220 2216/2262/2221 2217/2263/2222
f 2217/2263/2222 2216/2262/2221 2220/2266/2225
f 2216/2262/2221 2219/2267/2226 2220/2266/2225
f 2219/2267/2226 2216/2262/2221 2218/2264/2223
f 2218/2264/2223 2216/2262/2221 2205/2258/2217
f 2220/2266/2225 2221/2268/2227 2217/2263/2222
f 2221/2268/2227 2200/2248/2207 2217/2263/2222
f 2201/2249/2208 2200/2248/2207 2222/2269/2228
f 2224/2270/2229 2221/2268/2227 2220/2266/2225
f 2221/2268/2227 2222/2269/2228 2200/2248/2207
f 2225/2271/2230 2201/2249/2208 2222/2269/2228
f 2225/2271/2230 2222/2269/2228 2221/2268/2227
f 2203/2272/2231 2201/2249/2208 2225/2271/2230
f 2205/2258/2217 1999/2044/2006 2006/2051/2013
f 2226/2273/2232 2205/2258/2217 2006/2051/2013
f 2226/2273/2232 2006/2051/2013 2007/2050/2012
f 2108/2157/2118 2007/2050/2012 2008/2052/2014
f 2108/2157/2118 2226/2273/2232 2007/2050/2012
f 2226/2273/2232 2212/2265/2224 2205/2258/2217
f 2212/2265/2224 2226/2273/2232 2227/2274/2233
f 2227/2274/2233 2226/2273/2232 2108/2157/2118
f 2110/2159/2120 2111/2275/2234 2108/2157/2118
f 2110/2159/2120 2108/2157/2118 2107/2156/2117
f 2228/2276/2235 2227/2274/2233 2108/2157/2118
f 2111/2275/2234 2228/2276/2235 2108/2157/2118
f 2112/2277/2236 2228/2276/2235 2111/2275/2234
f 2228/2276/2235 2212/2265/2224 2227/2274/2233
f 2223/2278/2237 2218/2264/2223 2212/2265/2224
f 2212/2265/2224 2228/2276/2235 2112/2277/2236
f 2229/2279/2238 2223/2278/2237 2212/2265/2224
f 2229/2279/2238 2212/2265/2224 2112/2277/2236
f 2110/2159/2120 2113/2280/2239 2111/2275/2234
f 2231/2281/2240 2113/2280/2239 2230/2282/2241
f 2233/2283/2242 2231/2281/2240 2230/2282/2241
f 2232/2284/2243 2233/2283/2242 2230/2282/2241
f 2149/2195/2156 2133/2178/2139 2134/2194/2155
f 2135/2179/2140 2122/2166/2127 2127/2172/2133
f 2237/2285/2244 2135/2179/2140 2127/2172/2133
f 2132/2177/2138 2133/2178/2139 2149/2195/2156
f 2132/2177/2138 2237/2285/2244 2127/2172/2133
f 2230/2282/2241 2113/2280/2239 2110/2159/2120
f 2230/2282/2241 2110/2159/2120 2135/2179/2140
f 2238/2286/2245 2135/2179/2140 2237/2285/2244
f 2238/2286/2245 2237/2285/2244 2132/2177/2138
f 2239/2287/2246 2135/2179/2140 2238/2286/2245
f 2240/2288/2247 2238/2286/2245 2132/2177/2138
f 2239/2287/2246 2232/2284/2243 2230/2282/2241
f 2239/2287/2246 2230/2282/2241 2135/2179/2140
f 2232/2284/2243 2239/2287/2246 2233/2283/2242
f 2241/2289/2248 2239/2287/2246 2238/2286/2245
f 2242/2290/2249 2241/2289/2248 2238/2286/2245
f 2242/2290/2249 2238/2286/2245 2240/2288/2247
f 2239/2287/2246 2244/2291/2250 2233/2283/2242
f 2241/2289/2248 2244/2291/2250 2239/2287/2246
f 2245/2292/2251 2242/2290/2249 2240/2288/2247
f 2147/2191/2152 2148/2193/2154 2142/2186/2147
f 2149/2195/2156 2134/2194/2155 2130/2175/2136
f 2147/2191/2152 2146/2192/2153 2246/2293/2252
f 2247/2294/2253 2148/2193/2154 2147/2191/2152
f 2246/2293/2252 2247/2294/2253 2147/2191/2152
f 2146/2192/2153 2144/2190/2151 2248/2295/2254
f 2246/2293/2252 2146/2192/2153 2249/2296/2255
f 2247/2294/2253 2246/2293/2252 2249/2296/2255
f 2250/2297/2256 2148/2193/2154 2251/2298/2257
f 2251/2298/2257 2148/2193/2154 2247/2294/2253
f 2250/2297/2256 2132/2177/2138 2149/2195/2156
f 2148/2193/2154 2250/2297/2256 2149/2195/2156
f 2146/2192/2153 2248/2295/2254 2249/2296/2255
f 2251/2298/2257 2247/2294/2253 2249/2296/2255
f 2250/2297/2256 2240/2288/2247 2132/2177/2138
f 2251/2298/2257 2254/2299/2258 2255/2300/2259
f 2254/2299/2258 2251/2298/2257 2249/2296/2255
f 2250/2297/2256 2251/2298/2257 2252/2301/2260
f 2252/2301/2260 2251/2298/2257 2255/2300/2259
f 2144/2190/2151 2145/2189/2150 2253/2302/2261
f 2144/2190/2151 2253/2302/2261 2248/2295/2254
f 2249/2296/2255 2248/2295/2254 2256/2303/2262
f 2254/2299/2258 2249/2296/2255 2256/2303/2262
f 2252/2301/2260 2240/2288/2247 2250/2297/2256
f 2255/2300/2259 2257/2304/2263 2252/2301/2260
f 2248/2295/2254 2253/2302/2261 2256/2303/2262
f 2257/2304/2263 2240/2288/2247 2252/2301/2260
f 2243/2305/2264 2240/2288/2247 2257/2304/2263
f 2256/2303/2262 2253/2302/2261 2258/2306/2265
f 2254/2299/2258 2256/2303/2262 2258/2306/2265
f 2259/2307/2266 2257/2304/2263 2255/2300/2259
f 2255/2300/2259 2254/2299/2258 2259/2307/2266
f 2253/2302/2261 2260/2308/2267 2258/2306/2265
f 2257/2304/2263 2259/2307/2266 2243/2305/2264
f 2258/2306/2265 2259/2307/2266 2254/2299/2258
f 2261/2309/2268 2243/2305/2264 2259/2307/2266
f 2258/2306/2265 2261/2309/2268 2259/2307/2266
f 2261/2309/2268 2258/2306/2265 2262/2310/2269
f 2258/2306/2265 2260/2308/2267 2262/2310/2269
f 2245/2292/2251 2240/2288/2247 2243/2305/2264
f 2263/2311/2270 2243/2305/2264 2261/2309/2268
f 2265/2312/2271 2261/2309/2268 2262/2310/2269
f 2262/2310/2269 2260/2308/2267 2264/2313/2272
f 2263/2311/2270 2245/2292/2251 2243/2305/2264
f 2264/2313/2272 2265/2312/2271 2262/2310/2269
f 2265/2312/2271 2263/2311/2270 2261/2309/2268
f 2145/2189/2150 2266/2314/2273 2253/2302/2261
f 2264/2313/2272 2263/2311/2270 2265/2312/2271
f 2268/2315/2274 2154/2201/2161 2163/2211/2171
f 2181/2230/2189 2177/2226/2185 2151/2197/2158
f 2269/2316/2275 2178/2227/2186 2155/2202/2162
f 2269/2316/2275 2155/2202/2162 2158/2207/2167
f 2268/2315/2274 2176/2225/2184 2154/2201/2161
f 2270/2317/2276 2268/2315/2274 2163/2211/2171
f 2170/2218/2178 1859/2318/1864 2169/2222/2177
f 2271/2319/2277 2163/2211/2171 2063/2110/2071
f 2272/2320/2278 2172/2224/2183 2161/2209/2169
f 2172/2224/2183 2272/2320/2278 2157/2205/2165
f 2273/2321/2279 2178/2227/2186 2269/2316/2275
f 2273/2321/2279 2173/2220/2180 2178/2227/2186
f 2274/2322/2280 2158/2207/2167 2159/2206/2166
f 2276/2323/2281 2170/2218/2178 2160/2208/2168
f 2276/2323/2281 2160/2208/2168 2164/2212/2172
f 2163/2211/2171 2271/2319/2277 2270/2317/2276
f 2277/2324/2282 2052/2098/2060 2162/2210/2170
f 2277/2324/2282 2162/2210/2170 2175/2223/2182
f 2274/2322/2280 2159/2206/2166 2167/2215/2175
f 2275/2325/2283 2167/2215/2175 2174/2221/2181
f 2279/2326/2284 2274/2322/2280 2167/2215/2175
f 2280/2327/2285 1859/2318/1864 2170/2218/2178
f 2164/2212/2172 2179/2228/2187 2176/2225/2184
f 2271/2319/2277 2063/2110/2071 2180/2229/2188
f 2278/2328/2286 2168/2216/2176 2166/2214/2174
f 2173/2220/2180 2278/2328/2286 2166/2214/2174
f 2279/2326/2284 2167/2215/2175 2275/2325/2283
f 2170/2218/2178 2276/2323/2281 2280/2327/2285
f 2281/2329/2287 2161/2209/2169 2168/2216/2176
f 2283/2330/2288 2175/2223/2182 2157/2205/2165
f 2272/2320/2278 2283/2330/2288 2157/2205/2165
f 2281/2329/2287 2272/2320/2278 2161/2209/2169
f 2269/2316/2275 2158/2207/2167 2274/2322/2280
f 2176/2225/2184 2282/2331/2289 2164/2212/2172
f 1872/2332/1878 1859/2318/1864 2280/2327/2285
f 2284/2333/2290 2171/2219/2179 2052/2098/2060
f 2284/2333/2290 2052/2098/2060 2277/2324/2282
f 2285/2334/2291 2277/2324/2282 2175/2223/2182
f 2285/2334/2291 2175/2223/2182 2283/2330/2288
f 2286/2335/2292 2273/2321/2279 2269/2316/2275
f 2287/2336/2293 2276/2323/2281 2164/2212/2172
f 2289/2337/2294 2180/2229/2188 2177/2226/2185
f 2289/2337/2294 2177/2226/2185 2181/2230/2189
f 2278/2328/2286 2290/2338/2295 2168/2216/2176
f 2290/2338/2295 2281/2329/2287 2168/2216/2176
f 2291/2339/2296 2173/2220/2180 2273/2321/2279
f 2291/2339/2296 2278/2328/2286 2173/2220/2180
f 2292/2340/2297 2269/2316/2275 2274/2322/2280
f 2164/2212/2172 2282/2331/2289 2287/2336/2293
f 2288/2341/2298 2282/2331/2289 2176/2225/2184
f 2176/2225/2184 2268/2315/2274 2288/2341/2298
f 2292/2340/2297 2286/2335/2292 2269/2316/2275
f 2293/2342/2299 2289/2337/2294 2181/2230/2189
f 2293/2342/2299 2181/2230/2189 2165/2213/2173
f 1872/2332/1878 2280/2327/2285 2276/2323/2281
f 2294/2343/2300 2171/2219/2179 2284/2333/2290
f 1873/2344/1877 1872/2332/1878 2276/2323/2281
f 2296/2345/2301 2270/2317/2276 2271/2319/2277
f 2295/2346/2302 2165/2213/2173 2171/2219/2179
f 2298/2347/2303 2274/2322/2280 2279/2326/2284
f 2299/2348/2304 1873/2344/1877 2276/2323/2281
f 2296/2345/2301 2268/2315/2274 2270/2317/2276
f 2300/2349/2305 2268/2315/2274 2296/2345/2301
f 2180/2229/2188 2289/2337/2294 2301/2350/2306
f 2165/2213/2173 2295/2346/2302 2293/2342/2299
f 2294/2343/2300 2295/2346/2302 2171/2219/2179
f 2290/2338/2295 2278/2328/2286 2302/2351/2307
f 2298/2347/2303 2292/2340/2297 2274/2322/2280
f 2299/2348/2304 2297/2352/2308 1873/2344/1877
f 2288/2341/2298 2268/2315/2274 2300/2349/2305
f 2301/2350/2306 2271/2319/2277 2180/2229/2188
f 2303/2353/2309 2285/2334/2291 2283/2330/2288
f 2303/2353/2309 2283/2330/2288 2272/2320/2278
f 2278/2328/2286 2291/2339/2296 2302/2351/2307
f 2304/2354/2310 2153/2203/2163 2183/2231/2190
f 2174/2221/2181 2153/2203/2163 2304/2354/2310
f 2075/2121/2082 2304/2354/2310 2183/2231/2190
f 2305/2355/2311 2174/2221/2181 2304/2354/2310
f 2186/2235/2194 2184/2232/2191 2185/2233/2192
f 2189/2234/2193 2186/2235/2194 2185/2233/2192
f 2075/2121/2082 2186/2235/2194 2306/2356/2312
f 2306/2356/2312 2304/2354/2310 2075/2121/2082
f 2305/2355/2311 2275/2325/2283 2174/2221/2181
f 2307/2357/2313 2186/2235/2194 2189/2234/2193
f 2308/2358/2314 2305/2355/2311 2304/2354/2310
f 2308/2358/2314 2304/2354/2310 2306/2356/2312
f 2309/2359/2315 2306/2356/2312 2186/2235/2194
f 2310/2360/2316 2309/2359/2315 2186/2235/2194
f 2311/2361/2317 2310/2360/2316 2186/2235/2194
f 2311/2361/2317 2186/2235/2194 2307/2357/2313
f 2311/2361/2317 2307/2357/2313 2314/2362/2318
f 2188/2237/2196 2192/2363/2319 2189/2234/2193
f 2312/2364/2320 2189/2234/2193 2192/2363/2319
f 2192/2363/2319 2313/2365/2321 2312/2364/2320
f 2312/2364/2320 2314/2362/2318 2189/2234/2193
f 2314/2362/2318 2307/2357/2313 2189/2234/2193
f 2315/2366/2322 2313/2365/2321 2192/2363/2319
f 2314/2362/2318 2312/2364/2320 2313/2365/2321
f 2188/2237/2196 2191/2240/2199 2316/2367/2323
f 2315/2366/2322 2188/2237/2196 2316/2367/2323
f 2315/2366/2322 2192/2363/2319 2188/2237/2196
f 2194/2242/2201 2316/2367/2323 2191/2240/2199
f 2317/2368/2324 2316/2367/2323 2194/2242/2201
f 2318/2369/2325 2317/2368/2324 2319/2370/2326
f 2315/2366/2322 2316/2367/2323 2317/2368/2324
f 2202/2250/2209 2196/2247/2206 2201/2249/2208
f 2202/2250/2209 2201/2249/2208 2320/2371/2327
f 2320/2371/2327 2201/2249/2208 2203/2272/2231
f 2317/2368/2324 2194/2242/2201 2202/2250/2209
f 2321/2372/2328 2202/2250/2209 2320/2371/2327
f 2319/2370/2326 2317/2368/2324 2202/2250/2209
f 2319/2370/2326 2202/2250/2209 2321/2372/2328
f 2320/2371/2327 2322/2373/2329 2321/2372/2328
f 2321/2372/2328 2323/2374/2330 2319/2370/2326
f 2324/2375/2331 2219/2267/2226 2218/2264/2223
f 2219/2267/2226 2324/2375/2331 2220/2266/2225
f 2325/2376/2332 2218/2264/2223 2223/2278/2237
f 2326/2377/2333 2225/2271/2230 2221/2268/2227
f 2220/2266/2225 2324/2375/2331 2327/2378/2334
f 2328/2379/2335 2225/2271/2230 2326/2377/2333
f 2329/2380/2336 2324/2375/2331 2218/2264/2223
f 2324/2375/2331 2329/2380/2336 2327/2378/2334
f 2224/2270/2229 2326/2377/2333 2221/2268/2227
f 2220/2266/2225 2327/2378/2334 2224/2270/2229
f 2203/2272/2231 2225/2271/2230 2328/2379/2335
f 2329/2380/2336 2218/2264/2223 2330/2381/2337
f 2218/2264/2223 2325/2376/2332 2330/2381/2337
f 2332/2382/2338 2224/2270/2229 2327/2378/2334
f 2332/2382/2338 2327/2378/2334 2329/2380/2336
f 2328/2379/2335 2331/2383/2339 2203/2272/2231
f 2333/2384/2340 2328/2379/2335 2326/2377/2333
f 2330/2381/2337 2334/2385/2341 2329/2380/2336
f 2335/2386/2342 2330/2381/2337 2325/2376/2332
f 2336/2387/2343 2224/2270/2229 2332/2382/2338
f 2333/2384/2340 2326/2377/2333 2224/2270/2229
f 2337/2388/2344 2331/2383/2339 2328/2379/2335
f 2334/2385/2341 2336/2387/2343 2332/2382/2338
f 2334/2385/2341 2339/2389/2345 2336/2387/2343
f 2329/2380/2336 2334/2385/2341 2332/2382/2338
f 2333/2384/2340 2337/2388/2344 2328/2379/2335
f 2333/2384/2340 2224/2270/2229 2336/2387/2343
f 2338/2390/2346 2333/2384/2340 2336/2387/2343
f 2339/2389/2345 2338/2390/2346 2336/2387/2343
f 2322/2373/2329 2203/2272/2231 2331/2383/2339
f 2341/2391/2347 2333/2384/2340 2338/2390/2346
f 2322/2373/2329 2320/2371/2327 2203/2272/2231
f 2342/2392/2348 2334/2385/2341 2330/2381/2337
f 2342/2392/2348 2340/2393/2349 2334/2385/2341
f 2334/2385/2341 2340/2393/2349 2339/2389/2345
f 2343/2394/2350 2331/2383/2339 2337/2388/2344
f 2343/2394/2350 2322/2373/2329 2331/2383/2339
f 2341/2391/2347 2338/2390/2346 2339/2389/2345
f 2344/2395/2351 2341/2391/2347 2339/2389/2345
f 2337/2388/2344 2333/2384/2340 2341/2391/2347
f 2346/2396/2352 2339/2389/2345 2345/2397/2353
f 2346/2396/2352 2344/2395/2351 2339/2389/2345
f 2339/2389/2345 2340/2393/2349 2345/2397/2353
f 2347/2398/2354 2337/2388/2344 2341/2391/2347
f 2322/2373/2329 2343/2394/2350 2337/2388/2344
f 2348/2399/2355 2322/2373/2329 2337/2388/2344
f 2350/2400/2356 2345/2397/2353 2340/2393/2349
f 2350/2400/2356 2340/2393/2349 2342/2392/2348
f 2351/2401/2357 2344/2395/2351 2346/2396/2352
f 2345/2397/2353 2350/2400/2356 2346/2396/2352
f 2344/2395/2351 2347/2398/2354 2341/2391/2347
f 2352/2402/2358 2347/2398/2354 2344/2395/2351
f 2348/2399/2355 2337/2388/2344 2349/2403/2359
f 2347/2398/2354 2349/2403/2359 2337/2388/2344
f 2353/2404/2360 2350/2400/2356 2342/2392/2348
f 2350/2400/2356 2351/2401/2357 2346/2396/2352
f 2354/2405/2361 2351/2401/2357 2350/2400/2356
f 2352/2402/2358 2344/2395/2351 2351/2401/2357
f 2355/2406/2362 2347/2398/2354 2352/2402/2358
f 2356/2407/2363 2353/2404/2360 2342/2392/2348
f 2357/2408/2364 2354/2405/2361 2350/2400/2356
f 2358/2409/2365 2354/2405/2361 2357/2408/2364
f 2351/2401/2357 2359/2410/2366 2352/2402/2358
f 2359/2410/2366 2351/2401/2357 2354/2405/2361
f 2322/2373/2329 2348/2399/2355 2360/2411/2367
f 2355/2406/2362 2349/2403/2359 2347/2398/2354
f 2350/2400/2356 2353/2404/2360 2357/2408/2364
f 2359/2410/2366 2354/2405/2361 2358/2409/2365
f 2352/2402/2358 2359/2410/2366 2355/2406/2362
f 2359/2410/2366 2358/2409/2365 2361/2412/2368
f 2361/2412/2368 2355/2406/2362 2359/2410/2366
f 2321/2372/2328 2322/2373/2329 2360/2411/2367
f 2360/2411/2367 2323/2374/2330 2321/2372/2328
f 2113/2280/2239 2112/2277/2236 2111/2275/2234
f 2231/2281/2240 2112/2277/2236 2113/2280/2239
f 2231/2281/2240 2229/2279/2238 2112/2277/2236
f 2231/2281/2240 2223/2278/2237 2229/2279/2238
f 2335/2386/2342 2325/2376/2332 2223/2278/2237
f 2233/2283/2242 2223/2278/2237 2231/2281/2240
f 2235/2413/2369 2335/2386/2342 2223/2278/2237
f 2342/2392/2348 2330/2381/2337 2335/2386/2342
f 2342/2392/2348 2335/2386/2342 2235/2413/2369
f 2235/2413/2369 2223/2278/2237 2233/2283/2242
f 2235/2413/2369 2362/2414/2370 2342/2392/2348
f 2233/2283/2242 2234/2415/2371 2235/2413/2369
f 2236/2416/2372 2234/2415/2371 2233/2283/2242
f 2365/2417/2373 2363/2418/2374 2364/2419/2375
f 2236/2416/2372 2233/2283/2242 2244/2291/2250
f 2367/2420/2376 2241/2289/2248 2242/2290/2249
f 2245/2292/2251 2367/2420/2376 2242/2290/2249
f 2367/2420/2376 2244/2291/2250 2241/2289/2248
f 2244/2291/2250 2486/2421/2377 2236/2416/2372
f 2368/2422/2378 2367/2420/2376 2245/2292/2251
f 2369/2423/2379 2367/2420/2376 2368/2422/2378
f 2367/2420/2376 2486/2421/2377 2244/2291/2250
f 2364/2419/2375 2486/2421/2377 2367/2420/2376
f 2370/2424/2380 2367/2420/2376 2369/2423/2379
f 2370/2424/2380 2364/2419/2375 2367/2420/2376
f 2369/2423/2379 2368/2422/2378 2376/2425/2381
f 2366/2426/2382 2365/2417/2373 2364/2419/2375
f 2370/2424/2380 2369/2423/2379 2376/2425/2381
f 2490/2427/2383 2364/2419/2375 2370/2424/2380
f 2374/2428/2384 2370/2424/2380 2376/2425/2381
f 2260/2308/2267 2253/2302/2261 2267/2429/2385
f 2264/2313/2272 2260/2308/2267 2267/2429/2385
f 2263/2311/2270 2264/2313/2272 2375/2430/2386
f 2376/2425/2381 2263/2311/2270 2375/2430/2386
f 2376/2425/2381 2245/2292/2251 2263/2311/2270
f 2368/2422/2378 2245/2292/2251 2376/2425/2381
f 2253/2302/2261 2266/2314/2273 2267/2429/2385
f 2377/2431/2387 2376/2425/2381 2375/2430/2386
f 2375/2430/2386 2264/2313/2272 2377/2431/2387
f 2377/2431/2387 2264/2313/2272 2267/2429/2385
f 2378/2432/2388 2376/2425/2381 2377/2431/2387
f 2267/2429/2385 2266/2314/2273 2379/2433/2389
f 2267/2429/2385 2378/2432/2388 2377/2431/2387
f 2380/2434/2390 2378/2432/2388 2267/2429/2385
f 2267/2429/2385 2379/2433/2389 2381/2435/2391
f 2382/2436/2392 2299/2348/2304 2276/2323/2281
f 2287/2336/2293 2382/2436/2392 2276/2323/2281
f 2271/2319/2277 2383/2437/2393 2296/2345/2301
f 2383/2437/2393 2271/2319/2277 2301/2350/2306
f 2384/2438/2394 2291/2339/2296 2273/2321/2279
f 2281/2329/2287 2290/2338/2295 2385/2439/2395
f 2273/2321/2279 2286/2335/2292 2384/2438/2394
f 1890/2440/2396 2297/2352/2308 2299/2348/2304
f 2287/2336/2293 2282/2331/2289 2388/2441/2397
f 2385/2439/2395 2272/2320/2278 2281/2329/2287
f 2386/2442/2398 2385/2439/2395 2290/2338/2295
f 2386/2442/2398 2290/2338/2295 2302/2351/2307
f 2387/2443/2399 2291/2339/2296 2384/2438/2394
f 2292/2340/2297 2298/2347/2303 2286/2335/2292
f 2389/2444/2400 2286/2335/2292 2298/2347/2303
f 1890/2445/2396 1873/1915/1877 2297/2446/2308
f 2388/2441/2397 2382/2436/2392 2287/2336/2293
f 2288/2341/2298 2300/2349/2305 2390/2447/2401
f 2391/2448/2402 2294/2343/2300 2284/2333/2290
f 2392/2449/2403 2284/2333/2290 2277/2324/2282
f 2277/2324/2282 2285/2334/2291 2392/2449/2403
f 2302/2351/2307 2291/2339/2296 2387/2443/2399
f 1874/1917/1879 1873/1915/1877 1890/2445/2396
f 2391/2448/2402 2284/2333/2290 2392/2449/2403
f 2394/2450/2404 2286/2335/2292 2389/2444/2400
f 2395/2451/2405 2279/2326/2284 2275/2325/2283
f 2393/2452/2406 2389/2444/2400 2298/2347/2303
f 2395/2451/2405 2298/2347/2303 2279/2326/2284
f 2393/2452/2406 2298/2347/2303 2395/2451/2405
f 2390/2447/2401 2282/2331/2289 2288/2341/2298
f 2392/2449/2403 2285/2334/2291 2396/2453/2407
f 2394/2450/2404 2384/2438/2394 2286/2335/2292
f 2397/2454/2408 2390/2447/2401 2300/2349/2305
f 2295/2346/2302 2398/2455/2409 2293/2342/2299
f 2398/2455/2409 2295/2346/2302 2294/2343/2300
f 2396/2453/2407 2285/2334/2291 2303/2353/2309
f 2399/2456/2410 2395/2451/2405 2275/2325/2283
f 2400/2457/2411 2388/2441/2397 2282/2331/2289
f 2400/2457/2411 2282/2331/2289 2390/2447/2401
f 2401/2458/2412 2303/2353/2309 2272/2320/2278
f 2401/2458/2412 2272/2320/2278 2385/2439/2395
f 2296/2345/2301 2397/2454/2408 2300/2349/2305
f 2299/2348/2304 1892/2459/2413 1890/2440/2396
f 2403/2460/2414 2301/2350/2306 2289/2337/2294
f 2403/2460/2414 2289/2337/2294 2293/2342/2299
f 1874/1917/1879 1890/2445/2396 1892/2461/2413
f 2402/2462/2415 2299/2348/2304 2382/2436/2392
f 1892/2459/2413 2299/2348/2304 2402/2462/2415
f 1891/1935/1897 1874/1917/1879 1892/2461/2413
f 2398/2455/2409 2403/2460/2414 2293/2342/2299
f 2398/2455/2409 2294/2343/2300 2391/2448/2402
f 2396/2453/2407 2398/2455/2409 2391/2448/2402
f 2396/2453/2407 2391/2448/2402 2392/2449/2403
f 2393/2452/2406 2384/2438/2394 2394/2450/2404
f 2393/2452/2406 2387/2443/2399 2384/2438/2394
f 2393/2452/2406 2394/2450/2404 2389/2444/2400
f 2382/2436/2392 1892/2459/2413 2402/2462/2415
f 2400/2457/2411 2382/2436/2392 2388/2441/2397
f 2390/2447/2401 2397/2454/2408 2400/2457/2411
f 2400/2457/2411 2397/2454/2408 2383/2437/2393
f 2383/2437/2393 2397/2454/2408 2296/2345/2301
f 2403/2460/2414 2383/2437/2393 2301/2350/2306
f 2396/2453/2407 2403/2460/2414 2398/2455/2409
f 2386/2442/2398 2403/2460/2414 2396/2453/2407
f 2396/2453/2407 2303/2353/2309 2401/2458/2412
f 2396/2453/2407 2401/2458/2412 2385/2439/2395
f 2386/2442/2398 2396/2453/2407 2385/2439/2395
f 2387/2443/2399 2386/2442/2398 2302/2351/2307
f 2386/2442/2398 2387/2443/2399 2393/2452/2406
f 2406/2463/2416 1892/2459/2413 2382/2436/2392
f 2405/2464/2417 2406/2463/2416 2382/2436/2392
f 2405/2464/2417 2382/2436/2392 2400/2457/2411
f 2383/2437/2393 2405/2464/2417 2400/2457/2411
f 2407/2465/2418 2405/2464/2417 2383/2437/2393
f 2386/2442/2398 2383/2437/2393 2403/2460/2414
f 2408/2466/2419 2383/2437/2393 2386/2442/2398
f 2409/2467/2420 2386/2442/2398 2393/2452/2406
f 2410/2468/2421 2404/2469/2422 1892/2459/2413
f 2410/2468/2421 1892/2459/2413 2406/2463/2416
f 2405/2464/2417 2410/2468/2421 2406/2463/2416
f 2411/2470/2423 2410/2468/2421 2405/2464/2417
f 2411/2470/2423 2405/2464/2417 2407/2465/2418
f 2412/2471/2424 2411/2470/2423 2407/2465/2418
f 2408/2466/2419 2407/2465/2418 2383/2437/2393
f 2413/2472/2425 2407/2465/2418 2408/2466/2419
f 2411/2470/2423 2404/2469/2422 2410/2468/2421
f 2415/2473/2426 2404/2469/2422 2411/2470/2423
f 2416/2474/2427 2411/2470/2423 2417/2475/2428
f 2416/2474/2427 2415/2473/2426 2411/2470/2423
f 2412/2471/2424 2407/2465/2418 2413/2472/2425
f 2418/2476/2429 2411/2470/2423 2412/2471/2424
f 2409/2467/2420 2413/2472/2425 2408/2466/2419
f 2420/2477/2430 2311/2361/2317 2314/2362/2318
f 2275/2325/2283 2305/2355/2311 2308/2358/2314
f 2421/2478/2431 2308/2358/2314 2306/2356/2312
f 2419/2479/2432 2309/2359/2315 2310/2360/2316
f 2306/2356/2312 2309/2359/2315 2421/2478/2431
f 2309/2359/2315 2419/2479/2432 2421/2478/2431
f 2419/2479/2432 2310/2360/2316 2311/2361/2317
f 2422/2480/2433 2275/2325/2283 2308/2358/2314
f 2422/2480/2433 2308/2358/2314 2421/2478/2431
f 2399/2456/2410 2275/2325/2283 2422/2480/2433
f 2421/2478/2431 2419/2479/2432 2423/2481/2434
f 2424/2482/2435 2419/2479/2432 2311/2361/2317
f 2424/2482/2435 2311/2361/2317 2420/2477/2430
f 2424/2482/2435 2426/2483/2436 2419/2479/2432
f 2423/2481/2434 2419/2479/2432 2425/2484/2437
f 2426/2483/2436 2425/2484/2437 2419/2479/2432
f 2424/2482/2435 2427/2485/2438 2426/2483/2436
f 2393/2452/2406 2395/2451/2405 2399/2456/2410
f 2399/2456/2410 2422/2480/2433 2421/2478/2431
f 2423/2481/2434 2399/2456/2410 2421/2478/2431
f 2429/2486/2439 2427/2485/2438 2428/2487/2440
f 2425/2484/2437 2399/2456/2410 2423/2481/2434
f 2399/2456/2410 2425/2484/2437 2393/2452/2406
f 2429/2486/2439 2393/2452/2406 2425/2484/2437
f 2427/2485/2438 2425/2484/2437 2426/2483/2436
f 2425/2484/2437 2427/2485/2438 2429/2486/2439
f 2429/2486/2439 2414/2488/2441 2393/2452/2406
f 2409/2467/2420 2393/2452/2406 2414/2488/2441
f 2313/2365/2321 2420/2477/2430 2314/2362/2318
f 2430/2489/2442 2420/2477/2430 2313/2365/2321
f 2430/2489/2442 2427/2485/2438 2420/2477/2430
f 2427/2485/2438 2430/2489/2442 2428/2487/2440
f 2428/2487/2440 2430/2489/2442 2431/2490/2443
f 2420/2477/2430 2427/2485/2438 2424/2482/2435
f 2431/2490/2443 2432/2491/2444 2428/2487/2440
f 2434/2492/2445 2435/2493/2446 2315/2366/2322
f 2430/2489/2442 2313/2365/2321 2315/2366/2322
f 2430/2489/2442 2315/2366/2322 2435/2493/2446
f 2436/2494/2447 2430/2489/2442 2435/2493/2446
f 2437/2495/2448 2436/2494/2447 2435/2493/2446
f 2438/2496/2449 2430/2489/2442 2436/2494/2447
f 2431/2490/2443 2430/2489/2442 2438/2496/2449
f 2437/2495/2448 2438/2496/2449 2436/2494/2447
f 2437/2495/2448 2439/2497/2450 2438/2496/2449
f 2317/2368/2324 2434/2492/2445 2315/2366/2322
f 2318/2369/2325 2440/2498/2451 2317/2368/2324
f 2440/2498/2451 2434/2492/2445 2317/2368/2324
f 2442/2499/2452 2440/2498/2451 2441/2500/2453
f 2441/2500/2453 2440/2498/2451 2318/2369/2325
f 2443/2501/2454 2434/2492/2445 2440/2498/2451
f 2443/2501/2454 2440/2498/2451 2442/2499/2452
f 2443/2501/2454 2435/2493/2446 2434/2492/2445
f 2437/2495/2448 2435/2493/2446 2443/2501/2454
f 2439/2497/2450 2443/2501/2454 2442/2499/2452
f 2442/2499/2452 2444/2502/2455 2445/2503/2456
f 2439/2497/2450 2437/2495/2448 2443/2501/2454
f 2445/2503/2456 2439/2497/2450 2442/2499/2452
f 2447/2504/2457 2439/2497/2450 2445/2503/2456
f 2323/2374/2330 2318/2369/2325 2319/2370/2326
f 2448/2505/2458 2323/2374/2330 2360/2411/2367
f 2449/2506/2459 2323/2374/2330 2448/2505/2458
f 2449/2506/2459 2318/2369/2325 2323/2374/2330
f 2441/2500/2453 2318/2369/2325 2449/2506/2459
f 2450/2507/2460 2441/2500/2453 2449/2506/2459
f 2450/2507/2460 2442/2499/2452 2441/2500/2453
f 2444/2502/2455 2442/2499/2452 2450/2507/2460
f 2444/2502/2455 2450/2507/2460 2451/2508/2461
f 2444/2502/2455 2451/2508/2461 2445/2503/2456
f 2358/2409/2365 2357/2408/2364 2353/2404/2360
f 2455/2509/2462 2348/2399/2355 2349/2403/2359
f 2455/2509/2462 2360/2411/2367 2348/2399/2355
f 2453/2510/2463 2358/2409/2365 2353/2404/2360
f 2453/2510/2463 2353/2404/2360 2356/2407/2363
f 2355/2406/2362 2361/2412/2368 2454/2511/2464
f 2361/2412/2368 2456/2512/2465 2454/2511/2464
f 2361/2412/2368 2358/2409/2365 2456/2512/2465
f 2358/2409/2365 2453/2510/2463 2456/2512/2465
f 2458/2513/2466 2453/2510/2463 2356/2407/2363
f 2457/2514/2467 2454/2511/2464 2456/2512/2465
f 2453/2510/2463 2457/2514/2467 2456/2512/2465
f 2459/2515/2468 2349/2403/2359 2355/2406/2362
f 2454/2511/2464 2459/2515/2468 2355/2406/2362
f 2448/2505/2458 2360/2411/2367 2455/2509/2462
f 2458/2513/2466 2457/2514/2467 2453/2510/2463
f 2461/2516/2469 2460/2517/2470 2454/2511/2464
f 2461/2516/2469 2454/2511/2464 2457/2514/2467
f 2454/2511/2464 2460/2517/2470 2459/2515/2468
f 2448/2505/2458 2455/2509/2462 2462/2518/2471
f 2462/2518/2471 2455/2509/2462 2349/2403/2359
f 2362/2414/2370 2356/2407/2363 2342/2392/2348
f 2457/2514/2467 2458/2513/2466 2461/2516/2469
f 2458/2513/2466 2465/2519/2472 2461/2516/2469
f 2459/2515/2468 2460/2517/2470 2466/2520/2473
f 2466/2520/2473 2460/2517/2470 2461/2516/2469
f 2466/2520/2473 2461/2516/2469 2464/2521/2474
f 2467/2522/2475 2462/2518/2471 2349/2403/2359
f 2467/2522/2475 2349/2403/2359 2459/2515/2468
f 2458/2513/2466 2356/2407/2363 2468/2523/2476
f 2465/2519/2472 2464/2521/2474 2461/2516/2469
f 2465/2519/2472 2458/2513/2466 2468/2523/2476
f 2469/2524/2477 2464/2521/2474 2465/2519/2472
f 2466/2520/2473 2464/2521/2474 2469/2524/2477
f 2450/2507/2460 2448/2505/2458 2462/2518/2471
f 2459/2515/2468 2466/2520/2473 2467/2522/2475
f 2468/2523/2476 2356/2407/2363 2463/2525/2478
f 2470/2526/2479 2465/2519/2472 2468/2523/2476
f 2469/2524/2477 2465/2519/2472 2470/2526/2479
f 2449/2506/2459 2448/2505/2458 2450/2507/2460
f 2468/2523/2476 2463/2525/2478 2470/2526/2479
f 2471/2527/2480 2466/2520/2473 2469/2524/2477
f 2470/2526/2479 2463/2525/2478 2473/2528/2481
f 2469/2524/2477 2470/2526/2479 2471/2527/2480
f 2472/2529/2482 2463/2525/2478 2356/2407/2363
f 2463/2525/2478 2474/2530/2483 2473/2528/2481
f 2473/2528/2481 2471/2527/2480 2470/2526/2479
f 2474/2530/2483 2463/2525/2478 2472/2529/2482
f 2452/2531/2484 2451/2508/2461 2450/2507/2460
f 2450/2507/2460 2462/2518/2471 2475/2532/2485
f 2467/2522/2475 2475/2532/2485 2462/2518/2471
f 2476/2533/2486 2450/2507/2460 2475/2532/2485
f 2467/2522/2475 2466/2520/2473 2471/2527/2480
f 2477/2534/2487 2474/2530/2483 2472/2529/2482
f 2478/2535/2488 2471/2527/2480 2473/2528/2481
f 2452/2531/2484 2450/2507/2460 2476/2533/2486
f 2473/2528/2481 2474/2530/2483 2481/2536/2489
f 2473/2528/2481 2482/2537/2490 2480/2538/2491
f 2473/2528/2481 2480/2538/2491 2478/2535/2488
f 2479/2539/2492 2471/2527/2480 2483/2540/2493
f 2478/2535/2488 2483/2540/2493 2471/2527/2480
f 2479/2539/2492 2467/2522/2475 2471/2527/2480
f 2473/2528/2481 2481/2536/2489 2482/2537/2490
f 2484/2541/2494 2474/2530/2483 2477/2534/2487
f 2481/2536/2489 2474/2530/2483 2484/2541/2494
f 2478/2535/2488 2480/2538/2491 2485/2542/2495
f 2475/2532/2485 2467/2522/2475 2479/2539/2492
f 2235/2413/2369 2486/2421/2377 2362/2414/2370
f 2236/2416/2372 2235/2413/2369 2234/2415/2371
f 2236/2416/2372 2486/2421/2377 2235/2413/2369
f 2487/2543/2496 2362/2414/2370 2486/2421/2377
f 2362/2414/2370 2472/2529/2482 2356/2407/2363
f 2363/2418/2374 2486/2421/2377 2364/2419/2375
f 2366/2426/2382 2363/2418/2374 2365/2417/2373
f 2487/2543/2496 2472/2529/2482 2362/2414/2370
f 2363/2418/2374 2487/2543/2496 2486/2421/2377
f 2488/2544/2497 2363/2418/2374 2366/2426/2382
f 2477/2534/2487 2472/2529/2482 2487/2543/2496
f 2489/2545/2498 2363/2418/2374 2488/2544/2497
f 2366/2426/2382 2372/2546/2499 2488/2544/2497
f 2371/2547/2500 2366/2426/2382 2364/2419/2375
f 2371/2547/2500 2372/2546/2499 2366/2426/2382
f 2490/2427/2383 2371/2547/2500 2364/2419/2375
f 2490/2427/2383 2370/2424/2380 2373/2548/2501
f 2374/2428/2384 2373/2548/2501 2370/2424/2380
f 2374/2428/2384 2490/2427/2383 2373/2548/2501
f 2491/2549/2502 2371/2547/2500 2490/2427/2383
f 2492/2550/2503 2491/2549/2502 2490/2427/2383
f 2493/2551/2504 2492/2550/2503 2490/2427/2383
f 2493/2551/2504 2490/2427/2383 2374/2428/2384
f 2492/2550/2503 2493/2551/2504 2495/2552/2505
f 2495/2552/2505 2494/2553/2506 2492/2550/2503
f 2381/2435/2391 2380/2434/2390 2267/2429/2385
f 2374/2428/2384 2376/2425/2381 2378/2432/2388
f 2499/2554/2507 2374/2428/2384 2378/2432/2388
f 2380/2434/2390 2381/2435/2391 2498/2555/2508
f 2499/2554/2507 2380/2434/2390 2497/2556/2509
f 2500/2557/2510 2498/2555/2508 2381/2435/2391
f 2380/2434/2390 2499/2554/2507 2378/2432/2388
f 2498/2555/2508 2497/2556/2509 2380/2434/2390
f 2266/2314/2273 2501/2558/2511 2379/2433/2389
f 2497/2556/2509 2498/2555/2508 2500/2557/2510
f 2500/2557/2510 2381/2435/2391 2502/2559/2512
f 2493/2551/2504 2374/2428/2384 2499/2554/2507
f 2497/2556/2509 2500/2557/2510 2502/2559/2512
f 2381/2435/2391 2503/2560/2513 2502/2559/2512
f 2504/2561/2514 2493/2551/2504 2499/2554/2507
f 2504/2561/2514 2499/2554/2507 2497/2556/2509
f 2381/2435/2391 2379/2433/2389 2503/2560/2513
f 2506/2562/2515 2497/2556/2509 2502/2559/2512
f 2505/2563/2516 2506/2562/2515 2502/2559/2512
f 2379/2433/2389 2501/2558/2511 2503/2560/2513
f 2502/2559/2512 2503/2560/2513 2505/2563/2516
f 2504/2561/2514 2497/2556/2509 2506/2562/2515
f 2503/2560/2513 2501/2558/2511 2507/2564/2517
f 2505/2563/2516 2503/2560/2513 2508/2565/2518
f 2508/2565/2518 2506/2562/2515 2505/2563/2516
f 2510/2566/2519 2504/2561/2514 2506/2562/2515
f 2510/2566/2519 2506/2562/2515 2508/2565/2518
f 2508/2565/2518 2503/2560/2513 2509/2567/2520
f 2510/2566/2519 2508/2565/2518 2509/2567/2520
f 2503/2560/2513 2507/2564/2517 2509/2567/2520
f 2511/2568/2521 2512/2569/2522 2509/2567/2520
f 2509/2567/2520 2507/2564/2517 2511/2568/2521
f 2509/2567/2520 2512/2569/2522 2510/2566/2519
f 2514/2570/2523 2504/2561/2514 2510/2566/2519
f 2512/2569/2522 2514/2570/2523 2510/2566/2519
f 2514/2570/2523 2512/2569/2522 2511/2568/2521
f 2513/2571/2524 2514/2570/2523 2511/2568/2521
f 2418/2476/2429 2417/2475/2428 2411/2470/2423
f 2515/2572/2525 2417/2475/2428 2418/2476/2429
f 2416/2474/2427 2417/2475/2428 2515/2572/2525
f 2516/2573/2526 2412/2471/2424 2413/2472/2425
f 2412/2471/2424 2516/2573/2526 2418/2476/2429
f 2408/2466/2419 2386/2442/2398 2409/2467/2420
f 1921/1963/1925 1891/1935/1897 1892/2461/2413
f 2517/2574/2527 2404/2469/2422 2415/2473/2426
f 2517/2574/2527 1892/2459/2413 2404/2469/2422
f 1921/2575/1925 1892/2459/2413 2517/2574/2527
f 2519/2576/2528 2415/2473/2426 2518/2577/2529
f 2519/2576/2528 2517/2574/2527 2415/2473/2426
f 2518/2577/2529 2415/2473/2426 2520/2578/2530
f 2415/2473/2426 2521/2579/2531 2520/2578/2530
f 2521/2579/2531 2415/2473/2426 2416/2474/2427
f 2522/2580/2532 2416/2474/2427 2515/2572/2525
f 2523/2581/2533 2516/2573/2526 2413/2472/2425
f 2523/2581/2533 2413/2472/2425 2409/2467/2420
f 2524/2582/2534 2517/2574/2527 2519/2576/2528
f 2525/2583/2535 2517/2574/2527 2524/2582/2534
f 2526/2584/2536 2517/2574/2527 2525/2583/2535
f 2527/2585/2537 2519/2576/2528 2518/2577/2529
f 2527/2585/2537 2518/2577/2529 2520/2578/2530
f 2521/2579/2531 2527/2585/2537 2520/2578/2530
f 2522/2580/2532 2521/2579/2531 2416/2474/2427
f 2418/2476/2429 2516/2573/2526 2523/2581/2533
f 1921/2575/1925 2517/2574/2527 2526/2584/2536
f 2528/2586/2538 2526/2584/2536 2525/2583/2535
f 2524/2582/2534 2519/2576/2528 2527/2585/2537
f 2524/2582/2534 2527/2585/2537 2529/2587/2539
f 2530/2588/2540 2527/2585/2537 2521/2579/2531
f 2532/2589/2541 2528/2586/2538 2525/2583/2535
f 2526/2584/2536 2528/2586/2538 2531/2590/2542
f 2524/2582/2534 2532/2589/2541 2525/2583/2535
f 2533/2591/2543 2524/2582/2534 2529/2587/2539
f 2532/2589/2541 2524/2582/2534 2533/2591/2543
f 2529/2587/2539 2527/2585/2537 2534/2592/2544
f 2530/2588/2540 2534/2592/2544 2527/2585/2537
f 2526/2584/2536 2537/2593/2545 2536/2594/2546
f 2537/2593/2545 2526/2584/2536 2531/2590/2542
f 2535/2595/2547 1921/2575/1925 2526/2584/2536
f 1921/2575/1925 2535/2595/2547 2538/2596/2548
f 2538/2596/2548 1922/2597/1924 1921/2575/1925
f 2535/2595/2547 2526/2584/2536 2536/2594/2546
f 2536/2594/2546 2537/2593/2545 2539/2598/2549
f 2540/2599/2550 2536/2594/2546 2539/2598/2549
f 2537/2593/2545 2531/2590/2542 2528/2586/2538
f 2533/2591/2543 2541/2600/2551 2532/2589/2541
f 2542/2601/2552 2538/2596/2548 2535/2595/2547
f 2535/2595/2547 2536/2594/2546 2543/2602/2553
f 2543/2602/2553 2536/2594/2546 2540/2599/2550
f 2537/2593/2545 2528/2586/2538 2544/2603/2554
f 2541/2600/2551 2528/2586/2538 2532/2589/2541
f 2545/2604/2555 2542/2601/2552 2535/2595/2547
f 2547/2605/2556 2535/2595/2547 2543/2602/2553
f 2545/2604/2555 2535/2595/2547 2547/2605/2556
f 2548/2606/2557 2540/2599/2550 2539/2598/2549
f 2540/2599/2550 2548/2606/2557 2543/2602/2553
f 2549/2607/2558 2548/2606/2557 2539/2598/2549
f 2539/2598/2549 2537/2593/2545 2549/2607/2558
f 2550/2608/2559 1922/2597/1924 2538/2596/2548
f 2551/2609/2560 1922/2597/1924 2550/2608/2559
f 2550/2608/2559 2538/2596/2548 2552/2610/2561
f 2538/2596/2548 2542/2601/2552 2546/2611/2562
f 2553/2612/2563 2538/2596/2548 2546/2611/2562
f 2553/2612/2563 2552/2610/2561 2538/2596/2548
f 2546/2611/2562 2542/2601/2552 2554/2613/2564
f 2554/2613/2564 2542/2601/2552 2545/2604/2555
f 2555/2614/2565 2543/2602/2553 2548/2606/2557
f 2556/2615/2566 2554/2613/2564 2545/2604/2555
f 1923/1964/1926 1891/1935/1897 1922/1962/1924
f 1923/2616/1926 1922/2597/1924 2551/2609/2560
f 2557/2617/2567 2551/2609/2560 2550/2608/2559
f 2552/2610/2561 2557/2617/2567 2550/2608/2559
f 2555/2614/2565 2547/2605/2556 2543/2602/2553
f 2559/2618/2568 2553/2612/2563 2554/2613/2564
f 2559/2618/2568 2554/2613/2564 2556/2615/2566
f 2551/2609/2560 2558/2619/2569 1923/2616/1926
f 2554/2613/2564 2553/2612/2563 2546/2611/2562
f 2560/2620/2570 2552/2610/2561 2553/2612/2563
f 2561/2621/2571 2560/2620/2570 2553/2612/2563
f 2561/2621/2571 2553/2612/2563 2559/2618/2568
f 2562/2622/2572 2561/2621/2571 2559/2618/2568
f 2563/2623/2573 2561/2621/2571 2562/2622/2572
f 2562/2622/2572 2559/2618/2568 2556/2615/2566
f 2557/2617/2567 2558/2619/2569 2551/2609/2560
f 2564/2624/2574 2558/2619/2569 2557/2617/2567
f 2564/2624/2574 2557/2617/2567 2560/2620/2570
f 2560/2620/2570 2557/2617/2567 2552/2610/2561
f 2563/2623/2573 2560/2620/2570 2561/2621/2571
f 2563/2623/2573 2564/2624/2574 2560/2620/2570
f 2429/2486/2439 2428/2487/2440 2565/2625/2575
f 2566/2626/2576 2409/2467/2420 2414/2488/2441
f 2565/2625/2575 2414/2488/2441 2429/2486/2439
f 2568/2627/2577 2567/2628/2578 2523/2581/2533
f 2567/2628/2578 2418/2476/2429 2523/2581/2533
f 2523/2581/2533 2409/2467/2420 2568/2627/2577
f 2568/2627/2577 2409/2467/2420 2566/2626/2576
f 2569/2629/2579 2515/2572/2525 2418/2476/2429
f 2568/2627/2577 2570/2630/2580 2567/2628/2578
f 2567/2628/2578 2570/2630/2580 2418/2476/2429
f 2569/2629/2579 2418/2476/2429 2570/2630/2580
f 2571/2631/2581 2515/2572/2525 2569/2629/2579
f 2571/2631/2581 2522/2580/2532 2515/2572/2525
f 2570/2630/2580 2568/2627/2577 2573/2632/2582
f 2573/2632/2582 2568/2627/2577 2566/2626/2576
f 2572/2633/2583 2521/2579/2531 2522/2580/2532
f 2572/2633/2583 2522/2580/2532 2571/2631/2581
f 2534/2592/2544 2575/2634/2584 2529/2587/2539
f 2569/2629/2579 2570/2630/2580 2574/2635/2585
f 2574/2635/2585 2570/2630/2580 2573/2632/2582
f 2533/2591/2543 2529/2587/2539 2575/2634/2584
f 2576/2636/2586 2530/2588/2540 2521/2579/2531
f 2534/2592/2544 2530/2588/2540 2576/2636/2586
f 2577/2637/2587 2521/2579/2531 2572/2633/2583
f 2576/2636/2586 2521/2579/2531 2577/2637/2587
f 2578/2638/2588 2544/2603/2554 2541/2600/2551
f 2544/2603/2554 2528/2586/2538 2541/2600/2551
f 2541/2600/2551 2533/2591/2543 2575/2634/2584
f 2575/2634/2584 2534/2592/2544 2579/2639/2589
f 2580/2640/2590 2534/2592/2544 2576/2636/2586
f 2549/2607/2558 2537/2593/2545 2581/2641/2591
f 2581/2641/2591 2537/2593/2545 2544/2603/2554
f 2583/2642/2592 2541/2600/2551 2575/2634/2584
f 2580/2640/2590 2579/2639/2589 2534/2592/2544
f 2582/2643/2593 2575/2634/2584 2579/2639/2589
f 2578/2638/2588 2541/2600/2551 2583/2642/2592
f 2585/2644/2594 2544/2603/2554 2578/2638/2588
f 2585/2644/2594 2578/2638/2588 2583/2642/2592
f 2575/2634/2584 2582/2643/2593 2583/2642/2592
f 2545/2604/2555 2547/2605/2556 2555/2614/2565
f 2556/2615/2566 2545/2604/2555 2555/2614/2565
f 2584/2645/2595 2555/2614/2565 2548/2606/2557
f 2586/2646/2596 2581/2641/2591 2585/2644/2594
f 2584/2645/2595 2581/2641/2591 2586/2646/2596
f 2588/2647/2597 2585/2644/2594 2583/2642/2592
f 2584/2645/2595 2549/2607/2558 2581/2641/2591
f 2585/2644/2594 2581/2641/2591 2544/2603/2554
f 2586/2646/2596 2585/2644/2594 2587/2648/2598
f 2585/2644/2594 2588/2647/2597 2587/2648/2598
f 2562/2622/2572 2556/2615/2566 2555/2614/2565
f 2584/2645/2595 2562/2622/2572 2555/2614/2565
f 2589/2649/2599 2584/2645/2595 2586/2646/2596
f 2589/2649/2599 2586/2646/2596 2590/2650/2600
f 2563/2623/2573 2562/2622/2572 2584/2645/2595
f 2590/2650/2600 2592/2651/2601 2589/2649/2599
f 2593/2652/2602 2584/2645/2595 2589/2649/2599
f 2593/2652/2602 2589/2649/2599 2594/2653/2603
f 2594/2653/2603 2589/2649/2599 2592/2651/2601
f 2593/2652/2602 2563/2623/2573 2584/2645/2595
f 2432/2491/2444 2565/2625/2575 2428/2487/2440
f 2432/2491/2444 2431/2490/2443 2433/2654/2604
f 2565/2625/2575 2432/2491/2444 2433/2654/2604
f 2595/2655/2605 2566/2626/2576 2565/2625/2575
f 2573/2632/2582 2566/2626/2576 2595/2655/2605
f 2596/2656/2606 2573/2632/2582 2595/2655/2605
f 2597/2657/2607 2571/2631/2581 2569/2629/2579
f 2433/2654/2604 2595/2655/2605 2565/2625/2575
f 2596/2656/2606 2574/2635/2585 2573/2632/2582
f 2572/2633/2583 2571/2631/2581 2597/2657/2607
f 2597/2657/2607 2569/2629/2579 2598/2658/2608
f 2598/2658/2608 2569/2629/2579 2574/2635/2585
f 2574/2635/2585 2599/2659/2609 2598/2658/2608
f 2599/2659/2609 2574/2635/2585 2596/2656/2606
f 2601/2660/2610 2577/2637/2587 2600/2661/2611
f 2576/2636/2586 2577/2637/2587 2601/2660/2610
f 2600/2661/2611 2577/2637/2587 2572/2633/2583
f 2600/2661/2611 2572/2633/2583 2597/2657/2607
f 2602/2662/2612 2595/2655/2605 2433/2654/2604
f 2601/2660/2610 2580/2640/2590 2576/2636/2586
f 2582/2643/2593 2579/2639/2589 2580/2640/2590
f 2603/2663/2613 2600/2661/2611 2597/2657/2607
f 2599/2659/2609 2604/2664/2614 2598/2658/2608
f 2605/2665/2615 2597/2657/2607 2598/2658/2608
f 2604/2664/2614 2599/2659/2609 2596/2656/2606
f 2596/2656/2606 2595/2655/2605 2602/2662/2612
f 2604/2664/2614 2596/2656/2606 2602/2662/2612
f 2582/2643/2593 2580/2640/2590 2606/2666/2616
f 2606/2666/2616 2591/2667/2617 2582/2643/2593
f 2607/2668/2618 2580/2640/2590 2601/2660/2610
f 2606/2666/2616 2580/2640/2590 2607/2668/2618
f 2601/2660/2610 2600/2661/2611 2608/2669/2619
f 2603/2663/2613 2597/2657/2607 2605/2665/2615
f 2603/2663/2613 2605/2665/2615 2609/2670/2620
f 2598/2658/2608 2604/2664/2614 2610/2671/2621
f 2591/2667/2617 2583/2642/2592 2582/2643/2593
f 2591/2667/2617 2588/2647/2597 2583/2642/2592
f 2611/2672/2622 2591/2667/2617 2606/2666/2616
f 2607/2668/2618 2601/2660/2610 2608/2669/2619
f 2600/2661/2611 2603/2663/2613 2609/2670/2620
f 2612/2673/2623 2586/2646/2596 2587/2648/2598
f 2592/2651/2601 2590/2650/2600 2586/2646/2596
f 2592/2651/2601 2586/2646/2596 2612/2673/2623
f 2613/2674/2624 2592/2651/2601 2612/2673/2623
f 2615/2675/2625 2592/2651/2601 2613/2674/2624
f 2616/2676/2626 2587/2648/2598 2588/2647/2597
f 2612/2673/2623 2587/2648/2598 2616/2676/2626
f 2617/2677/2627 2588/2647/2597 2591/2667/2617
f 2588/2647/2597 2617/2677/2627 2616/2676/2626
f 2618/2678/2628 2606/2666/2616 2607/2668/2618
f 2611/2672/2622 2606/2666/2616 2618/2678/2628
f 2431/2490/2443 2438/2496/2449 2433/2654/2604
f 2619/2679/2629 2438/2496/2449 2439/2497/2450
f 2620/2680/2630 2619/2679/2629 2439/2497/2450
f 2619/2679/2629 2433/2654/2604 2438/2496/2449
f 2620/2680/2630 2439/2497/2450 2447/2504/2457
f 2621/2681/2631 2433/2654/2604 2619/2679/2629
f 2623/2682/2632 2433/2654/2604 2621/2681/2631
f 2433/2654/2604 2623/2682/2632 2602/2662/2612
f 2610/2671/2621 2605/2665/2615 2598/2658/2608
f 2624/2683/2633 2604/2664/2614 2602/2662/2612
f 2624/2683/2633 2602/2662/2612 2623/2682/2632
f 2624/2683/2633 2623/2682/2632 2621/2681/2631
f 2622/2684/2634 2624/2683/2633 2621/2681/2631
f 2622/2684/2634 2621/2681/2631 2619/2679/2629
f 2620/2680/2630 2622/2684/2634 2619/2679/2629
f 2626/2685/2635 2622/2684/2634 2620/2680/2630
f 2628/2686/2636 2600/2661/2611 2609/2670/2620
f 2608/2669/2619 2600/2661/2611 2628/2686/2636
f 2625/2687/2637 2604/2664/2614 2624/2683/2633
f 2604/2664/2614 2625/2687/2637 2610/2671/2621
f 2627/2688/2638 2624/2683/2633 2622/2684/2634
f 2627/2688/2638 2625/2687/2637 2624/2683/2633
f 2622/2684/2634 2626/2685/2635 2627/2688/2638
f 2630/2689/2639 2607/2668/2618 2608/2669/2619
f 2630/2689/2639 2608/2669/2619 2628/2686/2636
f 2631/2690/2640 2630/2689/2639 2628/2686/2636
f 2631/2690/2640 2628/2686/2636 2632/2691/2641
f 2632/2691/2641 2628/2686/2636 2609/2670/2620
f 2633/2692/2642 2632/2691/2641 2605/2665/2615
f 2633/2692/2642 2605/2665/2615 2629/2693/2643
f 2629/2693/2643 2605/2665/2615 2610/2671/2621
f 2446/2694/2644 2447/2504/2457 2445/2503/2456
f 2446/2694/2644 2635/2695/2645 2447/2504/2457
f 2635/2695/2645 2446/2694/2644 2634/2696/2646
f 2636/2697/2647 2635/2695/2645 2634/2696/2646
f 2637/2698/2648 2636/2697/2647 2634/2696/2646
f 2637/2698/2648 2634/2696/2646 2446/2694/2644
f 2635/2695/2645 2636/2697/2647 2640/2699/2649
f 2638/2700/2650 2640/2699/2649 2636/2697/2647
f 2638/2700/2650 2636/2697/2647 2637/2698/2648
f 2641/2701/2651 2638/2700/2650 2637/2698/2648
f 2626/2685/2635 2620/2680/2630 2447/2504/2457
f 2639/2702/2652 2447/2504/2457 2635/2695/2645
f 2639/2702/2652 2626/2685/2635 2447/2504/2457
f 2640/2699/2649 2639/2702/2652 2635/2695/2645
f 2643/2703/2653 2638/2700/2650 2641/2701/2651
f 2642/2704/2654 2644/2705/2655 2641/2701/2651
f 2645/2706/2656 2451/2508/2461 2452/2531/2484
f 2646/2707/2657 2451/2508/2461 2645/2706/2656
f 2646/2707/2657 2445/2503/2456 2451/2508/2461
f 2646/2707/2657 2446/2694/2644 2445/2503/2456
f 2646/2707/2657 2645/2706/2656 2648/2708/2658
f 2647/2709/2659 2648/2708/2658 2645/2706/2656
f 2646/2707/2657 2649/2710/2660 2446/2694/2644
f 2637/2698/2648 2446/2694/2644 2649/2710/2660
f 2648/2708/2658 2649/2710/2660 2646/2707/2657
f 2649/2710/2660 2648/2708/2658 2650/2711/2661
f 2641/2701/2651 2637/2698/2648 2649/2710/2660
f 2650/2711/2661 2641/2701/2651 2649/2710/2660
f 2655/2712/2662 2650/2711/2661 2652/2713/2663
f 2650/2711/2661 2648/2708/2658 2652/2713/2663
f 2652/2713/2663 2648/2708/2658 2653/2714/2664
f 2651/2715/2665 2653/2714/2664 2648/2708/2658
f 2642/2704/2654 2641/2701/2651 2650/2711/2661
f 2654/2716/2666 2642/2704/2654 2650/2711/2661
f 2654/2716/2666 2650/2711/2661 2655/2712/2662
f 2651/2715/2665 2648/2708/2658 2656/2717/2667
f 2651/2715/2665 2656/2717/2667 2657/2718/2668
f 2482/2537/2490 2481/2536/2489 2484/2541/2494
f 2480/2538/2491 2482/2537/2490 2658/2719/2669
f 2658/2719/2669 2482/2537/2490 2484/2541/2494
f 2480/2538/2491 2658/2719/2669 2485/2542/2495
f 2485/2542/2495 2483/2540/2493 2478/2535/2488
f 2485/2542/2495 2658/2719/2669 2659/2720/2670
f 2660/2721/2671 2476/2533/2486 2475/2532/2485
f 2660/2721/2671 2475/2532/2485 2479/2539/2492
f 2661/2722/2672 2483/2540/2493 2485/2542/2495
f 2658/2719/2669 2484/2541/2494 2662/2723/2673
f 2663/2724/2674 2659/2720/2670 2658/2719/2669
f 2661/2722/2672 2485/2542/2495 2659/2720/2670
f 2661/2722/2672 2659/2720/2670 2663/2724/2674
f 2476/2533/2486 2645/2706/2656 2452/2531/2484
f 2663/2724/2674 2658/2719/2669 2664/2725/2675
f 2665/2726/2676 2661/2722/2672 2663/2724/2674
f 2476/2533/2486 2660/2721/2671 2645/2706/2656
f 2666/2727/2677 2661/2722/2672 2665/2726/2676
f 2664/2725/2675 2665/2726/2676 2663/2724/2674
f 2661/2722/2672 2479/2539/2492 2483/2540/2493
f 2666/2727/2677 2479/2539/2492 2661/2722/2672
f 2645/2706/2656 2660/2721/2671 2647/2709/2659
f 2668/2728/2678 2479/2539/2492 2666/2727/2677
f 2667/2729/2679 2666/2727/2677 2665/2726/2676
f 2668/2728/2678 2660/2721/2671 2479/2539/2492
f 2660/2721/2671 2669/2730/2680 2647/2709/2659
f 2669/2730/2680 2660/2721/2671 2668/2728/2678
f 2670/2731/2681 2668/2728/2678 2666/2727/2677
f 2647/2709/2659 2656/2717/2667 2648/2708/2658
f 2656/2717/2667 2647/2709/2659 2669/2730/2680
f 2489/2545/2498 2487/2543/2496 2363/2418/2374
f 2487/2543/2496 2671/2732/2682 2477/2534/2487
f 2477/2534/2487 2662/2723/2673 2484/2541/2494
f 2672/2733/2683 2487/2543/2496 2489/2545/2498
f 2671/2732/2682 2662/2723/2673 2477/2534/2487
f 2671/2732/2682 2487/2543/2496 2672/2733/2683
f 2491/2549/2502 2672/2733/2683 2489/2545/2498
f 2662/2723/2673 2671/2732/2682 2673/2734/2684
f 2667/2729/2679 2665/2726/2676 2664/2725/2675
f 2673/2734/2684 2671/2732/2682 2672/2733/2683
f 2662/2723/2673 2674/2735/2685 2658/2719/2669
f 2658/2719/2669 2674/2735/2685 2664/2725/2675
f 2672/2733/2683 2675/2736/2686 2673/2734/2684
f 2662/2723/2673 2673/2734/2684 2675/2736/2686
f 2662/2723/2673 2675/2736/2686 2674/2735/2685
f 2676/2737/2687 2667/2729/2679 2664/2725/2675
f 2666/2727/2677 2667/2729/2679 2676/2737/2687
f 2670/2731/2681 2666/2727/2677 2676/2737/2687
f 2371/2547/2500 2488/2544/2497 2372/2546/2499
f 2491/2549/2502 2488/2544/2497 2371/2547/2500
f 2491/2549/2502 2489/2545/2498 2488/2544/2497
f 2496/2738/2688 2491/2549/2502 2492/2550/2503
f 2494/2553/2506 2496/2738/2688 2492/2550/2503
f 2496/2738/2688 2672/2733/2683 2491/2549/2502
f 2504/2561/2514 2495/2552/2505 2493/2551/2504
f 2679/2739/2689 2495/2552/2505 2504/2561/2514
f 2680/2740/2690 2504/2561/2514 2514/2570/2523
f 2511/2568/2521 2507/2564/2517 2682/2741/2691
f 2682/2741/2691 2513/2571/2524 2511/2568/2521
f 2680/2740/2690 2679/2739/2689 2504/2561/2514
f 2680/2740/2690 2514/2570/2523 2513/2571/2524
f 2682/2741/2691 2680/2740/2690 2513/2571/2524
f 2507/2564/2517 2681/2742/2692 2683/2743/2693
f 2682/2741/2691 2507/2564/2517 2683/2743/2693
f 2685/2744/2694 2679/2739/2689 2680/2740/2690
f 2680/2740/2690 2682/2741/2691 2684/2745/2695
f 2684/2745/2695 2682/2741/2691 2683/2743/2693
f 2683/2743/2693 2681/2742/2692 2687/2746/2696
f 2683/2743/2693 2687/2746/2696 2686/2747/2697
f 2686/2747/2697 2684/2745/2695 2683/2743/2693
f 2688/2748/2698 2680/2740/2690 2684/2745/2695
f 2685/2744/2694 2680/2740/2690 2688/2748/2698
f 2688/2748/2698 2684/2745/2695 2686/2747/2697
f 2687/2746/2696 2681/2742/2692 2690/2749/2699
f 2690/2749/2699 2681/2742/2692 2689/2750/2700
f 2688/2748/2698 2686/2747/2697 2687/2746/2696
f 2688/2748/2698 2687/2746/2696 2691/2751/2701
f 2691/2751/2701 2687/2746/2696 2690/2749/2699
f 2690/2749/2699 2689/2750/2700 2692/2752/2702
f 2685/2744/2694 2688/2748/2698 2691/2751/2701
f 2692/2752/2702 2691/2751/2701 2690/2749/2699
f 2693/2753/2703 2685/2744/2694 2691/2751/2701
f 2691/2751/2701 2692/2752/2702 2693/2753/2703
f 2507/2564/2517 2501/2558/2511 2694/2754/2704
f 2681/2742/2692 2507/2564/2517 2694/2754/2704
f 2689/2750/2700 2681/2742/2692 2694/2754/2704
f 2689/2750/2700 2695/2755/2705 2692/2752/2702
f 2696/2756/2706 2693/2753/2703 2692/2752/2702
f 2689/2750/2700 2694/2754/2704 2695/2755/2705
f 2692/2752/2702 2695/2755/2705 2696/2756/2706
f 2693/2753/2703 2696/2756/2706 2697/2757/2707
f 2697/2757/2707 2685/2744/2694 2693/2753/2703
f 2697/2757/2707 2696/2756/2706 2695/2755/2705
f 2695/2755/2705 2694/2754/2704 2698/2758/2708
f 2700/2759/2709 2685/2744/2694 2697/2757/2707
f 2699/2760/2710 2700/2759/2709 2697/2757/2707
f 2697/2757/2707 2695/2755/2705 2699/2760/2710
f 2701/2761/2711 2564/2624/2574 2563/2623/2573
f 1926/2762/1930 1923/2616/1926 2558/2619/2569
f 2701/2761/2711 2558/2619/2569 2564/2624/2574
f 2702/2763/2712 2558/2619/2569 2701/2761/2711
f 2702/2763/2712 1926/2762/1930 2558/2619/2569
f 2701/2761/2711 1926/2762/1930 2702/2763/2712
f 2703/2764/2713 1926/2762/1930 2701/2761/2711
f 1941/2765/1946 1926/2762/1930 2703/2764/2713
f 2705/2766/2714 1941/2765/1946 2703/2764/2713
f 2705/2766/2714 2703/2764/2713 2701/2761/2711
f 2706/2767/2715 2701/2761/2711 2704/2768/2716
f 2706/2767/2715 2705/2766/2714 2701/2761/2711
f 2593/2652/2602 2701/2761/2711 2563/2623/2573
f 2707/2769/2717 2593/2652/2602 2594/2653/2603
f 2709/2770/2718 2594/2653/2603 2708/2771/2719
f 2594/2653/2603 2709/2770/2718 2707/2769/2717
f 2701/2761/2711 2593/2652/2602 2711/2772/2720
f 2593/2652/2602 2707/2769/2717 2710/2773/2721
f 2712/2774/2722 2593/2652/2602 2710/2773/2721
f 2713/2775/2723 2593/2652/2602 2712/2774/2722
f 2713/2775/2723 2711/2772/2720 2593/2652/2602
f 2715/2776/2724 2711/2772/2720 2714/2777/2725
f 2714/2777/2725 2711/2772/2720 2713/2775/2723
f 2716/2778/2726 2701/2761/2711 2711/2772/2720
f 2717/2779/2727 2715/2776/2724 2714/2777/2725
f 2716/2778/2726 2711/2772/2720 2715/2776/2724
f 2716/2778/2726 2715/2776/2724 2718/2780/2728
f 2704/2768/2716 2701/2761/2711 2716/2778/2726
f 2594/2653/2603 2592/2651/2601 2614/2781/2729
f 2708/2771/2719 2594/2653/2603 2614/2781/2729
f 2614/2781/2729 2592/2651/2601 2615/2675/2625
f 2719/2782/2730 2614/2781/2729 2615/2675/2625
f 2719/2782/2730 2720/2783/2731 2614/2781/2729
f 2721/2784/2732 2612/2673/2623 2616/2676/2626
f 2614/2781/2729 2720/2783/2731 2722/2785/2733
f 2721/2784/2732 2613/2674/2624 2612/2673/2623
f 2721/2784/2732 2616/2676/2626 2617/2677/2627
f 2723/2786/2734 2721/2784/2732 2617/2677/2627
f 2708/2771/2719 2614/2781/2729 2722/2785/2733
f 2709/2770/2718 2708/2771/2719 2724/2787/2735
f 2725/2788/2736 2615/2675/2625 2613/2674/2624
f 2719/2782/2730 2615/2675/2625 2725/2788/2736
f 2726/2789/2737 2719/2782/2730 2725/2788/2736
f 2724/2787/2735 2707/2769/2717 2709/2770/2718
f 2727/2790/2738 2707/2769/2717 2724/2787/2735
f 2726/2789/2737 2720/2783/2731 2719/2782/2730
f 2728/2791/2739 2714/2777/2725 2713/2775/2723
f 2728/2791/2739 2717/2779/2727 2714/2777/2725
f 2729/2792/2740 2710/2773/2721 2707/2769/2717
f 2712/2774/2722 2710/2773/2721 2729/2792/2740
f 2729/2792/2740 2707/2769/2717 2727/2790/2738
f 2730/2793/2741 2708/2771/2719 2722/2785/2733
f 2732/2794/2742 2715/2776/2724 2717/2779/2727
f 2708/2771/2719 2730/2793/2741 2724/2787/2735
f 2731/2795/2743 2718/2780/2728 2715/2776/2724
f 2731/2795/2743 2715/2776/2724 2732/2794/2742
f 2733/2796/2744 2713/2775/2723 2712/2774/2722
f 2734/2797/2745 2712/2774/2722 2729/2792/2740
f 2735/2798/2746 2716/2778/2726 2718/2780/2728
f 2737/2799/2747 2731/2795/2743 2732/2794/2742
f 2737/2799/2747 2718/2780/2728 2731/2795/2743
f 2733/2796/2744 2728/2791/2739 2713/2775/2723
f 2712/2774/2722 2734/2797/2745 2733/2796/2744
f 2736/2800/2748 2735/2798/2746 2718/2780/2728
f 2739/2801/2749 2718/2780/2728 2737/2799/2747
f 2736/2800/2748 2718/2780/2728 2739/2801/2749
f 2739/2801/2749 2740/2802/2750 2736/2800/2748
f 2737/2799/2747 2732/2794/2742 2743/2803/2751
f 2738/2804/2752 2716/2778/2726 2735/2798/2746
f 2735/2798/2746 2736/2800/2748 2740/2802/2750
f 2740/2802/2750 2739/2801/2749 2741/2805/2753
f 2740/2802/2750 2738/2804/2752 2735/2798/2746
f 2704/2768/2716 2716/2778/2726 2738/2804/2752
f 2744/2806/2754 2633/2692/2642 2629/2693/2643
f 2745/2807/2755 2610/2671/2621 2625/2687/2637
f 2629/2693/2643 2610/2671/2621 2745/2807/2755
f 2607/2668/2618 2630/2689/2639 2618/2678/2628
f 2632/2691/2641 2633/2692/2642 2744/2806/2754
f 2747/2808/2756 2744/2806/2754 2629/2693/2643
f 2618/2678/2628 2630/2689/2639 2748/2809/2757
f 2749/2810/2758 2611/2672/2622 2618/2678/2628
f 2750/2811/2759 2630/2689/2639 2631/2690/2640
f 2748/2809/2757 2630/2689/2639 2750/2811/2759
f 2631/2690/2640 2632/2691/2641 2751/2812/2760
f 2750/2811/2759 2631/2690/2640 2751/2812/2760
f 2632/2691/2641 2744/2806/2754 2751/2812/2760
f 2744/2806/2754 2746/2813/2761 2751/2812/2760
f 2750/2811/2759 2751/2812/2760 2746/2813/2761
f 2747/2808/2756 2753/2814/2762 2746/2813/2761
f 2747/2808/2756 2746/2813/2761 2744/2806/2754
f 2753/2814/2762 2752/2815/2763 2746/2813/2761
f 2750/2811/2759 2746/2813/2761 2752/2815/2763
f 2754/2816/2764 2617/2677/2627 2591/2667/2617
f 2617/2677/2627 2754/2816/2764 2723/2786/2734
f 2591/2667/2617 2611/2672/2622 2749/2810/2758
f 2748/2809/2757 2749/2810/2758 2618/2678/2628
f 2755/2817/2765 2613/2674/2624 2721/2784/2732
f 2755/2817/2765 2725/2788/2736 2613/2674/2624
f 2754/2816/2764 2591/2667/2617 2756/2818/2766
f 2591/2667/2617 2749/2810/2758 2756/2818/2766
f 2757/2819/2767 2721/2784/2732 2723/2786/2734
f 2723/2786/2734 2754/2816/2764 2757/2819/2767
f 2756/2818/2766 2749/2810/2758 2754/2816/2764
f 2725/2788/2736 2755/2817/2765 2759/2820/2768
f 2725/2788/2736 2759/2820/2768 2726/2789/2737
f 2758/2821/2769 2721/2784/2732 2757/2819/2767
f 2755/2817/2765 2721/2784/2732 2758/2821/2769
f 2760/2822/2770 2720/2783/2731 2726/2789/2737
f 2722/2785/2733 2720/2783/2731 2760/2822/2770
f 2729/2792/2740 2727/2790/2738 2762/2823/2771
f 2763/2824/2772 2724/2787/2735 2730/2793/2741
f 2762/2823/2771 2727/2790/2738 2724/2787/2735
f 2722/2785/2733 2760/2822/2770 2764/2825/2773
f 2761/2826/2774 2726/2789/2737 2759/2820/2768
f 2760/2822/2770 2726/2789/2737 2761/2826/2774
f 2763/2824/2772 2762/2823/2771 2724/2787/2735
f 2765/2827/2775 2729/2792/2740 2762/2823/2771
f 2730/2793/2741 2722/2785/2733 2764/2825/2773
f 2742/2828/2776 2732/2794/2742 2717/2779/2727
f 2743/2803/2751 2732/2794/2742 2742/2828/2776
f 2742/2828/2776 2717/2779/2727 2728/2791/2739
f 2765/2827/2775 2734/2797/2745 2729/2792/2740
f 2766/2829/2777 2730/2793/2741 2764/2825/2773
f 2763/2824/2772 2730/2793/2741 2766/2829/2777
f 2767/2830/2778 2728/2791/2739 2733/2796/2744
f 2768/2831/2779 2734/2797/2745 2765/2827/2775
f 2734/2797/2745 2768/2831/2779 2733/2796/2744
f 2767/2830/2778 2742/2828/2776 2728/2791/2739
f 2769/2832/2780 2733/2796/2744 2768/2831/2779
f 2769/2832/2780 2767/2830/2778 2733/2796/2744
f 2770/2833/2781 2739/2801/2749 2737/2799/2747
f 2741/2805/2753 2739/2801/2749 2770/2833/2781
f 2737/2799/2747 2743/2803/2751 2771/2834/2782
f 2741/2805/2753 2770/2833/2781 2772/2835/2783
f 2770/2833/2781 2737/2799/2747 2771/2834/2782
f 2773/2836/2784 2743/2803/2751 2742/2828/2776
f 2771/2834/2782 2743/2803/2751 2773/2836/2784
f 2772/2835/2783 2774/2837/2785 2740/2802/2750
f 2740/2802/2750 2741/2805/2753 2772/2835/2783
f 2774/2837/2785 2738/2804/2752 2740/2802/2750
f 2776/2838/2786 2639/2702/2652 2640/2699/2649
f 2775/2839/2787 2776/2838/2786 2640/2699/2649
f 2643/2703/2653 2640/2699/2649 2638/2700/2650
f 2626/2685/2635 2625/2687/2637 2627/2688/2638
f 2644/2705/2655 2643/2703/2653 2641/2701/2651
f 2629/2693/2643 2745/2807/2755 2625/2687/2637
f 2776/2838/2786 2625/2687/2637 2626/2685/2635
f 2639/2702/2652 2776/2838/2786 2626/2685/2635
f 2776/2838/2786 2629/2693/2643 2625/2687/2637
f 2747/2808/2756 2629/2693/2643 2779/2840/2788
f 2776/2838/2786 2779/2840/2788 2629/2693/2643
f 2749/2810/2758 2748/2809/2757 2750/2811/2759
f 2749/2810/2758 2750/2811/2759 2780/2841/2789
f 2780/2841/2789 2750/2811/2759 2752/2815/2763
f 2779/2840/2788 2753/2814/2762 2747/2808/2756
f 2780/2841/2789 2752/2815/2763 2753/2814/2762
f 2780/2841/2789 2753/2814/2762 2779/2840/2788
f 2776/2838/2786 2775/2839/2787 2779/2840/2788
f 2782/2842/2790 2644/2705/2655 2778/2843/2791
f 2754/2816/2764 2749/2810/2758 2783/2844/2792
f 2784/2845/2793 2749/2810/2758 2780/2841/2789
f 2784/2845/2793 2780/2841/2789 2785/2846/2794
f 2749/2810/2758 2784/2845/2793 2785/2846/2794
f 2785/2846/2794 2779/2840/2788 2775/2839/2787
f 2785/2846/2794 2780/2841/2789 2779/2840/2788
f 2781/2847/2795 2643/2703/2653 2644/2705/2655
f 2782/2842/2790 2781/2847/2795 2644/2705/2655
f 2785/2846/2794 2783/2844/2792 2749/2810/2758
f 2755/2817/2765 2758/2821/2769 2786/2848/2796
f 2758/2821/2769 2757/2819/2767 2754/2816/2764
f 2754/2816/2764 2786/2848/2796 2758/2821/2769
f 2787/2849/2797 2754/2816/2764 2783/2844/2792
f 2787/2849/2797 2783/2844/2792 2785/2846/2794
f 2786/2848/2796 2759/2820/2768 2755/2817/2765
f 2786/2848/2796 2754/2816/2764 2787/2849/2797
f 2787/2849/2797 2785/2846/2794 2775/2839/2787
f 2787/2849/2797 2775/2839/2787 2786/2848/2796
f 2788/2850/2798 2640/2699/2649 2643/2703/2653
f 2760/2822/2770 2790/2851/2799 2764/2825/2773
f 2790/2851/2799 2760/2822/2770 2761/2826/2774
f 2791/2852/2800 2759/2820/2768 2786/2848/2796
f 2791/2852/2800 2775/2839/2787 2640/2699/2649
f 2791/2852/2800 2786/2848/2796 2775/2839/2787
f 2643/2703/2653 2781/2847/2795 2788/2850/2798
f 2789/2853/2801 2788/2850/2798 2781/2847/2795
f 2789/2853/2801 2781/2847/2795 2782/2842/2790
f 2790/2851/2799 2766/2829/2777 2764/2825/2773
f 2792/2854/2802 2761/2826/2774 2759/2820/2768
f 2792/2854/2802 2759/2820/2768 2791/2852/2800
f 2793/2855/2803 2640/2699/2649 2788/2850/2798
f 2763/2824/2772 2766/2829/2777 2790/2851/2799
f 2790/2851/2799 2761/2826/2774 2792/2854/2802
f 2794/2856/2804 2790/2851/2799 2792/2854/2802
f 2793/2855/2803 2791/2852/2800 2640/2699/2649
f 2763/2824/2772 2795/2857/2805 2762/2823/2771
f 2795/2857/2805 2765/2827/2775 2762/2823/2771
f 2794/2856/2804 2763/2824/2772 2790/2851/2799
f 2763/2824/2772 2794/2856/2804 2795/2857/2805
f 2794/2856/2804 2792/2854/2802 2791/2852/2800
f 2794/2856/2804 2791/2852/2800 2793/2855/2803
f 2793/2855/2803 2768/2831/2779 2795/2857/2805
f 2793/2855/2803 2795/2857/2805 2794/2856/2804
f 2795/2857/2805 2768/2831/2779 2765/2827/2775
f 2793/2855/2803 2769/2832/2780 2768/2831/2779
f 2767/2830/2778 2769/2832/2780 2793/2855/2803
f 2796/2858/2806 2788/2850/2798 2789/2853/2801
f 2797/2859/2807 2767/2830/2778 2793/2855/2803
f 2799/2860/2808 2796/2858/2806 2789/2853/2801
f 2773/2836/2784 2742/2828/2776 2797/2859/2807
f 2797/2859/2807 2742/2828/2776 2767/2830/2778
f 2777/2861/2809 2644/2705/2655 2642/2704/2654
f 2654/2716/2666 2777/2861/2809 2642/2704/2654
f 2655/2712/2662 2800/2862/2810 2654/2716/2666
f 2778/2843/2791 2644/2705/2655 2777/2861/2809
f 2801/2863/2811 2803/2864/2812 2777/2861/2809
f 2778/2843/2791 2777/2861/2809 2803/2864/2812
f 2804/2865/2813 2801/2863/2811 2805/2866/2814
f 2805/2866/2814 2803/2864/2812 2804/2865/2813
f 2801/2863/2811 2777/2861/2809 2654/2716/2666
f 2805/2866/2814 2801/2863/2811 2654/2716/2666
f 2806/2867/2815 2805/2866/2814 2654/2716/2666
f 2808/2868/2816 2655/2712/2662 2652/2713/2663
f 2652/2713/2663 2653/2714/2664 2808/2868/2816
f 2802/2869/2817 2653/2714/2664 2651/2715/2665
f 2802/2869/2817 2651/2715/2665 2657/2718/2668
f 2803/2864/2812 2809/2870/2818 2778/2843/2791
f 2803/2864/2812 2801/2863/2811 2804/2865/2813
f 2806/2867/2815 2803/2864/2812 2805/2866/2814
f 2806/2867/2815 2809/2870/2818 2803/2864/2812
f 2800/2862/2810 2806/2867/2815 2654/2716/2666
f 2778/2843/2791 2809/2870/2818 2806/2867/2815
f 2782/2842/2790 2778/2843/2791 2806/2867/2815
f 2810/2871/2819 2808/2868/2816 2653/2714/2664
f 2812/2872/2820 2782/2842/2790 2806/2867/2815
f 2800/2862/2810 2812/2872/2820 2806/2867/2815
f 2810/2871/2819 2653/2714/2664 2802/2869/2817
f 2811/2873/2821 2810/2871/2819 2802/2869/2817
f 2808/2868/2816 2807/2874/2822 2655/2712/2662
f 2814/2875/2823 2813/2876/2824 2810/2871/2819
f 2815/2877/2825 2812/2872/2820 2800/2862/2810
f 2800/2862/2810 2655/2712/2662 2815/2877/2825
f 2808/2868/2816 2813/2876/2824 2816/2878/2826
f 2808/2868/2816 2810/2871/2819 2813/2876/2824
f 2813/2876/2824 2817/2879/2827 2816/2878/2826
f 2807/2874/2822 2815/2877/2825 2655/2712/2662
f 2819/2880/2828 2808/2868/2816 2818/2881/2829
f 2820/2882/2830 2818/2881/2829 2808/2868/2816
f 2819/2880/2828 2807/2874/2822 2808/2868/2816
f 2822/2883/2831 2807/2874/2822 2819/2880/2828
f 2823/2884/2832 2824/2885/2833 2819/2880/2828
f 2815/2877/2825 2821/2886/2834 2812/2872/2820
f 2825/2887/2835 2819/2880/2828 2824/2885/2833
f 2826/2888/2836 2825/2887/2835 2824/2885/2833
f 2821/2886/2834 2782/2842/2790 2812/2872/2820
f 2822/2883/2831 2819/2880/2828 2825/2887/2835
f 2825/2887/2835 2827/2889/2837 2822/2883/2831
f 2828/2890/2838 2821/2886/2834 2815/2877/2825
f 2815/2877/2825 2807/2874/2822 2822/2883/2831
f 2829/2891/2839 2822/2883/2831 2827/2889/2837
f 2829/2891/2839 2827/2889/2837 2830/2892/2840
f 2656/2717/2667 2669/2730/2680 2831/2893/2841
f 2831/2893/2841 2669/2730/2680 2668/2728/2678
f 2834/2894/2842 2831/2893/2841 2668/2728/2678
f 2834/2894/2842 2668/2728/2678 2670/2731/2681
f 2657/2718/2668 2656/2717/2667 2831/2893/2841
f 2802/2869/2817 2657/2718/2668 2833/2895/2843
f 2831/2893/2841 2833/2895/2843 2657/2718/2668
f 2832/2896/2844 2834/2894/2842 2670/2731/2681
f 2836/2897/2845 2835/2898/2846 2832/2896/2844
f 2835/2898/2846 2834/2894/2842 2832/2896/2844
f 2811/2873/2821 2802/2869/2817 2833/2895/2843
f 2837/2899/2847 2831/2893/2841 2834/2894/2842
f 2839/2900/2848 2834/2894/2842 2835/2898/2846
f 2835/2898/2846 2838/2901/2849 2839/2900/2848
f 2839/2900/2848 2840/2902/2850 2834/2894/2842
f 2814/2875/2823 2810/2871/2819 2811/2873/2821
f 2811/2873/2821 2833/2895/2843 2814/2875/2823
f 2837/2899/2847 2833/2895/2843 2831/2893/2841
f 2816/2878/2826 2817/2879/2827 2842/2903/2851
f 2843/2904/2852 2817/2879/2827 2813/2876/2824
f 2813/2876/2824 2814/2875/2823 2843/2904/2852
f 2843/2904/2852 2814/2875/2823 2844/2905/2853
f 2814/2875/2823 2833/2895/2843 2837/2899/2847
f 2844/2905/2853 2814/2875/2823 2837/2899/2847
f 2841/2906/2854 2837/2899/2847 2834/2894/2842
f 2842/2903/2851 2808/2868/2816 2816/2878/2826
f 2845/2907/2855 2808/2868/2816 2842/2903/2851
f 2841/2906/2854 2844/2905/2853 2837/2899/2847
f 2841/2906/2854 2834/2894/2842 2840/2902/2850
f 2846/2908/2856 2818/2881/2829 2820/2882/2830
f 2845/2907/2855 2820/2882/2830 2808/2868/2816
f 2842/2903/2851 2817/2879/2827 2843/2904/2852
f 2841/2906/2854 2843/2904/2852 2844/2905/2853
f 2818/2881/2829 2848/2909/2857 2819/2880/2828
f 2849/2910/2858 2818/2881/2829 2846/2908/2856
f 2848/2909/2857 2818/2881/2829 2849/2910/2858
f 2819/2880/2828 2848/2909/2857 2823/2884/2832
f 2841/2906/2854 2820/2882/2830 2845/2907/2855
f 2846/2908/2856 2820/2882/2830 2841/2906/2854
f 2841/2906/2854 2842/2903/2851 2843/2904/2852
f 2845/2907/2855 2842/2903/2851 2841/2906/2854
f 2847/2911/2859 2841/2906/2854 2840/2902/2850
f 2850/2912/2860 2824/2885/2833 2823/2884/2832
f 2851/2913/2861 2849/2910/2858 2846/2908/2856
f 2850/2912/2860 2826/2888/2836 2824/2885/2833
f 2851/2913/2861 2848/2909/2857 2849/2910/2858
f 2851/2913/2861 2823/2884/2832 2848/2909/2857
f 2851/2913/2861 2846/2908/2856 2854/2914/2862
f 2825/2887/2835 2826/2888/2836 2853/2915/2863
f 2853/2915/2863 2826/2888/2836 2850/2912/2860
f 2850/2912/2860 2823/2884/2832 2851/2913/2861
f 2850/2912/2860 2851/2913/2861 2853/2915/2863
f 2854/2914/2862 2846/2908/2856 2841/2906/2854
f 2854/2914/2862 2841/2906/2854 2855/2916/2864
f 2853/2915/2863 2851/2913/2861 2854/2914/2862
f 2855/2916/2864 2841/2906/2854 2852/2917/2865
f 2830/2892/2840 2827/2889/2837 2856/2918/2866
f 2857/2919/2867 2827/2889/2837 2825/2887/2835
f 2856/2918/2866 2827/2889/2837 2857/2919/2867
f 2858/2920/2868 2675/2736/2686 2672/2733/2683
f 2664/2725/2675 2674/2735/2685 2859/2921/2869
f 2664/2725/2675 2859/2921/2869 2676/2737/2687
f 2860/2922/2870 2675/2736/2686 2858/2920/2868
f 2859/2921/2869 2674/2735/2685 2861/2923/2871
f 2859/2921/2869 2832/2896/2844 2676/2737/2687
f 2860/2922/2870 2674/2735/2685 2675/2736/2686
f 2670/2731/2681 2676/2737/2687 2832/2896/2844
f 2859/2921/2869 2861/2923/2871 2836/2897/2845
f 2859/2921/2869 2836/2897/2845 2832/2896/2844
f 2674/2735/2685 2860/2922/2870 2862/2924/2872
f 2860/2922/2870 2863/2925/2873 2862/2924/2872
f 2861/2923/2871 2674/2735/2685 2862/2924/2872
f 2861/2923/2871 2865/2926/2874 2836/2897/2845
f 2864/2927/2875 2863/2925/2873 2860/2922/2870
f 2864/2927/2875 2860/2922/2870 2858/2920/2868
f 2861/2923/2871 2862/2924/2872 2865/2926/2874
f 2836/2897/2845 2865/2926/2874 2838/2901/2849
f 2838/2901/2849 2835/2898/2846 2836/2897/2845
f 2866/2928/2876 2858/2920/2868 2677/2929/2877
f 2838/2901/2849 2865/2926/2874 2868/2930/2878
f 2869/2931/2879 2838/2901/2849 2868/2930/2878
f 2839/2900/2848 2838/2901/2849 2869/2931/2879
f 2839/2900/2848 2869/2931/2879 2840/2902/2850
f 2866/2928/2876 2864/2927/2875 2858/2920/2868
f 2862/2924/2872 2863/2925/2873 2867/2932/2880
f 2865/2926/2874 2862/2924/2872 2870/2933/2881
f 2865/2926/2874 2870/2933/2881 2868/2930/2878
f 2869/2931/2879 2871/2934/2882 2872/2935/2883
f 2872/2935/2883 2840/2902/2850 2869/2931/2879
f 2867/2932/2880 2863/2925/2873 2864/2927/2875
f 2868/2930/2878 2871/2934/2882 2869/2931/2879
f 2872/2935/2883 2847/2911/2859 2840/2902/2850
f 2872/2935/2883 2871/2934/2882 2876/2936/2884
f 2862/2924/2872 2867/2932/2880 2870/2933/2881
f 2868/2930/2878 2877/2937/2885 2871/2934/2882
f 2868/2930/2878 2870/2933/2881 2877/2937/2885
f 2875/2938/2886 2871/2934/2882 2877/2937/2885
f 2876/2936/2884 2847/2911/2859 2872/2935/2883
f 2864/2927/2875 2874/2939/2887 2867/2932/2880
f 2873/2940/2888 2864/2927/2875 2866/2928/2876
f 2878/2941/2889 2873/2940/2888 2866/2928/2876
f 2870/2933/2881 2867/2932/2880 2874/2939/2887
f 2871/2934/2882 2879/2942/2890 2876/2936/2884
f 2876/2936/2884 2879/2942/2890 2847/2911/2859
f 2847/2911/2859 2879/2942/2890 2881/2943/2891
f 2875/2938/2886 2877/2937/2885 2882/2944/2892
f 2877/2937/2885 2870/2933/2881 2882/2944/2892
f 2871/2934/2882 2880/2945/2893 2879/2942/2890
f 2880/2945/2893 2871/2934/2882 2875/2938/2886
f 2875/2938/2886 2882/2944/2892 2880/2945/2893
f 2879/2942/2890 2880/2945/2893 2881/2943/2891
f 2852/2917/2865 2841/2906/2854 2847/2911/2859
f 2881/2943/2891 2852/2917/2865 2847/2911/2859
f 2873/2940/2888 2874/2939/2887 2864/2927/2875
f 2882/2944/2892 2883/2946/2894 2880/2945/2893
f 2883/2946/2894 2882/2944/2892 2870/2933/2881
f 2880/2945/2893 2883/2946/2894 2886/2947/2895
f 2881/2943/2891 2880/2945/2893 2884/2948/2896
f 2886/2947/2895 2884/2948/2896 2880/2945/2893
f 2884/2948/2896 2852/2917/2865 2881/2943/2891
f 2858/2920/2868 2672/2733/2683 2496/2738/2688
f 2678/2949/2897 2677/2929/2877 2495/2552/2505
f 2679/2739/2689 2678/2949/2897 2495/2552/2505
f 2677/2929/2877 2494/2553/2506 2495/2552/2505
f 2858/2920/2868 2496/2738/2688 2494/2553/2506
f 2677/2929/2877 2858/2920/2868 2494/2553/2506
f 2887/2950/2898 2888/2951/2899 2678/2949/2897
f 2677/2929/2877 2678/2949/2897 2888/2951/2899
f 2679/2739/2689 2888/2951/2899 2887/2950/2898
f 2889/2952/2900 2677/2929/2877 2888/2951/2899
f 2890/2953/2901 2889/2952/2900 2888/2951/2899
f 2889/2952/2900 2866/2928/2876 2677/2929/2877
f 2866/2928/2876 2889/2952/2900 2891/2954/2902
f 2891/2954/2902 2889/2952/2900 2890/2953/2901
f 2891/2954/2902 2885/2955/2903 2866/2928/2876
f 2679/2739/2689 2887/2950/2898 2678/2949/2897
f 2888/2951/2899 2679/2739/2689 2890/2953/2901
f 2890/2953/2901 2679/2739/2689 2685/2744/2694
f 2892/2956/2904 2890/2953/2901 2685/2744/2694
f 2685/2744/2694 2700/2759/2709 2892/2956/2904
f 2894/2957/2905 2699/2760/2710 2695/2755/2705
f 2700/2759/2709 2699/2760/2710 2894/2957/2905
f 2700/2759/2709 2894/2957/2905 2698/2758/2708
f 2698/2758/2708 2894/2957/2905 2695/2755/2705
f 2895/2958/2906 2700/2759/2709 2698/2758/2708
f 2700/2759/2709 2895/2958/2906 2896/2959/2907
f 2896/2959/2907 2895/2958/2906 2897/2960/2908
f 2895/2958/2906 2698/2758/2708 2897/2960/2908
f 2698/2758/2708 2694/2754/2704 2898/2961/2909
f 2698/2758/2708 2898/2961/2909 2897/2960/2908
f 2501/2558/2511 2900/2962/2910 2694/2754/2704
f 2903/2963/2911 2898/2961/2909 2902/2964/2912
f 2897/2960/2908 2898/2961/2909 2899/2965/2913
f 2694/2754/2704 2901/2966/2914 2898/2961/2909
f 2903/2963/2911 2899/2965/2913 2898/2961/2909
f 2903/2963/2911 2902/2964/2912 2899/2965/2913
f 2694/2754/2704 2900/2962/2910 2904/2967/2915
f 2905/2968/2916 2906/2969/2917 2899/2965/2913
f 2899/2965/2913 2902/2964/2912 2905/2968/2916
f 2898/2961/2909 2901/2966/2914 2902/2964/2912
f 2905/2968/2916 2902/2964/2912 2907/2970/2918
f 2902/2964/2912 2901/2966/2914 2907/2970/2918
f 2907/2970/2918 2901/2966/2914 2908/2971/2919
f 2893/2972/2920 3054/2973/2921 2909/2974/2922
f 2906/2969/2917 2909/2974/2922 2910/2975/2923
f 2905/2968/2916 2907/2970/2918 2906/2969/2917
f 2694/2754/2704 2904/2967/2915 2901/2966/2914
f 2911/2976/2924 2906/2969/2917 2907/2970/2918
f 2908/2971/2919 2911/2976/2924 2907/2970/2918
f 2893/2972/2920 2909/2974/2922 2912/2977/2925
f 2911/2976/2924 2914/2978/2926 2906/2969/2917
f 2914/2978/2926 2909/2974/2922 2906/2969/2917
f 2908/2971/2919 2901/2966/2914 2915/2979/2927
f 2914/2978/2926 2912/2977/2925 2909/2974/2922
f 2913/2980/2928 2912/2977/2925 2914/2978/2926
f 2916/2981/2929 2911/2976/2924 2908/2971/2919
f 2914/2978/2926 2911/2976/2924 2916/2981/2929
f 2901/2966/2914 2917/2982/2930 2915/2979/2927
f 2908/2971/2919 2915/2979/2927 2916/2981/2929
f 2915/2979/2927 2918/2983/2931 2916/2981/2929
f 2901/2966/2914 2904/2967/2915 2917/2982/2930
f 2915/2979/2927 2917/2982/2930 2918/2983/2931
f 2913/2980/2928 2914/2978/2926 2916/2981/2929
f 2919/2984/2932 2916/2981/2929 2918/2983/2931
f 1942/2985/1947 1941/2765/1946 2705/2766/2714
f 2706/2767/2715 2704/2768/2716 2920/2986/2933
f 2921/2987/2934 2705/2766/2714 2706/2767/2715
f 2920/2986/2933 2921/2987/2934 2706/2767/2715
f 2922/2988/2935 1942/2985/1947 2705/2766/2714
f 2923/2989/2936 2920/2986/2933 2704/2768/2716
f 2923/2989/2936 2704/2768/2716 2738/2804/2752
f 2738/2804/2752 2924/2990/2937 2925/2991/2938
f 2923/2989/2936 2738/2804/2752 2925/2991/2938
f 2924/2990/2937 2738/2804/2752 2774/2837/2785
f 2927/2992/2939 2924/2990/2937 2928/2993/2940
f 2941/2994/2941 2927/2992/2939 2928/2993/2940
f 2927/2992/2939 2929/2995/2942 2924/2990/2937
f 2798/2996/2943 2773/2836/2784 2797/2859/2807
f 2798/2996/2943 2771/2834/2782 2773/2836/2784
f 2798/2996/2943 2797/2859/2807 2793/2855/2803
f 2796/2858/2806 2793/2855/2803 2788/2850/2798
f 2930/2997/2944 2799/2860/2808 2789/2853/2801
f 2926/2998/2945 2774/2837/2785 2772/2835/2783
f 2770/2833/2781 2931/2999/2946 2772/2835/2783
f 2931/2999/2946 2926/2998/2945 2772/2835/2783
f 2798/2996/2943 2770/2833/2781 2771/2834/2782
f 2931/2999/2946 2770/2833/2781 2798/2996/2943
f 2796/2858/2806 2798/2996/2943 2793/2855/2803
f 2799/2860/2808 2932/3000/2947 2796/2858/2806
f 2933/3001/2948 2926/2998/2945 2931/2999/2946
f 2933/3001/2948 2931/2999/2946 2798/2996/2943
f 2934/3002/2949 2798/2996/2943 2796/2858/2806
f 2928/2993/2940 2774/2837/2785 2926/2998/2945
f 2933/3001/2948 2928/2993/2940 2926/2998/2945
f 2934/3002/2949 2933/3001/2948 2798/2996/2943
f 2930/2997/2944 2796/2858/2806 2932/3000/2947
f 2932/3000/2947 2799/2860/2808 2930/2997/2944
f 2930/2997/2944 2934/3002/2949 2796/2858/2806
f 2935/3003/2950 2930/2997/2944 2789/2853/2801
f 2936/3004/2951 2930/2997/2944 2935/3003/2950
f 2936/3004/2951 2935/3003/2950 2937/3005/2952
f 2928/2993/2940 2924/2990/2937 2774/2837/2785
f 2928/2993/2940 2933/3001/2948 2934/3002/2949
f 2936/3004/2951 2939/3006/2953 2930/2997/2944
f 2938/3007/2954 2928/2993/2940 2934/3002/2949
f 2940/3008/2955 2938/3007/2954 2934/3002/2949
f 2940/3008/2955 2934/3002/2949 2930/2997/2944
f 2939/3006/2953 2940/3008/2955 2930/2997/2944
f 2941/2994/2941 2928/2993/2940 2938/3007/2954
f 2942/3009/2956 2940/3008/2955 2939/3006/2953
f 2938/3007/2954 2940/3008/2955 2942/3009/2956
f 2943/3010/2957 2938/3007/2954 2942/3009/2956
f 2944/3011/2958 2942/3009/2956 2939/3006/2953
f 2944/3011/2958 2943/3010/2957 2942/3009/2956
f 2943/3010/2957 2941/2994/2941 2938/3007/2954
f 2947/3012/2959 2789/2853/2801 2782/2842/2790
f 2947/3012/2959 2782/2842/2790 2821/2886/2834
f 2948/3013/2960 2828/2890/2838 2815/2877/2825
f 2945/3014/2961 2815/2877/2825 2822/2883/2831
f 2945/3014/2961 2822/2883/2831 2829/2891/2839
f 2949/3015/2962 2945/3014/2961 2829/2891/2839
f 2828/2890/2838 2947/3012/2959 2821/2886/2834
f 2952/3016/2963 2949/3015/2962 2951/3017/2964
f 2947/3012/2959 2935/3003/2950 2789/2853/2801
f 2945/3014/2961 2950/3018/2965 2815/2877/2825
f 2949/3015/2962 2953/3019/2966 2945/3014/2961
f 2955/3020/2967 2954/3021/2968 2945/3014/2961
f 2952/3016/2963 2953/3019/2966 2949/3015/2962
f 2955/3020/2967 2945/3014/2961 2953/3019/2966
f 2957/3022/2969 2945/3014/2961 2954/3021/2968
f 2958/3023/2970 2957/3022/2969 2954/3021/2968
f 2959/3024/2971 2935/3003/2950 2947/3012/2959
f 2956/3025/2972 2960/3026/2973 2947/3012/2959
f 2956/3025/2972 2947/3012/2959 2828/2890/2838
f 2961/3027/2974 2956/3025/2972 2828/2890/2838
f 2948/3013/2960 2961/3027/2974 2828/2890/2838
f 2950/3018/2965 2948/3013/2960 2815/2877/2825
f 2950/3018/2965 2945/3014/2961 2957/3022/2969
f 2962/3028/2975 2957/3022/2969 2958/3023/2970
f 2963/3029/2976 2957/3022/2969 2962/3028/2975
f 2959/3024/2971 2947/3012/2959 2960/3026/2973
f 2959/3024/2971 2965/3030/2977 2935/3003/2950
f 2935/3003/2950 2965/3030/2977 2937/3005/2952
f 2959/3024/2971 2960/3026/2973 2966/3031/2978
f 2965/3030/2977 2959/3024/2971 2966/3031/2978
f 2964/3032/2979 2965/3030/2977 2966/3031/2978
f 2964/3032/2979 2960/3026/2973 2956/3025/2972
f 2966/3031/2978 2960/3026/2973 2964/3032/2979
f 2961/3027/2974 2964/3032/2979 2956/3025/2972
f 2950/3018/2965 2957/3022/2969 2967/3033/2980
f 2967/3033/2980 2957/3022/2969 2963/3029/2976
f 2968/3034/2981 2950/3018/2965 2967/3033/2980
f 2937/3005/2952 2965/3030/2977 2961/3027/2974
f 2965/3030/2977 2964/3032/2979 2961/3027/2974
f 2936/3004/2951 2937/3005/2952 2961/3027/2974
f 2971/3035/2982 2970/3036/2983 2950/3018/2965
f 2969/3037/2984 2971/3035/2982 2950/3018/2965
f 2970/3036/2983 2948/3013/2960 2950/3018/2965
f 2939/3006/2953 2936/3004/2951 2961/3027/2974
f 2939/3006/2953 2961/3027/2974 2948/3013/2960
f 2939/3006/2953 2948/3013/2960 2972/3038/2985
f 2972/3038/2985 2948/3013/2960 2970/3036/2983
f 2972/3038/2985 2970/3036/2983 2973/3039/2986
f 2974/3040/2987 2973/3039/2986 2970/3036/2983
f 2974/3040/2987 2970/3036/2983 2971/3035/2982
f 2975/3041/2988 2973/3039/2986 2974/3040/2987
f 2974/3040/2987 2971/3035/2982 2975/3041/2988
f 2944/3011/2958 2939/3006/2953 2972/3038/2985
f 2944/3011/2958 2973/3039/2986 2975/3041/2988
f 2944/3011/2958 2972/3038/2985 2973/3039/2986
f 2976/3042/2989 2944/3011/2958 2975/3041/2988
f 2975/3041/2988 2971/3035/2982 3000/3043/2990
f 2976/3042/2989 2943/3010/2957 2944/3011/2958
f 2854/2914/2862 2825/2887/2835 2853/2915/2863
f 2857/2919/2867 2825/2887/2835 2854/2914/2862
f 2977/3044/2991 2854/2914/2862 2855/2916/2864
f 2946/3045/2992 2829/2891/2839 2830/2892/2840
f 2857/2919/2867 2854/2914/2862 2977/3044/2991
f 2978/3046/2993 2855/2916/2864 2852/2917/2865
f 2830/2892/2840 2979/3047/2994 2946/3045/2992
f 2977/3044/2991 2856/2918/2866 2857/2919/2867
f 2830/2892/2840 2856/2918/2866 2977/3044/2991
f 2980/3048/2995 2949/3015/2962 2829/2891/2839
f 2979/3047/2994 2830/2892/2840 2977/3044/2991
f 2981/3049/2996 2977/3044/2991 2855/2916/2864
f 2951/3017/2964 2949/3015/2962 2980/3048/2995
f 2981/3049/2996 2829/2891/2839 2946/3045/2992
f 2981/3049/2996 2980/3048/2995 2829/2891/2839
f 2946/3045/2992 2979/3047/2994 2981/3049/2996
f 2981/3049/2996 2979/3047/2994 2977/3044/2991
f 2982/3050/2997 2981/3049/2996 2855/2916/2864
f 2984/3051/2998 2953/3019/2966 2952/3016/2963
f 2982/3050/2997 2951/3017/2964 2980/3048/2995
f 2981/3049/2996 2982/3050/2997 2980/3048/2995
f 2985/3052/2999 2958/3023/2970 2954/3021/2968
f 2985/3052/2999 2962/3028/2975 2958/3023/2970
f 2955/3020/2967 2953/3019/2966 2984/3051/2998
f 2952/3016/2963 2951/3017/2964 2986/3053/3000
f 2951/3017/2964 2982/3050/2997 2986/3053/3000
f 2984/3051/2998 2952/3016/2963 2986/3053/3000
f 2984/3051/2998 2982/3050/2997 2855/2916/2864
f 2984/3051/2998 2986/3053/3000 2982/3050/2997
f 2987/3054/3001 2962/3028/2975 2985/3052/2999
f 2962/3028/2975 2987/3054/3001 2963/3029/2976
f 2963/3029/2976 2987/3054/3001 2988/3055/3002
f 2955/3020/2967 2984/3051/2998 2989/3056/3003
f 2954/3021/2968 2955/3020/2967 2989/3056/3003
f 2990/3057/3004 2950/3018/2965 2968/3034/2981
f 2988/3055/3002 2967/3033/2980 2963/3029/2976
f 2991/3058/3005 2967/3033/2980 2988/3055/3002
f 2968/3034/2981 2967/3033/2980 2991/3058/3005
f 2989/3056/3003 2985/3052/2999 2954/3021/2968
f 2989/3056/3003 2987/3054/3001 2985/3052/2999
f 2855/2916/2864 2989/3056/3003 2984/3051/2998
f 2992/3059/3006 2989/3056/3003 2855/2916/2864
f 2992/3059/3006 2855/2916/2864 2978/3046/2993
f 2993/3060/3007 2992/3059/3006 2978/3046/2993
f 2950/3018/2965 2990/3057/3004 2969/3037/2984
f 2995/3061/3008 2968/3034/2981 2991/3058/3005
f 2990/3057/3004 2968/3034/2981 2995/3061/3008
f 2994/3062/3009 2987/3054/3001 2989/3056/3003
f 2992/3059/3006 2994/3062/3009 2989/3056/3003
f 2987/3054/3001 2994/3062/3009 2988/3055/3002
f 2996/3063/3010 2988/3055/3002 2994/3062/3009
f 2997/3064/3011 2990/3057/3004 2995/3061/3008
f 2997/3064/3011 2969/3037/2984 2990/3057/3004
f 2988/3055/3002 2996/3063/3010 2991/3058/3005
f 2995/3061/3008 2991/3058/3005 2996/3063/3010
f 2996/3063/3010 2994/3062/3009 2992/3059/3006
f 2996/3063/3010 2992/3059/3006 2993/3060/3007
f 3000/3043/2990 2971/3035/2982 2969/3037/2984
f 3000/3043/2990 2969/3037/2984 2997/3064/3011
f 2997/3064/3011 2995/3061/3008 2996/3063/3010
f 2999/3065/3012 2993/3060/3007 3027/3066/3013
f 2999/3065/3012 2998/3067/3014 2993/3060/3007
f 3001/3068/3015 2996/3063/3010 2993/3060/3007
f 2998/3067/3014 3001/3068/3015 2993/3060/3007
f 3002/3069/3016 2998/3067/3014 2999/3065/3012
f 3000/3043/2990 2997/3064/3011 3003/3070/3017
f 3003/3070/3017 2997/3064/3011 3001/3068/3015
f 3001/3068/3015 2997/3064/3011 2996/3063/3010
f 3004/3071/3018 3001/3068/3015 2998/3067/3014
f 3002/3069/3016 3004/3071/3018 2998/3067/3014
f 3005/3072/3019 3000/3043/2990 3003/3070/3017
f 3007/3073/3020 3003/3070/3017 3001/3068/3015
f 3007/3073/3020 3001/3068/3015 3004/3071/3018
f 3008/3074/3021 3000/3043/2990 3005/3072/3019
f 3003/3070/3017 3009/3075/3022 3005/3072/3019
f 2870/2933/2881 2874/2939/2887 2873/2940/2888
f 2883/2946/2894 2870/2933/2881 2873/2940/2888
f 3010/3076/3023 2852/2917/2865 2884/2948/2896
f 2885/2955/2903 2878/2941/2889 2866/2928/2876
f 3011/3077/3024 2873/2940/2888 2878/2941/2889
f 2883/2946/2894 3013/3078/3025 2886/2947/2895
f 2978/3046/2993 2852/2917/2865 3010/3076/3023
f 3010/3076/3023 2884/2948/2896 2886/2947/2895
f 2883/2946/2894 2873/2940/2888 3012/3079/3026
f 2883/2946/2894 3012/3079/3026 3015/3080/3027
f 3013/3078/3025 2883/2946/2894 3015/3080/3027
f 2886/2947/2895 3013/3078/3025 3010/3076/3023
f 3016/3081/3028 3010/3076/3023 3013/3078/3025
f 3013/3078/3025 3015/3080/3027 3016/3081/3028
f 2983/3082/3029 2978/3046/2993 3010/3076/3023
f 3010/3076/3023 3016/3081/3028 3017/3083/3030
f 3018/3084/3031 2878/2941/2889 2885/2955/2903
f 3011/3077/3024 3012/3079/3026 2873/2940/2888
f 3017/3083/3030 2983/3082/3029 3010/3076/3023
f 3018/3084/3031 3011/3077/3024 2878/2941/2889
f 3019/3085/3032 2885/2955/2903 3014/3086/3033
f 3012/3079/3026 3011/3077/3024 3021/3087/3034
f 3016/3081/3028 3015/3080/3027 3017/3083/3030
f 3022/3088/3035 3011/3077/3024 3020/3089/3036
f 3018/3084/3031 3020/3089/3036 3011/3077/3024
f 3021/3087/3034 3011/3077/3024 3023/3090/3037
f 3012/3079/3026 3021/3087/3034 3023/3090/3037
f 3012/3079/3026 3024/3091/3038 3015/3080/3027
f 2983/3082/3029 3017/3083/3030 3025/3092/3039
f 3025/3092/3039 3017/3083/3030 3015/3080/3027
f 3019/3085/3032 3026/3093/3040 2885/2955/2903
f 3011/3077/3024 3022/3088/3035 3023/3090/3037
f 3027/3066/3013 2983/3082/3029 3025/3092/3039
f 2983/3082/3029 2993/3060/3007 2978/3046/2993
f 3027/3066/3013 2993/3060/3007 2983/3082/3029
f 3026/3093/3040 3018/3084/3031 2885/2955/2903
f 3012/3079/3026 3023/3090/3037 3024/3091/3038
f 3025/3092/3039 3015/3080/3027 3027/3066/3013
f 3028/3094/3041 3022/3088/3035 3020/3089/3036
f 3028/3094/3041 3020/3089/3036 3018/3084/3031
f 3022/3088/3035 3029/3095/3042 3023/3090/3037
f 3023/3090/3037 3029/3095/3042 3024/3091/3038
f 3022/3088/3035 3028/3094/3041 3029/3095/3042
f 3030/3096/3043 3028/3094/3041 3018/3084/3031
f 3024/3091/3038 3029/3095/3042 3032/3097/3044
f 3015/3080/3027 3024/3091/3038 3027/3066/3013
f 3033/3098/3045 3028/3094/3041 3030/3096/3043
f 3033/3098/3045 3030/3096/3043 3034/3099/3046
f 3026/3093/3040 3030/3096/3043 3018/3084/3031
f 3029/3095/3042 3028/3094/3041 3031/3100/3047
f 3033/3098/3045 3031/3100/3047 3028/3094/3041
f 3029/3095/3042 3031/3100/3047 3032/3097/3044
f 3032/3097/3044 3035/3101/3048 3024/3091/3038
f 3027/3066/3013 3024/3091/3038 3035/3101/3048
f 3027/3066/3013 3035/3101/3048 3036/3102/3049
f 3036/3102/3049 2999/3065/3012 3027/3066/3013
f 3036/3102/3049 3002/3069/3016 2999/3065/3012
f 3037/3103/3050 3030/3096/3043 3026/3093/3040
f 3026/3093/3040 3019/3085/3032 3038/3104/3051
f 3031/3100/3047 3033/3098/3045 3032/3097/3044
f 3033/3098/3045 3039/3105/3052 3032/3097/3044
f 3040/3106/3053 3035/3101/3048 3032/3097/3044
f 3041/3107/3054 3035/3101/3048 3040/3106/3053
f 3041/3107/3054 3036/3102/3049 3035/3101/3048
f 3037/3103/3050 3026/3093/3040 3038/3104/3051
f 3032/3097/3044 3039/3105/3052 3040/3106/3053
f 3036/3102/3049 3041/3107/3054 3045/3108/3055
f 3045/3108/3055 3002/3069/3016 3036/3102/3049
f 3006/3109/3056 3004/3071/3018 3002/3069/3016
f 3037/3103/3050 3034/3099/3046 3030/3096/3043
f 3042/3110/3057 3033/3098/3045 3034/3099/3046
f 3041/3107/3054 3040/3106/3053 3044/3111/3058
f 3040/3106/3053 3046/3112/3059 3044/3111/3058
f 3040/3106/3053 3043/3113/3060 3046/3112/3059
f 3041/3107/3054 3044/3111/3058 3045/3108/3055
f 3045/3108/3055 3044/3111/3058 3047/3114/3061
f 3002/3069/3016 3045/3108/3055 3006/3109/3056
f 3040/3106/3053 3039/3105/3052 3043/3113/3060
f 3046/3112/3059 3043/3113/3060 3044/3111/3058
f 3044/3111/3058 3043/3113/3060 3047/3114/3061
f 3047/3114/3061 3006/3109/3056 3045/3108/3055
f 2891/2954/2902 2890/2953/2901 2892/2956/2904
f 3014/3086/3033 2885/2955/2903 2891/2954/2902
f 3049/3115/3062 2891/2954/2902 2892/2956/2904
f 3048/3116/3063 3014/3086/3033 2891/2954/2902
f 3048/3116/3063 2891/2954/2902 3049/3115/3062
f 3050/3117/3064 3014/3086/3033 3048/3116/3063
f 3049/3115/3062 3050/3117/3064 3048/3116/3063
f 3019/3085/3032 3014/3086/3033 3050/3117/3064
f 3051/3118/3065 3019/3085/3032 3050/3117/3064
f 3051/3118/3065 3050/3117/3064 3049/3115/3062
f 3051/3118/3065 3049/3115/3062 3054/2973/2921
f 3052/3119/3066 3019/3085/3032 3051/3118/3065
f 2893/2972/2920 3052/3119/3066 3051/3118/3065
f 3054/2973/2921 2893/2972/2920 3051/3118/3065
f 3019/3085/3032 3052/3119/3066 3038/3104/3051
f 3053/3120/3067 3038/3104/3051 3052/3119/3066
f 3053/3120/3067 3052/3119/3066 2893/2972/2920
f 2700/2759/2709 3054/2973/2921 2892/2956/2904
f 3054/2973/2921 3049/3115/3062 2892/2956/2904
f 3054/2973/2921 2700/2759/2709 2896/2959/2907
f 2899/2965/2913 3054/2973/2921 2896/2959/2907
f 2899/2965/2913 2896/2959/2907 2897/2960/2908
f 2909/2974/2922 3054/2973/2921 2910/2975/2923
f 2899/2965/2913 2910/2975/2923 3054/2973/2921
f 2906/2969/2917 2910/2975/2923 2899/2965/2913
f 3058/3121/3068 3057/3122/3069 3056/3123/3070
f 2918/2983/2931 2917/2982/2930 2919/2984/2932
f 3059/3124/3071 2913/2980/2928 2916/2981/2929
f 2919/2984/2932 3059/3124/3071 2916/2981/2929
f 2919/2984/2932 2917/2982/2930 3060/3125/3072
f 3055/3126/3073 2912/2977/2925 2913/2980/2928
f 2917/2982/2930 2904/2967/2915 3060/3125/3072
f 2919/2984/2932 3060/3125/3072 3061/3127/3074
f 3061/3127/3074 3060/3125/3072 3062/3128/3075
f 3055/3126/3073 2913/2980/2928 3059/3124/3071
f 2919/2984/2932 3061/3127/3074 3059/3124/3071
f 3063/3129/3076 3059/3124/3071 3061/3127/3074
f 3063/3129/3076 3061/3127/3074 3062/3128/3075
f 3062/3128/3075 3060/3125/3072 3065/3130/3077
f 3062/3128/3075 3065/3130/3077 3066/3131/3078
f 3064/3132/3079 3059/3124/3071 3063/3129/3076
f 3066/3131/3078 3064/3132/3079 3063/3129/3076
f 3063/3129/3076 3062/3128/3075 3066/3131/3078
f 3067/3133/3080 3065/3130/3077 3060/3125/3072
f 3066/3131/3078 3065/3130/3077 3068/3134/3081
f 3068/3134/3081 3065/3130/3077 3067/3133/3080
f 3055/3126/3073 3059/3124/3071 3064/3132/3079
f 3069/3135/3082 3064/3132/3079 3066/3131/3078
f 3066/3131/3078 3068/3134/3081 3069/3135/3082
f 3060/3125/3072 3070/3136/3083 3067/3133/3080
f 3064/3132/3079 3069/3135/3082 3068/3134/3081
f 3060/3125/3072 2904/2967/2915 3070/3136/3083
f 3071/3137/3084 3068/3134/3081 3067/3133/3080
f 3067/3133/3080 3070/3136/3083 3071/3137/3084
f 3072/3138/3085 3064/3132/3079 3068/3134/3081
f 3072/3138/3085 3055/3126/3073 3064/3132/3079
f 3071/3137/3084 3072/3138/3085 3068/3134/3081
f 3071/3137/3084 3070/3136/3083 3073/3139/3086
f 2904/2967/2915 3073/3139/3086 3070/3136/3083
f 3074/3140/3087 3071/3137/3084 3073/3139/3086
f 3075/3141/3088 3074/3140/3087 3073/3139/3086
f 3076/3142/3089 3056/3123/3070 3055/3126/3073
f 3076/3142/3089 3055/3126/3073 3072/3138/3085
f 3074/3140/3087 3072/3138/3085 3071/3137/3084
f 3075/3141/3088 3073/3139/3086 2904/2967/2915
f 3074/3140/3087 3076/3142/3089 3072/3138/3085
f 3080/3143/3090 3078/3144/3091 2904/2967/2915
f 2904/2967/2915 3079/3145/3092 3080/3143/3090
f 3074/3140/3087 3075/3141/3088 3078/3144/3091
f 3075/3141/3088 2904/2967/2915 3078/3144/3091
f 3058/3121/3068 3056/3123/3070 3076/3142/3089
f 3074/3140/3087 3078/3144/3091 3076/3142/3089
f 2904/2967/2915 3206/3146/3093 3079/3145/3092
f 3076/3142/3089 3078/3144/3091 3081/3147/3094
f 2921/2987/2934 2922/2988/2935 2705/2766/2714
f 3082/3148/3095 2921/2987/2934 2920/2986/2933
f 3083/3149/3096 3082/3148/3095 2920/2986/2933
f 1976/2021/1983 1942/1985/1947 2922/3150/2935
f 3082/3148/3095 3084/3151/3097 2922/2988/2935
f 2922/2988/2935 3084/3151/3097 1976/3152/1983
f 3085/3153/3098 3082/3148/3095 3083/3149/3096
f 3086/3154/1997 3084/3151/3097 3082/3148/3095
f 3086/3154/1997 1976/3152/1983 3084/3151/3097
f 3086/3154/1997 3082/3148/3095 3085/3153/3098
f 3088/3155/3099 2920/2986/2933 2923/2989/2936
f 3083/3149/3096 2920/2986/2933 3088/3155/3099
f 3088/3155/3099 3089/3156/3100 3083/3149/3096
f 2923/2989/2936 3089/3156/3100 3088/3155/3099
f 3090/3157/3101 2925/2991/2938 2924/2990/2937
f 3090/3157/3101 2924/2990/2937 2929/2995/2942
f 2923/2989/2936 2925/2991/2938 3091/3158/3102
f 3090/3157/3101 3091/3158/3102 2925/2991/2938
f 3089/3156/3100 2923/2989/2936 3091/3158/3102
f 3093/3159/3103 3089/3156/3100 3091/3158/3102
f 3092/3160/3104 3091/3158/3102 3090/3157/3101
f 3095/3161/3105 2929/2995/2942 2927/2992/2939
f 2929/2995/2942 3095/3161/3105 3096/3162/3106
f 3092/3160/3104 3090/3157/3101 2929/2995/2942
f 3095/3161/3105 2927/2992/2939 2941/2994/2941
f 3095/3161/3105 2941/2994/2941 2943/3010/2957
f 3099/3163/3107 3098/3164/3108 3095/3161/3105
f 3099/3163/3107 3095/3161/3105 2943/3010/2957
f 3095/3161/3105 3098/3164/3108 3096/3162/3106
f 3098/3164/3108 3099/3163/3107 3100/3165/3109
f 3100/3165/3109 3096/3162/3106 3098/3164/3108
f 3099/3163/3107 2943/3010/2957 2976/3042/2989
f 3008/3074/3021 2976/3042/2989 2975/3041/2988
f 3102/3166/3110 3099/3163/3107 2976/3042/2989
f 3103/3167/3111 2976/3042/2989 3008/3074/3021
f 3100/3165/3109 3099/3163/3107 3102/3166/3110
f 3101/3168/3112 3100/3165/3109 3102/3166/3110
f 3102/3166/3110 2976/3042/2989 3103/3167/3111
f 3003/3070/3017 3007/3073/3020 3009/3075/3022
f 3104/3169/3113 3004/3071/3018 3006/3109/3056
f 3105/3170/3114 3007/3073/3020 3004/3071/3018
f 2975/3041/2988 3000/3043/2990 3008/3074/3021
f 3106/3171/3115 3104/3169/3113 3006/3109/3056
f 3104/3169/3113 3105/3170/3114 3004/3071/3018
f 3107/3172/3116 3009/3075/3022 3007/3073/3020
f 3005/3072/3019 3009/3075/3022 3107/3172/3116
f 3108/3173/3117 3105/3170/3114 3104/3169/3113
f 3109/3174/3118 3107/3172/3116 3007/3073/3020
f 3109/3174/3118 3007/3073/3020 3105/3170/3114
f 3110/3175/3119 3109/3174/3118 3105/3170/3114
f 3103/3167/3111 3008/3074/3021 3005/3072/3019
f 3109/3174/3118 3111/3176/3120 3107/3172/3116
f 3110/3175/3119 3111/3176/3120 3109/3174/3118
f 3108/3173/3117 3110/3175/3119 3105/3170/3114
f 3005/3072/3019 3112/3177/3121 3103/3167/3111
f 3112/3177/3121 3005/3072/3019 3107/3172/3116
f 3047/3114/3061 3043/3113/3060 3113/3178/3122
f 3033/3098/3045 3114/3179/3123 3039/3105/3052
f 3043/3113/3060 3039/3105/3052 3113/3178/3122
f 3115/3180/3124 3006/3109/3056 3047/3114/3061
f 3116/3181/3125 3034/3099/3046 3037/3103/3050
f 3038/3104/3051 3116/3181/3125 3037/3103/3050
f 3116/3181/3125 3042/3110/3057 3034/3099/3046
f 3047/3114/3061 3113/3178/3122 3115/3180/3124
f 3042/3110/3057 3117/3182/3126 3033/3098/3045
f 3114/3179/3123 3033/3098/3045 3117/3182/3126
f 3114/3179/3123 3117/3182/3126 3118/3183/3127
f 3039/3105/3052 3114/3179/3123 3113/3178/3122
f 3106/3171/3115 3006/3109/3056 3115/3180/3124
f 3120/3184/3128 3113/3178/3122 3114/3179/3123
f 3119/3185/3129 3106/3171/3115 3115/3180/3124
f 3117/3182/3126 3042/3110/3057 3116/3181/3125
f 3114/3179/3123 3118/3183/3127 3120/3184/3128
f 3113/3178/3122 3120/3184/3128 3115/3180/3124
f 3115/3180/3124 3120/3184/3128 3119/3185/3129
f 3119/3185/3129 3104/3169/3113 3106/3171/3115
f 3120/3184/3128 3123/3186/3130 3119/3185/3129
f 3124/3187/3131 3104/3169/3113 3119/3185/3129
f 3108/3173/3117 3104/3169/3113 3124/3187/3131
f 3117/3182/3126 3125/3188/3132 3118/3183/3127
f 3120/3184/3128 3122/3189/3133 3123/3186/3130
f 3126/3190/3134 3117/3182/3126 3116/3181/3125
f 3125/3188/3132 3117/3182/3126 3127/3191/3135
f 3118/3183/3127 3122/3189/3133 3120/3184/3128
f 3119/3185/3129 3123/3186/3130 3124/3187/3131
f 3124/3187/3131 3123/3186/3130 3128/3192/3136
f 3129/3193/3137 3127/3191/3135 3117/3182/3126
f 3129/3193/3137 3117/3182/3126 3126/3190/3134
f 3131/3194/3138 3108/3173/3117 3124/3187/3131
f 3128/3192/3136 3131/3194/3138 3124/3187/3131
f 3134/3195/3139 3038/3104/3051 3053/3120/3067
f 3133/3196/3140 3134/3195/3139 3053/3120/3067
f 3133/3196/3140 3053/3120/3067 2893/2972/2920
f 3055/3126/3073 3133/3196/3140 2893/2972/2920
f 3116/3181/3125 3038/3104/3051 3134/3195/3139
f 3056/3123/3070 3133/3196/3140 3055/3126/3073
f 3121/3197/3141 3116/3181/3125 3134/3195/3139
f 3121/3197/3141 3134/3195/3139 3133/3196/3140
f 3056/3123/3070 3121/3197/3141 3133/3196/3140
f 3056/3123/3070 3057/3122/3069 3121/3197/3141
f 3057/3122/3069 3116/3181/3125 3121/3197/3141
f 3057/3122/3069 3126/3190/3134 3116/3181/3125
f 3135/3198/3142 3126/3190/3134 3057/3122/3069
f 3055/3126/3073 2893/2972/2920 2912/2977/2925
f 3058/3121/3068 3139/3199/3143 3135/3198/3142
f 3078/3144/3091 3080/3143/3090 3081/3147/3094
f 3081/3147/3094 3080/3143/3090 3137/3200/3144
f 3080/3143/3090 3079/3145/3092 3136/3201/3145
f 3081/3147/3094 3138/3202/3146 3076/3142/3089
f 3136/3201/3145 3137/3200/3144 3080/3143/3090
f 3137/3200/3144 3138/3202/3146 3081/3147/3094
f 3137/3200/3144 3136/3201/3145 3138/3202/3146
f 3139/3199/3143 3058/3121/3068 3076/3142/3089
f 3138/3202/3146 3136/3201/3145 3140/3203/3147
f 3140/3203/3147 3136/3201/3145 3079/3145/3092
f 3138/3202/3146 3140/3203/3147 3076/3142/3089
f 3254/3204/3148 3140/3203/3147 3079/3145/3092
f 3087/3205/3149 3086/3154/1997 3085/3153/3098
f 3083/3149/3096 3141/3206/3150 3085/3153/3098
f 3142/3207/3151 3087/3205/3149 3085/3153/3098
f 3141/3206/3150 3142/3207/3151 3085/3153/3098
f 1990/2036/1998 3086/2035/1997 1992/3208/3152
f 1992/3208/3152 3086/2035/1997 3087/3209/3149
f 3143/3210/3153 1992/3208/3152 3087/3209/3149
f 3143/3211/3153 3087/3205/3149 3142/3207/3151
f 3144/3212/3154 3143/3211/3153 3142/3207/3151
f 3145/3213/3155 3089/3156/3100 3093/3159/3103
f 3146/3214/3156 3089/3156/3100 3145/3213/3155
f 3144/3212/3154 3142/3207/3151 3141/3206/3150
f 3146/3214/3156 3210/3215/3157 3083/3149/3096
f 3146/3214/3156 3083/3149/3096 3089/3156/3100
f 3211/3216/3158 3210/3215/3157 3146/3214/3156
f 3091/3158/3102 3094/3217/3159 3093/3159/3103
f 3092/3160/3104 3094/3217/3159 3091/3158/3102
f 3147/3218/3160 3093/3159/3103 3094/3217/3159
f 3149/3219/3161 3094/3217/3159 3092/3160/3104
f 3150/3220/3162 3149/3219/3161 3092/3160/3104
f 3148/3221/3163 3150/3220/3162 3092/3160/3104
f 3147/3218/3160 3145/3213/3155 3093/3159/3103
f 3151/3222/3164 3147/3218/3160 3094/3217/3159
f 3151/3222/3164 3212/3223/3165 3147/3218/3160
f 3149/3219/3161 3151/3222/3164 3094/3217/3159
f 3213/3224/3166 3151/3222/3164 3149/3219/3161
f 3213/3224/3166 3149/3219/3161 3150/3220/3162
f 3212/3223/3165 3211/3216/3158 3147/3218/3160
f 3092/3160/3104 2929/2995/2942 3097/3225/3167
f 3152/3226/3168 3092/3160/3104 3097/3225/3167
f 3148/3221/3163 3092/3160/3104 3152/3226/3168
f 3153/3227/3169 3152/3226/3168 3097/3225/3167
f 3152/3226/3168 3155/3228/3170 3148/3221/3163
f 3214/3229/3171 3148/3221/3163 3155/3228/3170
f 3154/3230/3172 3155/3228/3170 3152/3226/3168
f 3154/3230/3172 3152/3226/3168 3153/3227/3169
f 3157/3231/3173 3156/3232/3174 3154/3230/3172
f 3097/3225/3167 2929/2995/2942 3096/3162/3106
f 3158/3233/3175 3096/3162/3106 3100/3165/3109
f 3158/3233/3175 3100/3165/3109 3101/3168/3112
f 3158/3233/3175 3097/3225/3167 3096/3162/3106
f 3158/3233/3175 3153/3227/3169 3097/3225/3167
f 3161/3234/3176 3153/3227/3169 3158/3233/3175
f 3161/3234/3176 3154/3230/3172 3153/3227/3169
f 3161/3234/3176 3158/3233/3175 3101/3168/3112
f 3162/3235/3177 3161/3234/3176 3101/3168/3112
f 3163/3236/3178 3162/3235/3177 3101/3168/3112
f 3163/3236/3178 3101/3168/3112 3160/3237/3179
f 3159/3238/3180 3164/3239/3181 3160/3237/3179
f 3165/3240/3182 3164/3239/3181 3159/3238/3180
f 3166/3241/3183 3159/3238/3180 3167/3242/3184
f 3165/3240/3182 3159/3238/3180 3166/3241/3183
f 3159/3238/3180 3160/3237/3179 3101/3168/3112
f 3157/3231/3173 3154/3230/3172 3161/3234/3176
f 3161/3234/3176 3162/3235/3177 3157/3231/3173
f 3164/3239/3181 3163/3236/3178 3160/3237/3179
f 3168/3243/3185 3163/3236/3178 3164/3239/3181
f 3164/3239/3181 3165/3240/3182 3168/3243/3185
f 3168/3243/3185 3165/3240/3182 3166/3241/3183
f 3169/3244/3186 3102/3166/3110 3103/3167/3111
f 3102/3166/3110 3159/3238/3180 3101/3168/3112
f 3159/3238/3180 3102/3166/3110 3167/3242/3184
f 3169/3244/3186 3167/3242/3184 3102/3166/3110
f 3170/3245/3187 3169/3244/3186 3103/3167/3111
f 3171/3246/3188 3170/3245/3187 3103/3167/3111
f 3173/3247/3189 3167/3242/3184 3169/3244/3186
f 3174/3248/3190 3173/3247/3189 3175/3249/3191
f 3170/3245/3187 3175/3249/3191 3169/3244/3186
f 3175/3249/3191 3173/3247/3189 3169/3244/3186
f 3170/3245/3187 3172/3250/3192 3175/3249/3191
f 3171/3246/3188 3172/3250/3192 3170/3245/3187
f 3176/3251/3193 3172/3250/3192 3171/3246/3188
f 3174/3248/3190 3166/3241/3183 3167/3242/3184
f 3174/3248/3190 3167/3242/3184 3173/3247/3189
f 3215/3252/3194 3174/3248/3190 3175/3249/3191
f 3175/3249/3191 3176/3251/3193 3218/3253/3195
f 3175/3249/3191 3172/3250/3192 3176/3251/3193
f 3177/3254/3196 3107/3172/3116 3111/3176/3120
f 3131/3194/3138 3110/3175/3119 3108/3173/3117
f 3177/3254/3196 3112/3177/3121 3107/3172/3116
f 3216/3255/3197 3110/3175/3119 3131/3194/3138
f 3216/3255/3197 3111/3176/3120 3110/3175/3119
f 3178/3256/3198 3171/3246/3188 3103/3167/3111
f 3178/3256/3198 3103/3167/3111 3112/3177/3121
f 3179/3257/3199 3180/3258/3200 3178/3256/3198
f 3180/3258/3200 3171/3246/3188 3178/3256/3198
f 3218/3253/3195 3171/3246/3188 3180/3258/3200
f 3177/3254/3196 3178/3256/3198 3112/3177/3121
f 3179/3257/3199 3178/3256/3198 3177/3254/3196
f 3177/3254/3196 3181/3259/3201 3179/3257/3199
f 3180/3258/3200 3179/3257/3199 3181/3259/3201
f 3181/3259/3201 3177/3254/3196 3111/3176/3120
f 3111/3176/3120 3216/3255/3197 3181/3259/3201
f 3217/3260/3202 3216/3255/3197 3131/3194/3138
f 3181/3259/3201 3216/3255/3197 3180/3258/3200
f 3118/3183/3127 3125/3188/3132 3122/3189/3133
f 3123/3186/3130 3122/3189/3133 3182/3261/3203
f 3183/3262/3204 3128/3192/3136 3123/3186/3130
f 3184/3263/3205 3126/3190/3134 3130/3264/3206
f 3132/3265/3207 3131/3194/3138 3128/3192/3136
f 3183/3262/3204 3132/3265/3207 3128/3192/3136
f 3221/3266/3208 3127/3191/3135 3129/3193/3137
f 3122/3189/3133 3220/3267/3209 3182/3261/3203
f 3123/3186/3130 3182/3261/3203 3183/3262/3204
f 3185/3268/3210 3131/3194/3138 3132/3265/3207
f 3132/3265/3207 3183/3262/3204 3185/3268/3210
f 3221/3266/3208 3219/3269/3211 3127/3191/3135
f 3184/3263/3205 3129/3193/3137 3126/3190/3134
f 3183/3262/3204 3182/3261/3203 3257/3270/3212
f 3129/3193/3137 3184/3263/3205 3222/3271/3213
f 3217/3260/3202 3185/3268/3210 3257/3270/3212
f 3058/3121/3068 3135/3198/3142 3057/3122/3069
f 3186/3272/3214 3130/3264/3206 3126/3190/3134
f 3186/3272/3214 3126/3190/3134 3135/3198/3142
f 3082/3148/3095 2922/2988/2935 2921/2987/2934
f 2632/2691/2641 2609/2670/2620 2605/2665/2615
f 2584/2645/2595 2548/2606/2557 2549/2607/2558
f 2566/2626/2576 2414/2488/2441 2565/2625/2575
f 1611/1653/1619 1482/1519/1488 1594/1632/1599
f 1528/1570/1537 1525/1566/1533 1527/1568/1535
f 1472/1509/1478 1463/1499/1468 1488/1526/1494
f 1491/1634/1601 1474/1512/1481 1481/1518/1487
f 1491/1634/1601 1485/1522/1490 1474/1512/1481
f 1489/1527/1495 1319/1357/1326 1288/1326/1295
f 1470/1507/1476 1303/1340/1309 1312/1349/1318
f 1260/1297/1266 1258/1296/1265 1254/1133/1102
f 1155/1195/1164 1131/1171/1140 1152/1192/1161
f 1078/1114/1083 945/981/950 947/984/953
f 806/834/812 860/895/869 864/896/870
f 508/563/557 507/511/511 505/510/510
f 311/318/318 309/316/316 310/325/325
f 3187/1/1 1/3/3 3189/3273/3215
f 218/225/225 3193/226/226 3192/224/224
f 685/702/691 3197/704/693 684/707/696
f 1963/2008/1970 3203/2028/1990 1981/2026/1988
f 3141/3206/3150 3083/3149/3096 3210/3215/3157
f 3144/3212/3154 3141/3206/3150 3209/3274/3216
f 3151/3222/3164 3213/3224/3166 3212/3223/3165
f 3155/3228/3170 3156/3232/3174 3214/3229/3171
f 3157/3231/3173 3162/3235/3177 3163/3236/3178
f 3168/3243/3185 3166/3241/3183 3174/3248/3190
f 3122/3189/3133 3125/3188/3132 3220/3267/3209
f 3125/3188/3132 3219/3269/3211 3220/3267/3209
f 3223/3275/3217 3193/3276/226 219/3277/227
f 220/3278/240 3223/3275/3217 219/3277/227
f 3229/3279/3218 3227/3280/3219 3226/3281/3220
f 3226/3281/3220 3227/3280/3219 3250/3282/3221
f 3227/3280/3219 3229/3279/3218 3228/3283/3222
f 3233/3284/3223 3234/3285/3224 3246/3286/3225
f 3200/3287/1948 3201/3288/1949 3234/3285/3224
f 3246/3286/3225 3234/3285/3224 3247/3289/3226
f 3263/3290/3227 3253/3291/3228 3235/3292/3229
f 3236/3293/3230 3240/3294/3231 3237/3295/3232
f 3254/3296/3148 3255/3297/3233 3239/3298/3234
f 3222/3299/3213 3254/3296/3148 3236/3293/3230
f 3242/3300/3235 3241/3301/3236 3244/3302/3237
f 3241/3301/3236 3242/3300/3235 3243/3303/3238
f 3241/3301/3236 3246/3304/3225 3244/3302/3237
f 3262/3305/3239 3204/3306/3240 3244/3302/3237
f 3209/3307/3216 3210/3308/3157 3242/3300/3235
f 3258/3309/3241 3265/3310/3242 3244/3302/3237
f 3204/3306/3240 3258/3309/3241 3244/3302/3237
f 3260/3311/3243 3262/3305/3239 3244/3302/3237
f 3231/3312/3244 3223/3275/3217 3224/3313/3245
f 3236/3293/3230 3238/3314/3246 3239/3298/3234
f 3236/3293/3230 3239/3298/3234 3240/3294/3231
f 3231/3312/3244 3225/3315/3247 3223/3275/3217
f 3247/3289/3226 3202/3316/1967 3261/3317/3248
f 3233/3284/3223 3246/3286/3225 3232/3318/3249
f 3240/3294/3231 3245/3319/3250 3235/3292/3229
f 3259/3320/3251 3243/3303/3238 3242/3300/3235
f 3240/3294/3231 3241/3301/3236 3243/3303/3238
f 3240/3294/3231 3243/3303/3238 3245/3319/3250
f 3246/3286/3225 3228/3283/3222 3232/3318/3249
f 3248/3321/3252 3249/3322/3253 3231/3312/3244
f 3229/3279/3218 3231/3312/3244 3228/3283/3222
f 3225/3315/3247 3231/3312/3244 3229/3279/3218
f 169/3323/173 3230/3324/3254 3229/3279/3218
f 3229/3279/3218 3230/3324/3254 3225/3315/3247
f 3229/3279/3218 3251/3325/3255 169/3323/173
f 3223/3275/3217 3225/3315/3247 3193/3276/226
f 3261/3326/3248 3260/3311/3243 3247/3327/3226
f 3247/3327/3226 3260/3311/3243 3244/3302/3237
f 3250/3282/3221 3251/3325/3255 3226/3281/3220
f 3226/3281/3220 3251/3325/3255 3229/3279/3218
f 312/3328/317 3264/3329/3256 3224/3313/3245
f 3264/3329/3256 3195/3330/323 3224/3313/3245
f 3232/3318/3249 552/3331/558 3252/3332/3257
f 3232/3318/3249 3249/3322/3253 552/3331/558
f 3249/3322/3253 3232/3318/3249 3231/3312/3244
f 3231/3312/3244 3232/3318/3249 3228/3283/3222
f 3233/3284/3223 3252/3332/3257 628/3333/637
f 3194/3334/314 312/3328/317 3223/3275/3217
f 3223/3275/3217 312/3328/317 3224/3313/3245
f 3192/3335/224 3225/3315/3247 3230/3324/3254
f 4/3336/8 3251/3325/3255 3189/3337/3215
f 3251/3325/3255 3187/3338/1 3189/3337/3215
f 3187/3338/1 3251/3325/3255 3250/3282/3221
f 6/3339/16 3251/3325/3255 4/3336/8
f 6/3339/16 3190/3340/139 169/3323/173
f 3191/3341/174 171/3342/175 3230/3324/3254
f 3236/3293/3230 3257/3343/3212 3220/3344/3209
f 3077/3345/3258 2904/2967/2915 2900/2962/2910
f 3206/3346/3093 3208/3347/3259 3255/3297/3233
f 3077/3345/3258 3208/3348/3259 3206/3146/3093
f 3206/3346/3093 3255/3297/3233 3254/3296/3148
f 3139/3349/3143 3140/3350/3147 3254/3296/3148
f 3254/3296/3148 3222/3299/3213 3184/3351/3205
f 3222/3299/3213 3236/3293/3230 3219/3352/3211
f 3216/3353/3197 3217/3354/3202 3256/3355/3260
f 3256/3355/3260 3217/3354/3202 3257/3343/3212
f 3218/3356/3195 3216/3353/3197 3256/3355/3260
f 3256/3355/3260 3237/3295/3232 3235/3292/3229
f 3218/3253/3195 3176/3251/3193 3171/3246/3188
f 3215/3357/3194 3218/3356/3195 3256/3355/3260
f 3253/3291/3228 3256/3355/3260 3235/3292/3229
f 3174/3358/3190 3215/3357/3194 3253/3291/3228
f 3168/3359/3185 3174/3358/3190 3253/3291/3228
f 3163/3360/3178 3168/3359/3185 3253/3291/3228
f 3156/3361/3174 3163/3360/3178 3253/3291/3228
f 3245/3319/3250 3263/3290/3227 3235/3292/3229
f 3214/3362/3171 3156/3361/3174 3263/3290/3227
f 3212/3363/3165 3213/3364/3166 3259/3320/3251
f 3211/3365/3158 3212/3363/3165 3259/3320/3251
f 3210/3308/3157 3259/3320/3251 3242/3300/3235
f 3141/3366/3150 3210/3308/3157 3209/3307/3216
f 3143/3367/3153 3209/3307/3216 3265/3310/3242
f 3265/3310/3242 3209/3307/3216 3242/3300/3235
f 1992/3368/3152 3143/3367/3153 3265/3310/3242
f 1991/3369/3261 1992/3368/3152 3265/3310/3242
f 1989/3370/1999 1991/3369/3261 3265/3310/3242
f 3205/3371/3262 1989/3370/1999 3258/3309/3241
f 1987/3372/1996 3205/3371/3262 3258/3309/3241
f 1988/3373/1995 1987/3372/1996 3258/3309/3241
f 3204/3306/3240 1988/3373/1995 3258/3309/3241
f 1985/3374/1993 3204/3306/3240 3262/3305/3239
f 1972/3375/1978 1985/3374/1993 3262/3305/3239
f 3203/3376/1990 1972/3375/1978 3260/3311/3243
f 1981/3377/1988 3203/3376/1990 3260/3311/3243
f 1979/3378/1985 1981/3377/1988 3261/3326/3248
f 1980/3379/1987 1979/3378/1985 3261/3326/3248
f 1978/3380/1986 1980/3381/1987 3261/3317/3248
f 3234/3285/3224 3201/3288/1949 1949/3382/3263
f 642/3383/649 684/3384/696 3233/3284/3223
f 3234/3285/3224 1899/3385/1931 3200/3287/1948
f 3234/3285/3224 1862/3386/1866 3198/3387/1881
f 3197/3388/693 1813/3389/1820 3233/3284/3223
f 684/3384/696 3197/3388/693 3233/3284/3223
f 607/3390/614 628/3333/637 3252/3332/3257
f 3196/3391/615 607/3390/614 3252/3332/3257
f 508/3392/557 552/3331/558 3249/3322/3253
f 507/3393/511 508/3392/557 3249/3322/3253
f 504/3394/509 507/3393/511 3248/3321/3252
f 504/3394/509 3248/3321/3252 502/3395/508
f 3263/3290/3227 3245/3319/3250 3259/3320/3251
f 3214/3362/3171 3259/3320/3251 3213/3364/3166
f 3214/3229/3171 3213/3224/3166 3150/3220/3162
f 3257/3343/3212 3182/3396/3203 3220/3344/3209
f 3219/3352/3211 3236/3293/3230 3220/3344/3209
f 3214/3229/3171 3150/3220/3162 3148/3221/3163
f 3214/3362/3171 3263/3290/3227 3259/3320/3251
f 502/3395/508 3248/3321/3252 3195/3330/323
f 507/3393/511 3249/3322/3253 3248/3321/3252
f 3196/3391/615 3252/3332/3257 552/3331/558
f 1813/3389/1820 1838/3397/1846 3233/3284/3223
f 3234/3285/3224 1838/3397/1846 1862/3386/1866
f 3234/3285/3224 3198/3387/1881 3199/3398/3264
f 1877/3399/1883 3199/3398/3264 3198/3387/1881
f 642/3383/649 3233/3284/3223 628/3333/637
f 3234/3285/3224 1949/3382/3263 3247/3289/3226
f 1948/3400/1954 1949/3382/3263 3201/3288/1949
f 3247/3289/3226 1949/3382/3263 3202/3316/1967
f 1978/3380/1986 3261/3317/3248 3202/3316/1967
f 1981/3377/1988 3260/3311/3243 3261/3326/3248
f 1972/3375/1978 3262/3305/3239 3260/3311/3243
f 1989/3370/1999 3265/3310/3242 3258/3309/3241
f 3265/3310/3242 3242/3300/3235 3244/3302/3237
f 3211/3365/3158 3259/3320/3251 3210/3308/3157
f 3156/3361/3174 3253/3291/3228 3263/3290/3227
f 3215/3357/3194 3256/3355/3260 3253/3291/3228
f 3240/3294/3231 3235/3292/3229 3237/3295/3232
f 3237/3295/3232 3256/3355/3260 3257/3343/3212
f 3222/3299/3213 3219/3352/3211 3221/3401/3208
f 3254/3296/3148 3184/3351/3205 3186/3402/3214
f 3254/3296/3148 3238/3314/3246 3236/3293/3230
f 3254/3296/3148 3186/3402/3214 3139/3349/3143
f 3206/3346/3093 3254/3296/3148 3207/3403/3265
f 3077/3345/3258 3206/3146/3093 2904/2967/2915
f 3191/3341/174 3230/3324/3254 169/3323/173
f 6/3339/16 169/3323/173 3251/3325/3255
f 3187/3338/1 3250/3282/3221 3188/3404/2
f 3192/3335/224 3230/3324/3254 171/3342/175
f 3194/3334/314 3223/3275/3217 220/3278/240
f 3234/3285/3224 3233/3284/3223 1838/3397/1846
f 3252/3332/3257 3233/3284/3223 3232/3318/3249
f 3224/3313/3245 3248/3321/3252 3231/3312/3244
f 3195/3330/323 3248/3321/3252 3224/3313/3245
f 3225/3315/3247 3192/3335/224 3193/3276/226
f 3244/3302/3237 3246/3304/3225 3247/3327/3226
f 3243/3303/3238 3259/3320/3251 3245/3319/3250
f 3254/3296/3148 3239/3298/3234 3238/3314/3246
f 3237/3295/3232 3257/3343/3212 3236/3293/3230
f 3199/3398/3264 1899/3385/1931 3234/3285/3224
f 1977/2022/1984 3205/3405/3262 1987/2034/1996
f 3199/3406/3264 1895/1938/1900 1899/1969/1931
f 315/322/322 3264/3407/3256 312/317/317
f 3189/3273/3215 2/4/4 4/8/8
f 1/3/3 2/4/4 3189/3273/3215
f 1977/2022/1984 1989/2037/1999 3205/3405/3262
f 3135/3198/3142 3139/3199/3143 3186/3272/3214
f 3184/3263/3205 3130/3264/3206 3186/3272/3214
f 3217/3260/3202 3131/3194/3138 3185/3268/3210
f 3183/3262/3204 3257/3270/3212 3185/3268/3210
f 3221/3266/3208 3129/3193/3137 3222/3271/3213
f 3219/3269/3211 3125/3188/3132 3127/3191/3135
f 3216/3255/3197 3218/3253/3195 3180/3258/3200
f 3175/3249/3191 3218/3253/3195 3215/3252/3194
f 3157/3231/3173 3163/3236/3178 3156/3232/3174
f 3156/3232/3174 3155/3228/3170 3154/3230/3172
f 3147/3218/3160 3211/3216/3158 3145/3213/3155
f 3211/3216/3158 3146/3214/3156 3145/3213/3155
f 3209/3274/3216 3143/3211/3153 3144/3212/3154
f 3254/3204/3148 3079/3145/3092 3207/3408/3265
f 3140/3203/3147 3139/3199/3143 3076/3142/3089
f 3206/3146/3093 3207/3408/3265 3079/3145/3092
f 1990/2036/1998 1992/3208/3152 1991/3409/3261
f 1990/2036/1998 1991/3409/3261 1989/2037/1999
f 1986/2032/1994 1988/2033/1995 3204/3410/3240
f 1986/2032/1994 3204/3410/3240 1985/2031/1993
f 1983/2029/1991 1972/2016/1978 3203/2028/1990
f 3202/2005/1967 1961/2006/1968 1978/2024/1986
f 1947/1993/1955 1949/3411/3263 1948/1992/1954
f 1947/1993/1955 3202/2005/1967 1949/3411/3263
f 1928/1971/1933 1943/1988/1950 3201/1987/1949
f 1928/1971/1933 3200/1986/1948 1899/1969/1931
f 1877/1921/1883 1895/1938/1900 3199/3406/3264
f 1877/1921/1883 3198/1919/1881 1875/1918/1880
f 1839/1885/1847 1862/1904/1866 1838/1884/1846
f 687/703/692 1813/1858/1820 3197/704/693
f 684/707/696 642/660/649 644/663/652
f 628/648/637 607/622/614 608/626/618
f 555/568/562 3196/623/615 552/564/558
f 3195/323/323 500/506/506 502/508/508
f 336/342/342 338/344/344 335/346/346
f 316/321/321 317/337/337 3195/323/323
f 315/322/322 3195/323/323 3264/3407/3256
f 3192/224/224 171/175/175 217/223/223
f 170/172/172 3191/174/174 169/173/173
f 137/140/140 169/173/173 3190/139/139
f 1/3/3 3188/2/2 8/6/6
f 6/16/16 4/8/8 5/12/12
