# Blender 4.3.2
# www.blender.org
o vlkjadr_LOD0_TIER1_000
v 0.007882 -0.063518 0.025886
v 0.016137 -0.064064 0.021278
v 0.009942 -0.063913 0.025930
v 0.066457 0.014277 0.015937
v 0.064081 0.008554 0.023591
v 0.066571 0.004454 0.019509
v 0.000660 -0.066230 0.013857
v 0.000115 -0.066450 0.012980
v 0.001984 -0.067105 0.011151
v 0.068198 -0.011828 0.006494
v 0.067988 -0.014291 0.009936
v 0.067714 -0.016166 0.010479
v -0.004211 0.067942 -0.000130
v -0.010635 0.067156 0.001918
v -0.004074 0.067533 0.005983
v 0.019307 -0.060102 -0.025090
v 0.025128 -0.054312 -0.032010
v 0.024881 -0.056581 -0.027240
v 0.053994 0.024958 -0.036310
v 0.050240 0.026292 -0.039824
v 0.052751 0.029422 -0.035680
v -0.044269 -0.023759 -0.047982
v -0.041936 -0.022044 -0.050336
v -0.042021 -0.026079 -0.048357
v -0.001798 0.008459 -0.069149
v -0.001565 0.007422 -0.069244
v -0.001599 0.005886 -0.068919
v -0.002658 0.051595 -0.048143
v -0.001404 0.053804 -0.045955
v 0.001888 0.049702 -0.050581
v -0.005596 -0.067378 -0.008669
v -0.006215 -0.065570 -0.011698
v -0.002378 -0.067647 -0.011601
v -0.046189 0.045168 -0.025447
v -0.047807 0.040329 -0.031360
v -0.047418 0.045316 -0.022445
v -0.063817 -0.024848 0.001584
v -0.061405 -0.030393 -0.002608
v -0.062321 -0.028249 0.001682
v -0.046371 -0.027501 -0.042967
v -0.044487 -0.026160 -0.046384
v -0.044558 -0.028904 -0.043558
v -0.025256 0.005605 0.063809
v -0.031472 0.004857 0.061153
v -0.024740 -0.000731 0.064740
v -0.055535 0.033162 0.021558
v -0.053208 0.035923 0.023987
v -0.054375 0.038134 0.020483
v -0.005033 -0.062924 -0.026881
v -0.001636 -0.064834 -0.022378
v -0.005800 -0.064092 -0.023271
v -0.065944 0.010912 0.017497
v -0.067784 0.003659 0.012137
v -0.066580 -0.001199 0.016385
v 0.040949 0.050747 -0.029570
v 0.037333 0.050906 -0.033553
v 0.035687 0.053296 -0.031326
v 0.020655 -0.062681 0.012388
v 0.027533 -0.060881 0.014311
v 0.025511 -0.061693 0.014324
v 0.044076 -0.016133 -0.048737
v 0.041814 -0.020963 -0.049076
v 0.041998 -0.017466 -0.050406
v -0.065171 0.021920 0.004135
v -0.063426 0.021928 0.001111
v -0.066331 0.017876 0.003649
v 0.055289 0.043760 -0.003776
v 0.055984 0.042273 -0.001567
v 0.058546 0.039587 -0.002805
v -0.014704 -0.039580 -0.053994
v -0.018614 -0.039506 -0.053015
v -0.017938 -0.035923 -0.055573
v -0.039164 0.019894 0.050843
v -0.040697 0.022814 0.048452
v -0.042182 0.019933 0.047576
v 0.034206 -0.033484 -0.047452
v 0.034762 -0.036167 -0.045902
v 0.031415 -0.037045 -0.046876
v -0.018735 -0.021266 0.062774
v -0.020694 -0.025784 0.059982
v -0.017772 -0.026279 0.060792
v -0.056755 -0.000042 -0.031204
v -0.055708 -0.002459 -0.034039
v -0.058770 0.001204 -0.027238
v -0.010737 0.009299 -0.068527
v -0.007509 0.016857 -0.068217
v -0.006490 0.012078 -0.069066
v 0.017299 -0.017403 0.064007
v 0.018226 -0.018341 0.063466
v 0.016069 -0.013926 0.065102
v 0.028295 0.061722 0.020588
v 0.033260 0.061122 0.016377
v 0.029192 0.063395 0.013013
v -0.035770 0.058985 0.011123
v -0.037186 0.057762 0.012263
v -0.034332 0.058625 0.014917
v 0.038716 -0.029983 0.047917
v 0.043665 -0.035344 0.039549
v 0.044872 -0.029859 0.042345
v 0.026858 -0.040372 0.048730
v 0.025427 -0.045583 0.044724
v 0.027581 -0.044675 0.043967
v 0.016118 0.060743 -0.033317
v 0.015528 0.060795 -0.032524
v 0.016890 0.063395 -0.026451
v 0.006263 0.066404 -0.006766
v 0.004791 0.066312 -0.006737
v 0.004530 0.066383 -0.005507
v 0.044568 0.027646 0.042560
v 0.046780 0.030863 0.039614
v 0.041153 0.030735 0.043516
v 0.040432 -0.052451 0.017396
v 0.035427 -0.054833 0.018521
v 0.037875 -0.054546 0.017242
v -0.053087 -0.021319 -0.035106
v -0.051847 -0.021425 -0.036501
v -0.053713 -0.022318 -0.033964
v -0.053886 -0.002784 -0.037160
v -0.051100 -0.010777 -0.042469
v -0.054378 -0.005252 -0.037296
v 0.034300 0.055558 0.029733
v 0.039722 0.055871 0.021780
v 0.034296 0.059699 0.020229
v -0.001763 -0.009612 -0.067680
v -0.001846 -0.010424 -0.067394
v -0.003939 -0.012104 -0.067076
v 0.030742 -0.060617 0.004810
v 0.028775 -0.061923 -0.000847
v 0.032591 -0.057844 0.004059
v -0.062324 -0.023217 0.013430
v -0.061439 -0.024990 0.016242
v -0.062355 -0.021083 0.015079
v -0.027607 -0.026008 -0.058336
v -0.023505 -0.026340 -0.058535
v -0.021477 -0.028458 -0.058448
v -0.042741 -0.012565 0.052277
v -0.041153 -0.012284 0.053612
v -0.040469 -0.007277 0.054924
v 0.045270 0.056149 0.005328
v 0.049221 0.052750 0.005088
v 0.045974 0.055846 0.000283
v -0.054114 -0.040996 -0.008514
v -0.054081 -0.038463 -0.013332
v -0.052540 -0.042611 -0.011956
v -0.056043 -0.038250 -0.002965
v -0.055805 -0.037893 -0.006424
v -0.054610 -0.041175 -0.007233
v -0.014943 -0.037037 -0.054763
v -0.013167 -0.000001 -0.067370
v -0.008650 0.000042 -0.067723
v -0.012493 -0.002793 -0.066743
v -0.032223 -0.057833 0.005307
v -0.038283 -0.055135 0.003091
v -0.033221 -0.058096 -0.001118
v 0.036390 0.011478 -0.056060
v 0.039770 0.004094 -0.054798
v 0.029410 0.004772 -0.061123
v 0.001901 -0.056681 -0.037419
v 0.007095 -0.057852 -0.034733
v 0.001495 -0.057972 -0.035666
v -0.062914 -0.017582 0.017465
v -0.062999 -0.016939 0.015469
v -0.063405 -0.017294 0.014079
v 0.066610 0.019913 -0.009012
v 0.068726 0.015246 -0.005054
v 0.067719 0.018025 -0.007984
v -0.027566 -0.010881 -0.060899
v -0.031448 -0.007457 -0.060127
v -0.027034 -0.008850 -0.061540
v -0.038101 0.042799 0.037816
v -0.033167 0.043126 0.042426
v -0.032206 0.046540 0.037645
v 0.029427 -0.032993 -0.049271
v 0.025707 -0.035041 -0.049459
v 0.028347 -0.028532 -0.052903
v -0.048335 0.019634 0.042916
v -0.049388 0.023185 0.040159
v -0.049726 0.019617 0.041326
v 0.018539 0.003354 -0.064349
v 0.018295 0.007786 -0.064233
v 0.023765 0.003996 -0.063506
v 0.028051 -0.001447 -0.061484
v 0.024758 -0.004285 -0.062192
v 0.026115 -0.000671 -0.062402
v 0.008816 0.059568 0.034649
v 0.011323 0.059098 0.033983
v 0.015041 0.059136 0.032185
v -0.015260 0.066563 -0.001154
v -0.018789 0.064951 -0.000966
v -0.010399 0.067054 0.006500
v -0.017960 0.065197 -0.005970
v -0.016555 0.065890 -0.006485
v -0.052986 -0.009851 0.041757
v -0.051470 -0.006614 0.044274
v -0.053856 -0.006128 0.041975
v 0.049874 0.019149 0.042122
v 0.052062 0.017386 0.040635
v 0.050175 0.020671 0.040667
v 0.021395 -0.063958 0.000661
v 0.019507 -0.064658 -0.004800
v 0.023743 -0.064418 -0.002512
v 0.010239 0.061713 -0.032519
v 0.006352 0.063010 -0.030822
v 0.011176 0.062867 -0.029966
v 0.048876 -0.037864 0.029652
v 0.045717 -0.042677 0.027881
v 0.048088 -0.040634 0.025744
v -0.018030 -0.062460 0.017974
v -0.017201 -0.060732 0.020988
v -0.022270 -0.061247 0.018909
v 0.000023 0.064334 -0.020586
v -0.004248 0.063920 -0.022552
v -0.001498 0.066351 -0.014475
v -0.036069 0.056928 0.017381
v -0.036665 0.054609 0.022136
v -0.028135 0.059568 0.020767
v -0.021010 -0.058971 0.024706
v -0.015365 -0.060487 0.026139
v -0.024349 -0.056585 0.028636
v -0.054343 -0.031131 0.028258
v -0.051616 -0.034185 0.030362
v -0.054856 -0.027546 0.030807
v 0.007812 -0.065471 -0.017644
v 0.009279 -0.064024 -0.022270
v 0.014168 -0.063959 -0.017514
v 0.060897 0.036659 0.001310
v 0.061062 0.036275 -0.000470
v 0.059794 0.038068 0.001408
v -0.003530 -0.017136 -0.065480
v -0.002587 -0.017584 -0.065424
v -0.005497 -0.017966 -0.065319
v 0.047423 0.050696 -0.017455
v 0.045888 0.050952 -0.020563
v 0.043899 0.053254 -0.019501
v -0.028116 -0.058355 0.019568
v -0.033620 -0.054557 0.020925
v -0.030351 -0.057562 0.019374
v 0.056490 0.003803 -0.039504
v 0.055288 0.000381 -0.036859
v 0.055575 0.000876 -0.039576
v -0.019652 0.038524 0.052491
v -0.026916 0.034618 0.052932
v -0.024096 0.029917 0.056663
v -0.065653 -0.012004 0.014457
v -0.064811 -0.015924 0.010557
v -0.064544 -0.015495 0.015699
v -0.051479 -0.029528 -0.032461
v -0.053257 -0.030633 -0.029070
v 0.024437 -0.063459 -0.009666
v 0.024694 -0.062166 -0.015556
v 0.027661 -0.061170 -0.008777
v 0.017199 0.067388 0.005634
v 0.017158 0.067618 -0.001184
v 0.013953 0.067936 0.003795
v -0.035819 -0.005827 -0.058213
v -0.035426 -0.016193 -0.055922
v -0.040138 -0.000991 -0.054528
v -0.038973 0.003007 -0.055339
v -0.038285 -0.000043 -0.055981
v -0.020766 -0.041364 0.051611
v -0.025636 -0.043574 0.047532
v -0.016756 -0.045215 0.049785
v 0.054785 -0.027105 -0.024179
v 0.057754 -0.023556 -0.024525
v 0.057734 -0.026971 -0.018637
v 0.029910 -0.010777 -0.059574
v 0.025212 -0.008542 -0.062263
v 0.031679 -0.008729 -0.058042
v -0.063417 -0.025792 0.001932
v -0.045191 -0.020644 0.048114
v -0.046795 -0.022456 0.045452
v -0.044261 -0.026028 0.046282
v 0.040961 0.033531 0.042454
v 0.047464 0.033983 0.037714
v -0.007429 0.043324 0.053898
v -0.006757 0.044651 0.052435
v -0.014058 0.043120 0.052315
v 0.033903 0.059665 -0.018696
v 0.035538 0.057410 -0.020665
v 0.029698 0.060758 -0.019291
v 0.001651 0.032155 0.062800
v -0.002128 0.031158 0.063002
v -0.001208 0.029512 0.063898
v -0.008050 -0.030528 0.060288
v -0.011754 -0.025478 0.062057
v -0.013333 -0.031014 0.058905
v -0.025460 0.037479 -0.053214
v -0.031600 0.034093 -0.051493
v -0.024455 0.039765 -0.052545
v -0.026937 0.041924 -0.049371
v -0.023697 0.044522 -0.049250
v -0.018826 0.044182 -0.051426
v 0.046885 -0.013933 -0.045687
v 0.046074 -0.013237 -0.047489
v 0.048510 -0.011959 -0.044852
v -0.027937 0.063171 0.001925
v -0.028519 0.061881 0.009700
v -0.023307 0.064432 0.004807
v -0.026684 -0.034069 0.053918
v -0.025151 -0.035138 0.054279
v -0.022900 -0.032431 0.055590
v 0.026009 -0.063130 0.003447
v -0.005104 0.067412 -0.006263
v -0.006439 0.067102 -0.009312
v -0.006852 0.067372 -0.005701
v 0.030463 -0.041213 -0.044817
v 0.031815 -0.039593 -0.045520
v 0.034839 -0.041113 -0.042451
v -0.049283 0.045530 -0.016824
v -0.050974 0.042764 -0.016710
v -0.054312 0.041595 -0.011718
v 0.023264 -0.005226 -0.063234
v -0.012040 -0.003234 -0.066803
v -0.006331 -0.007102 -0.067997
v -0.009098 -0.006616 -0.067370
v -0.020269 0.043201 0.049612
v -0.022074 0.046984 0.045718
v -0.024918 0.046814 0.044352
v 0.004007 -0.060348 0.032386
v 0.002501 -0.063024 0.028499
v 0.007485 -0.062241 0.029302
v -0.014361 0.060207 -0.030669
v -0.015133 0.059980 -0.032941
v -0.018097 0.061112 -0.028502
v -0.000187 -0.059194 0.034881
v -0.000004 -0.059667 0.032250
v 0.004443 -0.058163 0.036461
v -0.021392 0.033152 -0.056249
v -0.021798 0.034989 -0.055370
v -0.018906 0.036031 -0.056082
v -0.058060 0.015680 -0.026760
v -0.058254 0.020509 -0.024708
v -0.054897 0.020468 -0.032661
v 0.005266 -0.068371 0.006100
v 0.011047 -0.066987 0.002095
v 0.010054 -0.067821 0.006906
v -0.046954 0.009870 -0.048167
v -0.045524 0.005999 -0.050450
v -0.047649 -0.000132 -0.048434
v -0.047185 0.034718 -0.037873
v -0.049646 0.032077 -0.036573
v -0.049962 0.035053 -0.034213
v 0.064516 0.004419 0.023775
v 0.061277 0.004370 0.029869
v 0.064883 0.001264 0.025958
v 0.046737 -0.027758 0.042979
v 0.047710 -0.031337 0.038428
v -0.017181 -0.065085 0.009717
v -0.013831 -0.065558 0.010110
v -0.019366 -0.063088 0.015705
v 0.053234 -0.021810 -0.033704
v 0.053596 -0.022048 -0.031893
v 0.053019 -0.026255 -0.030756
v -0.060490 -0.015431 0.026286
v -0.060996 -0.014394 0.027165
v -0.063364 -0.013390 0.022486
v 0.043377 -0.040638 0.034727
v 0.043913 -0.040701 0.033948
v 0.046238 -0.036123 0.036068
v 0.050659 -0.036159 -0.026245
v 0.052608 -0.037219 -0.021814
v 0.048713 -0.040754 -0.025741
v -0.053732 -0.041197 0.005457
v -0.054708 -0.039343 0.007708
v -0.053953 -0.040939 0.005096
v 0.003591 -0.005545 0.067945
v 0.001898 -0.004910 0.068203
v 0.003879 -0.006431 0.067598
v 0.048226 0.043936 0.026015
v 0.050755 0.043971 0.023278
v 0.050330 0.045442 0.020580
v 0.049721 0.039826 0.030467
v 0.051086 0.037710 0.032036
v 0.050162 0.042282 0.027543
v -0.026168 -0.001520 -0.062849
v -0.021067 0.003815 -0.063895
v -0.024221 -0.003994 -0.063414
v 0.003032 -0.045776 -0.049810
v 0.004132 -0.046205 -0.049390
v 0.002921 -0.046599 -0.049122
v 0.039916 0.021089 0.052365
v 0.040813 0.017588 0.052785
v 0.042838 0.021123 0.049890
v 0.016973 -0.040880 0.051163
v 0.011821 -0.044659 0.049051
v 0.014358 -0.046001 0.048240
v -0.042674 0.051836 0.019886
v -0.046963 0.046686 0.022740
v -0.043655 0.048928 0.023946
v -0.050760 0.006617 0.044352
v -0.050198 0.011477 0.043538
v -0.053076 0.013236 0.039899
v -0.057948 0.000767 0.037191
v -0.056800 0.005496 0.037578
v -0.060046 0.001260 0.032912
v 0.059572 0.009900 -0.034287
v 0.057987 0.012198 -0.035853
v 0.060251 0.012919 -0.031998
v 0.063424 -0.023161 0.023663
v 0.062536 -0.027402 0.020247
v 0.063173 -0.025126 0.021379
v 0.005539 0.055830 -0.043311
v 0.005510 0.054680 -0.044672
v 0.002450 0.056974 -0.042496
v 0.012853 -0.065988 -0.014261
v 0.020571 -0.063259 -0.015265
v 0.018980 -0.063904 -0.013088
v 0.045667 -0.024044 0.046012
v 0.047670 -0.024545 0.044144
v 0.046126 -0.022916 0.045189
v -0.005238 -0.019382 0.066123
v -0.010580 -0.020403 0.064825
v -0.007383 -0.026449 0.063154
v 0.004802 -0.007148 0.067294
v -0.000646 -0.009301 0.067616
v 0.006976 -0.010385 0.067305
v -0.028811 -0.016583 -0.061042
v -0.026717 -0.019583 -0.059294
v -0.029476 -0.020911 -0.058101
v -0.051769 0.037352 -0.028134
v -0.052666 0.034508 -0.029709
v -0.053533 0.034837 -0.027592
v -0.015511 0.040638 0.052057
v 0.000133 -0.051525 0.045776
v -0.003816 -0.051958 0.045208
v -0.002971 -0.054560 0.041887
v 0.023767 -0.050912 0.039973
v 0.017598 -0.054493 0.039336
v 0.021710 -0.055143 0.035691
v 0.017563 -0.051565 0.042137
v 0.012024 -0.053572 0.041407
v 0.016542 -0.054154 0.039504
v -0.005214 -0.065486 0.011235
v -0.003801 -0.066375 0.011561
v -0.004250 -0.064032 0.016867
v -0.003338 0.000490 -0.068675
v -0.002727 0.002200 -0.068992
v -0.002670 0.001443 -0.068694
v -0.066338 -0.016239 0.006804
v -0.066187 -0.015913 0.002709
v -0.065296 -0.019511 0.004918
v -0.011224 -0.066763 0.004983
v -0.011619 -0.067395 0.001415
v -0.009496 -0.067502 0.000299
v -0.013584 -0.037533 -0.055638
v -0.009792 -0.033119 -0.058881
v -0.008867 -0.037245 -0.055519
v 0.004713 -0.040758 -0.054182
v 0.008572 -0.040589 -0.053960
v 0.005161 -0.041070 -0.054150
v 0.015763 -0.037060 -0.052083
v 0.018607 -0.033301 -0.055617
v 0.017358 -0.037148 -0.053116
v 0.066003 0.000402 -0.010686
v 0.064640 -0.001325 -0.014052
v 0.066583 0.001200 -0.013420
v 0.042094 0.051383 -0.026787
v 0.041613 0.050568 -0.028536
v 0.040543 0.052473 -0.026178
v 0.061543 -0.026000 -0.002202
v 0.060072 -0.028774 -0.007829
v 0.061912 -0.025666 -0.004039
v 0.028733 0.004024 0.062407
v 0.028043 0.000246 0.062590
v 0.031437 0.003391 0.061276
v 0.013546 -0.038294 -0.052888
v 0.013078 -0.037726 -0.055069
v 0.015978 -0.035361 -0.056105
v -0.024315 0.012399 0.062998
v -0.022567 0.011333 0.063659
v -0.026461 0.014746 0.061312
v 0.037800 -0.044036 -0.036630
v 0.036723 -0.046731 -0.034124
v 0.032087 -0.047457 -0.036968
v -0.067307 -0.007299 0.002380
v -0.066961 -0.005710 0.001851
v -0.067384 -0.009599 0.002403
v 0.035166 0.024901 0.053890
v 0.029736 0.026657 0.056755
v 0.033448 0.022790 0.055419
v -0.064495 -0.007556 -0.009200
v -0.064066 -0.004264 -0.011693
v -0.063592 -0.009514 -0.015057
v -0.064142 -0.001431 -0.006320
v -0.064614 -0.003530 -0.009600
v -0.002448 -0.041509 -0.054497
v -0.005426 -0.041649 -0.053227
v -0.008479 -0.041427 -0.052584
v 0.037015 -0.034958 0.046053
v 0.039659 -0.038112 0.040770
v 0.056778 0.041471 0.012800
v 0.058754 0.039340 0.005806
v 0.055545 0.044244 0.005682
v 0.053812 0.045247 0.008852
v 0.054066 0.045450 0.010779
v 0.039055 0.038075 -0.042354
v 0.037302 0.040670 -0.042061
v 0.039805 0.040897 -0.039948
v -0.050514 0.031963 0.032513
v -0.048023 0.036905 0.029738
v -0.049933 0.034260 0.028422
v -0.030368 -0.049119 0.037311
v -0.032603 -0.049142 0.034715
v -0.030320 -0.051761 0.032568
v -0.000342 0.068599 0.007901
v -0.001779 0.068266 0.003806
v 0.016616 -0.002809 0.064693
v 0.013621 -0.003788 0.066121
v 0.012347 -0.006447 0.065907
v -0.060126 0.005442 -0.022656
v -0.059394 0.018062 -0.021913
v -0.061435 0.005565 -0.019149
v -0.062183 0.003801 -0.016532
v -0.062963 0.006811 -0.013293
v -0.043117 -0.051057 0.011147
v -0.043943 -0.050033 0.013607
v -0.047057 -0.047997 0.010667
v -0.023441 -0.031477 -0.057659
v -0.021043 -0.034144 -0.055861
v -0.023918 -0.035043 -0.054180
v 0.021598 -0.062320 0.020950
v 0.019439 -0.062446 0.022972
v 0.017499 -0.063432 0.023303
v -0.044751 -0.042268 0.030616
v -0.048849 -0.042164 0.022744
v -0.044499 -0.044907 0.025841
v 0.012666 0.066496 -0.012928
v 0.015270 0.064661 -0.014347
v 0.012437 0.066133 -0.015478
v -0.022781 -0.029760 -0.058045
v -0.000869 0.026662 0.065257
v 0.003818 0.028266 0.064661
v -0.008633 0.067269 0.007750
v -0.006578 0.068140 0.010684
v 0.000042 -0.040078 -0.055804
v 0.004134 -0.040446 -0.054938
v -0.000267 -0.040807 -0.053987
v -0.032391 -0.058015 -0.010474
v -0.029668 -0.059633 -0.009109
v -0.032483 -0.058581 -0.008249
v 0.039168 0.051759 0.029262
v 0.035994 0.053402 0.029954
v 0.039168 0.051623 0.030806
v 0.045782 0.055063 -0.010099
v 0.041546 0.056148 -0.016392
v 0.039843 0.058664 -0.010674
v -0.051936 0.030520 0.029926
v -0.052055 0.033361 0.027440
v -0.054604 0.029265 0.028738
v 0.013252 -0.066448 0.013690
v 0.008608 -0.067075 0.014354
v 0.010238 -0.067025 0.013629
v -0.064489 0.023982 0.007071
v -0.063218 0.025582 0.003804
v -0.008934 0.045249 -0.052531
v -0.011229 0.043378 -0.053860
v -0.011453 0.045509 -0.050998
v 0.052384 0.012175 0.041111
v 0.056308 0.006078 0.037637
v 0.055124 0.009587 0.039243
v -0.056912 -0.012387 -0.032158
v -0.054721 -0.010962 -0.035720
v -0.054172 -0.012482 -0.037249
v -0.005873 -0.067431 -0.000296
v -0.002423 -0.067699 -0.003699
v -0.001800 -0.067928 -0.002218
v -0.064121 0.005541 0.024271
v -0.062236 0.006267 0.028268
v -0.061554 0.012090 0.027884
v -0.024226 -0.037853 0.052787
v -0.022861 -0.036585 0.053941
v 0.021468 0.058001 0.033157
v 0.022772 0.058514 0.030761
v 0.020198 0.060501 0.030057
v 0.016435 -0.030294 0.059338
v 0.017996 -0.033586 0.056106
v 0.017808 -0.026474 0.060774
v 0.041496 0.058704 0.003469
v 0.038340 0.060380 0.000566
v 0.035733 0.061336 0.009344
v 0.037157 0.059620 0.015314
v 0.043686 0.056232 0.010775
v 0.042458 0.057861 0.007083
v 0.042584 -0.042565 -0.032405
v 0.044425 -0.039380 -0.034703
v 0.045271 -0.039968 -0.031729
v -0.009666 0.056297 -0.042501
v -0.012333 0.054009 -0.043965
v -0.012962 0.057696 -0.039528
v 0.043235 -0.025315 0.047856
v 0.037782 -0.026259 0.050631
v 0.044811 -0.026213 0.045134
v 0.005683 -0.068388 -0.000505
v 0.003210 -0.068255 0.004245
v 0.002222 -0.068530 0.001098
v 0.055891 0.013203 -0.036948
v 0.055355 0.015395 -0.035765
v 0.054090 0.008670 -0.041306
v 0.055727 0.010715 -0.038487
v 0.055094 0.007640 -0.039783
v 0.021046 0.060850 0.028351
v -0.035711 0.010621 0.057369
v -0.039791 0.007162 0.055045
v -0.037812 0.001350 0.057481
v 0.062721 -0.022190 -0.010496
v 0.061828 -0.022240 -0.015215
v 0.064367 -0.015571 -0.011806
v -0.020813 0.006940 -0.064139
v -0.019891 0.006573 -0.064688
v -0.019214 0.010691 -0.064050
v -0.023007 0.013875 -0.062594
v -0.021044 0.014142 -0.063011
v 0.055590 0.037925 0.024833
v 0.061772 0.029698 0.018398
v 0.058963 0.036166 0.016526
v 0.017785 0.006430 0.065860
v 0.016434 -0.000733 0.065401
v 0.018534 0.002970 0.065879
v 0.043959 0.048605 -0.028923
v 0.043385 -0.030574 -0.040568
v 0.047250 -0.028499 -0.038016
v 0.044854 -0.030317 -0.038533
v 0.056202 -0.007575 0.039022
v 0.053985 -0.014030 0.040782
v 0.055046 -0.015285 0.039553
v 0.040441 -0.049278 0.025070
v 0.037859 -0.051534 0.024594
v 0.039440 -0.050579 0.021771
v -0.013148 -0.064126 0.013431
v -0.012711 -0.065398 0.010449
v -0.011972 -0.065857 0.010346
v 0.001176 -0.063212 -0.026020
v 0.000906 -0.063718 -0.025050
v -0.030266 -0.059680 -0.002578
v -0.029214 -0.060196 -0.006925
v -0.026529 -0.060817 -0.001922
v -0.009089 -0.034620 0.058053
v -0.024142 0.054355 0.035865
v -0.022125 0.051896 0.040595
v -0.018019 0.055650 0.037781
v -0.059982 0.031904 0.007581
v -0.060370 0.030484 0.004604
v -0.059849 0.030596 0.007075
v 0.050284 0.035345 0.034051
v 0.064968 -0.016060 -0.007592
v 0.066034 -0.011551 -0.000394
v 0.064833 -0.016800 -0.002520
v -0.001283 -0.016382 0.066987
v -0.002745 -0.012629 0.067661
v -0.021459 0.025767 0.059307
v -0.019836 0.026856 0.060349
v -0.018705 0.032026 0.057151
v -0.015751 0.036494 0.055442
v -0.012703 0.035995 0.055987
v -0.013931 0.038908 0.053870
v -0.012494 -0.015841 0.065883
v -0.015255 -0.016844 0.065636
v -0.013915 -0.019781 0.064122
v -0.018116 -0.016846 0.064149
v -0.015745 -0.022155 0.063488
v -0.057621 0.033217 -0.019203
v -0.058645 0.035508 -0.011895
v -0.056498 0.037402 -0.016381
v -0.014697 0.061877 -0.029306
v -0.010357 0.062047 -0.030553
v 0.026650 -0.062313 0.002039
v 0.027359 -0.061962 0.009078
v 0.005248 -0.067188 -0.008587
v -0.012421 0.030511 0.060656
v -0.016303 0.029918 0.059087
v -0.014271 0.027333 0.061490
v -0.056104 -0.038080 0.004023
v -0.053995 -0.039918 0.002638
v -0.055362 -0.039165 0.004371
v -0.051190 0.026941 0.034603
v -0.050923 0.024633 0.036747
v -0.050776 0.029082 0.034526
v 0.026452 0.008495 0.062629
v 0.023802 0.002736 0.063314
v 0.026709 0.003424 0.063242
v 0.042645 -0.034761 -0.040189
v 0.045108 -0.033323 -0.037369
v 0.042156 -0.037340 -0.038924
v -0.017608 0.064076 -0.020574
v -0.016243 0.063894 -0.024431
v -0.020725 0.062859 -0.020819
v -0.011373 0.062811 -0.027983
v -0.009529 0.064233 -0.026708
v -0.007277 0.062547 -0.029379
v -0.054057 -0.014110 -0.036345
v -0.049572 -0.021340 -0.039899
v -0.051771 -0.019920 -0.037580
v -0.053208 -0.015957 -0.037798
v -0.010209 0.064695 0.021798
v -0.012542 0.062011 0.027166
v -0.008194 0.062517 0.028409
v 0.011947 -0.067964 0.003176
v 0.012929 -0.067188 0.006055
v 0.030071 -0.053533 0.030976
v 0.027949 -0.055556 0.029316
v 0.033331 -0.052895 0.027290
v 0.001283 0.058759 0.037186
v 0.001057 0.059580 0.036006
v -0.000232 0.058387 0.037711
v -0.054489 -0.005513 0.041082
v -0.053956 -0.002513 0.042057
v -0.056513 -0.006771 0.039182
v 0.004626 0.059081 0.036695
v 0.006736 0.055935 0.041062
v 0.028275 -0.013235 -0.059258
v 0.027528 -0.014511 -0.059942
v 0.026946 -0.013237 -0.059404
v 0.006466 0.067617 0.012711
v 0.007661 0.065843 0.017663
v 0.010810 0.066221 0.018486
v 0.063089 -0.021155 -0.004555
v 0.065957 -0.015380 -0.000353
v 0.064360 -0.020360 -0.000979
v -0.035894 -0.051589 -0.025522
v -0.034392 -0.051933 -0.028914
v -0.032220 -0.053667 -0.027202
v -0.062575 0.026584 -0.007138
v -0.061853 0.026279 -0.009961
v -0.065347 0.017177 -0.002546
v -0.064612 0.012304 -0.007142
v -0.064616 0.010158 -0.007570
v -0.065220 0.009552 -0.004985
v -0.026138 -0.061049 -0.004907
v -0.018043 0.064924 0.010475
v -0.017435 0.064386 0.012605
v -0.013728 0.065853 0.012539
v -0.005269 -0.067545 -0.006824
v -0.007118 -0.068020 -0.002257
v 0.050299 -0.005951 -0.043842
v 0.051223 -0.004019 -0.044462
v 0.052244 -0.002549 -0.043179
v -0.036152 -0.045151 0.037239
v -0.034809 -0.041912 0.042281
v -0.038641 -0.039000 0.042692
v -0.033875 -0.033851 0.050832
v -0.033600 -0.031313 0.051859
v -0.037233 -0.034136 0.047928
v 0.033180 0.057140 -0.027734
v 0.028564 0.059727 -0.027513
v 0.032416 0.059676 -0.020887
v -0.025541 0.060348 0.021738
v -0.022313 0.062403 0.016965
v -0.029480 0.060968 0.014457
v 0.023063 -0.063697 -0.010482
v 0.021725 -0.062383 -0.014410
v 0.024038 -0.061611 -0.017283
v 0.001576 -0.029893 -0.060586
v 0.002647 -0.029326 -0.061008
v 0.001869 -0.030817 -0.060330
v -0.055727 0.000573 0.040376
v -0.057004 -0.003420 0.038615
v 0.001661 -0.035427 -0.058074
v 0.001467 -0.034578 -0.058527
v 0.004688 -0.036358 -0.056605
v -0.035694 -0.028542 0.052229
v -0.029907 -0.027406 0.056535
v -0.067324 0.008004 0.001710
v -0.066249 0.009852 -0.000222
v -0.066818 0.006717 0.000054
v -0.012972 0.059731 -0.033953
v -0.015114 0.058231 -0.038132
v 0.001807 -0.033021 -0.059258
v 0.011303 -0.025938 -0.062352
v 0.012358 -0.028666 -0.060551
v -0.029176 0.015054 0.059752
v -0.028110 0.014235 0.060744
v -0.028470 0.014901 0.060167
v -0.027622 0.011234 0.061359
v -0.032455 0.013473 0.058863
v 0.016710 0.064221 -0.015696
v 0.020287 0.063711 -0.016484
v 0.019467 0.064440 -0.017213
v 0.012642 -0.042341 -0.050269
v 0.015897 -0.041540 -0.051061
v 0.016396 -0.043934 -0.048006
v -0.068002 -0.007174 0.009442
v -0.068156 -0.004080 0.006319
v -0.067452 -0.009447 0.007241
v -0.018944 0.034688 0.055802
v -0.016898 0.035657 0.055294
v -0.016525 0.040245 0.052603
v 0.047810 -0.047595 0.015312
v 0.046242 -0.049557 0.012220
v 0.048442 -0.047037 0.015295
v -0.022951 -0.059916 -0.022416
v -0.022810 -0.057821 -0.028372
v -0.018505 -0.061027 -0.025337
v -0.001279 -0.006376 0.068008
v -0.004480 -0.007223 0.067805
v -0.004975 -0.008245 0.067370
v 0.000584 -0.065568 -0.017934
v 0.004321 -0.067150 -0.015850
v 0.000341 -0.066588 -0.016801
v 0.047058 -0.043994 0.020297
v 0.043482 -0.048076 0.019848
v 0.047758 -0.044025 0.019544
v 0.055021 -0.004370 0.041520
v 0.056718 -0.001741 0.038121
v -0.001850 -0.066387 0.012847
v 0.001165 -0.065146 0.017689
v -0.003078 -0.064848 0.017058
v 0.066262 0.000363 0.023277
v 0.041438 -0.043729 -0.034263
v 0.041648 -0.040346 -0.035924
v 0.008278 -0.057239 0.038538
v 0.007335 -0.057078 0.039827
v 0.008272 -0.059379 0.035139
v -0.015695 0.007450 -0.066465
v -0.009024 0.006944 -0.068759
v 0.019553 -0.036156 -0.053088
v 0.020108 -0.040558 -0.050123
v 0.018182 -0.038466 -0.052296
v -0.065030 0.007194 -0.004973
v -0.062802 0.003133 -0.010518
v -0.063826 0.003730 -0.006194
v -0.044076 -0.002323 0.052430
v -0.044900 0.000765 0.051542
v -0.047319 -0.000989 0.049419
v -0.064671 0.011067 -0.002156
v -0.065022 0.014014 -0.001069
v -0.064700 0.015462 -0.000944
v -0.028664 0.016038 -0.058744
v -0.026149 0.019462 -0.059667
v -0.028214 0.015276 -0.059124
v 0.007503 -0.053520 0.044168
v 0.007813 -0.055957 0.040616
v 0.034627 0.037332 -0.047242
v 0.032529 0.040849 -0.046834
v 0.021964 0.027952 -0.056332
v 0.029442 0.031122 -0.051636
v 0.028172 0.029007 -0.053093
v 0.037370 0.028632 -0.047702
v 0.033619 0.031981 -0.049187
v 0.038883 0.031145 -0.045380
v 0.055357 0.041998 0.016810
v -0.019402 -0.021153 -0.061196
v -0.017343 -0.020274 -0.062205
v -0.017789 -0.020823 -0.061859
v 0.014457 -0.030261 -0.059678
v 0.014864 -0.034495 -0.057238
v 0.014086 -0.033793 -0.057145
v -0.044446 -0.039729 -0.034351
v -0.046734 -0.040208 -0.031461
v -0.047866 -0.035593 -0.034893
v -0.050790 -0.043625 -0.013428
v -0.051311 -0.043106 -0.015146
v -0.049448 -0.043626 -0.016949
v 0.050103 -0.010478 -0.043534
v 0.051007 -0.010469 -0.042619
v 0.051111 -0.012436 -0.042153
v -0.045477 0.025386 0.044128
v -0.044628 0.020893 0.045665
v -0.044762 0.024940 0.045433
v -0.000072 0.047765 0.049839
v 0.000841 0.049857 0.048318
v 0.000588 0.050609 0.047640
v 0.032683 -0.054760 -0.024559
v 0.035870 -0.054961 -0.020457
v 0.029273 -0.058711 -0.018196
v 0.055511 0.035788 0.029031
v 0.056061 0.034804 0.029052
v 0.056231 0.033077 0.028085
v -0.014710 -0.023222 0.062517
v -0.014111 -0.022121 0.063174
v 0.028525 -0.019357 -0.055902
v 0.029957 -0.023862 -0.053608
v 0.028516 -0.022557 -0.055836
v 0.065161 -0.022652 0.019545
v 0.066427 -0.021214 0.013006
v -0.033977 -0.056856 0.014938
v -0.039679 -0.053501 0.012191
v -0.033269 -0.057057 0.012616
v -0.030960 0.028112 -0.054048
v -0.028391 0.029866 -0.054354
v -0.028259 0.026993 -0.055159
v 0.023841 0.028624 0.059504
v 0.021662 0.032828 0.057911
v 0.019798 0.034582 0.058161
v 0.019865 0.035238 0.057245
v 0.015186 0.038813 0.056580
v -0.035167 0.052038 0.027241
v -0.036079 0.050491 0.029775
v -0.030322 0.054157 0.030478
v 0.053539 -0.004096 -0.042153
v 0.068257 -0.012172 0.017672
v 0.066263 -0.007632 0.025022
v 0.067933 -0.012935 0.019210
v 0.031248 0.055394 0.033641
v 0.037312 0.050645 0.034196
v 0.034497 0.054519 0.031249
v 0.028590 0.008485 -0.061125
v 0.035759 -0.053860 0.020383
v 0.030997 -0.056781 0.019458
v 0.031841 -0.057136 0.019241
v -0.008421 -0.050982 -0.044938
v -0.005897 -0.050914 -0.045284
v -0.006869 -0.054574 -0.040639
v -0.038073 0.024092 0.050604
v -0.036959 0.020318 0.052834
v -0.035984 0.019820 0.053663
v -0.030789 -0.038884 -0.050215
v -0.022767 -0.040773 -0.051951
v -0.027572 -0.040894 -0.050326
v -0.040214 0.046893 0.030759
v -0.035228 0.048809 0.032277
v -0.062921 -0.009375 -0.016559
v -0.062390 -0.013983 -0.018439
v 0.037988 0.001960 0.057297
v 0.041906 -0.002062 0.054584
v 0.042686 -0.001742 0.054121
v 0.023971 0.025753 0.060173
v 0.026255 0.026764 0.058383
v 0.034430 -0.053447 0.023919
v 0.032593 -0.055518 0.022932
v -0.031150 -0.030425 -0.055393
v -0.031063 -0.035562 -0.051921
v -0.032562 -0.032589 -0.052657
v 0.023075 0.016100 0.063204
v 0.024394 0.017074 0.062213
v 0.024717 0.021386 0.061021
v -0.061674 -0.029484 0.002441
v -0.060672 -0.031547 0.002608
v -0.063280 -0.025807 0.003736
v 0.056404 -0.022525 -0.027961
v 0.053989 -0.017710 -0.034706
v 0.057021 -0.018087 -0.030680
v 0.022751 0.021945 0.061743
v 0.023295 0.023993 0.060064
v -0.025475 0.064254 -0.000767
v -0.033089 0.061008 0.001887
v 0.023660 -0.012700 0.062391
v 0.021240 -0.005543 0.064431
v 0.021312 -0.009666 0.063135
v -0.060042 0.033761 -0.009292
v -0.061328 0.031798 -0.006625
v -0.057292 0.038021 -0.009493
v -0.057097 0.034208 0.017794
v -0.058273 0.035421 0.012188
v -0.057577 0.032782 0.016667
v 0.048202 -0.029061 -0.035862
v 0.048282 -0.027647 -0.036874
v 0.050251 -0.025658 -0.037137
v -0.002434 -0.034855 -0.058539
v 0.034458 0.060529 -0.014895
v 0.028361 0.062386 -0.017657
v 0.030658 0.063055 -0.008925
v 0.050925 0.046652 0.018597
v 0.048232 0.050687 0.017099
v 0.045488 0.049946 0.023625
v -0.028706 0.048230 0.039821
v -0.028894 0.043040 0.045311
v -0.065197 -0.020223 0.003939
v -0.065207 -0.020752 0.002353
v -0.064683 -0.022533 0.001790
v -0.064795 -0.021134 -0.004733
v -0.064426 -0.021038 -0.006670
v -0.063132 -0.024669 -0.008432
v 0.032890 -0.029228 0.051412
v 0.032234 -0.031306 0.051544
v 0.033304 -0.031689 0.050676
v -0.016211 0.027412 0.061375
v -0.015008 0.026238 0.062748
v -0.001110 0.025788 0.065566
v 0.001204 0.025133 0.066024
v 0.030789 -0.025457 0.053739
v 0.028299 -0.026793 0.054738
v 0.032013 -0.027336 0.053297
v 0.026476 -0.029951 0.054843
v 0.030890 -0.030611 0.052814
v 0.028897 -0.028430 0.053768
v 0.011252 0.039641 0.056268
v 0.017065 0.030402 0.061574
v 0.019005 0.029410 0.061285
v -0.050007 0.043896 0.023447
v -0.046410 0.042532 0.029132
v -0.046770 0.044495 0.026528
v -0.036982 0.011783 -0.055988
v -0.041108 0.008336 -0.053752
v -0.040862 0.010544 -0.054087
v -0.005411 -0.066869 -0.013370
v -0.001194 -0.067377 -0.013613
v -0.002970 -0.066881 -0.012378
v -0.064195 -0.004313 -0.013034
v -0.062712 0.000147 -0.017230
v -0.063186 -0.003893 -0.017614
v -0.050188 -0.030479 0.036613
v -0.061468 0.000841 -0.018097
v -0.017888 -0.000623 -0.066349
v -0.014255 0.001058 -0.067460
v 0.044672 0.024652 0.045962
v 0.046303 0.022478 0.044558
v 0.049091 0.023828 0.041178
v 0.044661 0.021845 0.047500
v 0.048507 0.021776 0.040892
v -0.006886 -0.063963 -0.019992
v 0.037443 -0.046088 -0.033388
v 0.039517 -0.044966 -0.035247
v -0.016202 -0.019726 -0.062859
v -0.020679 -0.017653 -0.061902
v -0.018558 -0.010270 -0.064664
v -0.046798 -0.024828 -0.043838
v -0.046779 -0.021928 -0.043952
v -0.045729 -0.022019 -0.045891
v 0.015061 0.007470 0.066974
v 0.010446 0.010912 0.068145
v 0.005811 0.005952 0.068922
v -0.001590 0.005428 -0.068914
v -0.005004 0.004406 -0.069229
v -0.008239 -0.051120 0.045538
v -0.012757 -0.052463 0.042604
v -0.005331 -0.051947 0.045665
v -0.032403 -0.021511 -0.056755
v -0.034751 -0.023694 -0.054619
v -0.033384 -0.021858 -0.056096
v -0.001995 0.044522 0.053599
v -0.001719 0.045199 0.052634
v 0.035213 0.036325 -0.046296
v -0.037490 0.035813 0.046381
v -0.032954 0.038429 0.047057
v -0.036890 0.037828 0.044836
v -0.050784 -0.033261 -0.032209
v -0.052656 -0.033115 -0.028175
v -0.022362 -0.004505 -0.064826
v -0.009453 0.040836 0.054036
v 0.015417 -0.002215 -0.066558
v 0.012440 0.002739 -0.066589
v 0.017805 -0.001963 -0.065345
v 0.042340 -0.051473 0.015640
v 0.039699 -0.053561 0.015663
v 0.044460 -0.051201 0.014562
v -0.041263 0.023441 -0.049940
v -0.037890 0.023261 -0.052118
v -0.041128 0.016287 -0.052681
v 0.040383 0.009045 -0.053730
v 0.040757 0.014861 -0.051597
v 0.044366 0.010354 -0.049934
v -0.027538 -0.037518 0.051533
v -0.019768 0.064471 -0.006606
v 0.005541 -0.039109 0.055552
v 0.000795 -0.039608 0.055856
v 0.005620 -0.042032 0.053665
v -0.052285 -0.043679 0.002687
v -0.052631 -0.044020 -0.002937
v -0.049070 -0.046783 0.001887
v -0.048971 -0.020258 -0.041711
v -0.047250 -0.020564 -0.044839
v -0.040438 -0.029951 0.047145
v -0.040771 -0.025859 0.049728
v 0.051928 -0.041123 0.018362
v 0.054290 -0.040688 0.013735
v 0.054126 -0.039719 0.016902
v -0.015823 -0.060415 0.020253
v -0.012633 -0.061897 0.021054
v -0.015556 -0.059835 0.022455
v -0.016577 -0.060150 0.022409
v -0.021193 -0.059336 0.021298
v 0.011971 -0.056588 -0.035098
v 0.015691 -0.059603 -0.028982
v 0.007235 -0.059955 -0.031254
v 0.004742 -0.054753 -0.039586
v 0.008547 -0.055378 -0.037912
v -0.018627 -0.052727 -0.039059
v -0.017476 -0.053001 -0.039634
v -0.019006 -0.055815 -0.034646
v -0.056760 -0.004697 -0.033379
v -0.014559 -0.061766 0.019803
v -0.007248 0.046841 0.050237
v -0.008733 0.048087 0.048588
v -0.009762 0.047912 0.049482
v 0.044580 0.049951 -0.025377
v 0.041196 0.053049 -0.023151
v 0.043856 0.051912 -0.023483
v 0.043837 -0.002122 -0.051076
v 0.042012 -0.006553 -0.050903
v 0.036747 -0.003460 -0.056396
v 0.012512 0.052894 0.042684
v -0.006411 0.011096 0.069265
v -0.016226 0.008265 0.067072
v -0.012762 0.003796 0.068347
v -0.052263 0.001309 0.043395
v -0.053691 -0.004395 0.041689
v -0.044572 0.004789 -0.051171
v -0.041690 0.003356 -0.053961
v 0.008062 -0.066942 0.012874
v 0.004844 -0.067237 0.011798
v 0.007758 -0.067214 0.012321
v 0.010475 -0.062098 0.029288
v 0.012147 -0.063276 0.027355
v 0.056378 -0.026042 0.033974
v 0.052043 -0.025560 0.038972
v 0.054868 -0.027466 0.034602
v 0.054214 -0.021815 0.038336
v 0.053397 -0.021261 0.038795
v -0.039166 -0.053975 -0.011930
v -0.038327 -0.055278 -0.005344
v -0.042716 -0.051843 -0.009391
v 0.000119 -0.067275 0.009566
v 0.001936 -0.068596 0.004701
v 0.004012 -0.067723 0.007552
v -0.060568 0.027823 0.017938
v -0.059992 0.030930 0.013767
v -0.061877 0.027377 0.015079
v 0.036421 -0.049322 -0.029575
v 0.040497 -0.046594 -0.030027
v -0.026628 -0.057105 -0.026368
v -0.029921 -0.056892 -0.023030
v 0.012600 -0.010674 0.066337
v 0.007944 -0.006686 0.066863
v 0.009880 -0.011313 0.066844
v 0.024517 -0.042268 -0.047814
v 0.027802 -0.040075 -0.046669
v -0.048718 -0.026542 -0.039426
v -0.048198 -0.023185 -0.041017
v -0.048749 -0.026424 -0.040481
v -0.025562 -0.056036 -0.029211
v -0.025379 -0.055362 -0.030779
v -0.020967 -0.056645 -0.030502
v -0.006791 -0.020726 -0.064980
v 0.063204 0.026380 -0.018182
v 0.064363 0.025436 -0.015258
v 0.064145 0.022339 -0.018529
v 0.018305 0.051235 0.044135
v 0.022962 0.053583 0.040718
v 0.021895 0.054697 0.039769
v 0.005074 -0.048194 0.050380
v 0.004500 -0.049674 0.047806
v 0.005877 -0.049766 0.047931
v -0.032352 -0.040267 0.045911
v -0.029157 -0.042862 0.046059
v -0.028548 -0.041933 0.047272
v -0.014214 0.020853 0.065138
v -0.014807 0.017231 0.066091
v -0.010332 0.016435 0.067546
v 0.051991 0.035841 0.032321
v 0.051918 0.030075 0.037152
v 0.052601 0.031821 0.034170
v -0.032307 0.016594 0.057870
v -0.030760 0.015429 0.058702
v -0.029856 0.015310 0.059098
v 0.060507 -0.003288 -0.026617
v 0.060076 -0.000244 -0.027916
v 0.061478 -0.000619 -0.024758
v 0.065249 -0.023499 0.013562
v 0.066577 -0.020190 0.011145
v 0.010330 0.063543 -0.028272
v 0.001759 0.065667 -0.013353
v 0.037901 0.054309 0.027878
v 0.043252 0.052113 0.023948
v 0.066319 0.025020 -0.001232
v 0.067311 0.021636 0.002608
v 0.067796 0.020020 0.002853
v 0.065610 -0.022555 0.011852
v 0.065694 -0.021922 0.011824
v 0.065373 -0.023165 0.012188
v 0.051110 0.022830 0.039651
v 0.049862 0.025483 0.039627
v 0.001724 -0.031715 -0.059919
v 0.054849 -0.018041 0.038232
v 0.052852 -0.021163 0.040024
v 0.018636 -0.010093 -0.064653
v 0.018505 -0.014084 -0.063727
v 0.017692 -0.014473 -0.063965
v -0.048200 0.029761 0.037823
v -0.045937 0.032454 0.039405
v -0.043914 0.037152 0.038065
v -0.003482 0.062490 0.030330
v -0.004013 0.064579 0.025295
v 0.000697 0.013837 -0.069125
v 0.004685 0.017872 -0.067451
v 0.004662 0.011195 -0.068511
v -0.008714 -0.067429 -0.003671
v -0.013705 -0.044521 -0.050338
v -0.014366 -0.046953 -0.046904
v -0.016958 -0.047890 -0.046729
v 0.030836 -0.051776 -0.030308
v 0.028603 -0.054189 -0.030331
v 0.030605 -0.051025 -0.033017
v 0.051901 -0.036182 0.026977
v 0.050865 -0.035651 0.031078
v 0.051565 -0.039417 0.022034
v 0.056377 0.001520 -0.035184
v 0.031922 -0.047356 -0.033726
v 0.030177 -0.048747 -0.036710
v 0.034401 -0.047328 -0.033596
v 0.031683 -0.049980 -0.031947
v 0.031717 -0.052713 -0.029421
v -0.018063 -0.063700 -0.002142
v -0.018204 -0.063381 -0.005101
v -0.015045 -0.065335 -0.002385
v -0.060237 -0.030989 0.010122
v -0.061379 -0.029365 0.008663
v -0.058966 -0.034363 0.006233
v 0.032201 -0.015937 -0.057311
v 0.036859 -0.013897 -0.055074
v 0.036786 -0.015230 -0.054277
v 0.001246 -0.064456 0.019581
v -0.002173 -0.064966 0.020453
v 0.006677 -0.066210 0.015887
v 0.001495 -0.065012 0.018129
v -0.064247 -0.012818 0.019019
v -0.013173 0.064151 -0.024030
v -0.012369 0.063514 -0.021522
v -0.008924 0.002005 -0.068812
v 0.020358 -0.003807 -0.064534
v 0.019688 -0.001139 -0.065115
v 0.022202 -0.000428 -0.063757
v 0.005374 0.056502 -0.042697
v 0.005930 0.036848 0.059778
v 0.009433 0.033038 0.061894
v 0.045730 0.015941 -0.048157
v 0.023228 0.008154 0.064503
v 0.022110 0.004102 0.064872
v 0.069128 -0.004025 0.014598
v 0.068229 -0.007265 0.017731
v 0.046426 -0.026036 -0.041949
v 0.011929 0.065417 -0.018107
v 0.007233 0.065215 -0.021911
v 0.008873 0.066178 -0.018414
v 0.026462 -0.054994 0.032314
v 0.024742 -0.056547 0.031401
v 0.039726 -0.045888 0.032066
v 0.038955 -0.045923 0.032428
v 0.040333 -0.046975 0.027949
v 0.056491 -0.005902 -0.034898
v 0.058544 -0.006337 -0.031936
v 0.056859 -0.009720 -0.033572
v 0.056746 -0.004943 -0.035573
v 0.055203 -0.002432 -0.037541
v 0.057117 -0.001270 -0.033354
v 0.008308 -0.050663 0.046506
v 0.009902 -0.051245 0.045800
v 0.009103 -0.048924 0.048406
v -0.024092 0.063418 -0.015358
v -0.027470 0.061321 -0.014876
v -0.025908 0.063358 -0.009795
v 0.042314 -0.039996 0.036440
v 0.039087 -0.043745 0.035831
v 0.064943 0.017117 -0.021332
v 0.065526 0.015693 -0.017961
v 0.066031 0.012062 -0.020322
v -0.016949 -0.028012 0.059609
v -0.017400 -0.029545 0.058641
v -0.015883 -0.028820 0.058781
v 0.066620 0.013463 -0.017436
v 0.067779 0.008182 -0.014438
v 0.066072 0.008505 -0.019582
v -0.015899 -0.025852 0.060990
v -0.065367 -0.004570 0.020803
v -0.066074 -0.010115 0.014574
v 0.048026 -0.009122 -0.045999
v -0.031420 0.048324 -0.039951
v -0.028455 0.043229 -0.047219
v -0.039040 0.043569 -0.038312
v 0.041596 0.053489 -0.019133
v 0.039642 0.055467 -0.019896
v 0.045969 0.053079 -0.014668
v 0.020175 -0.058775 0.030637
v 0.025483 -0.056189 0.032286
v -0.005312 0.057964 -0.040236
v -0.007912 0.057992 -0.039755
v -0.002646 0.060729 -0.035428
v 0.067553 -0.002674 0.007600
v 0.068374 -0.004863 0.007939
v 0.067796 -0.003126 0.007372
v 0.010470 -0.066231 0.017613
v -0.049757 -0.006416 0.046804
v -0.049883 0.000047 0.046301
v -0.060694 0.029068 0.017966
v -0.059848 0.030989 0.016583
v 0.024259 -0.057619 0.030942
v 0.024510 0.014783 0.063080
v 0.026237 0.015175 0.062042
v 0.051741 -0.009523 -0.040977
v 0.052929 -0.005934 -0.041967
v -0.009516 0.061138 -0.032878
v -0.007261 0.060941 -0.032729
v -0.009220 0.060981 -0.034198
v -0.065857 -0.018147 0.001506
v -0.065934 -0.016714 -0.002274
v 0.058801 -0.024503 -0.020679
v -0.022693 -0.052120 -0.038409
v -0.021090 -0.050998 -0.041187
v -0.020891 -0.053951 -0.036523
v 0.010624 0.012973 -0.066402
v 0.012083 0.012424 -0.065334
v 0.010201 0.008140 -0.065836
v -0.025186 -0.028836 -0.059062
v -0.064086 0.019927 -0.000109
v -0.064131 0.020624 -0.000323
v 0.065291 0.024101 -0.009250
v 0.065342 0.024823 -0.010204
v 0.064554 0.028345 -0.007907
v -0.000577 -0.017991 0.066689
v -0.000729 -0.019694 0.066262
v 0.003918 -0.017252 0.066727
v 0.005599 -0.028454 0.062833
v -0.000021 -0.025759 0.064266
v -0.000665 -0.030516 0.062114
v 0.024741 0.063249 -0.019753
v 0.025182 0.021428 0.060071
v 0.026166 0.024650 0.059528
v -0.037530 -0.011052 0.056638
v -0.038419 -0.011080 0.055952
v -0.038991 -0.011380 0.055497
v -0.037317 -0.028876 -0.051287
v -0.033332 -0.030182 -0.053511
v -0.035749 -0.030570 -0.051835
v 0.068589 -0.007604 0.013025
v 0.068899 -0.008976 0.009337
v 0.068486 -0.007359 0.009311
v 0.006300 -0.015164 -0.066707
v 0.001168 -0.014710 -0.066017
v 0.013958 -0.033895 0.057825
v 0.013501 -0.037590 0.055091
v 0.013644 -0.036016 0.055601
v 0.015664 -0.038379 0.055218
v 0.016321 -0.037271 0.054499
v 0.054657 0.002617 0.041520
v 0.051852 -0.001502 0.045812
v 0.052658 -0.001393 0.044762
v -0.040083 0.057658 0.008215
v -0.043196 0.055634 0.008741
v -0.041644 0.055140 0.012741
v -0.036586 0.051681 0.027201
v -0.039747 0.050163 0.025331
v 0.050891 0.010206 -0.043002
v 0.054214 0.015339 -0.039600
v 0.054002 0.009483 -0.040887
v 0.018991 -0.064936 -0.011096
v -0.014135 -0.059585 0.027861
v -0.013224 -0.061020 0.022585
v -0.009150 -0.061248 0.025915
v -0.009917 -0.063702 0.019442
v 0.021121 0.032974 -0.055366
v 0.024561 0.031722 -0.054747
v -0.031357 -0.017263 0.059373
v -0.033918 -0.010646 0.059297
v -0.035427 -0.013913 0.057608
v -0.063789 0.002782 -0.008923
v -0.016021 0.063540 0.017821
v -0.023190 0.061044 0.022265
v -0.020452 0.061067 0.025248
v 0.033373 0.056327 -0.028243
v 0.030090 0.057146 -0.030120
v 0.005359 0.031571 0.063118
v 0.011955 0.064867 -0.020894
v 0.005759 0.064987 -0.022986
v -0.041795 0.042934 0.033463
v -0.040569 0.044411 0.031981
v 0.064999 0.017520 0.019111
v 0.033250 -0.012480 -0.057230
v 0.035713 -0.012032 -0.055635
v 0.051193 0.007120 -0.042922
v 0.032036 -0.008899 -0.057025
v -0.046455 0.019486 -0.044977
v -0.045014 0.016793 -0.048898
v -0.048989 0.013724 -0.043406
v -0.060057 0.004934 0.032517
v -0.061773 0.002618 0.029767
v 0.031538 0.033411 0.050543
v 0.035147 0.033391 0.048013
v 0.034009 0.035205 0.047498
v 0.034017 0.029921 0.051136
v 0.039186 0.027274 0.047863
v -0.032955 -0.052905 0.027808
v -0.031221 -0.054163 0.025347
v -0.030291 -0.052953 0.031172
v -0.033703 -0.052683 0.025389
v -0.036523 -0.051973 0.022932
v -0.033922 -0.053042 0.024633
v -0.052237 0.033562 -0.031057
v -0.051658 0.032940 -0.032623
v -0.051194 0.031865 -0.033923
v 0.049328 -0.034912 -0.029564
v 0.051672 -0.030784 -0.027425
v 0.052983 -0.031728 -0.025865
v 0.004144 0.041874 -0.055916
v 0.003716 0.043092 -0.055172
v 0.009279 0.047257 -0.052568
v 0.054187 0.014040 0.038625
v 0.052549 0.014593 0.040864
v 0.004957 0.047214 -0.052563
v 0.004405 0.045570 -0.053493
v -0.044493 0.001930 -0.050987
v 0.006554 0.001137 0.068061
v 0.011776 -0.001317 0.066836
v -0.026531 -0.051730 -0.036580
v -0.028470 -0.050602 -0.037279
v -0.023684 -0.051552 -0.039967
v 0.029858 0.044172 0.046946
v 0.034972 0.043720 0.043965
v 0.030969 0.050458 0.039899
v -0.014084 -0.056422 0.037072
v -0.014982 -0.056990 0.034569
v -0.004057 -0.061321 0.031352
v 0.023728 -0.014724 -0.061876
v 0.024909 -0.014322 -0.061313
v 0.024173 -0.018773 -0.060791
v -0.018436 -0.030340 0.058083
v -0.011523 -0.005877 0.067885
v -0.010608 -0.007597 0.067288
v -0.009975 -0.005087 0.067249
v -0.008099 -0.004495 0.067678
v -0.009751 -0.004505 0.067173
v -0.058501 0.002164 -0.026204
v -0.057024 0.001747 -0.029179
v 0.009500 -0.067289 -0.010775
v 0.011507 -0.065779 -0.007610
v -0.061619 -0.029134 -0.006703
v 0.047563 0.005556 0.049381
v 0.046222 0.002904 0.051557
v 0.047755 0.001015 0.049719
v 0.045959 0.000437 0.051593
v -0.027931 -0.013806 -0.061389
v -0.032500 -0.015933 -0.057679
v -0.059724 0.002333 -0.022356
v -0.059702 0.002520 -0.024573
v -0.043188 -0.031964 0.043631
v -0.039147 -0.036803 0.043048
v -0.038562 -0.035005 0.043840
v 0.029358 0.040665 -0.049172
v 0.026679 0.042218 -0.049598
v 0.030883 0.043425 -0.045875
v -0.061396 0.026815 0.002994
v -0.061078 0.029724 0.000327
v -0.062182 0.026504 0.001177
v -0.061952 0.026277 -0.001543
v 0.017647 0.048428 0.048256
v 0.022647 0.044684 0.049874
v 0.019692 0.050435 0.045513
v -0.055939 -0.014674 0.034478
v -0.057083 -0.014671 0.033081
v -0.058038 -0.015927 0.031335
v 0.000997 -0.064455 0.021071
v 0.000329 -0.064579 0.021509
v -0.045509 0.039648 0.032012
v -0.045289 0.040358 0.030750
v -0.017684 -0.046237 -0.049191
v -0.020615 -0.047990 -0.046442
v -0.021921 -0.063221 0.009488
v -0.022859 -0.062802 0.007268
v -0.020326 -0.064118 0.008922
v 0.059289 -0.009863 -0.029617
v 0.059034 -0.008213 -0.030526
v 0.059676 -0.010105 -0.028507
v -0.027418 -0.059614 0.014457
v -0.032874 -0.057250 0.012161
v -0.025923 -0.060455 0.012391
v 0.024805 -0.010564 0.062491
v -0.056309 0.039902 0.012033
v -0.058084 0.037735 0.007462
v -0.056074 0.039545 0.013533
v 0.061126 0.017251 -0.029353
v 0.062201 0.016454 -0.028525
v 0.059619 0.016846 -0.031552
v -0.061291 0.024108 -0.013590
v -0.060753 0.027785 -0.014165
v -0.060056 0.025340 -0.016521
v 0.028197 -0.019415 -0.056918
v -0.037834 0.020654 0.051878
v -0.000825 0.028506 -0.064578
v -0.000056 0.030598 -0.063342
v 0.003436 0.026558 -0.064938
v 0.030554 -0.029768 -0.051216
v -0.012270 -0.061905 -0.025569
v -0.010304 -0.064015 -0.021002
v 0.020520 0.066128 -0.007698
v 0.019233 0.065221 -0.013392
v 0.018492 0.066342 -0.009595
v 0.067764 0.003903 -0.011290
v 0.069295 0.004152 -0.003950
v 0.067060 0.000273 -0.007521
v 0.064209 -0.023600 0.020341
v 0.063347 -0.027331 0.017303
v 0.064585 -0.021782 0.022557
v 0.003294 -0.067978 0.010226
v 0.005852 -0.067422 0.011517
v 0.008408 -0.067772 0.008411
v -0.008039 -0.027817 -0.061577
v -0.006399 -0.028323 -0.061692
v -0.011408 -0.028477 -0.060617
v 0.033255 0.062686 0.000631
v 0.028294 0.064760 0.002682
v 0.049410 -0.010076 -0.043952
v 0.049292 -0.008027 -0.044415
v 0.028695 0.017367 0.060679
v 0.031439 0.018104 0.057659
v 0.030790 0.020178 0.058163
v -0.037728 0.040986 0.041398
v -0.062151 -0.018297 -0.017544
v -0.061948 -0.023343 -0.014518
v -0.063980 -0.019066 -0.010594
v 0.047286 -0.037653 -0.031500
v 0.047546 -0.034984 -0.033623
v 0.049386 -0.034387 -0.031393
v -0.015216 -0.060379 0.024653
v 0.060082 -0.009857 -0.027757
v -0.007474 -0.024138 -0.063066
v 0.009328 -0.042302 -0.051802
v 0.009830 -0.041115 -0.053347
v -0.049512 0.030822 -0.036686
v -0.047308 0.026778 -0.039530
v -0.050329 0.030218 -0.036210
v -0.050802 0.035376 -0.031393
v -0.050825 0.031484 -0.034751
v 0.060707 -0.006099 -0.026077
v 0.062243 -0.006486 -0.023061
v 0.062432 -0.009384 -0.021947
v -0.024022 0.022916 -0.059721
v -0.015179 0.023498 -0.064124
v -0.018799 0.019663 -0.063949
v 0.056448 -0.032453 0.028046
v 0.057868 -0.029095 0.030198
v 0.054243 -0.033517 0.029163
v 0.054662 -0.035685 0.025314
v 0.056845 -0.034151 0.024456
v 0.051796 0.041003 -0.025629
v 0.049648 0.043692 -0.025972
v 0.051303 0.042875 -0.024039
v 0.020070 0.063470 0.024449
v 0.015425 0.064891 0.021295
v 0.018420 0.062481 0.025356
v -0.038994 0.033425 -0.047242
v -0.036273 0.037150 -0.046199
v -0.033164 0.035443 -0.049645
v 0.061206 0.036170 0.001636
v -0.057941 -0.035070 -0.008346
v -0.059881 -0.032911 -0.002071
v -0.057437 -0.034707 -0.012908
v -0.054939 -0.038237 -0.013645
v -0.033623 0.060382 -0.005795
v -0.035551 0.059541 -0.004941
v -0.039800 0.015948 0.052825
v -0.039398 0.014105 0.053893
v -0.037301 0.014405 0.054617
v -0.014096 0.063438 -0.019979
v -0.016577 0.063874 -0.018394
v -0.015090 0.064072 -0.016868
v -0.033687 0.058657 -0.014581
v -0.033070 0.059547 -0.013607
v -0.030295 0.060521 -0.012969
v -0.036196 -0.055800 0.008084
v -0.034418 -0.056465 0.009002
v -0.014146 0.065049 -0.016424
v 0.061634 -0.029314 0.000882
v 0.063134 -0.024609 0.000685
v 0.063442 -0.027493 0.003688
v 0.004223 0.045858 0.051528
v 0.006988 0.043899 0.053752
v 0.009137 0.046972 0.049763
v -0.008404 0.061631 -0.029930
v -0.005790 0.062025 -0.029869
v 0.021628 -0.055469 -0.031967
v 0.023313 -0.051379 -0.034712
v 0.023510 -0.052427 -0.033260
v 0.023653 0.062365 -0.024456
v 0.020733 0.062389 -0.025807
v 0.027056 0.018725 0.060480
v -0.006257 -0.035514 0.058040
v -0.006050 -0.037390 0.056443
v -0.002543 -0.039430 0.055589
v -0.045977 -0.042696 -0.026931
v -0.044287 -0.044715 -0.026708
v -0.045975 -0.042331 -0.026110
v -0.058163 0.037245 0.002086
v -0.056761 0.040313 0.000265
v -0.057850 0.038929 -0.001401
v -0.016543 -0.042688 -0.052089
v -0.014534 -0.044169 -0.051767
v 0.025357 -0.032031 0.054051
v 0.023002 -0.035538 0.052727
v 0.025739 -0.032803 0.052790
v -0.005822 -0.039215 0.056226
v -0.011292 -0.065587 -0.015335
v -0.008381 -0.065573 -0.014648
v -0.007597 -0.066144 -0.013223
v -0.022617 -0.060619 -0.018935
v -0.019397 -0.060853 -0.021267
v -0.010657 0.012730 0.068380
v -0.020367 0.014433 0.063972
v 0.051952 -0.034036 0.031085
v 0.052965 -0.035939 0.027251
v -0.021879 -0.047705 -0.045864
v -0.020763 -0.044282 -0.049968
v -0.018893 -0.044661 -0.050352
v -0.061870 -0.008383 0.028010
v -0.059676 -0.011596 0.032076
v 0.057333 0.008681 -0.037744
v 0.056711 0.011645 -0.037537
v 0.032453 -0.050561 0.034371
v 0.028476 -0.052315 0.034033
v 0.034777 -0.048005 0.033660
v 0.046211 -0.008784 0.050842
v 0.048518 -0.013993 0.047827
v 0.050660 -0.012942 0.045924
v 0.052867 0.018193 -0.041227
v 0.051137 0.019251 -0.042352
v 0.053639 0.019802 -0.039241
v 0.003938 -0.063122 0.027896
v 0.000558 -0.063262 0.027379
v 0.000039 -0.060796 0.030812
v 0.000419 -0.062203 0.028895
v 0.058353 -0.037800 0.008799
v 0.060855 -0.034092 0.003821
v 0.060437 -0.035766 0.008219
v 0.050095 0.017819 -0.043902
v 0.028317 -0.023593 0.056910
v 0.030394 -0.022077 0.055523
v 0.028969 -0.020826 0.057469
v 0.022126 -0.047031 0.045466
v 0.022622 -0.048761 0.043085
v -0.044938 -0.021840 -0.047100
v 0.027398 -0.051445 -0.033966
v 0.028877 -0.052007 -0.033032
v -0.018488 -0.039785 0.053376
v -0.013605 -0.045201 0.050626
v 0.036297 -0.056581 0.012919
v 0.042524 -0.052902 0.009442
v 0.042579 -0.052495 0.011072
v 0.010564 0.064460 -0.022680
v 0.004057 0.064343 -0.027906
v 0.001320 0.064341 -0.025549
v 0.003077 0.064815 -0.025629
v 0.044374 0.054968 0.014108
v -0.055167 -0.019188 -0.033182
v -0.061622 0.028856 0.008503
v -0.061890 0.029176 0.006110
v -0.062460 0.028648 0.007933
v -0.050130 -0.038015 0.027734
v 0.005713 0.065514 -0.015590
v 0.007474 0.066108 -0.010274
v 0.011695 0.067866 -0.003925
v -0.018192 0.052244 0.041938
v -0.013259 0.053709 0.041718
v -0.013780 0.056217 0.040202
v -0.039094 -0.049161 -0.026762
v -0.042707 -0.046861 -0.025665
v -0.039247 -0.048580 -0.027695
v -0.019815 0.006647 0.066187
v -0.020060 0.008853 0.065725
v -0.020624 0.009652 0.065270
v -0.042117 0.023729 0.047358
v -0.044025 0.024632 0.045677
v -0.010994 -0.054604 -0.039576
v -0.011358 -0.055529 -0.038697
v 0.042876 -0.052898 0.011985
v -0.030627 -0.053299 -0.030097
v -0.029183 -0.054759 -0.029515
v 0.035324 -0.010380 -0.056193
v 0.036651 -0.011941 -0.055042
v -0.066893 0.005833 -0.000063
v -0.067329 0.005027 0.002599
v -0.041000 -0.037533 -0.041272
v -0.041203 -0.039918 -0.038137
v -0.044532 -0.036536 -0.037681
v 0.049792 0.000694 0.048066
v 0.049284 0.006097 0.047658
v -0.032717 -0.052522 -0.030532
v -0.031461 -0.052519 -0.031723
v -0.011003 -0.003236 0.067917
v -0.010681 -0.005374 0.067806
v 0.059412 -0.004315 -0.029164
v 0.060690 -0.009641 -0.026346
v -0.024083 0.030361 -0.055789
v -0.026776 0.026336 -0.055219
v -0.024594 -0.058147 0.022596
v -0.000429 0.067922 0.000693
v -0.039394 -0.034962 0.044875
v -0.037868 -0.035575 0.045422
v -0.000857 -0.003889 0.068096
v -0.001317 -0.005507 0.068224
v -0.005333 -0.004015 0.068382
v -0.004161 -0.006073 0.068173
v -0.003079 -0.005201 0.068359
v 0.026888 -0.012974 0.060386
v 0.029393 -0.018160 0.057278
v 0.068715 -0.002166 0.011682
v 0.068374 -0.002196 0.010319
v 0.069376 0.000358 0.008816
v -0.065873 -0.015732 -0.004439
v -0.065468 -0.012078 -0.006590
v -0.064672 -0.013485 -0.009260
v 0.010251 -0.065165 0.018411
v 0.003297 -0.064130 0.021392
v 0.015334 -0.052100 -0.039917
v -0.057223 -0.024577 0.028800
v -0.056433 -0.020953 0.032422
v -0.058277 -0.021460 0.028486
v -0.045386 -0.030443 0.042930
v -0.044393 -0.030153 0.043429
v -0.013301 -0.053954 0.040427
v -0.015596 -0.050585 0.043847
v -0.019834 -0.051294 0.041097
v 0.044131 -0.050440 0.015296
v 0.043227 -0.051248 0.015528
v 0.045728 -0.048986 0.015668
v -0.022955 0.063017 -0.019746
v -0.023582 0.063043 -0.017795
v -0.053289 0.037645 0.022602
v -0.053617 0.038080 0.021829
v -0.000404 -0.059803 0.033271
v 0.067164 -0.018327 0.010555
v 0.067503 -0.017148 0.010425
v 0.015121 -0.062230 -0.023820
v 0.012893 -0.060714 -0.027922
v 0.015871 -0.061196 -0.027055
v -0.051870 0.000605 0.044542
v -0.062200 0.025759 -0.002678
v -0.061429 0.028689 -0.001725
v -0.061674 0.029789 -0.005384
v -0.039063 0.024067 -0.051272
v -0.039462 0.025016 -0.050826
v -0.038782 0.026172 -0.050454
v 0.041291 -0.009205 -0.052532
v 0.040833 -0.011015 -0.052612
v 0.015675 0.011531 -0.063725
v 0.020047 0.012330 -0.063506
v 0.057632 -0.001238 0.035973
v 0.058045 -0.001167 0.035426
v 0.057983 0.004296 0.036070
v -0.053824 -0.015043 0.037565
v -0.050901 -0.020905 0.040700
v -0.051562 -0.019620 0.040848
v -0.064013 -0.001982 0.024610
v -0.064716 -0.002638 0.022158
v -0.043324 -0.004883 -0.052313
v -0.041841 -0.003307 -0.053726
v -0.040360 -0.005672 -0.054951
v 0.014579 0.067899 -0.004279
v 0.016984 0.067116 -0.003296
v -0.055876 0.036232 -0.020397
v 0.032208 -0.058922 0.014929
v 0.032911 -0.058738 0.016335
v 0.030262 -0.059712 0.014635
v -0.044479 0.051109 -0.016176
v -0.041665 0.052969 -0.016540
v -0.046787 0.047987 -0.017251
v -0.025670 -0.017674 -0.061317
v -0.023455 -0.016702 -0.062455
v -0.023175 -0.019336 -0.061795
v 0.010186 0.026280 0.064994
v 0.006175 0.024031 0.065800
v 0.008222 0.019371 0.066921
v -0.043125 -0.038905 0.037051
v -0.040484 -0.038919 0.040345
v -0.041121 -0.035832 0.042299
v 0.012548 0.025308 0.064868
v 0.010379 0.027495 0.064076
v 0.014947 0.064831 -0.018461
v 0.012932 0.065312 -0.019028
v 0.035512 -0.045083 0.037619
v 0.032445 -0.045487 0.039812
v 0.033410 -0.047966 0.036502
v -0.037730 0.053300 -0.024874
v -0.042985 0.050677 -0.022738
v -0.042287 0.052634 -0.018876
v -0.055279 0.024888 0.031635
v -0.056326 0.028954 0.027012
v -0.057594 0.024382 0.027328
v -0.033238 0.057426 -0.023635
v -0.036708 0.057104 -0.016816
v 0.034104 0.034682 -0.048330
v 0.038794 0.035114 -0.043889
v 0.013136 0.026421 -0.062011
v 0.012736 0.022578 -0.063440
v 0.008217 0.025844 -0.063968
v 0.012245 0.019180 0.066650
v 0.014115 0.017541 0.066479
v 0.017588 0.017010 0.065576
v -0.064736 -0.020587 -0.005696
v -0.065386 -0.020346 -0.000917
v -0.000603 -0.036416 0.057634
v 0.009669 0.060318 -0.035831
v 0.039994 0.000516 -0.054660
v 0.042090 0.003281 -0.053047
v 0.061895 0.034171 -0.004944
v 0.063987 0.028649 -0.007371
v 0.061890 0.034931 -0.005865
v 0.005314 -0.065120 -0.020837
v 0.063183 0.032646 -0.004260
v -0.003292 0.039050 0.057563
v -0.002661 0.040755 0.056158
v -0.005011 0.037163 0.058167
v 0.022434 0.044086 -0.050814
v 0.024630 0.046668 -0.047698
v 0.023735 0.045098 -0.049674
v -0.024665 -0.052407 -0.036033
v 0.035053 -0.030937 -0.048555
v 0.039475 -0.030137 -0.046863
v 0.020635 -0.003593 0.064450
v 0.017859 -0.003212 0.064415
v -0.002526 0.042101 0.055198
v 0.001135 0.042960 0.054362
v -0.002568 0.042702 0.054537
v 0.011901 0.064218 -0.026738
v -0.048778 0.049304 0.011751
v -0.046703 0.051875 0.010362
v -0.049331 0.049494 0.008439
v -0.006594 0.039219 0.055871
v 0.052136 -0.028949 0.036236
v 0.051566 -0.030056 0.035153
v 0.054393 -0.030383 0.033328
v 0.062910 0.023047 -0.023223
v 0.024312 -0.052155 -0.033372
v -0.046376 0.012974 0.046646
v -0.042650 0.014098 0.050851
v -0.045138 0.013703 0.048329
v -0.023835 -0.023307 0.060930
v -0.021740 -0.027986 0.058814
v 0.022570 0.034090 0.057571
v 0.020721 -0.020848 0.061245
v 0.023290 -0.017078 0.061151
v -0.015483 -0.036105 0.055779
v -0.014202 -0.039821 0.054362
v -0.039579 0.036264 0.043947
v -0.037814 0.039374 0.042750
v -0.015622 -0.007069 0.066459
v -0.018162 -0.004458 0.066390
v -0.017480 -0.007649 0.066077
v -0.046613 -0.010634 -0.047813
v -0.044647 -0.011845 -0.049743
v -0.043540 -0.013385 -0.050481
v -0.047895 -0.014164 -0.044947
v -0.046481 -0.016571 -0.045003
v 0.036985 -0.055732 -0.015590
v 0.041437 -0.051669 -0.019467
v 0.041799 -0.052316 -0.016780
v 0.030805 -0.011116 0.060215
v 0.029694 -0.007136 0.061678
v 0.028079 -0.011043 0.061151
v -0.056285 -0.005729 -0.030641
v -0.057212 -0.005952 -0.029543
v 0.028358 -0.031279 0.054174
v -0.049064 0.027506 0.038218
v -0.048620 0.029790 0.036988
v -0.006503 0.000744 0.068788
v -0.007360 0.000798 0.068721
v -0.007018 -0.000431 0.068398
v -0.011364 0.000444 0.068737
v -0.010481 -0.002605 0.068470
v -0.006282 -0.003211 0.068815
v -0.005895 0.000221 0.068835
v 0.003272 0.040647 -0.056444
v 0.003454 0.041370 -0.056127
v 0.055426 0.043955 0.001816
v 0.056482 0.042767 -0.000394
v 0.054441 0.043105 -0.001046
v -0.065664 -0.000122 -0.001718
v -0.064219 0.006062 -0.004313
v -0.063353 0.004329 -0.004677
v 0.020234 0.066245 0.010585
v 0.018609 0.064642 0.021744
v 0.036498 -0.055613 0.009183
v 0.036367 -0.055756 0.001951
v 0.018078 -0.042723 -0.049859
v 0.022353 -0.046207 -0.044527
v 0.020954 -0.046182 -0.043967
v -0.050050 0.015637 0.042569
v -0.052607 0.020607 0.037796
v 0.046698 -0.015549 0.048821
v 0.044240 -0.019837 0.049043
v 0.049049 -0.020159 0.044152
v 0.020693 0.042423 -0.052939
v 0.016451 0.037837 -0.056328
v 0.012197 0.043563 -0.054486
v -0.005844 0.017976 0.067764
v -0.004845 0.018606 0.067168
v -0.008472 0.018147 0.066748
v -0.043047 -0.048837 0.016241
v -0.041040 -0.050361 0.017760
v -0.034951 0.013658 -0.056836
v -0.033838 0.019764 -0.055560
v -0.031985 0.017890 -0.056801
v -0.033215 0.019424 -0.055972
v -0.030270 0.025728 -0.055696
v -0.027926 0.023738 -0.057014
v 0.028458 0.057545 0.031213
v 0.022573 0.060378 0.028873
v -0.059846 0.029083 0.003547
v -0.050254 0.033321 0.028215
v -0.050517 0.032276 0.030696
v 0.013426 0.064241 -0.022525
v 0.015591 0.064570 -0.022788
v 0.025976 0.056981 0.032303
v 0.030636 -0.058120 0.018300
v 0.027913 -0.060411 0.018179
v 0.030619 -0.060041 0.015900
v 0.058821 -0.016267 0.035253
v 0.009346 0.006299 -0.066766
v 0.008629 0.006839 -0.066575
v 0.009658 0.006941 -0.065301
v -0.002993 -0.031443 0.061259
v -0.000084 -0.031696 0.061425
v -0.001163 -0.028433 0.063092
v -0.047130 -0.015320 -0.044698
v 0.054645 0.036060 0.028793
v 0.036737 0.042684 -0.041666
v -0.016410 0.003161 0.067030
v -0.016211 -0.001191 0.067629
v -0.013084 -0.000960 0.067855
v -0.049738 -0.018590 -0.040726
v 0.046934 -0.010064 -0.046409
v 0.046262 -0.010815 -0.047326
v -0.031956 -0.019465 -0.058674
v -0.029828 -0.021073 -0.057722
v -0.031372 -0.021105 -0.057233
v -0.036619 -0.055491 0.008353
v 0.041804 -0.039915 0.037131
v 0.005599 0.047895 -0.052001
v 0.010835 0.048545 -0.050834
v 0.005388 0.049777 -0.050104
v 0.005286 0.050746 -0.049203
v -0.047827 -0.029544 -0.040045
v -0.048860 0.024904 -0.039480
v -0.050743 0.021383 -0.038832
v -0.051832 0.023590 -0.037806
v -0.015060 0.056170 -0.041651
v -0.018481 0.055267 -0.040882
v 0.004444 0.009520 0.069095
v -0.000282 0.014371 0.068550
v -0.000076 0.012542 0.068903
v -0.003315 0.063628 -0.023124
v -0.006303 0.063725 -0.025101
v 0.003792 0.000425 0.068743
v -0.000183 0.000519 0.069075
v -0.000782 -0.000303 0.069081
v 0.046184 0.052103 0.018557
v 0.042604 0.049304 0.029478
v 0.044038 0.046187 0.031935
v 0.045450 0.046732 0.028661
v -0.059133 0.034330 -0.001240
v -0.059224 0.034870 0.001596
v -0.058957 0.035903 -0.000756
v -0.059204 0.033821 0.002580
v -0.059834 0.031545 0.001100
v 0.038998 0.036375 -0.041407
v 0.042295 0.033850 -0.041340
v 0.038512 0.036552 -0.042677
v 0.020271 0.045769 -0.049924
v -0.029576 -0.042832 -0.046378
v -0.030700 -0.041921 -0.047238
v 0.062733 -0.008711 -0.021550
v -0.049173 -0.035298 -0.032499
v -0.050483 -0.035164 -0.030000
v -0.014601 0.039601 0.052137
v 0.046561 -0.030372 -0.035724
v 0.038155 -0.007729 -0.053552
v 0.034275 -0.008761 -0.056122
v 0.051485 0.011983 0.043383
v -0.000143 0.022717 0.066436
v 0.002053 0.020665 0.067086
v -0.063766 0.023685 0.013206
v -0.063956 0.024307 0.009474
v -0.021544 0.028930 0.058273
v -0.024618 0.022427 0.060035
v -0.023664 0.021504 0.060015
v 0.021627 -0.062818 0.007877
v -0.029455 0.035546 0.050811
v -0.029983 0.037303 0.049955
v -0.017412 -0.060505 -0.026283
v -0.015026 -0.062056 -0.022762
v 0.019606 -0.004683 -0.064954
v 0.022047 -0.006951 -0.063651
v 0.020452 -0.006718 -0.065103
v 0.014613 0.013098 -0.064722
v 0.011550 0.006915 -0.065734
v 0.015373 0.000729 -0.065720
v 0.042837 -0.027834 0.046776
v -0.034447 0.040034 0.045159
v -0.048719 0.030353 0.036433
v -0.047648 0.033514 0.035069
v -0.049241 0.030978 0.035602
v -0.053464 -0.039761 0.015914
v -0.053605 -0.036393 0.022656
v -0.056576 -0.035172 0.016774
v -0.066171 0.000979 -0.001375
v 0.023531 -0.060591 0.024162
v 0.018448 -0.062264 0.025963
v 0.023474 -0.061853 0.021406
v -0.052672 -0.041962 0.003748
v -0.049834 -0.045894 0.002775
v 0.006613 -0.020838 0.065731
v 0.012903 -0.018866 0.065118
v 0.011626 -0.013457 0.066473
v -0.024064 -0.013265 -0.062454
v -0.024715 -0.010485 -0.063255
v 0.058566 -0.037995 0.010686
v -0.001206 0.045570 0.052109
v 0.050283 0.003004 -0.044205
v 0.036610 -0.022527 -0.051886
v 0.037132 -0.025278 -0.050978
v 0.035322 -0.024567 -0.051883
v 0.063400 0.029250 0.013333
v 0.060123 0.035597 0.013002
v 0.054276 0.005636 -0.041401
v -0.063537 -0.000151 -0.010585
v -0.013180 0.025200 0.063771
v -0.062951 -0.022341 -0.012007
v -0.061151 -0.025692 -0.014628
v -0.060364 -0.029622 -0.011678
v 0.041504 -0.028237 -0.045114
v 0.045535 -0.023648 -0.044191
v 0.017488 -0.033398 0.057284
v 0.048366 0.006833 -0.046031
v 0.048771 -0.002359 0.049179
v 0.059273 0.006539 -0.034191
v 0.060038 0.006249 -0.032092
v 0.058099 0.001276 -0.031608
v -0.047459 0.037549 -0.035309
v -0.048628 0.037938 -0.032930
v -0.063999 -0.006236 -0.014122
v -0.020468 -0.031799 -0.057612
v -0.020012 -0.030807 -0.057842
v -0.018456 -0.034109 -0.056476
v 0.062912 -0.007978 -0.020255
v 0.063310 -0.007542 -0.018151
v 0.063281 -0.007938 -0.018695
v -0.011470 -0.040332 -0.052657
v -0.062783 0.021022 -0.008678
v -0.062320 0.022011 -0.010949
v -0.064555 0.016735 -0.005439
v -0.008919 -0.039965 -0.054727
v -0.009272 -0.040904 -0.053745
v -0.039270 0.046808 -0.034508
v -0.025326 0.015677 0.059945
v -0.014546 0.056182 0.038198
v -0.014979 0.058040 0.035251
v 0.060654 0.000935 -0.026580
v -0.024080 0.016362 0.061876
v -0.024295 0.019257 0.060359
v -0.024810 0.024334 0.059226
v 0.038714 0.047677 -0.036029
v 0.034930 0.051281 -0.035682
v -0.039839 -0.021025 -0.052639
v -0.040542 -0.018022 -0.051087
v -0.037721 -0.019251 -0.054826
v -0.012037 -0.019746 0.064886
v -0.012801 -0.020526 0.064297
v -0.009991 -0.064882 -0.016890
v -0.013011 -0.064432 -0.018038
v -0.014902 -0.062825 -0.021667
v 0.009521 -0.044974 0.050378
v 0.007492 -0.043290 0.050779
v 0.007376 -0.044866 0.050599
v 0.042191 0.048776 -0.031213
v 0.041413 0.048656 -0.031468
v -0.026532 0.028228 0.056368
v -0.031130 0.026979 0.054693
v -0.027715 0.025460 0.056588
v -0.049438 -0.046233 0.007033
v -0.048659 -0.046856 0.007394
v -0.056156 0.000128 -0.032758
v -0.054351 0.003693 -0.035825
v 0.058854 0.020458 -0.032353
v 0.008457 -0.061284 0.029418
v -0.038870 -0.053395 0.015829
v -0.036369 -0.054142 0.019736
v -0.038078 0.031430 0.048543
v -0.042332 0.030276 0.045073
v -0.052488 0.042192 -0.017429
v -0.049458 0.042815 -0.018236
v -0.055694 0.006116 -0.033005
v -0.055101 0.007354 -0.035755
v -0.043712 0.035834 0.039355
v -0.041961 0.037477 0.039769
v -0.036709 0.030536 -0.050584
v -0.035101 0.031546 -0.049897
v -0.036641 0.029287 -0.050971
v -0.052398 0.035263 0.025861
v -0.046681 0.040572 0.029918
v 0.065270 0.024958 0.013181
v 0.031692 -0.026985 -0.051593
v 0.033677 -0.025237 -0.051725
v 0.061671 0.009955 0.028005
v 0.058826 0.010631 0.032232
v 0.060065 -0.019348 -0.023491
v 0.060203 -0.022421 -0.021094
v 0.059137 -0.019310 -0.025696
v -0.044703 0.051488 0.017131
v -0.046340 0.050002 0.017618
v 0.055027 -0.038957 -0.013204
v 0.058003 -0.035296 -0.010294
v 0.057030 -0.038653 -0.006718
v 0.060646 -0.034260 -0.001528
v 0.059808 -0.030367 -0.010645
v 0.061715 -0.031708 -0.000938
v -0.029063 0.055753 0.028216
v -0.031253 0.055398 0.026501
v 0.000616 0.042962 -0.055195
v -0.004892 0.047727 -0.051261
v -0.059655 -0.023628 0.023726
v -0.061238 0.021402 -0.013332
v -0.059232 0.020238 -0.020920
v -0.061165 0.012006 -0.017464
v -0.059462 -0.002092 0.035839
v -0.060108 -0.003505 0.034742
v -0.046297 0.051909 -0.005227
v -0.047172 0.051789 0.001484
v -0.045189 0.052891 -0.004883
v 0.049428 -0.043453 0.017628
v 0.050465 -0.044835 0.015053
v 0.052182 -0.041274 0.015883
v 0.027946 0.024049 0.058082
v 0.025761 0.055570 0.036489
v -0.046586 -0.008301 -0.048586
v -0.049165 -0.006989 -0.046042
v -0.046691 -0.003130 -0.049249
v 0.023317 -0.026312 -0.058003
v 0.025746 -0.024398 -0.056282
v -0.023953 -0.053296 0.035360
v -0.027250 -0.054582 0.030857
v 0.046011 -0.012136 0.050901
v 0.066245 -0.016825 0.021104
v 0.066373 -0.015423 0.021174
v 0.064165 -0.018877 0.025684
v 0.067711 -0.003271 0.005692
v 0.067515 -0.003570 0.005952
v 0.067832 -0.007456 0.003484
v 0.012610 -0.066897 0.016819
v 0.014780 -0.064025 0.019795
v -0.018126 0.049698 -0.047565
v -0.016809 0.052967 -0.045020
v -0.017150 0.049586 -0.047689
v -0.042109 0.029554 0.046438
v -0.041868 0.027212 0.048307
v -0.039232 0.027684 0.049526
v 0.015811 -0.065755 0.010721
v 0.020097 -0.063183 0.014488
v 0.017762 -0.064335 0.014435
v -0.002680 0.063222 -0.028928
v -0.002380 0.064267 -0.026281
v 0.059141 0.001149 -0.029561
v 0.061981 0.003339 -0.024971
v -0.026506 -0.060186 0.017341
v -0.025272 0.010976 -0.061121
v -0.025927 0.012562 -0.060696
v 0.017213 -0.065297 0.014464
v 0.018392 -0.063723 0.015003
v 0.017790 -0.064312 0.018544
v 0.056074 -0.039516 0.013235
v -0.031558 -0.010863 0.060538
v 0.006435 -0.063884 0.026611
v -0.060873 0.031313 -0.001049
v -0.034378 -0.040299 -0.045217
v -0.031544 -0.043567 -0.044150
v -0.034683 -0.042999 -0.041778
v -0.006493 -0.064541 0.015911
v -0.005329 -0.064760 0.019195
v 0.033592 0.019483 0.056837
v -0.053665 0.026966 0.032006
v -0.052286 0.024188 0.036263
v -0.054745 0.041506 -0.009512
v -0.054119 0.040637 -0.012574
v 0.011595 -0.064100 0.019058
v 0.011209 -0.063428 0.022188
v -0.039112 -0.045841 0.032544
v -0.038774 -0.047617 0.028622
v -0.038126 -0.049636 0.026371
v -0.015408 -0.024596 0.061439
v -0.067143 -0.002001 0.000988
v -0.066599 0.001614 -0.000160
v -0.066893 -0.001128 0.000392
v -0.066294 -0.002840 0.000007
v -0.032807 -0.050774 0.031190
v -0.033481 -0.051454 0.028568
v 0.006716 -0.066862 -0.015331
v -0.008077 -0.046705 -0.048517
v -0.060697 0.024416 0.021776
v -0.061903 0.024155 0.019197
v -0.034215 0.004263 -0.058528
v -0.034844 0.000094 -0.058570
v 0.001548 -0.065324 -0.020992
v -0.001072 -0.065479 -0.018414
v 0.052902 0.047326 -0.009003
v 0.055115 0.045870 -0.007127
v 0.052939 0.046887 -0.010937
v 0.066615 0.016769 -0.012246
v 0.067681 0.015964 -0.008904
v 0.067781 0.013704 -0.011358
v 0.006358 -0.044064 0.051762
v 0.000053 -0.041440 0.055193
v 0.003398 -0.042953 0.053887
v 0.004905 -0.043086 0.052704
v -0.014118 0.000906 0.068215
v 0.000017 0.061189 -0.034592
v -0.003198 0.061754 -0.032412
v 0.000231 0.063079 -0.031402
v 0.059371 -0.025136 -0.017286
v 0.059543 -0.023122 -0.019974
v 0.060857 -0.022165 -0.018704
v 0.058904 0.039215 0.001462
v 0.057515 0.041543 0.000939
v 0.063190 0.021657 0.021517
v 0.002632 0.068383 0.009692
v 0.003389 0.067558 0.006496
v -0.039212 -0.032304 -0.047852
v -0.040697 -0.027987 -0.049725
v -0.037515 -0.031494 -0.050169
v -0.058531 0.032156 0.018199
v 0.068548 -0.006757 0.006638
v 0.068461 -0.005599 0.008154
v 0.068549 -0.006638 0.009044
v 0.009072 -0.041911 0.052843
v 0.029591 -0.015809 0.058922
v 0.031889 -0.017043 0.057607
v 0.008492 -0.067089 0.012676
v 0.009229 -0.067454 0.010291
v 0.005795 -0.058151 0.038242
v 0.006624 -0.060614 0.033635
v 0.055346 0.025388 0.034888
v 0.052697 0.020695 0.039552
v 0.055174 0.019613 0.037424
v -0.013232 0.048542 -0.048779
v -0.030155 -0.058130 -0.018935
v -0.027670 -0.058740 -0.021204
v -0.028075 -0.059423 -0.015580
v 0.055281 0.012044 0.037764
v 0.056695 0.009176 0.036561
v 0.056010 0.014511 0.037283
v 0.058438 -0.001596 0.035103
v 0.022896 -0.064559 -0.005965
v 0.020647 -0.064918 -0.006600
v -0.047835 0.049352 -0.010280
v -0.050638 0.046899 -0.009722
v -0.050908 0.047308 -0.003763
v -0.067487 0.009180 0.007679
v -0.068828 0.004282 0.006611
v -0.067932 0.004334 0.007851
v 0.053589 0.047334 -0.000268
v 0.054599 0.046132 0.001789
v 0.054964 0.045250 0.001935
v 0.054846 0.045190 0.004796
v -0.024429 -0.024669 -0.059285
v -0.025578 -0.023294 -0.058582
v -0.026577 -0.021371 -0.059030
v 0.021947 0.062067 0.026304
v 0.043760 0.049108 0.027081
v -0.011874 0.052075 -0.045876
v -0.015465 0.054674 -0.043568
v -0.057554 0.039379 -0.001795
v -0.056309 0.040858 -0.001454
v -0.057047 0.040215 -0.001633
v 0.026733 -0.057350 0.027092
v -0.045143 0.025524 -0.045856
v -0.048563 0.019504 -0.041791
v 0.029897 -0.045343 0.041889
v 0.031717 -0.047133 0.038575
v 0.009049 -0.057575 0.038587
v 0.005540 -0.067352 -0.012877
v 0.046821 -0.035294 -0.034543
v 0.045567 -0.036113 -0.034568
v 0.045910 -0.040491 -0.030703
v -0.020492 0.009250 -0.064434
v -0.019445 0.006100 -0.064974
v -0.040884 0.013330 0.053323
v 0.048306 -0.010460 -0.044423
v 0.047849 -0.009905 -0.044600
v 0.050083 0.000628 -0.044207
v 0.062633 -0.011000 -0.019974
v 0.063156 -0.008301 -0.020627
v -0.019881 0.040541 -0.053796
v -0.019213 0.038513 -0.054641
v -0.022653 0.037289 -0.053901
v -0.029040 -0.059389 0.003013
v -0.028260 -0.059493 0.009417
v -0.034170 0.011134 -0.057613
v -0.032724 0.008522 -0.059171
v -0.024513 0.031286 -0.055367
v 0.051291 -0.024286 -0.035134
v 0.051307 -0.021730 -0.037014
v 0.054657 -0.004198 -0.039238
v 0.054406 -0.002473 -0.040775
v -0.006678 -0.010255 0.067014
v -0.000862 -0.010199 0.067710
v 0.028988 -0.060436 0.009215
v -0.046244 0.026087 0.042553
v -0.046866 0.022883 0.041512
v 0.019627 -0.064128 0.004243
v 0.038384 -0.054477 0.015628
v 0.039108 -0.053976 0.015521
v 0.015329 -0.064925 0.018381
v 0.015481 -0.066261 0.013984
v 0.065241 -0.003430 -0.008729
v 0.065800 -0.005416 -0.006469
v 0.065541 -0.005529 -0.007410
v -0.008288 0.022407 0.065515
v -0.003892 0.025729 0.064979
v -0.007091 0.025406 0.064661
v 0.034785 -0.033007 0.049183
v 0.035154 -0.033986 0.048209
v 0.044889 0.004246 0.051688
v -0.022301 0.062137 -0.025977
v -0.018212 0.062488 -0.026472
v -0.020240 0.060176 -0.030631
v -0.023011 0.060663 -0.028518
v -0.050873 0.044704 0.018104
v -0.049591 0.046443 0.017792
v -0.052393 0.043361 0.018025
v 0.006756 -0.039834 -0.054965
v 0.010090 -0.039556 -0.054310
v 0.016114 0.041149 0.054426
v 0.020493 0.040038 0.054547
v 0.019209 0.042316 0.052910
v 0.035203 0.060713 0.015597
v -0.061861 -0.000854 0.031491
v -0.060962 -0.003617 0.032313
v -0.060087 -0.003646 0.032841
v 0.010813 0.066409 -0.016131
v 0.039408 0.053289 -0.021230
v 0.038508 0.054985 -0.021236
v -0.038219 0.011916 0.055531
v 0.046016 0.018144 0.046201
v 0.041499 0.022768 0.049635
v -0.067566 0.003467 0.001586
v -0.066696 0.002623 0.000043
v 0.057959 -0.011066 0.037159
v 0.006138 0.065976 -0.019225
v 0.005595 0.065493 -0.017122
v -0.049628 -0.036791 -0.028206
v -0.048054 -0.038468 -0.030353
v -0.049492 -0.038171 -0.028307
v 0.014544 0.057483 0.036299
v -0.020896 0.064467 -0.006243
v 0.045236 0.056417 0.000199
v 0.043479 0.057540 -0.000377
v -0.041880 -0.030541 -0.046026
v -0.043555 -0.030348 -0.044009
v -0.014729 0.065376 0.006981
v -0.012311 0.066397 0.008700
v 0.000590 -0.047779 0.049620
v -0.002779 -0.047591 0.050305
v 0.000372 -0.048372 0.049178
v 0.040090 -0.044420 -0.033059
v 0.035630 -0.027972 -0.050616
v 0.052505 -0.009261 -0.039013
v 0.053621 -0.005884 -0.039056
v 0.053707 -0.009585 -0.037772
v 0.017241 -0.007101 -0.065548
v -0.050989 0.038558 -0.026401
v -0.050979 0.041031 -0.022501
v 0.036686 0.023080 0.053045
v 0.015268 0.067547 -0.003723
v 0.013831 0.067844 -0.003566
v 0.036361 -0.051789 0.026069
v 0.006164 0.064330 -0.028044
v 0.012451 -0.067032 0.008763
v 0.014283 -0.066709 0.011931
v 0.009144 -0.067337 0.012825
v -0.057973 0.024849 -0.023524
v -0.056910 0.031573 -0.022963
v -0.053888 0.024634 -0.032858
v 0.069074 0.001925 0.003447
v 0.069504 0.002278 0.005453
v 0.069478 0.000621 0.004835
v 0.024403 -0.052460 0.037511
v -0.032278 0.004823 -0.059957
v -0.020705 0.004041 0.066324
v -0.023584 -0.005113 0.065141
v -0.041885 -0.042255 -0.033994
v -0.035423 -0.045906 -0.036951
v -0.035356 -0.047436 -0.034384
v -0.023648 0.064403 -0.006990
v -0.024530 0.064426 -0.003844
v -0.021624 0.064511 -0.006610
v -0.028833 0.053880 0.030186
v -0.027715 0.056350 0.027812
v -0.024762 0.064140 -0.007502
v -0.024857 -0.060664 -0.010668
v -0.027681 -0.060398 -0.008937
v 0.013920 0.061920 0.027517
v -0.053254 -0.041148 0.000704
v -0.055308 -0.040458 -0.002149
v -0.054843 -0.040937 -0.003329
v 0.046639 -0.006541 -0.048619
v 0.045427 -0.007055 -0.049008
v 0.043863 -0.004243 -0.049777
v 0.061170 -0.031634 0.001359
v 0.061892 -0.032928 0.004854
v 0.004127 0.065987 0.021367
v 0.002685 0.067000 0.015547
v -0.039967 0.051787 -0.025129
v -0.043582 0.049239 -0.024182
v -0.051618 0.034316 0.027028
v -0.050664 0.033370 0.028050
v -0.004132 0.009615 -0.069425
v -0.001736 0.011904 -0.069528
v -0.001547 0.010434 -0.069244
v 0.013976 0.025259 0.064373
v -0.061482 0.003229 -0.019269
v -0.047352 0.046737 0.023676
v -0.044732 0.047826 0.023604
v -0.047329 0.027101 0.038661
v 0.003089 0.067529 0.005587
v 0.030122 0.052467 -0.037285
v 0.028800 0.051284 -0.040276
v 0.026951 0.053650 -0.037773
v 0.005879 0.056693 -0.042332
v -0.068484 0.001730 0.011252
v -0.067321 -0.001407 0.013640
v -0.024052 -0.048646 0.042337
v -0.018370 -0.048220 0.045913
v 0.065898 0.021224 -0.011113
v -0.003345 0.034636 0.060862
v -0.061894 -0.028070 0.010325
v -0.060585 -0.028934 0.013670
v -0.062758 -0.025478 0.009310
v -0.007219 -0.011339 0.066915
v 0.047606 0.002085 -0.048522
v 0.043733 0.001074 -0.051583
v 0.043723 0.005172 -0.051589
v 0.060487 -0.027930 -0.004423
v 0.027635 -0.026207 -0.054076
v -0.053257 -0.041521 0.005511
v -0.052754 -0.041966 0.005746
v -0.039971 0.048466 0.027966
v -0.044281 0.046086 0.026769
v -0.044935 0.044715 0.028447
v 0.004257 0.066350 -0.006026
v 0.002096 0.066989 -0.006122
v -0.001938 0.067798 -0.004056
v 0.001421 0.067044 -0.006227
v 0.004875 0.065596 -0.011592
v 0.000768 -0.019007 -0.065375
v 0.003766 -0.019168 -0.065594
v 0.000861 -0.020923 -0.064868
v 0.013135 -0.004565 -0.065792
v -0.009093 -0.024358 -0.062704
v 0.056343 -0.036026 0.022241
v 0.055653 -0.038064 0.019136
v 0.057045 -0.037067 0.017689
v -0.044325 -0.032658 0.042569
v 0.004159 0.065051 -0.016830
v -0.027101 0.061151 -0.021633
v -0.027463 0.061695 -0.019104
v -0.025501 0.062219 -0.019047
v -0.028921 0.060962 -0.016516
v -0.031322 0.026982 -0.054208
v 0.019476 -0.038640 0.052145
v 0.022928 -0.036915 0.053488
v 0.017841 -0.039478 0.053561
v -0.061917 -0.029622 0.005692
v -0.059790 -0.033454 0.003064
v -0.059326 -0.034387 0.003439
v 0.040244 -0.016823 0.053565
v 0.043107 -0.016890 0.051203
v 0.041608 -0.014237 0.053129
v 0.004011 -0.068336 0.008000
v 0.060575 -0.026959 0.026429
v 0.059558 -0.030568 0.025713
v 0.012993 0.065870 0.018401
v 0.013576 0.066945 0.016339
v 0.011802 0.067363 0.014826
v 0.060300 -0.033272 0.015683
v 0.059015 -0.035338 0.013335
v 0.060614 -0.033068 0.013423
v 0.062620 0.033821 0.001595
v -0.055210 0.017215 0.035198
v -0.055910 0.014954 0.035448
v -0.021298 0.009864 0.064825
v -0.022720 0.007174 0.065197
v -0.050269 0.041712 -0.024390
v 0.004672 -0.041901 -0.053721
v 0.003527 -0.043621 -0.051512
v -0.053225 0.023331 -0.034739
v -0.052453 0.022010 -0.037226
v -0.064512 -0.018797 0.010357
v -0.065090 -0.019357 0.008249
v -0.018550 -0.050351 -0.043542
v -0.007051 0.060904 -0.030553
v -0.015352 -0.034052 -0.058034
v -0.016655 -0.035103 -0.056011
v 0.024575 -0.063918 -0.006725
v 0.026651 -0.063251 -0.005218
v 0.065787 0.025510 0.009370
v 0.066704 0.022764 0.009734
v -0.055645 -0.010015 0.038584
v -0.054790 -0.012306 0.038188
v -0.054726 -0.008971 0.039650
v -0.022173 0.064273 0.008238
v -0.020483 0.063197 0.014029
v 0.047124 -0.002207 0.050596
v 0.017077 0.020490 -0.061000
v 0.015638 0.021584 -0.061652
v 0.018891 0.029371 -0.057385
v 0.035133 -0.056800 0.016646
v 0.033648 -0.058004 0.015004
v 0.034504 -0.057374 0.015261
v -0.015326 -0.063178 0.016536
v -0.041356 -0.053301 -0.004568
v -0.038128 -0.055577 -0.001582
v -0.020374 0.047906 0.044620
v -0.016916 0.047881 0.045745
v -0.016787 0.050082 0.045112
v -0.006618 0.005800 0.069497
v -0.012362 0.003224 0.068372
v 0.061749 0.012895 0.027897
v -0.042961 -0.017584 -0.048904
v -0.005236 0.063598 -0.022675
v -0.054191 -0.019332 0.036085
v -0.052919 -0.020017 0.038538
v 0.011853 -0.040391 0.052897
v 0.015080 -0.038460 0.054105
v 0.063839 -0.018472 -0.010671
v 0.065277 -0.017182 -0.007770
v 0.046423 -0.044278 0.020652
v 0.043031 -0.047306 0.021435
v -0.012360 -0.065017 -0.006782
v -0.012217 -0.065679 -0.004436
v 0.021766 -0.022090 0.059949
v 0.024945 -0.018602 0.059487
v -0.053465 0.043563 -0.010383
v -0.052980 0.044691 -0.007003
v 0.063531 -0.007477 -0.017413
v 0.063848 -0.010487 -0.017398
v 0.005468 -0.064089 0.025037
v -0.025363 0.012755 0.062504
v 0.018787 0.066871 -0.002979
v 0.017467 0.067217 -0.002979
v -0.024538 -0.054883 -0.033106
v 0.046639 -0.032540 0.037824
v -0.050557 0.022500 0.038524
v 0.067671 -0.003422 0.002921
v 0.067310 -0.001820 0.000098
v 0.069147 0.001890 -0.000493
v 0.007687 0.068421 0.006600
v 0.003592 0.067333 0.004677
v 0.061867 0.010166 -0.030344
v 0.063174 0.012290 -0.027722
v 0.000544 -0.062312 -0.028055
v -0.043211 0.027140 -0.046496
v -0.042624 0.026499 -0.047582
v -0.056890 -0.037011 -0.001555
v -0.055884 -0.038832 0.000538
v -0.006577 0.056058 -0.043024
v -0.007305 0.055968 -0.042682
v 0.005691 -0.022637 0.064413
v 0.008611 -0.023695 0.064678
v -0.039666 0.054993 0.016806
v 0.021994 -0.049547 -0.039437
v 0.043896 -0.010137 -0.050057
v 0.048232 -0.005727 -0.046356
v -0.023584 0.009240 -0.062174
v 0.003747 -0.015678 -0.066297
v 0.002313 -0.017835 -0.066070
v -0.041040 -0.045527 0.031111
v -0.040456 -0.048640 0.022850
v -0.037696 -0.050089 0.023563
v 0.056700 0.041857 -0.009850
v 0.055307 0.042978 -0.013775
v 0.001389 -0.012932 0.067505
v -0.046651 -0.047942 0.010240
v -0.047102 -0.048152 0.007134
v -0.045664 -0.049131 0.007278
v -0.042365 -0.020374 -0.050884
v -0.045721 -0.020585 -0.047009
v -0.029893 -0.000726 -0.061484
v 0.016658 0.013850 0.066376
v -0.007633 -0.060650 -0.030834
v -0.004908 -0.060013 -0.032620
v 0.034367 -0.043396 -0.040129
v 0.037955 -0.042814 -0.037136
v 0.057421 0.030796 0.027936
v 0.057963 0.025688 0.029410
v 0.061439 0.022362 0.024807
v 0.061068 -0.034818 0.002060
v 0.001030 -0.026798 -0.061931
v -0.010720 0.003082 -0.068735
v -0.015739 0.002927 -0.066803
v -0.011427 0.004606 -0.067861
v -0.005794 -0.056289 0.039174
v -0.004258 -0.058912 0.035336
v -0.000896 -0.058181 0.036964
v -0.018206 -0.058633 -0.030133
v -0.015487 -0.058392 -0.030399
v -0.013267 -0.062520 -0.024580
v 0.000859 -0.043337 0.053925
v 0.021837 -0.033696 -0.052640
v 0.049848 0.049773 0.015444
v 0.052289 -0.019473 -0.037936
v 0.051125 -0.019249 -0.039594
v 0.051656 -0.015270 -0.040272
v -0.026090 0.050095 0.039688
v 0.038908 0.012914 -0.053876
v -0.058297 -0.023911 -0.023869
v -0.054683 -0.030148 -0.027111
v -0.058915 -0.023915 -0.022245
v 0.058758 -0.009516 -0.031398
v -0.003761 -0.042626 0.053972
v -0.007435 -0.048119 0.049341
v -0.053882 0.043901 0.005932
v -0.056481 0.039864 0.006978
v -0.053892 0.043286 0.011222
v -0.005900 0.005274 -0.068679
v -0.018564 0.064623 -0.009644
v 0.057991 -0.004755 -0.032518
v -0.053643 0.013166 -0.037286
v -0.049860 0.018519 -0.041137
v -0.051615 0.012745 -0.039308
v -0.063771 -0.019256 0.012238
v -0.063192 -0.017317 0.011263
v -0.063867 -0.018334 0.010884
v 0.013037 0.033238 0.060879
v 0.013507 0.029227 0.063092
v 0.056186 -0.009006 -0.034948
v 0.010554 0.067818 0.003860
v 0.009521 0.067630 0.007358
v 0.011084 0.068204 0.006292
v -0.026085 0.048520 0.040883
v -0.027959 0.049346 0.038193
v -0.069274 -0.003391 0.010894
v -0.067517 -0.004992 0.010668
v -0.068904 -0.005235 0.012227
v 0.027080 0.034614 -0.052234
v 0.031831 0.034532 -0.049582
v 0.027500 0.032968 -0.052794
v 0.040420 0.003727 0.055519
v 0.040420 0.006727 0.055167
v 0.038192 0.008202 0.056867
v -0.029900 0.059677 0.018143
v -0.030584 0.059974 0.015782
v -0.007372 0.036115 0.058187
v -0.053748 -0.009561 -0.037102
v -0.051385 -0.015597 -0.039492
v 0.068730 -0.011665 0.005833
v 0.066999 -0.016495 0.006574
v -0.054615 -0.009264 -0.037115
v 0.007893 -0.048246 0.048533
v 0.022664 -0.004285 0.063111
v 0.021927 -0.003996 0.063542
v -0.019983 -0.008471 -0.065439
v 0.061014 0.036420 -0.009357
v 0.059912 0.037354 -0.010438
v 0.060652 0.037418 -0.007546
v -0.009387 -0.067643 0.002250
v 0.034585 -0.010694 -0.056252
v -0.057631 -0.017845 0.030849
v -0.017301 -0.065773 0.005397
v -0.016148 -0.066174 0.003334
v -0.014656 -0.066918 0.003997
v 0.020494 -0.014739 -0.062747
v 0.021099 -0.018059 -0.061863
v 0.015551 -0.016276 -0.064362
v -0.016410 0.027417 0.060098
v -0.013652 0.018370 -0.066347
v -0.010817 0.023314 -0.065707
v 0.065283 -0.011159 0.026317
v 0.065719 -0.014983 0.024420
v -0.014542 -0.023407 -0.061888
v -0.010657 0.067162 -0.005886
v -0.012058 0.067048 -0.006141
v 0.045752 -0.016281 -0.045654
v 0.045936 -0.016858 -0.046880
v 0.044818 -0.015072 -0.047426
v -0.012771 -0.018970 -0.064167
v -0.012096 -0.013869 -0.065791
v -0.022468 0.057697 -0.035114
v -0.026351 0.057081 -0.031971
v 0.023111 0.040391 -0.053295
v 0.024561 0.037347 -0.053749
v 0.022644 0.035293 -0.055018
v -0.041562 0.048001 0.026973
v 0.049730 0.033663 0.036824
v 0.050545 0.033288 0.035585
v -0.057199 -0.036122 0.003911
v -0.056787 -0.037224 0.003784
v -0.001923 0.043882 0.054189
v -0.061483 0.028089 -0.001524
v -0.061687 0.027095 -0.001664
v 0.028314 0.021351 0.058466
v 0.031531 -0.020332 -0.053107
v 0.031710 -0.017974 -0.053659
v 0.009109 -0.053153 0.043661
v 0.027727 -0.062702 0.002099
v 0.034040 0.014563 0.058107
v 0.034364 0.015846 0.057430
v 0.040037 0.048028 -0.034852
v 0.034207 -0.057256 0.013775
v 0.031764 -0.059222 0.011420
v -0.001688 0.012540 -0.069146
v 0.056298 0.043144 0.001851
v -0.052789 -0.013146 0.040746
v 0.033181 -0.058020 0.009511
v -0.016553 -0.062447 -0.021785
v -0.001581 -0.042557 -0.053384
v 0.003522 -0.042260 -0.053542
v 0.003026 -0.043920 -0.051420
v 0.004023 0.006509 -0.067831
v 0.008733 0.005705 -0.067355
v 0.002220 0.005134 -0.068791
v 0.019542 0.066933 -0.002389
v 0.020915 0.066939 -0.000206
v 0.021937 -0.009619 -0.064216
v -0.013651 -0.006575 0.067432
v 0.065028 -0.023963 0.005036
v 0.064131 -0.027637 0.005990
v 0.065502 -0.020436 0.002669
v 0.066196 -0.020280 0.007288
v 0.004262 -0.023489 0.065038
v 0.003005 0.053196 0.045025
v 0.001232 0.056331 0.040992
v -0.021348 -0.054871 -0.031628
v -0.020906 -0.055235 -0.032797
v 0.049112 0.035498 -0.034667
v 0.049569 0.037856 -0.031985
v 0.052336 0.033291 -0.031780
v 0.063394 -0.021766 -0.000770
v 0.039923 -0.027077 -0.048275
v 0.038605 -0.021453 -0.051461
v 0.065596 -0.016972 0.001160
v 0.005805 0.064523 -0.025603
v 0.006003 0.064878 -0.024238
v 0.044658 0.007920 0.051713
v -0.012765 -0.063352 0.015567
v -0.011391 -0.065923 0.010628
v 0.030941 -0.012965 -0.058259
v -0.047018 0.028377 0.039080
v -0.047223 0.028426 0.038658
v 0.048544 0.016741 0.043000
v -0.056570 0.038157 -0.008214
v -0.056853 0.038622 -0.007135
v -0.055895 0.038965 -0.009613
v 0.000523 -0.003743 0.068006
v -0.008179 0.055028 -0.044174
v 0.068154 -0.001205 0.006666
v 0.067829 -0.001670 0.006674
v 0.068375 -0.000702 0.006223
v 0.060012 0.023204 -0.028857
v 0.061041 0.024346 -0.026563
v 0.061577 0.021821 -0.026421
v -0.007125 0.051552 -0.047411
v -0.007851 0.052207 -0.047186
v -0.028165 0.023981 0.056404
v -0.031722 0.022638 0.055535
v -0.028108 0.018889 0.058040
v 0.023680 0.053032 -0.040668
v 0.023522 0.050649 -0.044091
v -0.026449 -0.040850 0.049476
v -0.027221 -0.041634 0.048388
v 0.024150 0.048969 -0.045217
v 0.020272 0.048929 -0.047364
v -0.010789 0.055495 0.039644
v -0.031411 0.024803 0.054944
v 0.059008 0.026050 -0.028410
v 0.055857 0.028302 -0.031616
v 0.058758 0.028086 -0.026003
v -0.008935 0.057313 0.037296
v -0.056969 -0.036472 0.011406
v -0.023836 0.064133 0.000511
v -0.021570 0.065258 0.003523
v -0.033468 0.015207 0.057480
v 0.048783 0.040179 0.032552
v 0.044732 0.041951 0.036317
v 0.047993 0.036995 0.035681
v -0.051116 0.020807 0.039337
v -0.060648 0.032113 -0.008547
v -0.060703 0.031622 -0.011092
v -0.051640 -0.018419 0.041562
v -0.054120 -0.013276 0.038751
v -0.011112 0.031030 -0.061898
v -0.002700 0.026753 -0.065564
v -0.001391 -0.014730 0.067026
v 0.058134 -0.000357 -0.030753
v 0.067307 0.003997 -0.013540
v -0.024720 -0.060044 0.018754
v -0.023479 -0.061468 0.017488
v -0.063375 0.011018 -0.010190
v 0.061312 -0.033761 0.010756
v 0.063353 -0.030399 0.006982
v 0.011602 -0.051820 0.043519
v 0.001656 0.065617 0.023329
v -0.001188 0.066355 0.020216
v 0.054404 0.017638 0.038515
v -0.037418 0.056477 0.016203
v 0.065975 0.002814 -0.017515
v -0.000740 -0.024087 0.064901
v 0.041981 -0.023234 0.049808
v 0.042392 -0.023757 0.049008
v 0.042441 -0.022069 0.049043
v -0.050187 -0.021483 -0.038735
v -0.051140 -0.021954 -0.037448
v -0.062141 -0.005873 0.028482
v -0.041660 -0.036600 -0.042360
v -0.043896 -0.032092 -0.042675
v -0.038662 -0.035302 -0.046053
v 0.000090 -0.038584 0.056603
v 0.000248 -0.037174 0.057188
v -0.066162 -0.012605 0.011973
v -0.067027 -0.011123 0.011747
v 0.015986 -0.065411 -0.009385
v 0.018015 0.064098 -0.019826
v 0.021152 0.064177 -0.019232
v -0.008889 -0.058120 0.035842
v 0.036116 -0.019572 0.054585
v 0.034873 -0.022060 0.052939
v 0.038330 -0.019366 0.053202
v 0.065115 -0.008781 -0.011838
v 0.064335 -0.006061 -0.014698
v 0.064497 -0.005700 -0.013076
v -0.058539 -0.014878 0.030278
v -0.024898 -0.059892 -0.019948
v -0.023388 0.057004 0.032455
v 0.047457 0.026373 0.042222
v 0.043054 0.026218 0.044916
v -0.049796 -0.038930 -0.024511
v -0.049801 -0.042619 -0.020142
v -0.010349 -0.067242 -0.006417
v -0.010138 -0.067632 -0.004641
v 0.050964 0.019340 -0.041746
v -0.032357 -0.048421 0.036262
v -0.035675 -0.047382 0.034043
v 0.042494 -0.029186 0.045911
v -0.020856 0.032407 -0.058112
v -0.023878 0.027896 -0.058208
v -0.048383 -0.031166 0.038395
v -0.046574 -0.034466 0.037734
v 0.050516 -0.027441 0.038395
v 0.032619 0.020986 -0.055557
v 0.025750 0.024877 -0.057382
v 0.027845 0.026164 -0.055512
v 0.031820 0.025948 -0.053006
v 0.066047 -0.003524 -0.006920
v -0.019355 0.047213 0.046684
v -0.018440 0.044869 0.048886
v -0.052008 -0.043176 -0.010411
v 0.012951 0.003259 -0.065754
v 0.060945 0.032599 -0.013084
v 0.060946 0.030058 -0.017195
v 0.058484 0.034464 -0.015989
v 0.022433 -0.024249 -0.058474
v 0.021705 -0.026500 -0.058083
v 0.030627 -0.030973 -0.049582
v 0.031499 -0.033223 -0.048043
v -0.036244 0.005292 -0.057081
v -0.032179 -0.057523 0.008917
v -0.032429 -0.057349 0.010002
v -0.056510 0.009700 0.036950
v -0.055459 0.004150 0.040311
v -0.026057 -0.022511 0.060515
v 0.008557 0.022239 -0.065018
v 0.002776 -0.067222 -0.013251
v -0.009737 0.052290 0.043688
v -0.004028 0.052395 0.045312
v -0.009380 0.054034 0.042006
v 0.034769 0.061923 -0.003482
v 0.035448 0.061657 0.002022
v 0.067051 -0.009206 0.003809
v 0.067903 -0.009824 0.005302
v -0.016560 0.005865 -0.065323
v -0.019025 0.010857 -0.064930
v -0.017001 0.011634 -0.066003
v -0.045846 -0.049655 -0.004282
v -0.047498 -0.048761 -0.007045
v -0.043326 -0.051782 -0.003831
v -0.029810 -0.043580 0.044805
v 0.012320 0.047401 -0.051859
v 0.015219 0.046459 -0.051681
v 0.045352 0.030950 -0.041135
v 0.041934 0.035710 -0.040990
v 0.047944 0.029908 -0.040163
v 0.060827 0.001775 0.032058
v 0.061609 -0.000684 0.030150
v 0.062411 -0.000950 0.029169
v -0.026142 0.063193 -0.005468
v -0.025698 0.063620 -0.007495
v 0.054488 0.000170 -0.041584
v -0.051445 -0.044350 -0.009498
v -0.046417 -0.049201 -0.009362
v 0.060467 -0.024656 -0.015456
v -0.006803 -0.063981 0.019597
v -0.005571 -0.063909 0.022412
v 0.023798 -0.003888 0.062770
v -0.051068 -0.022548 0.040372
v 0.015969 -0.002460 0.064740
v 0.017129 -0.002661 0.064305
v 0.018861 0.000672 0.064800
v 0.054265 0.004048 -0.041031
v 0.017522 -0.039736 -0.051996
v -0.046995 -0.046757 0.013715
v -0.044802 -0.047767 0.014378
v -0.049784 0.048259 0.014924
v -0.050275 0.046953 0.014079
v 0.052897 0.040796 0.025344
v 0.001305 -0.044920 0.053054
v 0.004336 -0.045007 0.052461
v -0.038305 0.030305 -0.049728
v -0.037700 0.027550 -0.050460
v -0.026173 0.063058 -0.007730
v -0.027228 0.062750 -0.007197
v 0.038712 -0.049100 0.026772
v 0.036329 -0.049759 0.028900
v 0.065123 -0.025438 0.007656
v 0.064398 -0.026065 0.012110
v 0.063839 -0.027364 0.012098
v -0.011145 0.033430 0.058781
v 0.026710 -0.020543 0.058734
v -0.063992 0.013508 0.021403
v -0.066228 0.014742 0.013414
v -0.004969 0.007905 -0.069487
v -0.065486 -0.019740 0.002178
v 0.002701 0.068225 0.011160
v 0.008791 0.068255 0.007222
v -0.056056 -0.031908 -0.022285
v -0.054907 -0.034328 -0.021658
v -0.055335 -0.035831 -0.018486
v -0.053167 0.041585 0.019126
v -0.055060 0.038628 0.018309
v -0.034620 -0.006088 0.059451
v -0.040570 -0.002239 0.055331
v 0.010236 -0.059763 0.035043
v 0.010681 -0.061430 0.031630
v 0.014348 -0.060042 0.030976
v 0.019256 0.059356 -0.034178
v 0.021293 0.059997 -0.031591
v 0.046642 0.051577 0.016865
v -0.013274 -0.045239 -0.048546
v -0.011607 -0.042789 -0.050832
v -0.059268 -0.013788 0.031152
v 0.027081 -0.061066 0.017390
v 0.026029 -0.059337 0.021151
v 0.054170 -0.035844 -0.019689
v 0.020729 -0.022167 -0.061628
v -0.053329 0.033243 -0.029435
v 0.047564 -0.049625 -0.007866
v 0.042578 -0.052873 -0.010151
v 0.046665 -0.001303 -0.048043
v 0.039921 0.042644 0.040414
v 0.037491 0.039165 0.043279
v 0.038876 0.036734 0.042738
v -0.016227 -0.026136 -0.060019
v -0.019956 -0.023586 -0.060580
v -0.001040 -0.057376 0.038552
v -0.000724 -0.058662 0.035946
v 0.012321 -0.013977 0.066234
v -0.040841 -0.032224 0.046218
v -0.043515 -0.030970 0.044113
v 0.066552 0.014384 -0.015232
v 0.066651 0.017497 -0.013777
v 0.067037 0.013890 -0.014166
v 0.021003 0.063981 -0.016169
v 0.015097 0.054079 0.041064
v 0.019246 0.054700 0.040089
v 0.047979 0.000228 -0.047896
v -0.063257 -0.007706 -0.015569
v 0.019606 -0.007062 0.064014
v 0.019063 -0.011080 0.064068
v 0.065663 0.025623 -0.007230
v 0.067172 0.020618 -0.006590
v 0.047072 0.044739 0.028350
v 0.011594 -0.067377 -0.011598
v -0.042461 0.055352 -0.003492
v -0.041071 0.056555 0.000577
v -0.040755 0.057247 0.000165
v -0.043739 0.054887 0.008177
v -0.044632 0.053101 0.012118
v 0.047168 0.049864 -0.021351
v 0.050532 0.047385 -0.018690
v 0.062760 0.019593 -0.025430
v -0.014900 0.040852 -0.054965
v -0.011463 0.041621 -0.055050
v 0.024653 0.012256 0.063075
v -0.039701 -0.036691 -0.043609
v -0.037918 -0.038628 -0.043605
v -0.008191 0.044151 -0.052894
v -0.017321 -0.056596 0.034210
v 0.067987 -0.002379 0.008328
v 0.068105 -0.002369 0.009570
v 0.021404 -0.042391 0.050137
v 0.026669 -0.040405 0.049303
v 0.061305 -0.020415 -0.018954
v -0.016897 0.063285 -0.024676
v -0.020578 0.063009 -0.023621
v 0.020257 -0.056874 -0.031005
v -0.056854 -0.006170 -0.032867
v 0.030008 0.058328 0.028165
v 0.031883 0.058341 0.026387
v -0.052480 0.008136 -0.038984
v -0.059742 0.001110 0.034807
v -0.060161 -0.001197 0.034255
v -0.019834 -0.028318 -0.059563
v -0.040262 0.001457 -0.054299
v -0.012640 -0.066918 0.004628
v 0.063166 0.000830 -0.022128
v 0.019049 -0.050610 0.043073
v 0.013417 -0.049210 0.045699
v -0.054556 -0.032009 -0.025437
v 0.058502 0.003487 0.034171
v 0.057532 0.007223 0.035732
v 0.013449 0.041861 0.053507
v 0.015112 0.045388 0.051263
v 0.001711 -0.068094 -0.012117
v -0.001214 -0.067270 -0.012762
v 0.057660 -0.014945 0.036544
v 0.059169 -0.009782 0.034818
v 0.057130 -0.012691 0.036382
v 0.055230 -0.039981 0.013723
v 0.026062 -0.018735 -0.059376
v -0.067088 -0.011806 0.005555
v -0.066735 -0.009158 0.005059
v -0.009913 -0.018851 -0.064591
v -0.006962 -0.018328 -0.065145
v -0.061207 0.002494 -0.017552
v -0.010949 -0.033926 0.057297
v -0.003740 0.037926 0.058359
v -0.038193 -0.050625 0.020632
v -0.003329 -0.001619 -0.068610
v -0.005403 -0.001544 -0.068460
v -0.047199 -0.040459 -0.028638
v -0.051728 -0.045312 -0.005939
v 0.062240 0.028807 -0.016445
v 0.063822 0.029586 -0.010847
v 0.056726 -0.030190 -0.017634
v 0.058507 -0.028569 -0.015933
v 0.059221 -0.029425 -0.010959
v -0.032965 -0.049373 0.033766
v -0.033238 -0.049926 0.032100
v -0.013587 0.046167 0.048140
v -0.017064 0.046236 0.046987
v -0.012766 0.045050 0.050242
v 0.027820 -0.026064 0.054861
v 0.027103 -0.026078 0.054829
v 0.027940 -0.026751 0.054847
v 0.025903 -0.025272 0.056313
v 0.026580 -0.025476 0.055613
v 0.037845 0.025123 0.051854
v 0.038874 0.023062 0.051742
v -0.027507 0.036961 0.051291
v 0.017806 -0.058959 -0.028911
v -0.026106 0.057322 0.028307
v -0.026351 0.058216 0.025137
v 0.042684 -0.044156 0.031043
v -0.048639 -0.031962 -0.037151
v -0.048929 -0.032272 -0.035668
v -0.049121 -0.029119 -0.037647
v -0.007517 -0.045039 -0.050083
v -0.003320 -0.047120 -0.048910
v -0.005728 -0.048283 -0.047694
v 0.005031 -0.056862 0.039619
v -0.038835 -0.021918 -0.052440
v 0.061943 -0.009468 -0.023070
v 0.061667 -0.007821 -0.025294
v 0.029594 -0.058791 0.013191
v 0.029223 -0.059980 0.014605
v 0.068351 0.013152 -0.005729
v 0.027861 0.014443 0.061707
v -0.030373 -0.058522 0.009249
v -0.029366 -0.059013 0.009645
v -0.000467 -0.017406 -0.065594
v 0.000473 -0.019675 -0.065205
v -0.059512 0.031548 0.010048
v -0.060928 0.029902 0.010474
v 0.058810 0.036044 -0.013999
v 0.057446 0.040029 -0.012493
v 0.066114 0.025424 0.001870
v 0.066326 0.024850 0.002086
v -0.004171 -0.057661 -0.036646
v -0.058767 0.036567 -0.000761
v -0.051756 0.018913 -0.037977
v -0.055115 0.012163 -0.034578
v -0.005600 0.044610 -0.052661
v -0.000053 0.042359 -0.055170
v -0.006087 0.043744 -0.054554
v 0.032360 0.055570 0.030866
v 0.064905 0.019808 -0.018930
v 0.065697 0.017449 -0.017769
v -0.044347 -0.021931 -0.047527
v -0.034507 -0.044310 -0.040376
v -0.038481 -0.041966 -0.039108
v -0.037951 -0.040080 -0.042094
v 0.004824 -0.010213 -0.067355
v 0.006837 -0.012138 -0.066853
v 0.009093 -0.066611 -0.013278
v 0.006067 -0.068056 -0.012370
v 0.062099 0.005845 -0.026942
v 0.060304 0.004582 -0.029580
v 0.031827 0.000385 -0.059671
v -0.032201 0.059703 -0.015807
v 0.053269 0.046049 -0.004260
v 0.052485 0.048749 -0.004869
v 0.054046 0.044802 -0.002578
v -0.049504 0.016094 -0.041111
v 0.000378 0.015623 0.068314
v -0.042679 0.026579 0.046851
v -0.044978 0.027107 0.044371
v 0.045770 -0.011014 -0.048065
v -0.056222 0.019481 0.033093
v -0.057828 0.017235 0.032247
v -0.046918 0.009899 0.047492
v -0.044585 0.011993 0.049469
v 0.007217 0.042744 0.055010
v 0.010872 0.042711 0.053802
v 0.039671 0.053445 -0.026671
v 0.014909 0.024373 -0.060792
v 0.001410 -0.065527 -0.019502
v 0.041425 0.058594 -0.004163
v 0.064226 -0.006781 -0.015433
v 0.022483 -0.031398 0.055145
v 0.018571 -0.035104 0.054770
v 0.021469 -0.033935 0.055322
v -0.060723 -0.030008 0.006938
v -0.062883 -0.026611 0.007400
v 0.049833 -0.015619 -0.042961
v 0.011845 -0.055079 0.039329
v 0.007546 -0.015144 -0.066398
v 0.010342 -0.015061 -0.065918
v 0.010803 -0.019446 -0.064866
v -0.013056 0.046945 0.048672
v -0.011633 0.048630 0.046768
v -0.062195 0.014738 -0.012766
v 0.046642 0.045815 0.025687
v -0.052827 -0.042840 -0.006700
v -0.004643 0.068138 0.011678
v -0.007367 0.067395 0.012526
v -0.002118 0.067792 0.014705
v 0.009064 -0.039533 0.054482
v 0.024334 -0.027820 -0.055130
v -0.003142 -0.004092 0.068099
v -0.002716 -0.002569 0.069230
v -0.013015 -0.034468 0.057284
v -0.009646 -0.037153 0.056801
v -0.061974 -0.016531 0.021031
v -0.061534 -0.015836 0.023471
v -0.062457 -0.016518 0.019512
v 0.015094 -0.066311 0.013596
v 0.016547 -0.065595 0.014108
v -0.049811 -0.044862 0.009088
v -0.047037 -0.046523 0.011662
v 0.050010 -0.047087 -0.009027
v 0.001371 0.060206 0.034929
v -0.062787 -0.015109 0.022656
v 0.010128 -0.046039 -0.048609
v -0.027201 -0.053865 -0.033757
v -0.033739 -0.048711 -0.034592
v -0.019713 -0.054118 -0.036218
v -0.013919 0.034618 0.057010
v 0.025768 -0.058896 0.025460
v 0.024327 -0.061957 0.014393
v 0.026229 -0.061013 0.016639
v 0.024023 -0.062224 0.018064
v 0.063784 -0.001163 0.027476
v 0.064089 -0.001409 0.027014
v 0.044963 0.042922 -0.033621
v 0.045678 0.044032 -0.031916
v -0.007843 -0.066173 0.008534
v -0.010796 -0.066661 0.008442
v -0.007077 -0.067077 0.003177
v -0.064472 -0.023058 0.006693
v -0.063414 -0.025979 0.006971
v -0.064862 -0.019420 0.009600
v -0.063366 -0.022108 0.010075
v 0.032258 -0.041998 0.043232
v 0.006214 0.067344 0.011564
v 0.007836 0.066342 0.010914
v 0.062367 -0.015241 -0.020109
v 0.063044 -0.014637 -0.018237
v 0.005513 0.065445 -0.016187
v 0.014777 -0.065085 -0.005602
v 0.057714 0.015736 -0.034041
v 0.056580 0.024567 -0.033909
v 0.020620 0.054080 0.039797
v -0.022387 -0.012716 -0.063903
v -0.025070 -0.015493 -0.061816
v -0.043234 -0.041566 0.033822
v -0.040896 -0.042296 0.036538
v -0.006089 0.021886 -0.067046
v -0.007138 -0.064011 0.014216
v 0.062312 0.017917 -0.026391
v -0.014118 -0.031660 0.057755
v -0.020367 -0.032848 0.056610
v -0.008572 -0.041357 0.054315
v -0.012507 -0.067299 0.005445
v 0.029929 -0.015703 -0.058467
v 0.029331 -0.017628 -0.056416
v -0.037563 -0.006329 -0.056115
v 0.006428 0.063848 -0.029030
v 0.013967 -0.059458 0.032348
v 0.014433 -0.058261 0.032979
v 0.013491 0.067164 -0.007207
v 0.012344 0.067575 -0.003735
v 0.054866 0.044451 0.001552
v -0.059512 -0.033865 0.003080
v 0.009130 -0.010573 0.066874
v 0.010814 -0.013116 0.066648
v 0.000922 0.061868 0.032059
v 0.005481 0.061179 0.033105
v 0.025105 -0.003562 0.063102
v 0.025960 -0.006389 0.062637
v 0.027013 -0.002786 0.062574
v 0.046430 -0.034178 -0.034485
v 0.055203 0.023439 -0.035477
v -0.031689 -0.040073 -0.047903
v -0.031668 -0.036873 -0.050188
v -0.062476 -0.005136 -0.017755
v -0.060583 -0.001083 -0.018688
v -0.062740 -0.004442 -0.018796
v 0.069182 -0.004496 0.011805
v -0.002686 -0.000107 -0.068567
v -0.002538 -0.003192 -0.068289
v -0.057727 0.036805 -0.006017
v -0.058617 0.034963 -0.003416
v 0.063539 0.031334 0.005441
v -0.022199 0.061862 0.017665
v -0.003358 -0.060529 0.032806
v -0.019754 0.063567 0.014843
v -0.023163 0.061339 0.020037
v -0.019407 0.063599 0.017286
v 0.044410 -0.001859 0.053153
v 0.012116 -0.066729 0.013477
v -0.036374 -0.052093 0.021353
v -0.033371 -0.054725 0.021633
v 0.042799 0.039713 -0.038048
v 0.041551 0.042514 -0.037619
v 0.041949 0.044333 -0.035631
v -0.048815 -0.021273 -0.041322
v -0.048443 -0.021207 -0.041445
v -0.033686 -0.055169 0.020319
v 0.058943 0.000667 0.034804
v -0.011167 -0.057286 -0.036470
v -0.013344 -0.056344 -0.036720
v 0.069059 0.009708 0.005408
v 0.068741 0.007729 0.011193
v 0.068771 0.005621 0.007995
v -0.000664 0.024443 0.065742
v 0.000452 0.005451 -0.068754
v -0.001196 0.005050 -0.069069
v 0.000581 0.033578 -0.061610
v 0.000707 0.035343 -0.060524
v 0.006999 0.036973 -0.058861
v -0.063511 -0.003438 0.026278
v -0.010121 -0.006093 -0.067194
v -0.014810 -0.006696 -0.065945
v -0.011244 -0.005107 -0.066918
v -0.008167 -0.007384 -0.067523
v -0.006709 -0.009356 -0.067476
v 0.052771 0.045592 0.014358
v -0.002045 0.015908 -0.068483
v -0.002038 0.017168 -0.068324
v -0.001675 0.014568 -0.068810
v 0.063920 0.017170 -0.024265
v 0.063082 0.013960 -0.026704
v -0.003175 -0.013499 -0.066599
v -0.007700 -0.018151 -0.065061
v -0.011091 -0.018455 -0.064573
v 0.010719 0.005717 0.068045
v 0.041808 -0.019511 0.050840
v 0.052253 -0.016414 -0.038121
v 0.042632 0.036431 -0.039952
v 0.047903 0.031867 -0.038394
v -0.043462 -0.012982 0.051586
v -0.041618 -0.016451 0.052488
v -0.049662 0.005246 0.046418
v -0.051631 0.003268 0.044152
v -0.053110 0.000229 0.043202
v 0.065504 -0.001300 -0.008999
v 0.025975 -0.045909 -0.043107
v 0.028119 -0.048193 -0.039570
v 0.023093 -0.046844 -0.043084
v 0.023594 0.056665 0.033556
v 0.024037 0.056399 0.032108
v 0.013441 0.014806 -0.064745
v 0.016926 0.016476 -0.062375
v -0.034881 -0.056806 -0.011594
v -0.033500 -0.057684 -0.011285
v -0.013797 0.066709 -0.007336
v -0.015448 0.066347 -0.006763
v -0.014666 0.066581 -0.006735
v 0.057272 -0.038270 0.013104
v -0.019467 0.045485 -0.050588
v -0.000995 -0.020722 0.065956
v -0.000695 -0.022947 0.065307
v 0.026453 -0.022089 0.057273
v -0.025031 0.063621 -0.002918
v 0.020309 0.003330 0.064895
v 0.020498 -0.000402 0.064791
v -0.053457 -0.009969 -0.039246
v -0.055119 -0.005595 -0.035052
v -0.011479 0.047284 -0.049528
v -0.007513 0.047841 -0.050552
v 0.051931 0.049853 0.001553
v -0.005947 0.049533 -0.049492
v -0.022596 0.007808 -0.062723
v -0.021448 0.007395 -0.063693
v 0.022299 -0.048136 -0.041283
v 0.022251 -0.049335 -0.038592
v 0.018821 -0.050161 -0.040787
v 0.019359 -0.052947 -0.036788
v 0.018640 -0.047350 0.046157
v -0.026701 0.059360 0.023928
v 0.055218 -0.030311 -0.021266
v 0.055005 -0.032419 -0.022614
v 0.019840 -0.039744 0.051241
v 0.020516 -0.042668 0.049445
v -0.034877 -0.035098 0.048543
v 0.007943 -0.067744 0.002423
v -0.058199 -0.012915 0.033513
v 0.039228 -0.002467 0.056206
v 0.041553 -0.005644 0.054488
v 0.040575 -0.002301 0.055234
v 0.063382 0.031442 -0.007322
v 0.031321 -0.058599 0.013404
v 0.029302 -0.061232 0.007442
v 0.064953 0.009078 -0.023266
v 0.065272 0.011650 -0.022944
v -0.058697 -0.009922 0.033389
v -0.064794 0.015119 -0.006061
v -0.065000 0.014811 -0.004157
v -0.067417 0.007609 0.012778
v 0.026796 0.030098 0.057215
v 0.031256 0.026992 0.054160
v 0.051885 0.002062 -0.043721
v -0.049674 -0.022143 0.042917
v -0.045411 -0.028602 0.044793
v 0.067474 -0.000272 0.020757
v 0.067887 -0.001769 0.018408
v 0.068580 -0.000578 0.016320
v 0.064171 -0.002748 -0.014170
v 0.063238 -0.003660 -0.018318
v -0.020748 0.065271 0.001099
v -0.058974 -0.030794 0.016619
v -0.057763 -0.030520 0.020850
v -0.029702 -0.054606 0.028124
v 0.048997 0.027884 0.040648
v 0.053555 -0.009578 0.042919
v 0.030141 -0.047113 -0.039706
v 0.028475 -0.045398 -0.043022
v 0.045772 -0.019406 -0.046044
v 0.046128 -0.021825 -0.044841
v 0.044686 -0.021432 -0.045628
v -0.042125 -0.006841 -0.052555
v 0.067948 0.000173 -0.004424
v -0.010237 -0.066250 -0.011144
v -0.009212 -0.067378 -0.008644
v 0.027669 0.036250 0.053671
v 0.023401 0.037522 0.054852
v 0.013064 0.067801 -0.003308
v -0.066897 -0.001339 0.017408
v -0.063090 0.023591 -0.000535
v -0.034651 -0.010861 0.058717
v 0.024543 -0.060081 -0.021287
v 0.026879 -0.058080 -0.023020
v 0.025431 -0.059216 -0.020846
v -0.053227 -0.024680 0.036102
v -0.053922 -0.021464 0.036167
v 0.056757 0.034418 -0.021808
v 0.003915 -0.049781 0.048438
v -0.059960 0.026611 0.021343
v -0.060811 0.020797 0.023782
v -0.011441 -0.064361 0.014322
v 0.043294 0.015022 0.051417
v 0.042319 0.017680 0.050624
v 0.040889 0.011084 0.054284
v 0.030490 -0.020660 0.055566
v -0.015926 -0.025189 0.061338
v 0.052577 0.027241 0.036614
v 0.053778 0.029748 0.034954
v 0.058756 -0.032560 0.023203
v -0.024462 0.033260 -0.055555
v -0.040508 -0.047847 -0.028043
v 0.019702 -0.029114 -0.058608
v 0.015272 -0.065863 -0.012830
v 0.069198 0.010446 0.004868
v 0.069157 0.008834 0.005368
v 0.069926 0.007677 0.001006
v 0.035025 -0.002625 0.059009
v 0.036400 -0.002426 0.058110
v 0.035584 -0.002310 0.058693
v 0.066878 -0.013360 0.003195
v 0.066959 -0.015067 0.004020
v 0.033347 -0.004896 0.059933
v 0.004111 0.067029 -0.000313
v 0.004407 0.066687 -0.002874
v 0.003816 0.067284 0.000148
v -0.058261 0.036071 0.004420
v 0.016091 -0.062902 0.025327
v 0.025327 0.065696 -0.001115
v 0.022203 0.066546 -0.001707
v 0.016135 0.039423 0.055033
v -0.024725 0.049335 -0.043871
v -0.020193 0.048756 -0.047675
v 0.066511 -0.002038 0.022363
v 0.068532 -0.002349 0.017427
v 0.017981 0.037619 0.056192
v 0.068446 0.011552 0.011459
v 0.016472 -0.039503 0.053348
v -0.035712 0.026687 -0.052391
v -0.033577 0.027486 -0.052515
v -0.062943 -0.000173 0.027340
v -0.061516 -0.016303 0.022350
v -0.061483 -0.017203 0.023065
v -0.056618 0.039636 0.007518
v 0.053124 0.026447 0.037313
v -0.040723 0.027607 -0.048027
v 0.048534 0.046132 0.023220
v -0.011814 0.036885 -0.058686
v -0.015168 0.036952 -0.057857
v -0.014536 0.037261 -0.057626
v 0.053286 -0.026706 -0.027798
v -0.055163 -0.014204 0.035786
v 0.018179 0.051598 -0.045407
v 0.015943 0.048703 -0.049632
v 0.057911 -0.014799 -0.031174
v 0.056328 -0.011809 -0.034230
v 0.057766 -0.010714 -0.033107
v -0.013645 -0.052739 -0.040460
v -0.032522 0.016797 0.057358
v 0.011537 -0.049744 0.045511
v 0.028712 -0.012968 -0.059115
v 0.039659 -0.054800 0.013401
v -0.000976 -0.066888 -0.015517
v -0.000747 -0.067240 -0.014201
v -0.019454 -0.062062 0.017144
v -0.002838 -0.055920 -0.039191
v 0.026361 0.042303 0.050273
v -0.055713 0.030892 0.025343
v -0.056891 0.032101 0.021739
v 0.049476 -0.025609 0.039265
v -0.056407 0.037873 -0.015676
v -0.056818 0.038058 -0.012831
v 0.040253 -0.038494 0.039879
v 0.041083 -0.039551 0.038209
v -0.004750 0.034933 0.060277
v -0.003309 0.035614 0.060195
v -0.029080 0.056902 -0.030065
v -0.029712 0.058865 -0.025506
v 0.048100 -0.002453 -0.045527
v 0.052205 -0.000091 -0.043823
v -0.011879 -0.058463 -0.033743
v -0.015815 -0.055609 -0.035078
v -0.044577 0.046910 0.025884
v -0.058260 0.003822 -0.028009
v -0.060501 0.002616 -0.020776
v -0.001014 0.022669 -0.067051
v -0.001276 0.021958 -0.067182
v -0.003118 0.022660 -0.066819
v 0.062034 -0.005694 0.032217
v 0.061068 -0.015285 0.032876
v 0.063539 -0.011130 0.029081
v 0.003762 0.067525 0.002108
v 0.068582 -0.002018 0.014009
v -0.024012 -0.044303 -0.049385
v -0.025867 -0.042768 -0.049415
v -0.024661 -0.042522 -0.050156
v -0.035429 0.021987 -0.054111
v -0.032830 0.022369 -0.055266
v -0.034646 0.020507 -0.054906
v -0.047212 0.051093 -0.004500
v -0.036309 -0.022538 -0.054451
v -0.034218 -0.022251 -0.055768
v -0.036831 -0.022241 -0.054260
v 0.001145 -0.064749 0.018666
v -0.029145 0.000720 0.062737
v 0.029637 -0.033879 0.051399
v -0.020351 0.029198 -0.059667
v -0.000069 0.008341 -0.069506
v -0.018038 -0.062590 -0.011497
v -0.016055 -0.062851 -0.013633
v 0.034411 -0.007648 -0.056616
v -0.001145 -0.056564 0.040173
v 0.003723 -0.055948 0.040074
v -0.001139 -0.055605 0.040822
v -0.031259 0.012410 -0.058776
v -0.032298 0.010184 -0.059234
v 0.062057 0.034853 0.001523
v -0.033917 0.033914 0.049911
v 0.034021 0.043928 -0.042925
v 0.037979 0.043424 -0.040221
v 0.048248 0.053879 0.000228
v 0.046537 0.055411 -0.003675
v 0.046950 -0.050432 -0.003246
v 0.050499 0.051687 0.000380
v 0.049407 0.052857 0.000397
v 0.063438 0.005906 -0.023953
v 0.001996 -0.016177 -0.065959
v -0.028715 0.051679 0.034537
v 0.069063 0.009801 -0.003032
v 0.069456 0.007795 -0.004366
v 0.062489 -0.012873 -0.021023
v -0.000044 -0.001311 0.069080
v -0.000120 -0.002418 0.068889
v 0.003260 -0.002986 0.068099
v 0.015651 0.052005 -0.045875
v 0.016346 0.052507 -0.045076
v 0.016490 0.025252 0.063697
v -0.057193 0.039249 0.002616
v -0.055913 0.041410 0.002002
v 0.055374 0.015601 -0.037780
v 0.010697 0.042905 0.053088
v -0.057113 0.038984 -0.005170
v -0.056999 0.039062 -0.005810
v 0.047762 -0.037831 -0.030514
v 0.035709 -0.034553 0.047490
v 0.001352 0.057556 0.039259
v 0.039823 -0.011387 -0.053047
v 0.041470 -0.011356 -0.051791
v 0.039511 -0.013387 -0.053301
v -0.050743 -0.038238 -0.022015
v -0.054317 -0.037339 -0.016845
v 0.029988 0.005162 0.061819
v -0.062822 -0.016914 0.017521
v -0.056632 0.010453 -0.031353
v -0.043298 -0.050949 0.006880
v -0.043336 -0.050804 0.002927
v -0.041887 -0.051979 0.007524
v -0.022484 -0.061052 -0.011055
v -0.021979 -0.060473 -0.016116
v 0.058750 -0.038377 0.005820
v 0.052947 -0.045336 0.001371
v 0.055706 -0.041955 -0.001630
v -0.033599 -0.052048 -0.029752
v -0.064373 -0.018382 0.010549
v 0.064760 -0.005592 -0.011606
v 0.065381 -0.008019 -0.010088
v 0.029230 0.033679 0.053243
v 0.001970 0.063601 -0.028596
v 0.008707 -0.002769 0.066999
v 0.005582 -0.007449 0.067203
v 0.023402 0.001594 0.063536
v -0.001863 0.066900 0.015892
v -0.005344 0.066002 0.020508
v -0.061196 0.029917 -0.001604
v -0.051550 -0.042201 0.014583
v -0.049157 -0.043425 0.018992
v -0.065696 0.004811 -0.001744
v 0.062110 -0.028952 0.019211
v 0.061677 -0.031470 0.013220
v 0.058787 -0.034560 0.019039
v 0.012728 0.051167 0.044880
v 0.013946 0.049609 0.047761
v 0.037816 0.053085 -0.028876
v 0.033267 0.036374 -0.047917
v -0.026495 0.018586 0.060045
v -0.012258 -0.048356 -0.045713
v 0.001259 -0.061374 -0.029784
v 0.001457 -0.060477 -0.031393
v -0.032693 0.017552 0.056725
v -0.035195 0.016306 0.056207
v 0.022431 -0.039437 -0.050605
v 0.028275 -0.055711 -0.026916
v 0.029334 -0.057217 -0.024183
v -0.047504 -0.043972 -0.021017
v -0.048013 -0.045060 -0.018088
v -0.034186 -0.038376 0.046496
v -0.001973 0.057104 -0.042000
v 0.051094 -0.034857 -0.027723
v -0.036878 -0.050457 0.021413
v 0.052417 -0.025160 -0.033224
v 0.051317 -0.027306 -0.032669
v 0.047685 -0.010088 -0.045287
v 0.001120 -0.043037 0.053901
v 0.018628 -0.003216 0.064652
v -0.034004 -0.057521 -0.007783
v -0.064535 0.017794 -0.000670
v 0.027545 0.064838 -0.001285
v 0.030589 0.063738 -0.000417
v 0.031931 0.063233 0.000131
v 0.030139 0.063889 -0.000256
v -0.040560 -0.051060 -0.017066
v -0.035398 -0.053812 -0.019541
v -0.034825 -0.055541 -0.016508
v 0.056534 0.042518 -0.006229
v 0.043881 -0.006435 0.053265
v 0.043890 -0.002092 0.053510
v -0.006405 0.041743 0.054406
v -0.007997 0.040225 0.055347
v -0.066052 -0.013182 0.007993
v -0.038241 -0.033944 -0.048575
v 0.003637 0.044052 -0.054477
v -0.052646 -0.002757 -0.040032
v -0.056961 0.014547 0.034227
v -0.059980 0.015269 0.029254
v 0.011582 0.067839 -0.000040
v -0.025769 0.027632 -0.056591
v -0.017490 0.064957 -0.013696
v -0.007905 0.004683 -0.068625
v 0.061939 -0.031085 0.012832
v 0.000895 -0.047130 0.050685
v 0.001414 -0.045764 0.052291
v -0.039363 -0.044047 0.035742
v -0.038089 -0.044153 0.037923
v -0.039700 -0.041703 0.038336
v -0.003775 0.067444 -0.006334
v -0.002527 0.067568 -0.006013
v -0.001077 0.067485 -0.005842
v 0.000306 0.067291 -0.006054
v -0.013226 0.043879 -0.052452
v -0.064425 0.016349 -0.000773
v 0.054238 -0.014546 -0.036195
v 0.050754 0.029915 0.037335
v -0.062734 -0.027153 0.002231
v -0.021410 -0.050318 -0.042843
v 0.065831 0.020503 0.015414
v 0.067905 0.012883 0.012605
v -0.010915 0.039452 -0.057169
v -0.012712 0.040081 -0.056808
v 0.038372 0.020703 -0.050736
v 0.034791 0.020564 -0.053994
v 0.031426 0.029694 -0.051868
v -0.065226 -0.019843 0.007839
v -0.054367 -0.013832 0.036215
v -0.053787 -0.013682 0.036804
v -0.054276 -0.013476 0.038135
v -0.053850 -0.014073 0.037119
v -0.053453 -0.013473 0.039795
v 0.051614 -0.043555 0.014127
v 0.048482 -0.048761 0.009572
v 0.054967 -0.042429 0.005980
v -0.003197 0.012666 0.069092
v -0.011861 0.026786 0.062837
v -0.009846 0.026851 0.063269
v 0.004565 0.065936 -0.009034
v -0.014792 -0.062251 -0.024464
v -0.009304 -0.065755 -0.018332
v -0.007737 -0.066549 -0.016177
v -0.000519 0.025954 -0.065759
v -0.000608 0.027837 -0.064937
v 0.042775 -0.011412 -0.051041
v 0.042482 -0.013964 -0.051141
v -0.048638 0.045160 -0.017936
v 0.000755 0.019391 0.067411
v -0.024420 -0.061435 0.014728
v -0.020456 -0.063656 0.011617
v -0.044667 0.032281 0.041387
v -0.046466 0.027390 0.041328
v -0.044881 0.028425 0.043130
v -0.044720 -0.044171 -0.025131
v -0.045214 -0.045129 -0.022689
v 0.042882 0.032798 -0.042219
v 0.044294 0.027263 -0.044222
v 0.000106 -0.063780 0.026122
v -0.039598 0.022361 0.049735
v -0.026826 -0.059943 0.003901
v -0.023486 -0.061244 0.002079
v -0.044690 -0.038263 0.036285
v -0.027968 0.060333 -0.013297
v 0.038095 -0.007678 0.056556
v 0.040303 -0.011945 0.054387
v 0.040994 -0.007747 0.054598
v -0.031261 0.061380 -0.006826
v -0.028100 0.062564 -0.007256
v 0.008875 0.066761 0.012693
v 0.007937 0.067355 -0.004016
v 0.009606 0.067716 -0.004176
v 0.001865 0.065297 0.024377
v -0.067658 0.011359 0.002886
v 0.022645 -0.001366 0.063140
v 0.020986 -0.003831 0.064271
v 0.007313 0.017440 -0.066702
v -0.041317 -0.051941 -0.013343
v -0.058754 -0.026600 -0.020305
v -0.001475 0.041686 -0.057014
v 0.002825 0.039740 -0.057902
v 0.001782 0.037740 -0.059117
v 0.003007 0.039969 -0.057457
v 0.063688 0.018805 -0.023101
v -0.033981 -0.046750 -0.037230
v -0.046002 0.053068 0.005309
v -0.011989 -0.013308 0.066544
v -0.012403 -0.010919 0.067299
v -0.060195 0.032623 -0.001496
v -0.032346 0.018500 -0.056578
v -0.026164 0.021664 -0.059020
v -0.030382 0.017112 -0.057869
v 0.048938 -0.005561 0.048889
v -0.038275 0.057690 -0.010142
v -0.037453 0.058552 -0.005822
v -0.039824 0.057398 -0.005481
v -0.037969 0.058306 -0.005643
v 0.063171 -0.001716 -0.020370
v -0.038205 0.025558 0.050326
v -0.037223 0.029800 0.050190
v 0.042637 -0.015702 -0.049764
v -0.030230 -0.034688 0.052045
v -0.030569 -0.036940 0.051315
v -0.021662 -0.062077 -0.007284
v 0.039733 -0.037085 -0.041445
v 0.015183 -0.022209 -0.063317
v 0.015617 -0.023856 -0.062628
v 0.012809 0.052744 -0.045934
v 0.009072 0.050010 -0.049840
v 0.010020 0.054200 -0.044597
v 0.005692 0.048693 -0.051045
v 0.031985 0.008383 0.060836
v 0.036060 0.013183 0.057332
v 0.054062 0.046057 0.008219
v 0.050522 0.050479 0.010084
v 0.049265 -0.002557 0.048687
v 0.048083 -0.002506 0.049743
v 0.011198 0.034982 -0.058736
v 0.013605 0.029289 -0.060502
v -0.002037 -0.063891 0.023071
v -0.005180 -0.063703 0.023688
v -0.045122 -0.008291 -0.049561
v -0.036448 -0.002077 -0.057327
v -0.048835 -0.011630 -0.045539
v 0.020961 -0.045474 0.047549
v -0.041876 0.027861 -0.047698
v 0.058288 0.015223 -0.034515
v 0.053566 -0.041066 0.014263
v 0.052753 -0.042111 0.014484
v -0.022798 -0.021981 -0.060671
v -0.021703 -0.021819 -0.060667
v -0.057991 -0.005100 0.036252
v 0.049375 -0.032632 0.036329
v 0.052013 -0.031943 0.033244
v 0.007577 0.001264 -0.066542
v 0.005985 -0.005383 -0.067352
v -0.060369 -0.019955 -0.021531
v -0.058306 -0.017332 -0.027766
v -0.057162 -0.023800 -0.026668
v 0.048566 0.013192 -0.045945
v 0.059710 -0.024881 0.030364
v 0.062620 -0.018464 0.029339
v 0.050838 -0.030394 0.036576
v 0.047992 0.027778 -0.040399
v 0.029726 -0.002740 0.062050
v 0.028324 -0.002506 0.062374
v 0.027745 -0.003906 0.062813
v -0.041646 0.026041 -0.048782
v -0.043954 0.020445 -0.048022
v 0.021573 -0.042325 -0.048320
v -0.046007 -0.001741 -0.049476
v -0.039201 0.024757 0.050419
v 0.007610 0.052114 0.045438
v -0.032978 -0.000931 0.060501
v -0.033550 -0.005948 0.060093
v 0.013035 -0.042102 0.052191
v 0.020685 0.017756 -0.062030
v 0.021556 0.024156 -0.058814
v 0.010638 -0.002943 0.066469
v -0.031664 -0.044393 -0.042914
v -0.029849 -0.046386 -0.042084
v -0.030930 -0.048028 -0.038907
v -0.017804 0.031410 0.058455
v 0.066835 -0.012006 0.001485
v 0.011677 -0.002885 0.066204
v 0.065314 -0.012748 -0.009479
v -0.029048 0.031154 0.053868
v -0.025867 0.030736 0.055195
v 0.025377 -0.014655 -0.060844
v 0.003407 0.067564 0.002516
v 0.045550 0.010305 0.050395
v 0.023572 -0.015236 0.061204
v 0.043493 -0.049801 0.017636
v 0.017859 -0.064952 -0.012756
v 0.066734 -0.001811 0.020803
v 0.067434 -0.001650 0.019554
v 0.011056 -0.014948 -0.065749
v 0.013371 -0.014094 -0.065366
v 0.014747 -0.014236 -0.065167
v -0.065233 0.012954 -0.002737
v 0.058374 -0.007933 0.034860
v 0.059178 -0.005751 0.034014
v 0.058391 -0.008709 0.036058
v 0.000593 -0.016847 -0.065784
v -0.000516 -0.015238 -0.065959
v 0.001159 -0.016105 -0.065944
v -0.042653 0.049117 0.024016
v -0.022310 0.044770 -0.049849
v -0.046747 0.027911 0.040009
v 0.002051 0.068476 0.010123
v 0.048814 -0.026065 0.040862
v -0.040189 0.040016 0.038984
v -0.060193 -0.032598 0.002604
v 0.029784 -0.033978 -0.049192
v 0.026473 0.036530 -0.052891
v 0.024012 0.040618 -0.052269
v 0.027088 0.037818 -0.051721
v -0.023716 0.049393 0.042562
v -0.043377 0.042183 0.031387
v 0.011996 0.041325 -0.055562
v 0.029977 -0.050234 0.035920
v 0.050595 0.040076 -0.029035
v 0.002677 -0.037871 -0.056423
v 0.065878 -0.021469 0.011420
v 0.064929 -0.024839 0.012018
v 0.030967 -0.022503 -0.052859
v -0.044134 0.031999 -0.043599
v -0.042276 0.029678 -0.046849
v 0.011786 0.059750 -0.036558
v 0.009079 0.058718 -0.039412
v -0.050063 -0.027609 -0.037607
v -0.000168 0.021848 0.066494
v 0.000390 0.021144 0.066713
v -0.020173 -0.008644 0.065654
v -0.022401 -0.009464 0.065068
v -0.021766 -0.015172 0.064106
v -0.068011 0.002460 0.003102
v -0.011412 0.060955 0.030497
v -0.005865 0.058444 0.036268
v -0.044637 -0.013454 0.050522
v -0.046857 -0.012678 0.048935
v -0.045587 -0.013424 0.049577
v -0.047090 -0.013906 0.048400
v -0.048826 -0.013333 0.046768
v 0.042096 0.024495 0.048504
v 0.066781 0.005640 -0.016429
v 0.005938 0.007449 -0.067834
v 0.022664 -0.028760 -0.056690
v 0.020011 -0.030173 -0.056875
v -0.004532 0.034968 -0.060956
v -0.003442 0.042615 -0.056050
v 0.060066 0.037378 -0.003635
v -0.022218 0.053477 -0.040975
v -0.022120 0.056038 -0.038038
v -0.041463 -0.051844 0.013740
v -0.019199 -0.008107 0.065894
v 0.003774 -0.042595 -0.053198
v -0.048354 0.049048 -0.011560
v 0.049842 -0.048297 -0.001154
v 0.047038 -0.050301 0.003091
v 0.043285 -0.052587 -0.002430
v 0.023022 0.009069 0.064100
v 0.069595 0.003194 0.000956
v 0.069227 0.005232 0.000523
v 0.021855 -0.031204 0.055789
v 0.025037 -0.024262 0.057461
v 0.029715 -0.047554 -0.038531
v -0.036176 0.053013 0.024904
v 0.002734 0.067799 0.011931
v 0.002967 0.067989 0.012285
v -0.049093 -0.046507 0.007010
v -0.015029 -0.006768 0.066757
v -0.055580 0.038724 0.016768
v -0.055737 0.039595 0.014854
v 0.025965 -0.013868 -0.060298
v 0.024990 -0.010957 -0.061385
v -0.014475 0.004024 0.068215
v -0.013452 0.003658 0.068278
v -0.003389 0.019592 0.067154
v -0.021392 -0.042451 -0.051323
v -0.014672 -0.046754 0.048596
v -0.015800 -0.048715 0.046438
v -0.012711 -0.048346 0.047344
v 0.056421 -0.035027 -0.015516
v -0.000642 -0.067796 0.006636
v -0.000846 -0.067376 0.008700
v -0.044180 0.010983 -0.051161
v 0.009958 -0.067375 -0.001184
v -0.060098 -0.010320 -0.025092
v 0.002883 0.068063 0.013434
v 0.045764 -0.002089 0.051851
v 0.045318 -0.002341 0.052286
v 0.022766 0.065021 -0.009613
v -0.007232 -0.065020 0.010444
v -0.013985 0.065536 0.015187
v 0.022662 -0.034976 -0.051158
v -0.049581 -0.044143 0.013308
v -0.028881 -0.058966 -0.011960
v -0.030172 0.050530 0.033135
v 0.017388 0.031756 -0.056677
v 0.018513 0.034243 -0.056608
v -0.035848 -0.052324 -0.022588
v -0.033893 -0.053465 -0.024375
v 0.003080 0.065516 -0.021447
v -0.039099 0.055075 -0.016075
v -0.036209 0.057185 -0.015195
v -0.000142 0.064968 -0.023977
v 0.048770 -0.018563 -0.042295
v 0.041074 -0.031682 -0.042951
v 0.042797 -0.028877 -0.042930
v -0.059358 -0.015271 0.028019
v -0.063495 -0.022041 -0.010034
v 0.031558 -0.012989 0.059382
v -0.064329 -0.020944 -0.007365
v 0.055151 -0.001147 0.041387
v 0.055625 -0.000990 0.040525
v 0.048406 0.024293 -0.042192
v 0.050208 0.025290 -0.039863
v -0.019783 -0.003877 -0.065342
v -0.020382 -0.001365 -0.065576
v -0.025056 0.022237 -0.058682
v -0.042116 0.010328 0.052123
v -0.044844 0.008488 0.049419
v -0.044007 0.004517 0.051752
v 0.021633 -0.061653 -0.019363
v 0.068957 0.007964 -0.001841
v 0.019958 -0.033581 -0.055285
v -0.064214 -0.023785 0.001904
v 0.000108 0.051509 0.046739
v 0.025250 -0.015788 0.061147
v -0.009288 0.067245 -0.006094
v -0.011098 0.067078 -0.006222
v -0.027620 -0.020431 -0.058090
v -0.028231 -0.020656 -0.058103
v -0.028789 -0.045227 -0.044446
v 0.022808 -0.022578 0.059025
v 0.022814 -0.025214 0.057636
v 0.023444 -0.023314 0.058361
v -0.036108 -0.056840 -0.004509
v 0.047010 0.009537 0.049384
v 0.039199 -0.015708 -0.050839
v 0.049431 -0.019136 -0.041866
v 0.050731 -0.015404 -0.041282
v 0.005420 0.065623 -0.012889
v -0.040825 -0.012497 -0.053027
v -0.039377 -0.009049 -0.054948
v -0.037478 -0.010925 -0.055565
v -0.027248 -0.024117 -0.058834
v -0.054505 -0.022416 -0.032712
v -0.000069 -0.033141 0.060466
v 0.000920 -0.035320 0.058751
v 0.068513 -0.008059 0.009233
v 0.046144 0.021934 -0.045599
v -0.055049 -0.022704 -0.031595
v -0.055962 -0.023223 -0.029399
v -0.055729 -0.022652 -0.030356
v -0.056811 -0.023475 -0.027679
v 0.049011 -0.031417 -0.033618
v -0.051346 -0.015824 -0.041041
v -0.024612 0.056431 -0.035518
v -0.062661 0.024614 -0.001350
v 0.044120 -0.041266 0.033001
v 0.044574 -0.042192 0.031128
v 0.044520 -0.041486 0.032148
v -0.009719 -0.064405 -0.019954
v -0.006073 -0.065920 -0.017089
v 0.044993 0.037739 -0.037714
v 0.038758 -0.001067 0.056683
v 0.038560 -0.002335 0.056709
v 0.037435 -0.002519 0.057490
v 0.012697 -0.027602 0.062433
v 0.051937 -0.009515 -0.039790
v 0.000174 0.067960 0.012048
v -0.012682 0.024341 0.063782
v -0.040845 0.025755 -0.049363
v -0.040028 0.025043 -0.050483
v -0.051195 -0.041012 -0.018733
v 0.039356 -0.025235 0.050828
v 0.034884 -0.026250 0.051890
v 0.032275 -0.023659 0.054662
v 0.055184 0.004112 0.040105
v 0.057060 -0.000875 0.036990
v 0.065022 -0.001960 -0.016250
v 0.003141 0.004520 0.069244
v -0.000111 0.001184 0.069116
v -0.000504 0.004279 0.069451
v 0.030057 -0.035458 0.050561
v 0.034276 -0.032750 0.049762
v 0.056404 -0.009447 -0.034669
v -0.069560 -0.000092 0.011276
v -0.069418 -0.002334 0.012013
v -0.066545 -0.004280 0.014826
v -0.049072 -0.021724 -0.040979
v -0.048219 0.014098 0.044409
v 0.062229 -0.032025 0.005140
v -0.054677 0.041928 -0.006851
v -0.053292 0.044616 -0.003068
v -0.052382 0.045713 -0.003325
v 0.056861 0.042193 -0.011393
v -0.017287 -0.064649 0.003319
v 0.044449 -0.046773 -0.024113
v -0.015676 0.043083 0.051691
v 0.038425 -0.011395 -0.054055
v 0.037261 -0.052062 0.022592
v 0.037252 -0.013262 0.056014
v 0.034796 -0.014711 0.057140
v 0.039474 -0.016370 0.053690
v 0.030625 -0.055821 0.025111
v -0.000806 -0.010935 0.067667
v 0.034532 -0.056611 -0.002452
v 0.033473 -0.057743 -0.010351
v 0.041013 -0.053835 -0.006717
v 0.054784 0.037987 -0.021978
v 0.017856 0.053079 0.042986
v -0.000501 -0.060743 0.031642
v -0.002063 -0.063732 0.026412
v -0.062854 0.002518 0.027653
v 0.050607 -0.039566 0.024684
v 0.047251 -0.046017 0.017836
v 0.000911 0.067203 -0.005976
v -0.047144 0.027219 -0.041160
v -0.049093 0.030363 -0.037971
v -0.047339 0.029485 -0.040903
v -0.063826 0.018709 0.017919
v 0.003348 -0.043491 -0.051694
v -0.042184 -0.044904 -0.030070
v -0.024053 0.039920 -0.051871
v 0.034038 -0.051066 0.030432
v 0.066068 -0.010345 -0.006962
v 0.037271 -0.037216 0.043869
v 0.037926 -0.037769 0.042720
v 0.069353 0.001471 0.005894
v 0.067553 0.019864 0.008972
v -0.048210 0.025770 -0.041040
v 0.027841 -0.046537 -0.041213
v -0.030180 -0.044788 0.043198
v -0.031498 -0.046923 0.039355
v -0.031098 -0.044937 0.042294
v -0.004328 -0.000482 0.069149
v 0.048839 -0.016850 -0.043924
v -0.017509 0.006226 0.067170
v -0.018470 0.005426 0.066216
v 0.001576 -0.024123 -0.063445
v -0.002222 -0.023905 -0.063976
v 0.058231 -0.020067 -0.026976
v -0.015329 -0.065493 0.001451
v 0.042272 0.036372 -0.041306
v -0.033524 -0.027986 -0.054390
v -0.030050 -0.025976 -0.058149
v -0.031081 -0.028572 -0.056422
v 0.049821 0.039101 0.032142
v -0.027747 -0.011081 0.062687
v -0.030715 -0.011361 0.060994
v -0.029329 -0.011508 0.061739
v -0.002638 0.040474 0.056673
v 0.003514 0.040220 0.057130
v 0.042614 -0.045723 0.027753
v -0.052087 0.045448 0.011959
v -0.052752 0.044180 0.014169
v 0.058956 0.015820 0.031973
v -0.013711 -0.032492 -0.058279
v -0.012844 -0.033454 -0.057881
v 0.069397 0.006977 0.004754
v 0.069369 0.005720 0.005413
v 0.069822 0.004266 0.004875
v 0.030715 0.037143 -0.050246
v -0.004568 -0.011522 -0.067223
v 0.001557 -0.027414 -0.061639
v 0.000032 -0.040534 0.055209
v 0.008645 0.018890 0.066531
v 0.011356 0.021031 0.065863
v -0.044248 0.018730 0.045784
v -0.040500 -0.021775 -0.051287
v -0.040403 -0.020633 0.052269
v -0.031390 0.017258 -0.057333
v -0.054855 0.008049 -0.034197
v -0.030866 -0.021895 0.058536
v -0.027425 -0.059977 0.009108
v 0.021925 -0.059936 -0.022255
v 0.001105 0.023348 -0.066562
v -0.001547 0.020717 -0.067572
v -0.059151 -0.008478 0.033224
v -0.044710 -0.048224 -0.015344
v -0.042374 -0.050274 -0.015622
v -0.051539 -0.013513 0.042137
v -0.047357 -0.047663 0.000042
v -0.047488 -0.049439 -0.005832
v 0.025631 -0.063062 -0.000974
v -0.037693 -0.016944 -0.053446
v 0.027937 -0.008423 0.061788
v -0.066147 0.010522 -0.000104
v -0.065782 0.011837 -0.000394
v -0.027638 -0.044120 -0.047226
v -0.040930 0.038764 -0.041001
v -0.044708 0.037914 -0.038032
v -0.026341 0.061205 -0.024355
v 0.005187 0.053826 -0.045870
v -0.009420 -0.044702 -0.049539
v -0.007970 -0.043431 -0.052002
v 0.058307 -0.009804 -0.032057
v 0.058904 -0.009916 -0.030565
v -0.000504 -0.068178 0.001213
v -0.026727 0.062607 -0.008509
v -0.035271 0.028591 0.052281
v 0.048283 0.020308 -0.044721
v -0.039018 -0.049517 -0.023892
v -0.035355 0.032711 0.050048
v 0.009591 -0.037782 -0.056053
v -0.000962 -0.007475 0.067645
v 0.068859 0.014492 0.004417
v -0.023628 -0.062270 0.008836
v -0.045263 -0.046799 -0.015953
v -0.049017 -0.045643 -0.012822
v 0.034771 0.001064 0.059357
v 0.032075 -0.002811 0.060750
v 0.033984 -0.002614 0.059593
v 0.030711 -0.000967 0.061397
v 0.033210 0.000876 0.060511
v -0.054879 -0.039900 0.004851
v 0.013403 0.045837 0.051030
v 0.012610 0.043557 0.051929
v -0.001508 -0.002573 0.069081
v 0.059059 0.039125 -0.005266
v 0.029640 -0.043124 0.044112
v 0.059197 -0.021478 -0.023846
v 0.007998 -0.032688 0.060438
v 0.009117 -0.034140 0.059255
v -0.009710 -0.009551 0.067657
v 0.012451 0.068175 0.000218
v -0.043141 -0.021859 -0.048828
v 0.006156 0.065152 -0.021841
v 0.006478 0.065721 -0.020659
v -0.028600 -0.003438 0.063025
v -0.021497 0.063326 -0.013782
v 0.044559 -0.044873 0.025672
v 0.045765 -0.043673 0.024913
v 0.045771 -0.043228 0.026149
v 0.052086 0.046178 -0.016772
v 0.045862 -0.043719 0.024289
v 0.045853 -0.044020 0.022471
v -0.057619 -0.035745 -0.000123
v 0.040010 0.029643 0.046117
v 0.066448 -0.008028 -0.006276
v 0.066064 -0.006979 -0.008113
v -0.040499 -0.052990 0.006651
v 0.062966 -0.029322 0.012852
v 0.063522 -0.028837 0.010690
v 0.004478 -0.006560 0.067448
v 0.002775 -0.004993 0.068137
v 0.005993 -0.003257 0.067440
v 0.037884 -0.033329 -0.046082
v 0.027560 -0.024922 0.054557
v -0.038425 0.050700 -0.029279
v -0.015463 0.051669 0.043655
v 0.001511 0.056634 0.040633
v 0.016053 -0.057848 0.034123
v -0.054630 0.035523 -0.024862
v 0.025234 -0.008965 0.061667
v 0.012960 0.018550 -0.063875
v 0.047561 -0.021481 -0.042673
v 0.047763 -0.023449 -0.039808
v 0.035599 -0.016623 -0.052451
v -0.040136 0.018173 0.050012
v 0.047306 0.051841 -0.015815
v 0.045518 0.052445 -0.015876
v 0.047774 0.051610 -0.012730
v -0.052122 -0.041154 -0.016693
v -0.011909 -0.051631 -0.042556
v -0.017360 -0.051168 -0.041580
v -0.012393 -0.050177 -0.044848
v 0.018911 0.048037 -0.049142
v -0.019039 0.043593 0.048832
v -0.027573 0.055541 -0.034387
v -0.033895 0.049671 -0.036318
v -0.031420 0.055726 -0.029724
v -0.029672 0.019164 0.057151
v -0.033483 -0.054590 0.022158
v -0.031038 -0.056457 0.021461
v -0.001717 -0.005539 -0.068078
v -0.000568 -0.053029 0.044083
v -0.000361 -0.053722 0.043225
v 0.003891 -0.053327 0.043489
v 0.023179 -0.044185 -0.046535
v 0.024033 -0.043358 -0.046805
v -0.050546 -0.027517 0.038071
v -0.047134 -0.026631 0.042738
v 0.023385 -0.008692 -0.062422
v -0.012061 -0.022866 -0.063137
v -0.012220 -0.019057 -0.064257
v 0.053029 -0.018133 -0.036800
v 0.027410 0.055315 -0.035044
v 0.024683 0.055926 -0.035760
v 0.025791 0.057961 -0.031971
v -0.041946 -0.047449 0.022270
v -0.046224 -0.046326 0.016785
v -0.041347 -0.049474 0.018654
v 0.054113 -0.001255 0.042905
v -0.019079 -0.055099 0.036570
v 0.044255 0.024398 -0.045574
v 0.041537 0.024411 -0.047092
v 0.035743 -0.046974 0.034387
v -0.033259 -0.055973 0.019358
v 0.016203 -0.062146 -0.022571
v -0.033890 -0.055418 0.019833
v 0.031122 0.047984 -0.042405
v 0.028328 0.048004 -0.044036
v -0.019207 -0.058706 -0.028578
v 0.069703 0.004159 0.002365
v -0.035565 -0.010693 0.058115
v -0.036757 -0.011327 0.057130
v 0.028104 -0.060299 0.014567
v -0.017516 -0.065055 0.009340
v 0.007594 0.009124 -0.067410
v -0.011047 0.065687 0.016037
v -0.013575 0.063952 0.020287
v 0.063112 0.008790 -0.027534
v -0.047970 0.025156 -0.042178
v -0.044848 0.027646 -0.044272
v 0.068072 -0.001975 0.017077
v 0.008219 0.039508 -0.056935
v 0.009410 0.036811 -0.058091
v 0.069230 0.013645 0.000678
v 0.014974 0.032683 -0.057557
v 0.017550 0.032786 -0.056923
v 0.016151 0.031092 -0.056682
v 0.015713 0.028485 -0.058516
v -0.036446 -0.035768 -0.047784
v 0.051050 -0.026581 -0.035507
v 0.049843 -0.029212 0.038923
v -0.045083 0.028142 -0.044213
v -0.044341 0.027677 -0.044647
v -0.061080 -0.019579 0.022103
v -0.059671 -0.015547 0.027460
v 0.047957 0.015066 0.046215
v 0.046338 0.014910 0.048410
v 0.049080 0.012859 0.046044
v 0.023256 -0.014552 -0.062094
v 0.021558 -0.014537 -0.062477
v -0.029763 -0.044461 0.043929
v -0.064017 -0.015253 0.019463
v 0.022369 -0.035412 0.054429
v 0.026198 -0.037362 0.050805
v 0.064571 0.029135 -0.005912
v -0.052151 -0.042750 0.006083
v -0.057991 -0.035887 0.003561
v 0.050699 0.010293 0.045156
v 0.053729 0.008474 0.041064
v -0.057214 0.011234 0.035042
v -0.032720 -0.023906 -0.056458
v 0.060013 -0.026097 -0.013181
v -0.065525 -0.001306 -0.003254
v -0.065617 -0.004139 -0.003124
v -0.066035 -0.006119 -0.002040
v 0.049054 -0.046052 -0.015272
v 0.017659 -0.056460 0.036077
v 0.015060 -0.041781 0.050818
v 0.002868 0.040328 -0.057116
v 0.002916 -0.049515 -0.046425
v 0.003155 -0.050979 -0.044781
v -0.001555 -0.051971 -0.043998
v 0.065555 0.019634 -0.014787
v 0.066471 -0.004907 -0.004621
v -0.018575 0.060774 0.027282
v 0.014454 -0.015284 0.065366
v 0.014952 -0.016133 0.065167
v 0.024879 0.001096 0.062924
v 0.008240 0.064018 0.026116
v 0.030351 0.017745 -0.058266
v 0.052909 0.000107 -0.042518
v 0.034962 -0.010393 0.058130
v -0.001138 0.027965 0.064734
v 0.062935 -0.003678 0.030040
v 0.059792 -0.001410 0.031859
v 0.026888 0.062077 -0.018622
v 0.065495 -0.003770 0.026160
v 0.007023 0.062698 0.029842
v -0.032893 -0.056944 0.016642
v -0.023788 0.011841 0.063549
v -0.001412 -0.004138 0.068201
v 0.003387 -0.039692 -0.055728
v -0.003424 -0.005702 0.068276
v -0.055599 0.001562 -0.030618
v -0.057184 0.002783 -0.029668
v -0.041419 -0.045035 -0.029886
v -0.040352 -0.043797 -0.033217
v -0.037191 -0.047440 -0.032052
v 0.015065 0.066961 -0.009134
v -0.048783 -0.046369 0.002778
v 0.008771 0.002192 -0.066478
v -0.062126 0.014368 0.025420
v 0.036508 0.048579 0.037471
v -0.015760 -0.048939 -0.044566
v 0.033564 0.051691 -0.035889
v 0.035218 0.048569 -0.038613
v 0.014907 -0.066917 0.006089
v -0.034061 0.020404 -0.055189
v 0.014993 -0.065135 -0.002938
v 0.029632 0.056243 0.033401
v 0.024847 -0.059379 0.023061
v -0.006500 0.033624 -0.061608
v 0.053057 -0.037976 0.023556
v -0.006647 -0.066354 -0.010628
v 0.068745 -0.000195 0.006296
v -0.002094 -0.067927 -0.010643
v -0.050608 0.028682 0.033078
v 0.006025 0.059168 -0.038273
v 0.006193 0.060560 -0.035472
v 0.024115 0.000356 -0.063223
v 0.001183 -0.068159 -0.010643
v -0.023571 -0.055043 -0.031833
v 0.055649 0.028413 0.033208
v -0.045185 0.052683 -0.011150
v -0.044904 0.053568 -0.005024
v -0.043626 0.054858 -0.005004
v 0.059842 -0.001680 0.033517
v 0.059788 0.000064 0.032410
v -0.062591 -0.008394 -0.018107
v 0.046139 -0.043880 0.021749
v 0.059930 -0.001170 0.032667
v -0.047432 -0.021452 -0.042747
v 0.016064 -0.065968 -0.011528
v -0.010517 -0.040521 -0.051790
v -0.053057 0.045669 0.003157
v -0.050363 0.048668 0.003715
v -0.065180 -0.020823 -0.002029
v -0.031094 -0.024159 0.057542
v 0.058226 -0.036436 0.013600
v 0.057733 -0.037363 0.013504
v 0.050484 0.050246 -0.009274
v 0.028009 0.019953 -0.058794
v 0.024498 -0.003520 0.062842
v 0.015721 0.005720 -0.064428
v -0.063379 0.022613 -0.000450
v 0.034865 0.046466 -0.041116
v 0.032693 0.045932 -0.043156
v 0.010504 0.017301 0.066780
v 0.009629 0.014731 0.067856
v -0.000577 0.024216 -0.066316
v -0.037337 0.007711 -0.056266
v -0.056481 0.039762 0.008433
v -0.056687 0.039298 0.008838
v -0.067596 0.008702 0.003661
v 0.037347 0.060849 0.000558
v 0.050518 0.048839 -0.014835
v 0.015850 0.027371 -0.059321
v -0.042672 0.055547 -0.004615
v -0.025011 0.026720 0.057659
v 0.016802 -0.065220 0.000831
v 0.016451 -0.066285 0.006222
v -0.050221 0.008574 -0.043116
v 0.028858 0.063274 -0.008047
v -0.033618 -0.035808 0.049357
v 0.050500 -0.030740 -0.028050
v 0.050722 -0.029623 -0.032423
v 0.055891 -0.001282 0.039986
v -0.050429 0.031353 -0.035244
v 0.046521 0.046011 -0.028300
v 0.048387 0.042537 -0.029627
v 0.022732 -0.014761 -0.062194
v 0.005658 0.057328 -0.041736
v 0.005769 0.058761 -0.039135
v 0.026815 -0.060469 -0.018525
v -0.036916 0.031244 -0.049766
v 0.059252 -0.001334 0.034604
v 0.047606 -0.025752 -0.040365
v -0.024008 -0.009889 0.064490
v -0.024791 -0.009983 0.064154
v -0.025317 -0.010271 0.063922
v -0.002510 -0.065330 -0.017900
v -0.000240 -0.066736 -0.016405
v 0.017085 0.054934 -0.041526
v 0.015596 0.056817 -0.039370
v 0.019231 0.055179 -0.040719
v 0.028113 0.011480 0.061361
v 0.011847 -0.056878 0.036765
v -0.002038 -0.067415 -0.006345
v -0.001943 -0.067453 -0.007181
v -0.012930 0.066688 0.011608
v -0.010707 0.066781 0.009042
v -0.004381 0.066001 -0.016226
v -0.047931 0.049077 0.015779
v 0.063885 -0.003158 -0.019451
v -0.058824 0.032629 0.013428
v 0.055280 0.013355 -0.039105
v -0.064922 0.001236 -0.003817
v -0.064244 0.002097 0.024648
v 0.020024 0.010720 0.065264
v 0.064550 0.002243 -0.019828
v 0.012054 0.013855 -0.065320
v -0.055960 0.040465 -0.005266
v 0.068295 -0.004534 0.007632
v 0.066857 -0.002846 0.006473
v 0.015895 -0.014348 -0.064813
v 0.014275 -0.011056 -0.065927
v 0.016678 -0.014681 -0.064373
v -0.051536 -0.043090 0.006009
v 0.036195 0.005623 0.058458
v -0.037336 0.049494 0.028733
v 0.003471 -0.065741 -0.016652
v -0.005466 0.004116 0.069455
v -0.062335 0.010813 -0.013053
v -0.044004 -0.047084 -0.018287
v -0.067867 -0.003871 0.003868
v -0.034944 -0.025155 -0.054664
v -0.036991 -0.022412 -0.053885
v -0.003609 -0.062332 0.028210
v -0.052950 0.035316 0.024995
v -0.052295 0.034817 0.026171
v -0.053426 0.036971 0.022839
v -0.007036 0.032349 0.060814
v -0.003162 0.032100 0.062427
v -0.050530 -0.035675 -0.026320
v -0.038433 -0.054282 0.008295
v -0.039683 -0.053515 0.008459
v 0.050408 -0.047528 -0.004424
v -0.000809 -0.067016 0.010370
v -0.049773 -0.045915 0.006620
v 0.023571 -0.021607 -0.059097
v 0.051136 0.050884 0.001143
v 0.014150 -0.009403 -0.065309
v 0.032546 -0.012339 -0.057446
v -0.013308 -0.050427 0.044594
v -0.050097 -0.021607 -0.039616
v 0.063735 -0.007140 -0.017067
v -0.024900 -0.032132 0.056094
v -0.029194 -0.033706 0.053663
v -0.037453 -0.049291 0.029105
v 0.066707 -0.002872 0.022896
v -0.041699 -0.010049 -0.053325
v 0.051957 0.040772 0.026384
v -0.048016 0.011021 0.045278
v -0.028092 0.006900 -0.061329
v 0.050351 0.049995 -0.010732
v -0.010588 -0.063504 0.016841
v -0.010564 -0.063901 0.017524
v -0.036170 0.059991 0.005906
v 0.000305 -0.063673 0.025009
v 0.021892 0.056032 -0.037391
v 0.020372 0.056692 -0.037377
v 0.023738 0.057118 -0.034583
v -0.014845 -0.013042 0.066556
v -0.014319 -0.006551 0.067095
v -0.019403 0.010045 0.066008
v -0.018478 0.007194 0.066638
v 0.015631 0.048287 0.047999
v -0.000008 0.031322 -0.062895
v 0.000323 0.032043 -0.062474
v -0.006727 -0.065144 0.010338
v -0.055320 0.036179 -0.022238
v -0.055319 0.035502 -0.023130
v 0.036069 0.017315 0.056411
v -0.019694 -0.061445 -0.014562
v -0.026537 -0.010392 0.063380
v -0.064868 0.014966 -0.000865
v -0.065112 0.013408 -0.000937
v -0.066522 0.012169 0.001437
v -0.018669 0.054950 -0.041613
v 0.056539 -0.040255 0.010075
v -0.030890 -0.058233 -0.013552
v -0.001996 0.020110 -0.067789
v -0.002407 0.018817 -0.068081
v -0.023207 0.046657 0.044478
v -0.039805 -0.049641 -0.020314
v 0.002587 0.067602 0.014906
v 0.003022 0.067873 0.014165
v -0.067190 0.011149 0.003701
v -0.067472 0.011142 0.006666
v -0.057667 -0.014891 0.031729
v 0.049569 -0.031906 -0.032015
v 0.066578 -0.003992 -0.000837
v 0.066594 -0.007121 0.000893
v 0.068233 -0.008593 0.015358
v 0.067570 -0.012955 0.016530
v 0.027723 0.026651 0.058420
v 0.028606 0.022656 0.057078
v 0.063821 -0.013128 -0.016247
v 0.037021 -0.048171 0.030712
v 0.045818 0.036811 0.037675
v -0.050767 -0.009415 0.044933
v -0.049101 -0.013417 0.046237
v 0.039909 0.052137 -0.029430
v 0.015981 0.001723 -0.065671
v 0.033443 0.053837 -0.032802
v 0.031350 0.055391 -0.032206
v 0.047184 -0.047062 0.016270
v 0.048807 -0.046736 0.015076
v 0.045419 -0.042704 0.028502
v -0.011094 0.066354 -0.012407
v -0.021629 -0.033578 0.056095
v -0.047590 0.047213 -0.020158
v -0.066669 0.014956 0.009678
v -0.066687 0.015908 0.005294
v 0.058833 -0.016695 -0.028083
v 0.060387 -0.016622 -0.024267
v -0.039080 -0.039265 -0.042847
v 0.011175 0.067965 -0.003744
v 0.050782 -0.002358 0.047071
v 0.012975 0.047235 0.050368
v -0.066474 -0.011612 -0.003150
v 0.027738 -0.058592 0.020366
v -0.002105 -0.067707 -0.011851
v -0.036687 -0.036223 0.046653
v -0.027371 -0.014725 0.062255
v -0.063121 -0.026356 0.002373
v 0.034675 -0.038811 -0.044186
v -0.053445 -0.042189 -0.003660
v -0.001172 -0.015113 -0.065966
v -0.001977 -0.014681 -0.066093
v -0.050055 0.045204 0.021018
v -0.049968 0.043371 0.022377
v -0.024937 -0.046165 -0.046474
v -0.031407 0.040890 -0.047042
v 0.001642 0.066822 0.016069
v 0.037251 -0.055525 0.015091
v 0.015022 0.011396 0.066877
v -0.017958 0.006060 -0.065417
v -0.017109 0.005008 -0.065574
v 0.063143 -0.028140 0.014125
v -0.032203 -0.047107 0.038480
v -0.044643 -0.046323 0.021601
v -0.008122 0.067278 -0.006046
v 0.032753 0.004714 0.060469
v 0.047772 -0.045166 0.018134
v 0.047370 -0.046076 0.016923
v 0.040533 0.045381 -0.036553
v -0.000421 -0.066876 -0.015914
v -0.037933 -0.014413 -0.054407
v 0.014902 -0.027123 0.061925
v -0.011642 -0.018066 0.065496
v -0.010809 -0.016061 0.066192
v -0.009939 -0.015318 0.066405
v -0.024920 -0.021477 -0.060753
v 0.049065 -0.036236 0.031903
v -0.037790 0.057049 -0.013972
v 0.052420 0.047544 -0.006084
v 0.015875 0.065781 -0.012640
v -0.052348 -0.033640 -0.026552
v 0.040396 -0.022444 0.049936
v -0.004228 -0.055000 0.042237
v 0.012846 -0.062735 0.027659
v -0.049124 -0.015196 -0.043295
v -0.050313 -0.045277 0.006271
v 0.000509 -0.065854 0.015192
v -0.057319 0.037821 -0.010628
v 0.067882 -0.003171 0.003521
v 0.035722 0.061491 0.000817
v 0.036548 0.061194 0.000378
v -0.064562 0.020674 0.013540
v -0.043591 0.027378 -0.045959
v -0.037024 0.020040 -0.054204
v -0.010925 -0.060613 -0.029487
v 0.027438 0.057956 -0.031156
v -0.058629 0.019075 0.029379
v 0.029486 -0.059980 -0.004730
v 0.066887 -0.002650 0.006968
v -0.052147 0.041068 -0.021287
v 0.060623 0.027593 -0.022873
v 0.004506 -0.034347 0.059717
v 0.018822 -0.064458 0.007928
v -0.046012 -0.049056 0.000125
v 0.063550 0.000063 -0.019835
v -0.066636 -0.013981 0.002352
v -0.067063 -0.012697 0.003005
v -0.019255 -0.030957 0.057118
v 0.039290 0.059930 -0.000003
v 0.062950 0.030978 -0.010870
v -0.022800 0.017070 -0.061464
v -0.021010 0.017281 -0.063170
v 0.037252 -0.018531 -0.051643
v 0.048889 -0.025443 -0.037657
v 0.050166 -0.022264 -0.039314
v -0.067974 0.000171 0.009774
v 0.040989 0.041882 0.039228
v 0.041652 0.039939 0.039051
v 0.001076 -0.022785 -0.064081
v 0.016293 -0.017267 0.064465
v -0.048096 0.029247 0.038005
v -0.034508 0.047811 0.034315
v -0.029974 0.049545 0.036151
v -0.042179 0.026543 -0.047967
v -0.060616 0.000477 -0.022285
v 0.026279 -0.056068 -0.028185
v 0.068186 0.001815 0.015284
v -0.014476 0.039632 -0.055331
v -0.001025 0.068516 0.010845
v 0.036403 0.026527 0.050738
v 0.043377 -0.011454 -0.050161
v -0.025258 0.007133 -0.061793
v 0.061240 -0.009888 -0.024711
v 0.000862 -0.003420 0.068085
v 0.002119 -0.003399 0.068038
v -0.053159 0.007500 0.041688
v 0.029536 0.013189 -0.059866
v -0.010641 -0.065941 0.010277
v 0.000582 -0.036428 0.057709
v -0.016651 -0.027560 0.059840
v -0.002139 0.003780 -0.069240
v -0.001226 -0.002882 0.068868
v 0.012184 0.062286 -0.031169
v 0.015581 -0.017002 0.064650
v -0.031712 0.060423 0.011686
v -0.046607 -0.048168 -0.010651
v 0.043775 -0.052264 0.004072
v 0.003959 0.003850 -0.068329
v 0.016694 0.056983 -0.038868
v 0.057251 0.006317 -0.037700
v -0.002187 0.003269 -0.069173
v -0.026023 -0.040016 0.050374
v -0.025273 -0.039076 0.051461
v -0.034409 0.018962 0.054627
v -0.033791 0.019063 0.054858
v 0.000122 -0.064530 0.022787
v -0.032020 -0.047677 0.037809
v -0.033361 0.018770 0.055347
v -0.062874 0.013865 -0.010146
v 0.004893 -0.063857 0.026561
v 0.000388 -0.064382 0.023749
v 0.000481 -0.042051 0.054727
v 0.065247 0.019764 -0.010970
v -0.037683 0.058864 0.009124
v 0.066447 -0.004481 -0.003245
v -0.033162 -0.057230 0.013740
v -0.000402 0.025075 -0.066113
v 0.065045 -0.005093 -0.010977
v 0.065385 -0.005605 -0.009169
v -0.000876 0.007261 0.069603
v -0.000575 0.008019 0.069528
v -0.037238 -0.049859 -0.028500
v 0.039884 0.037684 -0.040917
v -0.061315 -0.007210 -0.022454
v -0.061382 -0.010472 -0.021961
v 0.026496 0.061597 -0.023724
v 0.045803 -0.049748 0.011193
v -0.041846 -0.047360 -0.022930
v 0.036991 -0.002094 0.057782
v 0.055714 0.019622 -0.035759
v -0.030240 0.049608 0.033263
v -0.010306 -0.046479 -0.048650
v -0.016285 -0.029749 0.057492
v 0.041191 0.043472 0.038799
v 0.066542 0.024080 0.001955
v 0.061404 -0.024357 -0.006277
v 0.061441 -0.023610 -0.012094
v 0.061694 -0.023781 -0.008787
v -0.024111 0.019753 -0.060107
v 0.065563 -0.001334 0.024507
v -0.001793 -0.014136 0.067180
v -0.022144 -0.061999 -0.001400
v 0.005896 -0.033831 -0.057756
v 0.069182 0.011760 0.004559
v -0.019269 -0.063470 0.000402
v -0.020344 0.055957 -0.038832
v -0.024597 0.063273 -0.011996
v 0.010418 -0.066615 0.009832
v 0.045222 -0.048519 0.016455
v 0.005421 0.066942 -0.003199
v -0.016068 0.003905 -0.065646
v -0.014842 0.004599 -0.066327
v 0.004824 0.051881 -0.048040
v -0.031263 -0.058041 0.007462
v -0.057609 -0.007243 -0.029476
v -0.056279 -0.009076 -0.032283
v 0.062782 -0.023641 -0.001337
v 0.068086 -0.013447 0.010327
v 0.048614 -0.043580 -0.021595
v -0.012505 -0.047142 0.049225
v -0.007507 -0.049680 0.047782
v 0.001761 -0.054047 -0.041117
v 0.001771 -0.053208 -0.042255
v 0.001511 -0.053683 -0.041577
v -0.036510 0.019806 0.053223
v -0.044255 -0.050276 0.007336
v 0.024708 0.020325 -0.059874
v 0.051528 -0.022991 -0.037240
v -0.066504 -0.004258 0.001617
v -0.056620 -0.012297 0.035214
v 0.021901 -0.041007 -0.049722
v -0.018895 0.062813 0.012295
v 0.028325 -0.027449 0.054471
v -0.028623 0.040199 -0.049796
v -0.050335 0.042306 -0.020031
v 0.023160 -0.049825 -0.037924
v -0.036240 -0.016097 -0.054658
v 0.050407 0.028991 -0.037770
v 0.047594 -0.036713 -0.030765
v -0.055086 0.015248 -0.033769
v 0.066258 0.025404 0.004283
v -0.016110 0.014732 -0.066159
v -0.037962 0.013084 -0.055666
v -0.066901 -0.011598 -0.000164
v -0.049278 0.049102 -0.003980
v -0.006223 0.067527 0.014933
v -0.051680 0.040376 0.023439
v 0.054872 -0.009466 -0.036604
v 0.000626 0.017657 0.067902
v -0.037667 0.046213 0.032629
v -0.049737 0.030948 0.035103
v 0.014597 0.064796 0.022856
v -0.032930 -0.057111 0.011306
v -0.031256 -0.058092 0.009285
v 0.045125 -0.010897 -0.048547
v -0.031147 0.051234 0.032290
v -0.055389 0.022137 0.033522
v -0.002326 -0.067681 -0.008633
v 0.041197 0.045778 -0.034681
v -0.026102 -0.021330 -0.059976
v -0.055304 -0.010309 -0.033253
v -0.041014 0.054499 -0.014560
v 0.058360 0.024414 -0.031302
v 0.002279 -0.055570 -0.038950
v 0.001772 -0.054671 -0.040317
v 0.054329 0.046649 0.001979
v -0.060055 0.027476 0.021424
v 0.024194 0.066031 0.002350
v 0.053358 -0.001038 0.043763
v -0.014246 -0.063172 -0.014328
v -0.012181 -0.064442 -0.011319
v 0.003105 -0.047652 -0.048191
v -0.061967 -0.028995 0.001696
v -0.046925 0.027825 0.039499
v 0.054383 0.033058 -0.028622
v -0.009122 0.066079 -0.014502
v 0.001036 -0.035946 0.058153
v 0.012962 0.015068 0.066794
v -0.048445 0.015717 0.044368
v -0.065548 0.021197 0.007224
v -0.022227 -0.034201 0.055583
v -0.022468 -0.034688 0.055226
v -0.020961 -0.033450 0.056249
v -0.039443 -0.025031 -0.051699
v -0.063410 -0.017291 0.010955
v -0.063461 -0.017095 0.011980
v -0.063961 -0.016681 0.013494
v 0.036491 0.056877 -0.022482
v 0.002243 0.066610 0.017992
v 0.013983 0.021006 -0.062396
v -0.019265 -0.056926 0.031379
v -0.016431 -0.011926 0.065559
v 0.003529 0.043684 0.054371
v -0.005011 0.031249 0.062618
v 0.019080 -0.037568 0.054006
v 0.012065 0.065996 0.016672
v 0.041087 -0.052021 0.015702
v -0.038182 -0.008408 -0.056320
v -0.060833 -0.023249 -0.017903
v -0.061367 -0.023033 -0.016462
v -0.038509 -0.022216 -0.052922
v 0.015212 -0.014621 -0.064998
v -0.000750 -0.012399 -0.066677
v 0.052418 -0.028902 -0.028898
v -0.018755 0.034755 -0.058047
v -0.013601 -0.021788 0.063593
v 0.037290 -0.027951 0.050538
v 0.035187 -0.056947 0.014885
v -0.032934 -0.055550 -0.020989
v -0.060752 -0.000335 -0.021038
v 0.027347 0.064447 -0.004826
v 0.023777 0.066076 -0.001823
v 0.046333 0.053692 0.012935
v -0.063621 0.021784 -0.000006
v -0.024488 -0.018059 0.062709
v -0.021446 -0.019367 0.062848
v 0.033194 0.036951 0.048604
v 0.036000 0.040499 0.044772
v 0.036433 -0.034867 0.046639
v -0.027721 -0.029560 0.056042
v 0.049955 -0.032614 -0.029402
v -0.059260 -0.001461 -0.026193
v -0.015126 -0.019927 -0.063128
v -0.013247 -0.019683 -0.063788
v -0.006587 0.029165 0.063037
v 0.022970 -0.063715 -0.008546
v 0.006704 0.061382 -0.033987
v 0.006729 0.062151 -0.032514
v -0.019829 0.008801 0.065931
v 0.055210 0.032289 0.031954
v 0.068917 0.005434 -0.008234
v -0.011854 -0.058483 0.031834
v 0.025108 -0.017069 -0.059533
v 0.014472 0.017524 -0.063687
v 0.001871 -0.059148 -0.033771
v -0.017398 -0.061650 -0.016007
v -0.017651 -0.061931 -0.018701
v 0.026617 -0.049028 -0.038191
v 0.053885 0.022517 -0.037632
v -0.022499 0.013554 0.063843
v -0.058077 -0.006692 -0.030190
v -0.057701 -0.024033 -0.025271
v -0.046648 0.012485 0.045092
v 0.016646 0.063254 0.025976
v 0.000852 -0.046756 0.050925
v -0.030614 0.061128 0.011844
v -0.050324 -0.013119 0.044382
v -0.034083 -0.053909 0.022892
v -0.000464 0.004779 0.069529
v 0.052471 0.039284 -0.026293
v -0.045906 0.018745 0.044291
v -0.045788 0.015503 0.047230
v 0.002626 0.066822 -0.006416
v -0.011084 0.058295 -0.038056
v 0.032109 -0.012665 -0.057568
v 0.064126 0.030730 0.002051
v 0.064874 0.029141 0.001981
v 0.055008 -0.029458 -0.023320
v -0.026220 -0.060670 0.009095
v -0.024677 -0.061587 0.009048
v -0.002367 -0.004204 -0.068196
v -0.000406 -0.068000 0.005469
v -0.065281 -0.020759 0.000658
v -0.062558 -0.022855 -0.012883
v 0.037909 0.019548 0.053837
v 0.000408 -0.049440 0.048039
v -0.018044 -0.051317 -0.042274
v 0.052097 -0.012277 -0.038480
v -0.044170 -0.034449 -0.040422
v 0.057887 0.032514 0.025364
v -0.052901 0.045429 -0.000617
v -0.052087 0.045953 -0.003690
v 0.031307 -0.028276 -0.050547
v 0.048629 0.053627 -0.005876
v -0.024022 -0.022020 -0.060771
v 0.004550 0.041713 0.056210
v 0.001771 0.063602 0.028576
v 0.001086 0.062754 0.030325
v 0.025779 -0.013891 -0.060607
v -0.067049 0.003974 0.000466
v 0.040421 0.059269 0.000014
v -0.065444 0.005388 0.020668
v 0.008535 -0.014694 -0.066317
v 0.031537 -0.002626 0.060978
v 0.064853 -0.009910 -0.013788
v -0.019881 0.020213 0.062365
v 0.050520 -0.041371 0.017038
v -0.018316 -0.064767 0.009469
v 0.002582 -0.064136 -0.024144
v 0.001111 -0.062579 -0.027472
v 0.006713 0.066977 -0.003557
v 0.006084 0.066893 -0.003546
v 0.004735 0.066571 -0.003773
v -0.036292 0.022694 -0.053504
v -0.010870 0.066887 0.013430
v -0.053860 0.012828 -0.035870
v -0.021337 -0.006982 -0.064330
v 0.028639 -0.057592 0.022493
v -0.033740 -0.053621 0.023922
v -0.007943 -0.065150 0.010079
v -0.009178 -0.065691 0.010453
v -0.044983 -0.042812 -0.024753
v 0.022021 0.058718 -0.033610
v 0.031040 -0.002848 0.061202
v 0.069001 0.009352 -0.006819
v 0.068989 0.008352 -0.009826
v 0.056009 -0.014469 -0.034631
v 0.060705 -0.024868 -0.012599
v 0.023908 0.011406 -0.062663
v 0.022043 0.061154 -0.028168
v 0.038941 -0.052399 -0.021754
v -0.043169 -0.046816 -0.020757
v 0.053971 -0.039308 -0.015687
v -0.015651 0.001701 -0.067025
v 0.037547 -0.041918 -0.039008
v 0.040694 -0.053876 -0.003988
v -0.000200 -0.066646 0.012097
v 0.008052 -0.067946 -0.001340
v 0.000989 -0.064782 -0.022502
v -0.050438 0.038268 -0.029868
v -0.000989 -0.015624 -0.065851
v 0.055129 -0.041893 -0.006502
v 0.001968 0.064040 0.027563
v 0.001469 0.066129 0.021230
v -0.060263 -0.023879 -0.018773
v 0.021311 -0.021316 0.060694
v 0.014409 0.064457 -0.015594
v -0.033680 -0.050366 -0.032357
v -0.036864 -0.049515 -0.030785
v -0.028376 -0.057931 0.021764
v 0.047586 0.033659 -0.038757
v -0.055621 0.041764 -0.001736
v -0.042693 -0.051426 0.007343
v 0.064398 -0.018403 -0.006224
v -0.026661 -0.021138 -0.058682
v -0.044782 -0.004881 -0.050385
v 0.010052 0.068105 -0.002381
v 0.045612 -0.043095 0.027204
v -0.001816 -0.007700 -0.068066
v -0.030548 -0.050388 -0.035486
v 0.034419 -0.017816 -0.052257
v 0.013917 -0.049736 -0.043515
v -0.010576 -0.047663 -0.047205
v 0.024130 0.033826 -0.053902
v 0.020361 -0.063465 0.019837
v 0.055421 -0.009247 -0.036056
v 0.012559 -0.002676 0.065937
v 0.047735 0.053264 0.010593
v 0.029196 0.045888 -0.045535
v 0.049121 -0.024625 0.042314
v 0.064761 -0.025384 0.012335
v 0.050614 0.021201 -0.041430
v 0.052072 0.022408 -0.039213
v 0.051472 -0.018820 0.041934
v 0.032436 0.039837 0.048463
v 0.038387 -0.038398 0.041618
v 0.030412 -0.026555 -0.051868
v 0.055839 -0.009268 -0.035416
v 0.051623 0.042230 0.026745
v -0.006298 0.060934 -0.034522
v -0.054055 0.011284 -0.035157
v -0.056350 0.040043 0.010289
v 0.065341 0.028071 0.001578
v 0.063756 0.031616 0.001711
v 0.000574 -0.051122 0.046104
v -0.016310 0.005074 0.067560
v 0.059865 -0.000712 0.031292
v 0.039027 0.033246 0.044225
v -0.008896 -0.014101 0.066631
v -0.054749 0.042829 -0.002488
v -0.053059 -0.039432 -0.014189
v -0.045586 0.051318 -0.012723
v 0.060084 -0.027519 -0.002587
v 0.021750 0.055174 0.037623
v -0.056117 0.037377 -0.017721
v 0.066740 -0.003996 -0.000098
v 0.027458 -0.052725 0.035306
v 0.000055 -0.016907 -0.065715
v 0.000502 -0.017605 -0.065644
v -0.021550 0.064249 0.007137
v 0.005898 0.060201 -0.036257
v 0.006347 0.061143 -0.034460
v -0.009337 0.002160 0.068721
v -0.059058 0.033458 -0.001320
v -0.057177 0.020995 0.030403
v 0.000449 0.052198 0.045980
v 0.000508 0.052924 0.045113
v -0.044721 0.049720 -0.021629
v -0.056684 0.039611 0.005732
v -0.056717 0.039780 0.004060
v -0.057165 0.039045 -0.004246
v -0.017646 0.063301 -0.026143
v 0.024779 0.065748 -0.001475
v 0.000590 -0.050035 0.047350
v -0.027131 0.013950 0.061299
v 0.025689 0.060500 -0.026567
v 0.068031 0.019107 0.002498
v -0.054228 0.041737 0.014945
v 0.041052 -0.020158 -0.050500
v 0.047263 0.054740 0.000639
v 0.011828 0.063754 0.024119
v 0.025554 -0.050062 -0.037334
v 0.001273 -0.035973 -0.057786
v -0.059009 -0.006314 -0.027585
v 0.013193 0.055323 -0.042978
v 0.068080 0.018789 -0.003002
v -0.033879 0.048321 0.032865
v -0.040161 -0.011659 0.054539
v -0.065293 -0.019181 0.005692
v -0.000724 -0.026359 0.063981
v 0.006212 0.064412 -0.027024
v -0.059922 -0.023703 -0.019907
v -0.059475 -0.023670 -0.021038
v 0.062356 -0.021551 0.027623
v 0.007031 -0.002757 0.067364
v -0.002101 -0.008089 -0.068023
v -0.005578 -0.011100 -0.067256
v 0.027242 0.017748 -0.059882
v -0.049271 -0.023824 0.041678
v -0.031379 0.037151 -0.049798
v 0.013320 -0.014331 0.065873
v 0.061415 -0.004554 -0.025564
v 0.030615 0.008437 0.061141
v 0.046619 -0.048549 0.015410
v -0.002220 -0.067425 -0.006795
v 0.005959 0.058119 -0.040439
v -0.001954 -0.067185 -0.012433
v -0.001352 -0.068076 -0.000703
v -0.040423 -0.053062 0.008138
v -0.047909 -0.037428 0.032543
v 0.010973 0.055990 -0.042415
v 0.033406 0.027009 0.052363
v 0.032641 -0.036034 0.048455
v 0.001931 0.064883 0.025677
v 0.001392 0.065088 0.025051
v 0.068648 0.015954 0.004020
v 0.044360 0.027170 -0.043578
v -0.011110 -0.016809 0.065953
v -0.024285 0.060101 0.021595
v 0.040953 -0.032817 -0.043349
v 0.029424 -0.054422 -0.027841
v 0.006050 -0.008114 0.067208
v 0.007187 -0.009117 0.067115
v 0.029570 0.029680 0.053630
v -0.057348 -0.002399 -0.027359
v 0.032380 0.063079 0.000084
v -0.022599 0.010921 0.063883
v -0.008462 -0.056212 0.038431
v 0.068263 -0.012455 0.009623
v 0.032183 -0.018867 0.056360
v -0.024730 -0.038856 0.051848
v -0.064120 -0.021056 -0.008347
v 0.068854 0.012442 -0.006489
v -0.033397 -0.049351 0.033132
v 0.020741 0.066866 -0.002235
v -0.065030 0.009198 0.021149
v -0.001122 -0.017382 0.066833
v -0.013429 -0.025277 -0.061666
v -0.042374 0.055807 -0.005054
v 0.041015 -0.023824 -0.049108
v -0.040151 0.025373 -0.050220
v -0.024490 0.041851 0.048913
v -0.000079 0.009390 0.069355
v 0.000057 0.010371 0.069234
v 0.001739 0.064401 0.026627
v 0.041183 0.058821 -0.000246
v -0.008041 -0.012240 0.066887
v 0.024843 0.054273 -0.038596
v 0.020536 -0.062450 -0.012811
v -0.033297 -0.018582 -0.058068
v 0.021996 -0.062456 0.014191
v -0.032430 0.060833 -0.006523
v -0.046662 0.028846 -0.042191
v 0.009058 0.067679 -0.003768
v -0.001777 0.051215 -0.049076
v -0.000383 0.011474 0.069100
v 0.001437 -0.058636 -0.034681
v 0.006121 -0.038551 -0.056207
v -0.002321 -0.067410 -0.005991
v -0.065348 -0.020477 0.001333
v -0.019922 0.063680 0.010562
v 0.014360 -0.002704 0.065104
v -0.045814 -0.042435 -0.030143
v -0.040852 0.057019 0.004215
v 0.001244 -0.064580 -0.023231
v -0.013415 -0.046804 0.050059
v 0.030149 -0.028920 0.053199
v -0.015221 0.001330 -0.067192
v 0.000307 0.053740 0.044020
v -0.040994 0.056655 -0.005740
v 0.067069 0.022500 0.002626
v 0.021396 0.066769 -0.001844
v 0.055353 0.016371 -0.036511
v -0.011538 -0.017267 0.065740
v -0.000661 -0.014342 -0.066183
v -0.031709 -0.057837 0.009044
v -0.000502 0.009009 0.069408
v -0.000173 -0.068206 0.003314
v 0.032777 -0.058628 0.015119
v 0.001622 0.066366 0.019684
v -0.045784 0.049496 -0.019771
v 0.063339 0.032390 0.001880
vn 0.0263 -0.9762 0.2152
vn 0.0129 -0.9966 -0.0816
vn 0.0060 -0.9977 0.0668
vn 0.9298 0.1237 0.3466
vn 0.9248 0.1251 0.3593
vn 0.9105 0.1065 0.3996
vn -0.1253 -0.9358 0.3296
vn -0.0675 -0.9616 0.2659
vn -0.0655 -0.9636 0.2594
vn 0.9765 -0.1836 0.1128
vn 0.9897 -0.1089 -0.0929
vn 0.9873 -0.1544 -0.0362
vn -0.1321 0.9909 -0.0266
vn -0.0943 0.9955 -0.0085
vn -0.1046 0.9945 0.0112
vn 0.2768 -0.8677 -0.4129
vn 0.3663 -0.8558 -0.3652
vn 0.3236 -0.7945 -0.5138
vn 0.7169 0.4280 -0.5503
vn 0.7024 0.2826 -0.6533
vn 0.6455 0.3065 -0.6996
vn -0.6627 -0.2860 -0.6921
vn -0.7174 -0.2048 -0.6659
vn -0.5842 -0.3633 -0.7258
vn 0.0056 -0.0860 -0.9963
vn 0.0175 -0.0465 -0.9988
vn -0.0773 -0.1861 -0.9795
vn -0.0245 0.6671 -0.7445
vn -0.0848 0.7376 -0.6699
vn -0.0286 0.7448 -0.6667
vn -0.3538 -0.8696 -0.3445
vn -0.2947 -0.9213 -0.2538
vn -0.2724 -0.9516 -0.1425
vn -0.7262 0.6176 -0.3021
vn -0.6700 0.6286 -0.3950
vn -0.6538 0.6298 -0.4194
vn -0.9133 -0.4068 0.0170
vn -0.9295 -0.3658 -0.0460
vn -0.8889 -0.4552 -0.0522
vn -0.6739 -0.4361 -0.5964
vn -0.7087 -0.3901 -0.5878
vn -0.6857 -0.4111 -0.6006
vn -0.4034 0.0586 0.9131
vn -0.4421 0.1281 0.8878
vn -0.4691 0.1436 0.8714
vn -0.8362 0.3512 0.4213
vn -0.8143 0.3938 0.4264
vn -0.8293 0.3176 0.4598
vn -0.1207 -0.9763 -0.1798
vn -0.1031 -0.9150 -0.3900
vn -0.0975 -0.9629 -0.2515
vn -0.9603 0.0261 0.2776
vn -0.9602 0.0922 0.2636
vn -0.9736 0.0601 0.2200
vn 0.4842 0.7681 -0.4191
vn 0.5590 0.7057 -0.4352
vn 0.5152 0.7111 -0.4785
vn 0.3611 -0.9325 0.0018
vn 0.3822 -0.9236 0.0288
vn 0.2196 -0.9679 0.1224
vn 0.4547 -0.0400 -0.8897
vn 0.6748 -0.1659 -0.7191
vn 0.6591 -0.2780 -0.6988
vn -0.9310 0.2451 -0.2706
vn -0.8871 0.3641 -0.2837
vn -0.8872 0.3760 -0.2673
vn 0.7789 0.6260 0.0396
vn 0.7683 0.6071 0.2030
vn 0.6839 0.7269 0.0624
vn -0.1393 -0.5030 -0.8530
vn -0.0029 -0.4242 -0.9055
vn -0.1984 -0.4612 -0.8648
vn -0.6701 0.0897 0.7368
vn -0.7099 0.1411 0.6900
vn -0.6633 0.0904 0.7429
vn 0.3618 -0.3997 -0.8422
vn 0.3035 -0.4044 -0.8628
vn 0.3652 -0.4631 -0.8076
vn -0.2113 -0.4739 0.8548
vn -0.2316 -0.3686 0.9003
vn -0.1916 -0.4554 0.8695
vn -0.9427 0.0659 -0.3271
vn -0.7956 0.3763 -0.4747
vn -0.8616 0.1377 -0.4885
vn -0.1440 0.0804 -0.9863
vn -0.2807 0.0778 -0.9566
vn -0.1506 0.1900 -0.9702
vn 0.3866 -0.1010 0.9167
vn 0.3879 -0.1475 0.9098
vn 0.4253 -0.2113 0.8800
vn 0.3012 0.9397 0.1618
vn 0.3289 0.9000 0.2859
vn 0.3385 0.9105 0.2376
vn -0.4179 0.8752 0.2436
vn -0.3679 0.9005 0.2317
vn -0.4761 0.8323 0.2839
vn 0.5798 -0.5414 0.6089
vn 0.5724 -0.4947 0.6539
vn 0.6122 -0.4920 0.6190
vn 0.4331 -0.6475 0.6271
vn 0.4371 -0.6029 0.6674
vn 0.4484 -0.6437 0.6202
vn 0.2012 0.9252 -0.3218
vn 0.2013 0.8813 -0.4276
vn 0.1565 0.9154 -0.3710
vn -0.1653 0.9773 -0.1328
vn -0.1485 0.9718 -0.1833
vn 0.0869 0.9893 -0.1169
vn 0.6106 0.3829 0.6932
vn 0.4765 0.4676 0.7445
vn 0.4554 0.4002 0.7952
vn 0.5408 -0.7294 0.4190
vn 0.5472 -0.7214 0.4245
vn 0.4931 -0.7070 0.5070
vn -0.7546 -0.3307 -0.5667
vn -0.7820 -0.2194 -0.5834
vn -0.7464 -0.3250 -0.5807
vn -0.8480 0.0874 -0.5228
vn -0.8735 0.0526 -0.4840
vn -0.8423 -0.0299 -0.5381
vn 0.4418 0.8395 0.3165
vn 0.4540 0.7913 0.4095
vn 0.5335 0.7893 0.3039
vn 0.0682 -0.2848 -0.9562
vn 0.0260 -0.2419 -0.9700
vn -0.0383 -0.2603 -0.9648
vn 0.6452 -0.7622 -0.0528
vn 0.6981 -0.7159 -0.0110
vn 0.7381 -0.6647 -0.1156
vn -0.9428 -0.2384 0.2331
vn -0.9399 -0.2590 0.2226
vn -0.9403 -0.2506 0.2305
vn -0.2051 -0.3126 -0.9275
vn -0.1621 -0.0046 -0.9868
vn -0.1450 -0.3198 -0.9363
vn -0.6187 -0.0942 0.7800
vn -0.6520 -0.0865 0.7533
vn -0.6302 -0.1275 0.7659
vn 0.6453 0.7631 0.0345
vn 0.5996 0.7955 0.0878
vn 0.6955 0.7142 0.0789
vn -0.8462 -0.4795 -0.2325
vn -0.8290 -0.5290 -0.1813
vn -0.7455 -0.5932 -0.3039
vn -0.8704 -0.4794 -0.1119
vn -0.9176 -0.3914 -0.0694
vn -0.8406 -0.5356 -0.0806
vn -0.1768 -0.6395 -0.7482
vn -0.1088 -0.1622 -0.9807
vn -0.0875 -0.1828 -0.9792
vn -0.1436 -0.2214 -0.9646
vn -0.4310 -0.9000 0.0658
vn -0.4193 -0.9041 0.0820
vn -0.5298 -0.8443 0.0803
vn 0.4799 0.0440 -0.8762
vn 0.5271 0.1411 -0.8380
vn 0.5418 0.0593 -0.8384
vn 0.0961 -0.8302 -0.5491
vn 0.0913 -0.8187 -0.5670
vn 0.1333 -0.8246 -0.5498
vn -0.9925 0.0012 0.1225
vn -0.9492 -0.2131 0.2315
vn -0.8355 -0.5191 0.1803
vn 0.9625 0.1330 -0.2365
vn 0.8938 0.2493 -0.3727
vn 0.9817 0.1306 -0.1384
vn -0.4859 -0.0768 -0.8707
vn -0.5003 -0.0958 -0.8605
vn -0.4020 -0.1691 -0.8999
vn -0.4847 0.7064 0.5158
vn -0.5103 0.7233 0.4652
vn -0.4214 0.7519 0.5070
vn 0.3816 -0.4698 -0.7961
vn 0.3665 -0.4745 -0.8003
vn 0.3426 -0.4698 -0.8136
vn -0.7849 0.2176 0.5801
vn -0.5123 0.4252 0.7462
vn -0.6488 0.3634 0.6685
vn 0.2728 0.0564 -0.9604
vn 0.2211 0.1205 -0.9678
vn 0.1032 0.0838 -0.9911
vn 0.3636 -0.0955 -0.9266
vn 0.4461 -0.1587 -0.8808
vn 0.4215 -0.1181 -0.8991
vn 0.1544 0.8817 0.4458
vn 0.2318 0.8510 0.4712
vn 0.1909 0.8237 0.5340
vn -0.3045 0.9467 0.1056
vn -0.2789 0.9593 0.0437
vn -0.1941 0.9799 0.0453
vn -0.4100 0.9107 -0.0506
vn -0.4102 0.9119 -0.0108
vn -0.7692 -0.0966 0.6316
vn -0.7434 -0.2206 0.6314
vn -0.7569 -0.0989 0.6460
vn 0.6490 0.3554 0.6726
vn 0.6893 0.1795 0.7019
vn 0.7983 0.3282 0.5050
vn 0.2042 -0.9751 0.0868
vn 0.1528 -0.9841 0.0911
vn 0.1021 -0.9935 0.0500
vn 0.1110 0.9131 -0.3923
vn 0.0979 0.9008 -0.4230
vn 0.0763 0.9061 -0.4162
vn 0.6403 -0.7018 0.3124
vn 0.6562 -0.6441 0.3931
vn 0.7456 -0.6047 0.2799
vn -0.2301 -0.8701 0.4358
vn -0.1306 -0.9090 0.3958
vn -0.1128 -0.8074 0.5792
vn 0.0782 0.9767 -0.1996
vn -0.0004 0.9920 -0.1260
vn -0.0715 0.9824 -0.1724
vn -0.4426 0.8231 0.3559
vn -0.4386 0.8379 0.3248
vn -0.4690 0.7799 0.4144
vn -0.2968 -0.8853 0.3579
vn -0.3007 -0.9397 0.1628
vn -0.2360 -0.9297 0.2827
vn -0.8088 -0.3960 0.4348
vn -0.8231 -0.4389 0.3603
vn -0.7596 -0.4930 0.4243
vn 0.2524 -0.9129 -0.3208
vn 0.2318 -0.9274 -0.2937
vn 0.1818 -0.9372 -0.2977
vn 0.7946 0.6071 0.0003
vn 0.8180 0.5746 -0.0274
vn 0.8285 0.5589 -0.0363
vn -0.0200 -0.1936 -0.9809
vn 0.0375 -0.2636 -0.9639
vn -0.0274 -0.1396 -0.9898
vn 0.4627 0.8709 -0.1660
vn 0.6527 0.7211 -0.2323
vn 0.6359 0.7374 -0.2276
vn -0.4341 -0.8624 0.2603
vn -0.4388 -0.8663 0.2385
vn -0.4431 -0.7183 0.5364
vn 0.9348 -0.1468 -0.3233
vn 0.8847 -0.1483 -0.4421
vn 0.9557 -0.1409 -0.2583
vn -0.3134 0.4922 0.8121
vn -0.2767 0.5250 0.8048
vn -0.3035 0.4806 0.8227
vn -0.9000 -0.4064 0.1574
vn -0.9431 -0.2385 0.2316
vn -0.9257 -0.3229 0.1971
vn -0.8059 -0.3259 -0.4943
vn -0.8066 -0.2901 -0.5150
vn 0.5208 -0.8484 -0.0951
vn 0.5202 -0.8391 -0.1594
vn 0.4960 -0.8544 -0.1551
vn 0.1312 0.9909 0.0289
vn 0.1804 0.9807 0.0760
vn 0.1536 0.9878 -0.0271
vn -0.4959 -0.1939 -0.8465
vn -0.4943 -0.0993 -0.8636
vn -0.6108 -0.0176 -0.7916
vn -0.6129 0.0012 -0.7902
vn -0.5700 0.0194 -0.8214
vn -0.2797 -0.6358 0.7194
vn -0.2564 -0.5574 0.7896
vn -0.3273 -0.6789 0.6573
vn 0.8300 -0.4204 -0.3666
vn 0.8204 -0.4005 -0.4082
vn 0.7396 -0.5449 -0.3951
vn 0.5087 -0.0884 -0.8564
vn 0.5297 -0.1091 -0.8411
vn 0.4357 -0.1082 -0.8935
vn -0.9406 -0.3393 0.0109
vn -0.6007 -0.3574 0.7152
vn -0.6756 -0.2730 0.6848
vn -0.7268 -0.2195 0.6508
vn 0.4739 0.3953 0.7869
vn 0.5514 0.3387 0.7624
vn -0.2333 0.6192 0.7497
vn -0.1949 0.4037 0.8939
vn -0.0970 0.6869 0.7202
vn 0.3962 0.8839 -0.2483
vn 0.4227 0.8208 -0.3843
vn 0.4505 0.7945 -0.4072
vn -0.0734 0.4580 0.8859
vn -0.0305 0.4973 0.8670
vn -0.0836 0.4503 0.8890
vn -0.2787 -0.4957 0.8225
vn -0.1933 -0.4992 0.8446
vn -0.2445 -0.4370 0.8656
vn -0.3994 0.4914 -0.7739
vn -0.3558 0.4069 -0.8413
vn -0.4564 0.3720 -0.8082
vn -0.2023 0.5754 -0.7925
vn -0.3549 0.5506 -0.7556
vn -0.4321 0.5851 -0.6862
vn 0.7473 -0.0694 -0.6608
vn 0.6474 -0.2489 -0.7204
vn 0.7341 -0.2742 -0.6213
vn -0.2940 0.9495 0.1093
vn -0.3567 0.9281 0.1067
vn -0.2974 0.9437 0.1446
vn -0.2408 -0.3808 0.8927
vn -0.2130 -0.5604 0.8004
vn -0.3157 -0.4120 0.8548
vn 0.2411 -0.9620 0.1283
vn -0.0849 0.9955 -0.0418
vn -0.0429 0.9946 -0.0948
vn -0.0397 0.9896 -0.1383
vn 0.4929 -0.5908 -0.6388
vn 0.4438 -0.5442 -0.7120
vn 0.3859 -0.4929 -0.7799
vn -0.8118 0.4583 -0.3618
vn -0.7293 0.5991 -0.3305
vn -0.7183 0.5890 -0.3703
vn 0.5019 0.0536 -0.8633
vn -0.2153 -0.0317 -0.9760
vn -0.2287 -0.0374 -0.9728
vn -0.1207 -0.0893 -0.9887
vn -0.3740 0.6630 0.6485
vn -0.2838 0.5946 0.7523
vn -0.2934 0.6558 0.6956
vn 0.0398 -0.8618 0.5057
vn -0.1618 -0.8577 0.4880
vn -0.0558 -0.8402 0.5394
vn -0.0678 0.9150 -0.3977
vn -0.2163 0.8627 -0.4571
vn -0.1140 0.9404 -0.3205
vn -0.1149 -0.9012 0.4180
vn 0.0669 -0.9293 0.3632
vn 0.0709 -0.9268 0.3688
vn -0.4038 0.5825 -0.7055
vn -0.5711 0.4897 -0.6589
vn -0.2929 0.3549 -0.8878
vn -0.9025 0.1485 -0.4043
vn -0.9318 0.0860 -0.3527
vn -0.9215 0.1527 -0.3571
vn 0.1559 -0.9876 0.0180
vn 0.0916 -0.9958 0.0002
vn 0.0829 -0.9964 -0.0181
vn -0.8237 0.0323 -0.5660
vn -0.8193 0.1229 -0.5601
vn -0.6886 0.0340 -0.7243
vn -0.7881 0.3969 -0.4705
vn -0.7011 0.4140 -0.5806
vn -0.7707 0.3087 -0.5574
vn 0.8548 0.1905 0.4828
vn 0.8893 0.2062 0.4082
vn 0.8535 0.1972 0.4823
vn 0.5699 -0.5891 0.5728
vn 0.6271 -0.4375 0.6445
vn -0.1301 -0.9347 0.3307
vn -0.2415 -0.9451 0.2204
vn -0.1630 -0.9499 0.2665
vn 0.9135 -0.3079 -0.2659
vn 0.8704 -0.2891 -0.3986
vn 0.8202 -0.3833 -0.4246
vn -0.9209 -0.1714 0.3502
vn -0.8097 -0.4377 0.3910
vn -0.8585 -0.3212 0.3997
vn 0.6323 -0.5384 0.5570
vn 0.5971 -0.6052 0.5265
vn 0.6847 -0.5732 0.4502
vn 0.7560 -0.5143 -0.4049
vn 0.8025 -0.4170 -0.4268
vn 0.8064 -0.4622 -0.3688
vn -0.7141 -0.6963 -0.0726
vn -0.7553 -0.6389 0.1462
vn -0.7562 -0.6497 0.0776
vn 0.0688 -0.1856 0.9802
vn 0.1881 -0.0608 0.9803
vn 0.0433 -0.1473 0.9881
vn 0.7024 0.6186 0.3520
vn 0.5834 0.7167 0.3821
vn 0.6468 0.7010 0.3005
vn 0.4655 0.7145 0.5223
vn 0.6564 0.6263 0.4206
vn 0.6204 0.5818 0.5258
vn -0.4182 -0.0121 -0.9083
vn -0.2910 0.0588 -0.9549
vn -0.3874 0.1180 -0.9143
vn 0.0314 -0.6523 -0.7573
vn 0.0313 -0.6516 -0.7579
vn 0.1118 -0.6552 -0.7472
vn 0.7133 0.2198 0.6655
vn 0.5186 0.3427 0.7834
vn 0.6173 0.2277 0.7530
vn 0.1080 -0.5826 0.8056
vn 0.1570 -0.5766 0.8018
vn 0.2729 -0.5751 0.7713
vn -0.5377 0.7177 0.4425
vn -0.5358 0.7584 0.3711
vn -0.6327 0.7058 0.3186
vn -0.7444 0.2206 0.6303
vn -0.7158 0.2314 0.6588
vn -0.6637 0.2200 0.7149
vn -0.8509 0.1857 0.4915
vn -0.8136 0.1468 0.5626
vn -0.8505 0.1245 0.5111
vn 0.8421 0.1416 -0.5205
vn 0.8433 0.0656 -0.5334
vn 0.7097 0.2784 -0.6472
vn 0.8844 -0.3952 0.2484
vn 0.8465 -0.4026 0.3484
vn 0.8562 -0.4145 0.3084
vn -0.0028 0.8382 -0.5454
vn 0.0930 0.7525 -0.6520
vn 0.1114 0.7750 -0.6221
vn 0.4005 -0.8703 -0.2867
vn 0.2490 -0.9387 -0.2382
vn 0.2607 -0.9164 -0.3037
vn 0.6491 -0.2770 0.7085
vn 0.6906 -0.0101 0.7232
vn 0.6563 -0.4410 0.6122
vn -0.1881 -0.4124 0.8914
vn -0.1173 -0.2778 0.9535
vn -0.2036 -0.3904 0.8978
vn 0.0813 -0.0502 0.9954
vn 0.0745 -0.0156 0.9971
vn 0.0115 0.0041 0.9999
vn -0.1106 -0.5585 -0.8221
vn -0.3382 -0.2386 -0.9103
vn -0.3608 -0.4412 -0.8217
vn -0.7992 0.4348 -0.4149
vn -0.6633 0.6132 -0.4290
vn -0.7575 0.4525 -0.4706
vn -0.2136 0.2380 0.9475
vn 0.0694 -0.7417 0.6671
vn -0.0190 -0.7610 0.6485
vn 0.0008 -0.7577 0.6526
vn 0.3190 -0.7820 0.5355
vn 0.3922 -0.7013 0.5953
vn 0.2907 -0.7560 0.5864
vn 0.1115 -0.7825 0.6126
vn 0.1355 -0.7449 0.6533
vn 0.2452 -0.7547 0.6085
vn -0.2576 -0.9614 0.0967
vn -0.3849 -0.8745 0.2950
vn -0.2688 -0.9338 0.2359
vn 0.0111 -0.1809 -0.9834
vn 0.0994 -0.1097 -0.9890
vn 0.0012 -0.1769 -0.9842
vn -0.9628 -0.2703 -0.0075
vn -0.9682 -0.1896 0.1629
vn -0.9742 -0.2248 -0.0192
vn -0.1162 -0.9931 0.0181
vn -0.0681 -0.9956 0.0648
vn -0.3477 -0.9321 -0.1011
vn -0.1049 -0.5243 -0.8450
vn -0.1108 -0.5974 -0.7942
vn -0.0612 -0.4842 -0.8728
vn 0.0694 -0.3745 -0.9246
vn -0.0095 -0.6120 -0.7908
vn 0.1432 -0.6070 -0.7817
vn -0.0711 -0.5551 -0.8287
vn 0.3241 -0.6735 -0.6644
vn 0.3872 -0.6404 -0.6633
vn 0.8890 -0.4307 -0.1557
vn 0.9023 -0.4003 -0.1599
vn 0.9066 -0.4173 -0.0629
vn 0.5595 0.7896 -0.2521
vn 0.5439 0.7293 -0.4151
vn 0.5519 0.7348 -0.3943
vn 0.9369 -0.3078 -0.1658
vn 0.8697 -0.4664 -0.1618
vn 0.9355 -0.3245 -0.1395
vn 0.4245 0.0082 0.9054
vn 0.3533 0.0963 0.9305
vn 0.2837 -0.0556 0.9573
vn 0.4752 -0.6886 -0.5477
vn 0.4648 -0.4733 -0.7483
vn 0.2992 -0.6570 -0.6919
vn -0.3719 0.4908 0.7879
vn -0.0329 0.5905 0.8064
vn -0.4628 0.2061 0.8622
vn 0.4423 -0.7469 -0.4964
vn 0.4774 -0.6384 -0.6038
vn 0.4019 -0.8283 -0.3904
vn -0.9842 0.0293 -0.1749
vn -0.9855 0.0716 0.1540
vn -0.9851 0.1191 -0.1245
vn 0.4613 0.2445 0.8529
vn 0.5072 0.5282 0.6809
vn 0.5909 0.4577 0.6643
vn -0.9768 -0.0139 -0.2137
vn -0.9896 0.0613 -0.1301
vn -0.9872 0.1029 -0.1222
vn -0.9753 0.0843 -0.2040
vn -0.9907 0.1142 -0.0743
vn -0.3099 -0.6628 -0.6817
vn -0.0443 -0.8247 -0.5638
vn -0.1126 -0.5474 -0.8292
vn 0.5934 -0.4942 0.6353
vn 0.5674 -0.5517 0.6113
vn 0.7973 0.6001 0.0647
vn 0.8329 0.5373 0.1327
vn 0.8429 0.5340 0.0662
vn 0.7532 0.6419 0.1437
vn 0.8482 0.5231 0.0828
vn 0.5497 0.4031 -0.7317
vn 0.7113 0.2448 -0.6589
vn 0.6257 0.4253 -0.6539
vn -0.8292 0.3698 0.4192
vn -0.8047 0.4949 0.3280
vn -0.7886 0.3992 0.4677
vn -0.4783 -0.7547 0.4491
vn -0.3954 -0.7722 0.4974
vn -0.5053 -0.7604 0.4080
vn 0.0014 0.9968 -0.0793
vn 0.0067 0.9994 -0.0352
vn 0.2788 0.0075 0.9603
vn 0.3214 0.0330 0.9464
vn 0.2578 -0.0203 0.9660
vn -0.9400 0.0645 -0.3352
vn -0.9531 0.0933 -0.2878
vn -0.9586 0.0574 -0.2788
vn -0.9547 0.0918 -0.2831
vn -0.9808 0.0274 -0.1930
vn -0.7368 -0.6236 0.2613
vn -0.6117 -0.7897 0.0466
vn -0.6775 -0.6571 0.3306
vn -0.2443 -0.5130 -0.8229
vn -0.2326 -0.5693 -0.7885
vn -0.2240 -0.5758 -0.7863
vn 0.2695 -0.9170 0.2939
vn 0.3648 -0.8817 0.2992
vn 0.2818 -0.9305 0.2341
vn -0.5243 -0.7782 0.3458
vn -0.6659 -0.6403 0.3829
vn -0.6996 -0.6452 0.3071
vn 0.4691 0.8393 -0.2749
vn 0.0379 0.9878 -0.1508
vn 0.2778 0.8921 -0.3564
vn 0.1631 0.0020 -0.9866
vn -0.0446 0.4028 0.9142
vn 0.0453 0.3851 0.9218
vn -0.1419 0.9885 -0.0528
vn -0.1460 0.9865 -0.0740
vn 0.0346 -0.7039 -0.7094
vn -0.0680 -0.5170 -0.8533
vn 0.0596 -0.8337 -0.5490
vn -0.4648 -0.8768 -0.1228
vn -0.3867 -0.9095 -0.1527
vn -0.3462 -0.9007 -0.2625
vn 0.5554 0.7604 0.3367
vn 0.5866 0.6868 0.4292
vn 0.5353 0.7313 0.4227
vn 0.4678 0.8708 -0.1511
vn 0.6030 0.7730 -0.1971
vn 0.5237 0.8005 -0.2913
vn -0.6148 0.5556 0.5598
vn -0.4892 0.6042 0.6290
vn -0.6129 0.6143 0.4969
vn 0.1556 -0.9572 0.2442
vn 0.1326 -0.9812 0.1405
vn -0.0221 -0.9972 0.0712
vn -0.8067 0.4906 -0.3295
vn -0.9236 0.3832 -0.0074
vn -0.1107 0.6370 -0.7629
vn -0.1822 0.6523 -0.7357
vn -0.1530 0.6716 -0.7249
vn 0.7647 0.1047 0.6359
vn 0.7806 0.1751 0.6000
vn 0.8133 0.0856 0.5756
vn -0.7912 -0.0248 -0.6110
vn -0.8845 -0.0430 -0.4646
vn -0.8915 0.1418 -0.4303
vn -0.1203 -0.9894 -0.0813
vn -0.0460 -0.9979 0.0446
vn -0.0329 -0.9937 -0.1070
vn -0.8814 0.1578 0.4453
vn -0.9135 0.1027 0.3936
vn -0.8882 0.1107 0.4459
vn -0.2054 -0.5098 0.8354
vn -0.2880 -0.5339 0.7950
vn 0.1515 0.8461 0.5111
vn 0.1612 0.8595 0.4851
vn 0.2556 0.7639 0.5926
vn 0.4870 -0.3699 0.7912
vn 0.3436 -0.4917 0.8001
vn 0.4560 -0.4562 0.7642
vn 0.4110 0.9078 0.0834
vn 0.4884 0.8717 0.0390
vn 0.4333 0.9007 0.0309
vn 0.5178 0.8461 0.1270
vn 0.5191 0.8294 0.2063
vn 0.5698 0.8025 0.1771
vn 0.6993 -0.5759 -0.4235
vn 0.6782 -0.6318 -0.3752
vn 0.6886 -0.4815 -0.5422
vn -0.0786 0.8307 -0.5512
vn -0.1193 0.8188 -0.5615
vn -0.1002 0.7314 -0.6745
vn 0.6247 -0.4096 0.6648
vn 0.5343 -0.5159 0.6696
vn 0.5261 -0.3871 0.7572
vn -0.0217 -0.9945 -0.1025
vn 0.0818 -0.9956 -0.0458
vn 0.0954 -0.9943 0.0470
vn 0.6733 0.3236 -0.6648
vn 0.8356 0.3328 -0.4372
vn 0.7348 0.1097 -0.6693
vn 0.6605 0.1346 -0.7386
vn 0.7588 0.1493 -0.6340
vn 0.1576 0.8648 0.4767
vn -0.5845 0.0785 0.8076
vn -0.5340 0.1644 0.8294
vn -0.6321 0.1446 0.7613
vn 0.9515 -0.2213 -0.2137
vn 0.9175 -0.3856 -0.0971
vn 0.9228 -0.3288 -0.2009
vn -0.5330 -0.0274 -0.8457
vn -0.5479 -0.0249 -0.8361
vn -0.5122 0.0880 -0.8544
vn -0.3297 0.1199 -0.9364
vn -0.4285 0.1570 -0.8898
vn 0.8502 0.4721 0.2332
vn 0.8066 0.5044 0.3083
vn 0.8784 0.3609 0.3132
vn 0.2866 -0.1699 0.9429
vn 0.2996 -0.0483 0.9529
vn 0.2505 -0.1473 0.9569
vn 0.6494 0.6307 -0.4247
vn 0.7810 -0.3366 -0.5261
vn 0.7017 -0.4579 -0.5458
vn 0.6701 -0.5919 -0.4479
vn 0.7646 -0.1860 0.6171
vn 0.8113 -0.0192 0.5843
vn 0.7983 -0.1759 0.5760
vn 0.6308 -0.7513 0.1939
vn 0.6482 -0.7048 0.2884
vn 0.5661 -0.7733 0.2855
vn -0.2279 -0.9189 0.3219
vn -0.0753 -0.9343 0.3484
vn -0.1960 -0.8852 0.4220
vn 0.0030 -0.9131 -0.4078
vn -0.0357 -0.8975 -0.4395
vn -0.2901 -0.9528 0.0895
vn -0.4073 -0.9120 0.0485
vn -0.3725 -0.9280 -0.0102
vn -0.2529 -0.5481 0.7973
vn -0.2929 0.7769 0.5573
vn -0.4353 0.7377 0.5161
vn -0.3551 0.7366 0.5756
vn -0.9184 0.3900 -0.0670
vn -0.9516 0.2939 0.0893
vn -0.9947 0.1010 -0.0209
vn 0.7068 0.4505 0.5455
vn 0.9676 -0.2369 -0.0869
vn 0.9806 -0.1852 -0.0645
vn 0.9832 -0.1343 -0.1239
vn -0.0044 -0.1699 0.9855
vn -0.0983 -0.1301 0.9866
vn -0.3463 0.4912 0.7993
vn -0.4441 0.4241 0.7893
vn -0.3977 0.3905 0.8303
vn -0.3049 0.6172 0.7253
vn -0.2830 0.6280 0.7249
vn -0.2284 0.5415 0.8090
vn -0.0259 -0.3873 0.9216
vn -0.1277 -0.3085 0.9426
vn -0.1563 -0.3038 0.9398
vn -0.2971 -0.2366 0.9251
vn -0.1719 -0.3953 0.9023
vn -0.8703 0.4333 -0.2343
vn -0.9082 0.3023 -0.2893
vn -0.8708 0.4504 -0.1969
vn -0.1190 0.8808 -0.4583
vn -0.2310 0.7799 -0.5818
vn 0.3529 -0.9273 0.1249
vn 0.3108 -0.9444 0.1073
vn 0.0940 -0.9951 -0.0317
vn -0.3362 0.5505 0.7641
vn -0.2820 0.5130 0.8108
vn -0.2394 0.4478 0.8615
vn -0.8180 -0.5731 -0.0501
vn -0.7988 -0.6000 -0.0444
vn -0.7223 -0.6914 -0.0156
vn -0.8971 0.2563 0.3599
vn -0.6843 0.5330 0.4977
vn -0.7831 0.3278 0.5285
vn 0.1724 0.0093 0.9850
vn 0.4146 0.0419 0.9090
vn 0.3311 -0.0223 0.9433
vn 0.6865 -0.5073 -0.5210
vn 0.7510 -0.2875 -0.5944
vn 0.8035 -0.2705 -0.5303
vn -0.2234 0.9586 -0.1764
vn -0.1440 0.9862 -0.0813
vn -0.2567 0.9398 -0.2258
vn -0.0615 0.8949 -0.4420
vn -0.1104 0.9093 -0.4012
vn 0.0175 0.9944 -0.1047
vn -0.8402 -0.2063 -0.5016
vn -0.7874 -0.2190 -0.5763
vn -0.7936 -0.2379 -0.5600
vn -0.8189 -0.2853 -0.4980
vn -0.1844 0.9086 0.3749
vn -0.2205 0.9229 0.3155
vn -0.2133 0.9221 0.3229
vn 0.2495 -0.9608 -0.1206
vn 0.0526 -0.9908 0.1248
vn 0.5256 -0.7754 0.3501
vn 0.5033 -0.7360 0.4527
vn 0.4942 -0.7982 0.3444
vn -0.1082 0.8442 0.5251
vn 0.0281 0.8351 0.5494
vn -0.0074 0.8420 0.5394
vn -0.7891 -0.1491 0.5959
vn -0.6352 -0.1996 0.7462
vn -0.6685 -0.0835 0.7390
vn 0.1226 0.8323 0.5406
vn 0.1681 0.8063 0.5671
vn 0.4700 -0.0491 -0.8813
vn 0.3038 -0.3333 -0.8925
vn 0.3267 -0.0958 -0.9403
vn -0.0510 0.9516 0.3030
vn 0.1220 0.9775 0.1719
vn 0.0870 0.9632 0.2543
vn 0.9330 -0.3414 -0.1137
vn 0.9275 -0.3162 -0.1995
vn 0.9462 -0.1974 -0.2565
vn -0.5191 -0.8012 -0.2978
vn -0.5769 -0.7958 -0.1841
vn -0.5155 -0.8170 -0.2585
vn -0.9818 0.1659 -0.0925
vn -0.9620 0.2702 -0.0404
vn -0.9568 0.1336 -0.2584
vn -0.9826 -0.0217 -0.1847
vn -0.9530 0.0843 -0.2910
vn -0.9463 0.0694 -0.3158
vn -0.2480 -0.9686 -0.0150
vn -0.3532 0.9286 0.1142
vn -0.1828 0.9805 0.0720
vn -0.4463 0.8856 0.1283
vn -0.0027 -0.9999 -0.0098
vn -0.0111 -0.9998 -0.0186
vn 0.7424 -0.1474 -0.6536
vn 0.6887 -0.2260 -0.6889
vn 0.7264 -0.1946 -0.6592
vn -0.5074 -0.6030 0.6155
vn -0.4497 -0.7012 0.5532
vn -0.4848 -0.6471 0.5884
vn -0.5625 -0.4305 0.7058
vn -0.5172 -0.4365 0.7362
vn -0.5259 -0.4029 0.7491
vn 0.4594 0.8734 -0.1618
vn 0.4767 0.8054 -0.3522
vn 0.3695 0.8628 -0.3450
vn -0.2975 0.9328 0.2033
vn -0.2571 0.9271 0.2726
vn -0.2190 0.9578 0.1861
vn 0.2246 -0.9285 -0.2958
vn 0.1504 -0.9392 -0.3087
vn 0.1673 -0.9833 -0.0717
vn -0.1768 -0.3509 -0.9196
vn -0.0393 -0.3735 -0.9268
vn -0.0072 -0.3756 -0.9268
vn -0.7831 -0.0570 0.6193
vn -0.7740 0.0495 0.6312
vn 0.0842 -0.4214 -0.9029
vn 0.1345 -0.4792 -0.8673
vn 0.1741 -0.4621 -0.8696
vn -0.3608 -0.4656 0.8081
vn -0.5401 -0.3674 0.7572
vn -0.8524 0.1165 -0.5097
vn -0.9620 0.0184 -0.2724
vn -0.8462 0.1038 -0.5226
vn -0.1630 0.9334 -0.3196
vn -0.1856 0.8884 -0.4199
vn 0.0822 -0.5414 -0.8367
vn 0.1034 -0.5134 -0.8519
vn 0.0640 -0.4189 -0.9058
vn -0.2018 0.2418 0.9491
vn -0.4051 0.4448 0.7988
vn -0.4238 0.2177 0.8792
vn -0.4570 0.1727 0.8725
vn -0.4866 0.2031 0.8497
vn 0.1741 0.9683 0.1792
vn 0.0280 0.9676 -0.2511
vn 0.2810 0.9431 0.1778
vn 0.2315 -0.6921 -0.6837
vn 0.2240 -0.6720 -0.7058
vn 0.1464 -0.7220 -0.6762
vn -0.9502 -0.2940 -0.1033
vn -0.9913 -0.1115 -0.0696
vn -0.9995 -0.0327 0.0035
vn -0.1368 0.5934 0.7932
vn -0.2800 0.5271 0.8024
vn -0.1356 0.5644 0.8143
vn 0.6639 -0.6957 0.2744
vn 0.6199 -0.7242 0.3022
vn 0.6478 -0.7493 0.1377
vn -0.2910 -0.9064 -0.3062
vn -0.3317 -0.9117 -0.2426
vn -0.3373 -0.8393 -0.4263
vn 0.0266 -0.2702 0.9624
vn 0.0180 -0.2674 0.9634
vn 0.0173 -0.3448 0.9385
vn -0.0243 -0.9361 -0.3508
vn 0.1049 -0.8457 -0.5233
vn 0.0612 -0.9197 -0.3879
vn 0.5947 -0.6804 0.4283
vn 0.5075 -0.7456 0.4319
vn 0.5830 -0.6586 0.4758
vn 0.8985 0.0421 0.4370
vn 0.8120 -0.0717 0.5793
vn -0.1802 -0.9562 0.2305
vn -0.1152 -0.9538 0.2776
vn -0.0987 -0.9450 0.3117
vn 0.9032 0.2905 0.3160
vn 0.6085 -0.5048 -0.6123
vn 0.6282 -0.5323 -0.5675
vn -0.0008 -0.9146 0.4044
vn 0.1435 -0.8339 0.5330
vn 0.0235 -0.8067 0.5905
vn -0.2302 -0.0571 -0.9715
vn -0.3993 -0.0571 -0.9150
vn 0.2071 -0.3138 -0.9266
vn 0.4692 -0.3569 -0.8078
vn 0.2975 -0.5176 -0.8022
vn -0.9969 0.0551 -0.0568
vn -0.9777 -0.1984 -0.0686
vn -0.9784 -0.1352 -0.1565
vn -0.7243 0.0978 0.6826
vn -0.6613 -0.0686 0.7469
vn -0.6734 0.0998 0.7325
vn -0.9829 -0.0239 0.1824
vn -0.9659 0.0170 -0.2583
vn -0.7895 0.1567 -0.5934
vn -0.3953 0.1691 -0.9028
vn -0.4185 0.1955 -0.8869
vn -0.4682 0.1782 -0.8655
vn 0.3492 -0.7338 0.5827
vn 0.0361 -0.7446 0.6665
vn 0.6405 0.3354 -0.6908
vn 0.5707 0.4659 -0.6761
vn 0.3665 0.4969 -0.7866
vn 0.3282 0.3707 -0.8688
vn 0.4490 0.2158 -0.8671
vn 0.5426 0.3302 -0.7724
vn 0.5397 0.3641 -0.7590
vn 0.5366 0.2886 -0.7929
vn 0.7534 0.6051 0.2572
vn -0.2290 -0.3490 -0.9087
vn -0.2381 -0.2460 -0.9396
vn -0.3273 -0.3473 -0.8788
vn 0.0581 -0.4862 -0.8719
vn 0.2040 -0.4586 -0.8649
vn 0.2145 -0.5166 -0.8289
vn -0.7065 -0.4976 -0.5033
vn -0.5820 -0.5998 -0.5491
vn -0.6722 -0.5765 -0.4645
vn -0.6157 -0.7482 -0.2474
vn -0.6843 -0.6958 -0.2182
vn -0.7555 -0.6154 -0.2246
vn 0.9069 -0.1064 -0.4076
vn 0.6391 -0.1467 -0.7550
vn 0.8564 -0.2261 -0.4642
vn -0.7074 0.0991 0.6998
vn -0.8789 0.0321 0.4760
vn -0.7530 0.0435 0.6565
vn -0.0663 0.6702 0.7392
vn -0.0018 0.6756 0.7373
vn 0.0817 0.6414 0.7629
vn 0.4664 -0.8629 -0.1945
vn 0.4727 -0.8054 -0.3576
vn 0.4504 -0.8410 -0.2997
vn 0.8561 0.4396 0.2716
vn 0.7504 0.5544 0.3600
vn 0.9115 0.2835 0.2981
vn -0.3995 -0.2913 0.8692
vn 0.0381 -0.5432 0.8387
vn 0.6580 -0.3439 -0.6699
vn 0.7274 -0.2140 -0.6520
vn 0.5429 -0.3053 -0.7823
vn 0.9544 -0.2875 0.0800
vn 0.9566 -0.2556 0.1399
vn -0.4689 -0.8833 0.0022
vn -0.5114 -0.8483 0.1377
vn -0.5383 -0.8408 0.0583
vn -0.2039 0.3436 -0.9167
vn -0.3915 0.2534 -0.8846
vn -0.3700 0.2324 -0.8995
vn 0.3387 0.5110 0.7900
vn 0.4243 0.3749 0.8242
vn 0.2615 0.4490 0.8544
vn 0.1808 0.5927 0.7849
vn 0.3096 0.5652 0.7647
vn -0.3878 0.7474 0.5395
vn -0.4963 0.7781 0.3850
vn -0.4980 0.7052 0.5046
vn 0.7139 -0.1476 -0.6846
vn 0.9458 -0.1669 0.2785
vn 0.9873 -0.0104 0.1583
vn 0.9497 -0.0040 0.3132
vn 0.5107 0.7902 0.3389
vn 0.4298 0.7325 0.5279
vn 0.5205 0.6749 0.5231
vn 0.4398 0.1170 -0.8904
vn 0.4034 -0.7126 0.5739
vn 0.5432 -0.7633 0.3498
vn 0.4689 -0.8407 0.2707
vn -0.0890 -0.7832 -0.6153
vn -0.2002 -0.7172 -0.6675
vn -0.0366 -0.7378 -0.6740
vn -0.5135 0.2114 0.8316
vn -0.5932 0.1782 0.7851
vn -0.6452 0.1445 0.7503
vn -0.3778 -0.6010 -0.7044
vn -0.3758 -0.4584 -0.8054
vn -0.2193 -0.4129 -0.8840
vn -0.5171 0.6233 0.5865
vn -0.3762 0.5677 0.7322
vn -0.9486 -0.0822 -0.3056
vn -0.9493 -0.0009 -0.3144
vn 0.5900 0.0780 0.8036
vn 0.5610 0.0039 0.8278
vn 0.5033 -0.0688 0.8614
vn 0.4325 0.2728 0.8594
vn 0.4231 0.2354 0.8750
vn 0.5436 -0.7833 0.3017
vn 0.5174 -0.8297 0.2094
vn -0.5757 -0.4606 -0.6756
vn -0.3343 -0.5517 -0.7641
vn -0.2875 -0.5089 -0.8114
vn 0.4465 0.2691 0.8534
vn 0.4011 0.1759 0.8990
vn 0.4292 0.2600 0.8650
vn -0.9201 -0.3900 -0.0374
vn -0.8786 -0.4720 -0.0732
vn -0.8984 -0.4143 -0.1455
vn 0.7726 -0.3771 -0.5108
vn 0.7274 -0.4622 -0.5072
vn 0.7647 -0.3679 -0.5291
vn 0.5272 0.2750 0.8040
vn 0.4762 0.1127 0.8721
vn -0.3365 0.9402 -0.0532
vn -0.3830 0.9237 -0.0033
vn 0.1907 -0.2182 0.9571
vn 0.0687 -0.2849 0.9561
vn 0.2897 -0.0724 0.9544
vn -0.7772 0.6282 0.0354
vn -0.8790 0.4469 -0.1662
vn -0.8853 0.4624 0.0485
vn -0.7970 0.5514 0.2465
vn -0.8967 0.2910 0.3336
vn -0.9182 0.3448 0.1950
vn 0.5372 -0.4777 -0.6951
vn 0.4957 -0.5688 -0.6564
vn 0.7200 -0.4365 -0.5395
vn -0.0673 -0.4866 -0.8710
vn 0.3204 0.9398 -0.1193
vn 0.4161 0.8918 -0.1777
vn 0.2669 0.9391 -0.2162
vn 0.7002 0.5861 0.4077
vn 0.7649 0.5310 0.3646
vn 0.6684 0.6657 0.3319
vn -0.4086 0.6466 0.6442
vn -0.5075 0.6768 0.5333
vn -0.9341 -0.3555 -0.0332
vn -0.9644 -0.2604 0.0450
vn -0.9546 -0.2859 0.0832
vn -0.9271 -0.3335 -0.1709
vn -0.9542 -0.2643 -0.1403
vn -0.9498 -0.2490 -0.1897
vn 0.3604 -0.2758 0.8911
vn 0.4419 -0.3647 0.8196
vn 0.4933 -0.4069 0.7688
vn -0.3551 0.4718 0.8070
vn -0.3919 0.4060 0.8255
vn 0.0238 0.2923 0.9560
vn -0.1751 0.1945 0.9651
vn 0.4007 -0.2690 0.8758
vn 0.3018 -0.4272 0.8523
vn 0.3449 -0.0599 0.9367
vn 0.3956 -0.1992 0.8965
vn 0.2927 -0.1481 0.9447
vn 0.4905 -0.1364 0.8607
vn 0.1831 0.6060 0.7741
vn 0.2143 0.4995 0.8394
vn 0.3706 0.3439 0.8628
vn -0.5933 0.5950 0.5421
vn -0.7500 0.5190 0.4100
vn -0.7163 0.4028 0.5698
vn -0.5921 0.0729 -0.8026
vn -0.4725 0.0507 -0.8799
vn -0.5603 0.0549 -0.8265
vn -0.2700 -0.9553 0.1205
vn -0.2004 -0.9787 -0.0446
vn -0.0834 -0.9950 -0.0553
vn -0.8980 0.0140 -0.4397
vn -0.9818 0.1310 -0.1376
vn -0.9394 0.1989 -0.2793
vn -0.7698 -0.4322 0.4698
vn -0.6877 0.0429 -0.7247
vn -0.3260 0.0192 -0.9452
vn -0.2106 -0.2197 -0.9526
vn 0.7860 0.0447 0.6167
vn 0.6558 0.3562 0.6656
vn 0.7654 0.1422 0.6276
vn 0.7442 0.2834 0.6049
vn 0.7147 0.2549 0.6514
vn -0.0850 -0.9679 -0.2364
vn 0.4939 -0.7976 -0.3463
vn 0.4596 -0.7898 -0.4061
vn -0.2045 -0.2158 -0.9548
vn -0.3061 -0.2621 -0.9152
vn -0.1102 -0.3094 -0.9445
vn -0.8464 -0.1448 -0.5125
vn -0.8391 -0.1395 -0.5259
vn -0.8758 -0.2236 -0.4278
vn 0.1702 0.0137 0.9853
vn 0.2800 -0.0471 0.9588
vn 0.2099 0.0487 0.9765
vn 0.0358 0.1616 -0.9862
vn -0.0850 -0.0594 -0.9946
vn -0.1013 -0.7320 0.6737
vn -0.1468 -0.7467 0.6488
vn -0.2171 -0.7757 0.5926
vn -0.4639 -0.3916 -0.7946
vn -0.4767 -0.2751 -0.8349
vn -0.5344 -0.1511 -0.8316
vn -0.1076 0.8390 0.5334
vn -0.0438 0.7026 0.7103
vn 0.6862 0.2223 -0.6926
vn -0.5042 0.5507 0.6652
vn -0.5137 0.5239 0.6794
vn -0.4475 0.5109 0.7340
vn -0.8164 -0.5104 -0.2702
vn -0.8600 -0.3082 -0.4067
vn -0.3663 -0.0846 -0.9266
vn -0.3244 0.4465 0.8339
vn 0.3033 0.0648 -0.9507
vn 0.0782 -0.0664 -0.9947
vn 0.2067 0.1314 -0.9695
vn 0.6107 -0.7340 0.2970
vn 0.5607 -0.7100 0.4260
vn 0.5315 -0.7560 0.3821
vn -0.6003 0.2363 -0.7640
vn -0.6281 0.2703 -0.7297
vn -0.5348 0.2983 -0.7906
vn 0.6758 0.0988 -0.7304
vn 0.6153 0.1642 -0.7710
vn 0.5592 0.2798 -0.7804
vn -0.3752 -0.6326 0.6776
vn -0.2808 0.9586 -0.0469
vn 0.1185 -0.5949 0.7950
vn 0.1192 -0.6147 0.7797
vn 0.1019 -0.5236 0.8458
vn -0.6347 -0.7614 0.1320
vn -0.8312 -0.5363 0.1470
vn -0.7987 -0.6013 0.0249
vn -0.8392 -0.4097 -0.3576
vn -0.7615 -0.1707 -0.6253
vn -0.5668 -0.3843 0.7287
vn -0.5975 -0.3940 0.6984
vn 0.6299 -0.7452 0.2189
vn 0.4543 -0.8406 0.2949
vn 0.6049 -0.7466 0.2771
vn -0.3195 -0.9399 0.1207
vn -0.1740 -0.8472 0.5019
vn -0.3734 -0.8343 0.4057
vn -0.1717 -0.8254 0.5377
vn -0.1829 -0.9774 0.1060
vn 0.1377 -0.8724 -0.4691
vn 0.2271 -0.8036 -0.5501
vn 0.1825 -0.8265 -0.5326
vn 0.1716 -0.7838 -0.5969
vn 0.1498 -0.7826 -0.6042
vn -0.2089 -0.8404 -0.5000
vn -0.2261 -0.8315 -0.5074
vn -0.1639 -0.8010 -0.5757
vn -0.9301 -0.0372 -0.3654
vn -0.1318 -0.8285 0.5443
vn -0.1912 0.6958 0.6923
vn -0.0965 0.6994 0.7082
vn -0.1741 0.7611 0.6248
vn 0.6568 0.6414 -0.3966
vn 0.5382 0.7801 -0.3191
vn 0.3206 0.9343 -0.1555
vn 0.5514 -0.2036 -0.8090
vn 0.6525 -0.2059 -0.7293
vn 0.6005 -0.1169 -0.7911
vn 0.1642 0.7996 0.5776
vn -0.2097 0.0793 0.9745
vn -0.1440 0.0954 0.9850
vn -0.2603 0.1471 0.9543
vn -0.8044 0.0398 0.5928
vn -0.7377 0.0171 0.6749
vn -0.5939 -0.0034 -0.8045
vn -0.6643 0.0287 -0.7469
vn 0.1072 -0.9802 0.1666
vn -0.1324 -0.9379 0.3207
vn -0.0696 -0.9397 0.3348
vn 0.1498 -0.9350 0.3214
vn -0.0986 -0.8898 0.4456
vn 0.6329 -0.4411 0.6363
vn 0.7385 -0.2921 0.6076
vn 0.5462 -0.3435 0.7640
vn 0.6922 -0.2303 0.6840
vn 0.6209 -0.3551 0.6988
vn -0.5780 -0.8091 -0.1057
vn -0.5555 -0.8161 -0.1594
vn -0.5537 -0.8285 -0.0834
vn -0.0643 -0.9935 0.0936
vn -0.0976 -0.9781 0.1838
vn -0.0364 -0.9908 0.1302
vn -0.8816 0.4388 0.1741
vn -0.8994 0.3681 0.2357
vn -0.8562 0.5069 0.0999
vn 0.5606 -0.6954 -0.4497
vn 0.4660 -0.7359 -0.4911
vn -0.4821 -0.8129 -0.3267
vn -0.3824 -0.8616 -0.3339
vn 0.1538 0.0356 0.9875
vn 0.2734 0.0415 0.9610
vn 0.1765 -0.0032 0.9843
vn 0.3815 -0.5495 -0.7433
vn 0.4255 -0.3201 -0.8465
vn -0.8696 -0.1624 -0.4663
vn -0.7911 -0.2017 -0.5775
vn -0.8603 -0.0426 -0.5080
vn -0.3719 -0.7661 -0.5243
vn -0.2931 -0.8306 -0.4735
vn -0.3047 -0.8825 -0.3584
vn -0.0746 -0.2874 -0.9549
vn 0.9438 0.2224 -0.2444
vn 0.8641 0.4159 -0.2836
vn 0.9379 0.2745 -0.2124
vn 0.0024 0.9017 0.4323
vn 0.1086 0.7796 0.6168
vn 0.2827 0.7294 0.6229
vn 0.0330 -0.7301 0.6826
vn 0.1976 -0.6327 0.7488
vn -0.0321 -0.7910 0.6110
vn -0.4656 -0.5663 0.6801
vn -0.4770 -0.5919 0.6498
vn -0.4490 -0.6215 0.6420
vn -0.1809 0.3301 0.9264
vn -0.2724 0.3443 0.8985
vn -0.3882 0.2235 0.8941
vn 0.6798 0.3924 0.6196
vn 0.6170 0.4864 0.6187
vn 0.7025 0.3569 0.6157
vn -0.4436 0.2924 0.8472
vn -0.4063 0.3273 0.8531
vn -0.4009 0.2590 0.8787
vn 0.9037 -0.1132 -0.4130
vn 0.9052 0.0220 -0.4245
vn 0.8734 -0.0570 -0.4837
vn 0.8602 -0.4552 -0.2300
vn 0.9088 -0.4091 0.0819
vn 0.1069 0.9050 -0.4117
vn 0.1462 0.9733 -0.1772
vn 0.5486 0.7004 0.4565
vn 0.6096 0.6785 0.4099
vn 0.9632 0.2679 0.0206
vn 0.9525 0.3021 -0.0383
vn 0.9563 0.2923 0.0008
vn 0.9662 -0.2491 0.0664
vn 0.9650 -0.2474 0.0876
vn 0.9113 -0.3994 -0.1000
vn 0.6691 0.2089 0.7132
vn 0.5343 0.1988 0.8216
vn -0.0078 -0.3967 -0.9179
vn 0.7217 -0.1493 0.6759
vn 0.7396 -0.3100 0.5974
vn 0.3821 -0.2359 -0.8935
vn 0.2643 -0.2261 -0.9376
vn 0.3708 -0.2219 -0.9018
vn -0.7283 0.5188 0.4477
vn -0.7774 0.3946 0.4898
vn -0.7816 0.3361 0.5255
vn -0.1090 0.9280 0.3563
vn -0.1201 0.8697 0.4787
vn 0.2819 0.0621 -0.9574
vn 0.1230 0.1746 -0.9769
vn 0.2310 0.2440 -0.9418
vn -0.0639 -0.9916 -0.1121
vn 0.1434 -0.8231 -0.5495
vn 0.3970 -0.7911 -0.4653
vn 0.1458 -0.7799 -0.6087
vn 0.6366 -0.6299 -0.4450
vn 0.5822 -0.7096 -0.3969
vn 0.4168 -0.7572 -0.5029
vn 0.6528 -0.6931 0.3058
vn 0.6086 -0.6933 0.3860
vn 0.6857 -0.6010 0.4106
vn 0.8724 -0.3390 -0.3521
vn 0.3327 -0.8266 -0.4540
vn 0.6169 -0.6923 -0.3743
vn 0.4066 -0.8337 -0.3737
vn 0.4383 -0.7412 -0.5085
vn 0.3731 -0.6278 -0.6831
vn -0.3783 -0.9160 -0.1336
vn -0.4419 -0.8943 -0.0706
vn -0.3323 -0.9342 -0.1296
vn -0.8456 -0.5338 0.0053
vn -0.8625 -0.4785 0.1649
vn -0.9137 -0.4051 -0.0308
vn 0.4923 -0.7004 -0.5167
vn 0.4610 -0.5176 -0.7208
vn 0.5298 -0.1635 -0.8322
vn -0.0875 -0.9892 0.1174
vn 0.0719 -0.9955 0.0622
vn -0.0948 -0.9451 0.3128
vn -0.0336 -0.9550 0.2947
vn -0.9416 -0.1596 0.2964
vn -0.0419 0.9870 -0.1550
vn -0.0192 0.9951 -0.0969
vn -0.0695 -0.2617 -0.9627
vn 0.3385 -0.0170 -0.9408
vn 0.4279 -0.0222 -0.9035
vn 0.3312 0.1060 -0.9376
vn 0.0919 0.7180 -0.6900
vn 0.0534 0.5838 0.8101
vn 0.1501 0.5188 0.8416
vn 0.5870 0.1904 -0.7869
vn 0.4036 0.0751 0.9118
vn 0.3895 -0.0956 0.9160
vn 0.9858 -0.0442 0.1622
vn 0.9814 -0.0142 0.1914
vn 0.6684 -0.4785 -0.5694
vn 0.0217 0.9903 -0.1375
vn 0.2232 0.9678 -0.1164
vn 0.1345 0.9482 -0.2878
vn 0.5163 -0.7537 0.4066
vn 0.5521 -0.7416 0.3811
vn 0.5035 -0.7547 0.4206
vn 0.5013 -0.7727 0.3894
vn 0.5179 -0.7500 0.4115
vn 0.7994 -0.0389 -0.5996
vn 0.8284 -0.1499 -0.5397
vn 0.8625 -0.0120 -0.5059
vn 0.9003 0.1355 -0.4136
vn 0.8833 -0.0583 -0.4652
vn 0.9454 0.0258 -0.3249
vn 0.4052 -0.5341 0.7420
vn 0.1360 -0.6794 0.7211
vn 0.3450 -0.6800 0.6470
vn -0.6005 0.7947 -0.0892
vn -0.2207 0.9743 -0.0449
vn -0.4927 0.8693 0.0388
vn 0.5945 -0.5751 0.5620
vn 0.5408 -0.6428 0.5425
vn 0.9670 0.0926 -0.2373
vn 0.9507 0.1825 -0.2508
vn 0.9610 0.1863 -0.2046
vn -0.2225 -0.6518 0.7250
vn 0.1377 -0.5497 0.8239
vn 0.0795 -0.5816 0.8095
vn 0.9280 -0.1268 -0.3504
vn 0.9652 0.1286 -0.2277
vn 0.9658 0.0271 -0.2580
vn -0.2146 -0.4701 0.8561
vn -0.9350 -0.1441 0.3239
vn -0.8767 -0.3053 0.3718
vn 0.7492 -0.2535 -0.6120
vn -0.5334 0.5922 -0.6039
vn -0.4736 0.6461 -0.5986
vn -0.4820 0.6057 -0.6331
vn 0.6681 0.6260 -0.4022
vn 0.4083 0.8390 -0.3597
vn 0.5573 0.6490 -0.5178
vn 0.3516 -0.7844 0.5110
vn 0.2222 -0.8677 0.4447
vn -0.0389 0.8892 -0.4558
vn -0.0577 0.8652 -0.4981
vn -0.0834 0.8776 -0.4720
vn 0.8036 0.3502 -0.4812
vn 0.9402 0.0204 -0.3401
vn 0.9843 0.0558 -0.1674
vn -0.2599 -0.7346 0.6268
vn -0.7102 -0.0568 0.7017
vn -0.7046 0.0560 0.7074
vn -0.8596 0.4219 0.2882
vn -0.8205 0.5496 0.1570
vn 0.3880 -0.8272 0.4066
vn 0.3914 0.1354 0.9102
vn 0.3418 0.2543 0.9047
vn 0.8179 -0.3032 -0.4889
vn 0.9405 -0.2566 -0.2229
vn -0.1693 0.9422 -0.2892
vn -0.0999 0.9587 -0.2663
vn -0.1000 0.9012 -0.4217
vn -0.9827 -0.1686 -0.0766
vn -0.9838 -0.1793 0.0055
vn 0.7928 -0.5460 -0.2708
vn -0.2209 -0.8530 -0.4730
vn -0.2501 -0.8904 -0.3803
vn -0.1657 -0.8726 -0.4595
vn 0.3948 -0.1409 -0.9079
vn 0.3994 0.0751 -0.9137
vn 0.3093 0.0160 -0.9508
vn -0.2019 -0.3240 -0.9243
vn -0.9498 0.2475 -0.1915
vn -0.9483 0.3049 0.0881
vn 0.9537 0.2975 -0.0443
vn 0.9592 0.1825 -0.2160
vn 0.9657 0.2368 -0.1070
vn 0.0745 -0.1676 0.9830
vn 0.0040 -0.1684 0.9857
vn 0.0126 -0.2597 0.9656
vn 0.0093 -0.4411 0.8974
vn 0.0670 -0.4299 0.9004
vn 0.0378 -0.3973 0.9169
vn 0.3491 0.9361 -0.0421
vn 0.4530 0.2990 0.8399
vn 0.4393 0.1470 0.8862
vn -0.5917 -0.1515 0.7918
vn -0.5911 -0.1064 0.7996
vn -0.5972 -0.1039 0.7953
vn -0.4928 -0.4399 -0.7508
vn -0.5103 -0.3082 -0.8029
vn -0.5728 -0.3614 -0.7357
vn 0.9949 0.0973 -0.0266
vn 0.9914 -0.1220 0.0467
vn 0.9985 -0.0507 -0.0220
vn -0.0027 -0.2154 -0.9765
vn -0.1217 -0.3036 -0.9450
vn 0.3035 -0.6090 0.7328
vn 0.2733 -0.5743 0.7717
vn 0.1853 -0.6011 0.7774
vn 0.1296 -0.4315 0.8928
vn 0.1588 -0.2802 0.9467
vn 0.7921 0.0227 0.6100
vn 0.8023 0.1231 0.5841
vn 0.7756 0.0004 0.6312
vn -0.5176 0.8069 0.2846
vn -0.5160 0.8401 0.1674
vn -0.5859 0.7783 0.2257
vn -0.5261 0.7077 0.4716
vn -0.5288 0.7118 0.4623
vn 0.6149 0.1342 -0.7771
vn 0.7066 0.0175 -0.7074
vn 0.7155 0.0480 -0.6970
vn 0.2922 -0.9466 -0.1360
vn -0.2879 -0.8999 0.3276
vn -0.1916 -0.9152 0.3544
vn -0.2914 -0.9191 0.2651
vn -0.2788 -0.9136 0.2960
vn 0.4222 0.1808 -0.8883
vn 0.3289 0.1988 -0.9232
vn -0.5586 -0.2018 0.8045
vn -0.5033 -0.1895 0.8431
vn -0.5042 -0.1589 0.8489
vn -0.9728 0.1420 -0.1830
vn -0.2743 0.9219 0.2735
vn -0.2258 0.9398 0.2564
vn -0.3019 0.9162 0.2637
vn 0.4264 0.7623 -0.4869
vn 0.4672 0.7612 -0.4497
vn 0.0730 0.4342 0.8978
vn 0.1203 0.9432 -0.3098
vn 0.0986 0.9753 -0.1976
vn -0.5440 0.6868 0.4820
vn -0.6166 0.6467 0.4489
vn 0.9187 0.1223 0.3754
vn 0.5441 -0.0294 -0.8385
vn 0.4636 -0.0458 -0.8848
vn 0.5100 0.1401 -0.8487
vn 0.5839 -0.0170 -0.8116
vn -0.8556 0.2051 -0.4753
vn -0.8275 0.1903 -0.5283
vn -0.7655 0.2276 -0.6018
vn -0.8850 0.1171 0.4507
vn -0.8477 0.1384 0.5120
vn 0.6817 0.2398 0.6912
vn 0.6223 0.2911 0.7266
vn 0.5838 0.4484 0.6768
vn 0.5392 0.3819 0.7506
vn 0.6070 0.4561 0.6508
vn -0.4817 -0.7853 0.3889
vn -0.5604 -0.7729 0.2977
vn -0.4214 -0.8359 0.3517
vn -0.5682 -0.6867 0.4534
vn -0.5479 -0.7654 0.3375
vn -0.5349 -0.7942 0.2883
vn -0.8445 0.2469 -0.4753
vn -0.7806 0.3854 -0.4921
vn -0.7103 0.4619 -0.5312
vn 0.8067 -0.2203 -0.5484
vn 0.8014 -0.2378 -0.5489
vn 0.7844 -0.2103 -0.5835
vn 0.0511 0.5425 -0.8385
vn 0.0567 0.4796 -0.8757
vn -0.0239 0.5415 -0.8403
vn 0.7374 0.1807 0.6508
vn 0.6986 0.1513 0.6993
vn -0.0587 0.5617 -0.8252
vn -0.0402 0.5542 -0.8314
vn -0.6507 -0.0775 -0.7554
vn 0.2424 -0.1289 0.9616
vn 0.2515 -0.1751 0.9519
vn -0.2802 -0.8545 -0.4375
vn -0.2192 -0.8515 -0.4763
vn -0.4100 -0.7412 -0.5316
vn 0.3889 0.6839 0.6173
vn 0.3669 0.6396 0.6754
vn 0.5075 0.5735 0.6431
vn -0.2321 -0.9151 0.3298
vn -0.2306 -0.8402 0.4908
vn -0.2623 -0.9322 0.2496
vn 0.5730 -0.3033 -0.7614
vn 0.4401 -0.1761 -0.8805
vn 0.5264 -0.1165 -0.8422
vn -0.1082 -0.4737 0.8740
vn 0.1878 -0.0124 0.9821
vn 0.0372 -0.0948 0.9948
vn -0.0135 -0.0566 0.9983
vn -0.1733 -0.0499 0.9836
vn -0.1392 -0.4958 0.8572
vn -0.9205 0.0937 -0.3793
vn -0.8223 0.1836 -0.5386
vn 0.2227 -0.9733 0.0556
vn 0.1204 -0.9421 0.3130
vn -0.9101 -0.4016 -0.1022
vn 0.7003 0.0565 0.7116
vn 0.6731 0.1114 0.7311
vn 0.6506 0.1202 0.7499
vn 0.5968 0.0767 0.7987
vn -0.6091 0.1586 -0.7771
vn -0.5286 0.0447 -0.8477
vn -0.9587 0.0439 -0.2811
vn -0.9260 -0.1663 -0.3389
vn -0.5939 -0.5854 0.5520
vn -0.4134 -0.4222 0.8067
vn -0.6161 -0.3533 0.7039
vn 0.5082 0.4974 -0.7031
vn 0.4483 0.4789 -0.7548
vn 0.4689 0.4840 -0.7388
vn -0.9450 0.3123 0.0971
vn -0.8497 0.5063 -0.1472
vn -0.9095 0.3570 0.2130
vn -0.9403 0.3302 -0.0827
vn 0.2924 0.6921 0.6600
vn 0.1239 0.7003 0.7030
vn 0.2717 0.6434 0.7157
vn -0.8689 -0.1822 0.4602
vn -0.8115 -0.1299 0.5698
vn -0.6925 -0.4873 0.5320
vn 0.1531 -0.9877 0.0309
vn 0.0921 -0.9953 0.0311
vn -0.7489 0.5413 0.3823
vn -0.6937 0.4302 0.5777
vn -0.1741 -0.7686 -0.6156
vn -0.0793 -0.7648 -0.6393
vn -0.4205 -0.9038 0.0796
vn -0.4879 -0.8654 0.1141
vn -0.4899 -0.8594 -0.1464
vn 0.9148 -0.1437 -0.3774
vn 0.9233 -0.1335 -0.3602
vn 0.9384 0.0005 -0.3455
vn -0.4756 -0.8780 0.0543
vn -0.4339 -0.8982 0.0704
vn -0.4225 -0.9061 0.0216
vn 0.5510 -0.0856 0.8301
vn -0.8979 0.4060 0.1702
vn -0.8381 0.5240 0.1517
vn -0.9220 0.3829 0.0581
vn 0.7639 0.2238 -0.6053
vn 0.8554 0.1973 -0.4790
vn 0.8510 0.1736 -0.4956
vn -0.9527 0.0603 -0.2980
vn -0.9568 0.0819 -0.2791
vn -0.9371 0.1799 -0.2992
vn 0.7429 -0.3826 -0.5492
vn -0.6694 0.2144 0.7113
vn 0.1986 0.4021 -0.8938
vn 0.0490 0.4886 -0.8711
vn 0.0869 0.4924 -0.8660
vn 0.5488 -0.4038 -0.7320
vn -0.1557 -0.9516 -0.2648
vn -0.1917 -0.9000 -0.3914
vn 0.1956 0.9679 -0.1576
vn 0.2709 0.9487 -0.1631
vn 0.2260 0.9418 -0.2488
vn 0.8911 -0.3638 -0.2712
vn 0.9145 -0.3420 -0.2162
vn 0.9754 -0.1923 -0.1080
vn 0.9063 -0.3983 0.1410
vn 0.8817 -0.4312 0.1915
vn 0.9010 -0.2996 0.3137
vn -0.0686 -0.9799 0.1874
vn 0.1707 -0.9648 0.1999
vn 0.0288 -0.9613 0.2741
vn -0.2198 -0.3969 -0.8912
vn -0.1789 -0.3556 -0.9174
vn -0.0238 -0.4659 -0.8845
vn 0.4055 0.9139 0.0184
vn 0.3456 0.9367 0.0551
vn 0.6562 -0.2549 -0.7103
vn 0.4437 0.0114 -0.8961
vn 0.4614 0.3277 0.8244
vn 0.4798 0.2842 0.8301
vn 0.5134 0.1736 0.8404
vn -0.5391 0.6594 0.5240
vn -0.9608 -0.1225 -0.2486
vn -0.9340 -0.1637 -0.3175
vn -0.9345 -0.2163 -0.2826
vn 0.8719 -0.3697 -0.3212
vn 0.7764 -0.4901 -0.3963
vn 0.6840 -0.3217 -0.6547
vn -0.0394 -0.9988 0.0278
vn 0.9042 -0.1541 -0.3984
vn -0.1378 -0.4119 -0.9008
vn 0.1766 -0.7355 -0.6541
vn 0.1924 -0.7018 -0.6859
vn -0.7128 0.3096 -0.6293
vn -0.8362 0.0113 -0.5483
vn -0.8130 0.1930 -0.5494
vn -0.8290 0.2953 -0.4749
vn -0.8054 0.4242 -0.4140
vn 0.9325 -0.0086 -0.3612
vn 0.8891 0.0046 -0.4577
vn 0.9250 -0.0435 -0.3774
vn -0.4427 0.2291 -0.8669
vn -0.5106 0.2623 -0.8189
vn -0.3385 0.3617 -0.8687
vn 0.5864 -0.6512 0.4817
vn 0.7015 -0.5715 0.4257
vn 0.7158 -0.5018 0.4856
vn 0.6516 -0.6475 0.3951
vn 0.6024 -0.6794 0.4190
vn 0.8043 0.4983 -0.3236
vn 0.7932 0.4930 -0.3573
vn 0.7246 0.5653 -0.3942
vn 0.1599 0.8954 0.4156
vn 0.2515 0.9175 0.3081
vn 0.0851 0.9250 0.3704
vn -0.4732 0.4414 -0.7624
vn -0.5379 0.5041 -0.6757
vn -0.5146 0.5363 -0.6690
vn 0.8502 0.5166 0.1018
vn -0.8192 -0.5735 0.0016
vn -0.8351 -0.5400 -0.1050
vn -0.8657 -0.4453 -0.2284
vn -0.7871 -0.5973 -0.1540
vn -0.4175 0.9047 -0.0848
vn -0.4147 0.9071 -0.0717
vn -0.5589 0.2295 0.7968
vn -0.5787 0.4882 0.6533
vn -0.5360 0.3484 0.7690
vn -0.1854 0.9276 -0.3244
vn -0.0494 0.9961 -0.0725
vn -0.0411 0.9990 -0.0186
vn -0.1234 0.9123 -0.3906
vn -0.3770 0.9261 0.0141
vn -0.3933 0.9013 -0.1814
vn -0.4043 -0.9132 0.0502
vn -0.4839 -0.8703 0.0919
vn -0.1917 0.9367 -0.2929
vn 0.8919 -0.3118 -0.3276
vn 0.8652 -0.3213 -0.3851
vn 0.8857 -0.3006 -0.3539
vn 0.0312 0.7191 0.6942
vn 0.0470 0.7673 0.6396
vn 0.0827 0.7281 0.6804
vn -0.2764 0.8365 -0.4732
vn 0.1276 0.9028 -0.4107
vn 0.4143 -0.6187 -0.6675
vn 0.3655 -0.7197 -0.5902
vn 0.3506 -0.8017 -0.4840
vn 0.2659 0.8849 -0.3824
vn 0.2411 0.9308 -0.2747
vn 0.3972 0.3622 0.8432
vn -0.0391 -0.4469 0.8938
vn -0.0793 -0.5024 0.8610
vn -0.0833 -0.4224 0.9026
vn -0.6565 -0.6894 -0.3062
vn -0.7180 -0.6825 -0.1365
vn -0.7105 -0.6917 -0.1294
vn -0.9153 0.4027 0.0099
vn -0.9096 0.3953 0.1279
vn -0.8474 0.5246 0.0819
vn 0.1542 -0.6308 -0.7605
vn -0.1765 -0.4385 -0.8812
vn 0.2886 -0.5018 0.8154
vn 0.3712 -0.5988 0.7096
vn 0.4789 -0.3489 0.8056
vn -0.0366 -0.4445 0.8950
vn -0.0159 -0.9855 -0.1691
vn -0.4018 -0.9132 -0.0683
vn -0.1290 -0.9914 0.0235
vn -0.3160 -0.9465 -0.0663
vn -0.1853 -0.9810 -0.0581
vn -0.2847 0.1573 0.9456
vn -0.3608 0.2422 0.9006
vn 0.4243 -0.7698 0.4768
vn 0.5870 -0.6585 0.4710
vn -0.2406 -0.6176 -0.7488
vn -0.3183 -0.7464 -0.5845
vn -0.2135 -0.6922 -0.6894
vn -0.8697 -0.2139 0.4449
vn -0.9107 -0.1440 0.3870
vn 0.7023 0.2584 -0.6634
vn 0.7397 0.1056 -0.6646
vn 0.5719 -0.7115 0.4083
vn 0.5639 -0.7852 0.2559
vn 0.5380 -0.7768 0.3274
vn 0.7528 -0.1503 0.6409
vn 0.6684 -0.1078 0.7360
vn 0.7101 -0.2265 0.6667
vn 0.8063 0.3926 -0.4425
vn 0.7733 0.1476 -0.6166
vn 0.6219 0.4900 -0.6109
vn -0.0181 -0.8895 0.4566
vn -0.0033 -0.9031 0.4293
vn -0.0919 -0.8249 0.5577
vn -0.0076 -0.8127 0.5826
vn 0.8268 -0.5616 0.0308
vn 0.7972 -0.6012 0.0558
vn 0.8874 -0.4610 0.0007
vn 0.6921 0.1090 -0.7135
vn 0.6176 -0.1703 0.7679
vn 0.2324 -0.5684 0.7892
vn 0.5754 -0.0288 0.8174
vn 0.4120 -0.6865 0.5991
vn 0.3531 -0.6605 0.6626
vn -0.7581 -0.2452 -0.6043
vn 0.1582 -0.7710 -0.6168
vn 0.2163 -0.8290 -0.5157
vn -0.1559 -0.5712 0.8058
vn -0.2224 -0.5274 0.8200
vn 0.5547 -0.8282 -0.0807
vn 0.4965 -0.8654 -0.0684
vn 0.4867 -0.8730 0.0329
vn 0.0769 0.9902 -0.1170
vn -0.0030 0.9782 -0.2076
vn -0.0552 0.9575 -0.2831
vn -0.0782 0.9436 -0.3217
vn 0.5867 0.7764 0.2300
vn -0.8473 -0.1823 -0.4988
vn -0.8688 0.4905 -0.0676
vn -0.7071 0.7056 0.0459
vn -0.6171 0.7293 -0.2955
vn -0.7196 -0.5955 0.3572
vn -0.0767 0.9881 -0.1331
vn -0.1536 0.9855 -0.0727
vn -0.2176 0.9720 -0.0888
vn -0.2526 0.7441 0.6185
vn -0.1933 0.6771 0.7100
vn -0.1311 0.7937 0.5941
vn -0.6444 -0.7307 -0.2255
vn -0.5647 -0.8070 -0.1729
vn -0.6433 -0.7353 -0.2134
vn -0.5335 0.1125 0.8383
vn -0.2793 0.1342 0.9508
vn -0.5765 0.0924 0.8119
vn -0.6165 0.0547 0.7855
vn -0.5796 0.0288 0.8144
vn -0.1098 -0.8141 -0.5702
vn -0.2167 -0.7377 -0.6394
vn 0.5965 -0.7987 0.0787
vn -0.3923 -0.8227 -0.4115
vn -0.3868 -0.8281 -0.4058
vn 0.5371 -0.0282 -0.8431
vn 0.4856 0.1043 -0.8679
vn -0.9865 0.0430 -0.1579
vn -0.9489 0.0317 -0.3141
vn -0.6567 -0.5779 -0.4845
vn -0.6297 -0.6154 -0.4742
vn -0.6461 -0.5999 -0.4720
vn 0.7560 0.1187 0.6437
vn 0.7421 0.0962 0.6634
vn -0.4447 -0.8022 -0.3984
vn -0.4737 -0.7798 -0.4093
vn -0.1031 -0.1186 0.9876
vn 0.4187 -0.0937 0.9033
vn 0.9174 -0.0125 -0.3978
vn 0.9184 0.0764 -0.3881
vn -0.5327 0.3397 -0.7751
vn -0.5514 0.3935 -0.7356
vn -0.2955 -0.8956 0.3326
vn 0.0877 0.9939 -0.0668
vn -0.6607 -0.4831 0.5745
vn -0.6290 -0.7017 0.3346
vn 0.0411 -0.0626 0.9972
vn 0.0916 -0.1379 0.9862
vn 0.0218 0.0377 0.9990
vn -0.0822 -0.2267 0.9705
vn -0.0298 -0.1521 0.9879
vn 0.3698 -0.3942 0.8413
vn 0.3949 -0.2564 0.8822
vn 0.9955 -0.0055 0.0950
vn 0.9989 0.0090 -0.0461
vn 0.9694 0.0060 -0.2452
vn -0.9670 -0.0686 -0.2454
vn -0.9703 -0.1062 -0.2172
vn -0.9685 0.0722 -0.2382
vn 0.0019 -0.9007 0.4344
vn 0.0418 -0.9710 0.2353
vn 0.2194 -0.7769 -0.5902
vn -0.9056 -0.1688 0.3890
vn -0.8512 -0.3497 0.3913
vn -0.8546 -0.1835 0.4858
vn -0.7223 -0.4836 0.4944
vn -0.6962 -0.4189 0.5830
vn -0.2682 -0.7622 0.5892
vn -0.1901 -0.7738 0.6042
vn -0.2234 -0.7779 0.5873
vn 0.4418 -0.5670 0.6952
vn 0.4395 -0.5181 0.7338
vn 0.6448 -0.6633 0.3799
vn -0.3448 0.9298 -0.1287
vn -0.2182 0.9591 -0.1802
vn -0.8142 0.3293 0.4781
vn -0.8085 0.3262 0.4898
vn 0.2579 -0.8684 0.4235
vn 0.9439 -0.3090 -0.1167
vn 0.9599 -0.2486 -0.1298
vn 0.2847 -0.8735 -0.3949
vn 0.1602 -0.9129 -0.3756
vn 0.0878 -0.8917 -0.4441
vn -0.7622 0.0143 0.6472
vn -0.9697 0.2429 0.0253
vn -0.9559 0.2635 0.1294
vn -0.9700 0.1974 0.1421
vn -0.4977 0.4528 -0.7398
vn -0.4996 0.2640 -0.8251
vn -0.4473 0.2723 -0.8519
vn 0.5761 -0.1445 -0.8045
vn 0.5459 0.1580 -0.8228
vn 0.1536 0.1589 -0.9753
vn 0.1944 0.1397 -0.9709
vn 0.8132 0.0490 0.5800
vn 0.8282 0.0398 0.5591
vn 0.6875 -0.0523 0.7243
vn -0.9109 -0.3378 0.2370
vn -0.8797 -0.1391 0.4547
vn -0.8347 -0.2048 0.5113
vn -0.9536 -0.0134 0.3008
vn -0.9468 0.0282 0.3206
vn -0.5998 -0.0683 -0.7972
vn -0.7227 -0.1644 -0.6713
vn -0.6171 0.0799 -0.7828
vn 0.1204 0.9859 -0.1163
vn 0.2481 0.9653 -0.0811
vn -0.8742 0.4092 -0.2613
vn 0.3735 -0.8364 -0.4012
vn 0.4229 -0.8720 -0.2466
vn 0.5145 -0.7705 0.3764
vn -0.7425 0.6578 -0.1263
vn -0.6379 0.6925 -0.3368
vn -0.6584 0.7456 -0.1029
vn -0.0815 -0.2835 -0.9555
vn -0.5383 -0.1765 -0.8240
vn -0.0529 -0.3177 -0.9467
vn 0.1296 0.2332 0.9638
vn 0.0862 0.3248 0.9419
vn 0.0748 0.2943 0.9528
vn -0.5622 -0.5506 0.6171
vn -0.6382 -0.5509 0.5378
vn -0.6621 -0.5072 0.5517
vn 0.1521 0.4089 0.8998
vn 0.1755 0.2757 0.9451
vn 0.1655 0.9810 -0.1012
vn 0.0766 0.9823 -0.1707
vn 0.5132 -0.6459 0.5651
vn 0.5319 -0.6195 0.5773
vn 0.4918 -0.6072 0.6241
vn -0.5779 0.7831 -0.2295
vn -0.5538 0.7666 -0.3250
vn -0.5834 0.7672 -0.2667
vn -0.8436 0.3005 0.4450
vn -0.7938 0.3665 0.4854
vn -0.8154 0.3777 0.4387
vn -0.5489 0.8106 -0.2039
vn -0.5209 0.8097 -0.2704
vn 0.5985 0.4140 -0.6859
vn 0.5945 0.2821 -0.7530
vn 0.2797 0.3729 -0.8847
vn 0.4833 0.2884 -0.8266
vn 0.4607 0.2154 -0.8610
vn 0.3735 0.2291 0.8989
vn 0.1967 0.2419 0.9502
vn 0.1878 0.1382 0.9724
vn -0.9755 -0.2045 -0.0817
vn -0.9700 -0.1820 -0.1611
vn -0.1130 -0.5513 0.8266
vn 0.0723 0.9028 -0.4239
vn 0.6355 -0.0258 -0.7717
vn 0.5734 -0.0620 -0.8170
vn 0.9194 0.3922 0.0301
vn 0.8930 0.4405 -0.0920
vn 0.9047 0.4166 -0.0897
vn 0.1411 -0.9320 -0.3338
vn 0.8612 0.4938 -0.1203
vn -0.3188 0.6166 0.7199
vn -0.1566 0.5971 0.7867
vn -0.2851 0.5479 0.7865
vn 0.4374 0.5133 -0.7384
vn 0.2866 0.6070 -0.7412
vn 0.3579 0.6301 -0.6891
vn -0.3081 -0.7956 -0.5216
vn 0.5429 -0.4430 -0.7134
vn 0.2012 -0.4827 -0.8524
vn 0.0528 -0.0794 0.9954
vn -0.1140 -0.1567 0.9811
vn -0.0979 0.5477 0.8309
vn -0.1367 0.6607 0.7381
vn -0.0307 0.5965 0.8021
vn 0.0815 0.9759 -0.2024
vn -0.7417 0.6640 0.0947
vn -0.6960 0.6995 0.1621
vn -0.6690 0.7303 0.1384
vn -0.2738 0.5488 0.7898
vn 0.5759 -0.5758 0.5804
vn 0.5146 -0.5096 0.6896
vn 0.6262 -0.4943 0.6030
vn 0.8997 0.3044 -0.3128
vn 0.1637 -0.6486 -0.7433
vn -0.7519 -0.0002 0.6592
vn -0.8180 0.1769 0.5474
vn -0.7075 0.2208 0.6713
vn -0.2253 -0.4502 0.8640
vn -0.2233 -0.4395 0.8700
vn 0.3021 0.4322 0.8497
vn 0.4195 -0.3057 0.8547
vn 0.4674 -0.1899 0.8634
vn -0.1833 -0.5111 0.8398
vn -0.2060 -0.4569 0.8654
vn -0.6128 0.5664 0.5511
vn -0.6541 0.4651 0.5966
vn -0.1160 -0.1363 0.9839
vn -0.2325 -0.1765 0.9564
vn -0.2476 -0.0936 0.9643
vn -0.6728 -0.3030 -0.6749
vn -0.7007 -0.2081 -0.6825
vn -0.7363 -0.1081 -0.6680
vn -0.7338 -0.0530 -0.6773
vn -0.6763 -0.3496 -0.6483
vn 0.6191 -0.7604 -0.1960
vn 0.4710 -0.8725 -0.1303
vn 0.5977 -0.7351 -0.3200
vn 0.1542 -0.3071 0.9391
vn 0.3837 -0.2333 0.8935
vn 0.3962 -0.1586 0.9043
vn -0.9935 -0.0897 -0.0696
vn -0.9937 0.0258 -0.1088
vn 0.3329 -0.4803 0.8115
vn -0.7715 0.4285 0.4704
vn -0.6927 0.3400 0.6361
vn -0.0472 -0.0296 0.9984
vn -0.1458 -0.1764 0.9735
vn -0.0491 -0.1425 0.9886
vn -0.0587 -0.0418 0.9974
vn -0.1173 -0.2003 0.9727
vn -0.0977 -0.0598 0.9934
vn -0.1271 -0.2346 0.9637
vn 0.1108 0.5165 -0.8491
vn 0.0599 0.5449 -0.8363
vn 0.7967 0.5728 -0.1930
vn 0.5625 0.7861 -0.2564
vn 0.7469 0.6531 -0.1253
vn -0.9800 0.0187 -0.1979
vn -0.8705 0.0063 -0.4922
vn -0.8958 -0.0562 -0.4408
vn 0.2471 0.9593 0.1368
vn 0.2401 0.9485 0.2069
vn 0.4330 -0.9014 0.0056
vn 0.4740 -0.8781 -0.0653
vn 0.0012 -0.8498 -0.5271
vn 0.1764 -0.7168 -0.6746
vn 0.1773 -0.7634 -0.6211
vn -0.6913 0.2298 0.6850
vn -0.7778 0.2757 0.5648
vn 0.6646 -0.3191 0.6756
vn 0.6279 -0.3318 0.7040
vn 0.6120 -0.3801 0.6935
vn 0.1921 0.4874 -0.8518
vn 0.2600 0.5281 -0.8084
vn 0.1999 0.3244 -0.9245
vn -0.1366 0.3936 0.9091
vn -0.0788 0.2900 0.9538
vn -0.1471 0.3747 0.9154
vn -0.6174 -0.6742 0.4054
vn -0.6852 -0.6525 0.3236
vn -0.3836 0.2536 -0.8880
vn -0.4128 0.2253 -0.8825
vn -0.3764 0.2524 -0.8914
vn -0.3248 0.3924 -0.8605
vn -0.4239 0.2696 -0.8646
vn -0.3908 0.3324 -0.8584
vn 0.2079 0.8334 0.5121
vn 0.2594 0.7910 0.5541
vn -0.8644 0.5027 -0.0126
vn -0.9959 0.0761 -0.0495
vn -0.7899 0.4658 0.3989
vn 0.1169 0.9848 -0.1284
vn -0.0260 0.9906 -0.1346
vn 0.0665 0.9197 0.3869
vn 0.3853 -0.8850 0.2612
vn 0.4527 -0.6737 0.5841
vn 0.4740 -0.7143 0.5149
vn 0.7198 -0.2191 0.6587
vn 0.3365 0.2242 -0.9146
vn 0.3977 0.2668 -0.8779
vn 0.4365 -0.0493 -0.8984
vn 0.0289 -0.4911 0.8706
vn -0.1982 -0.5587 0.8053
vn -0.1132 -0.4259 0.8977
vn -0.6306 -0.3544 -0.6905
vn 0.5982 0.6213 0.5062
vn 0.6027 0.4165 -0.6806
vn -0.2208 -0.0516 0.9740
vn -0.2762 0.0250 0.9608
vn -0.2191 -0.0580 0.9740
vn -0.8289 -0.2726 -0.4884
vn 0.8306 -0.0810 -0.5509
vn 0.7642 -0.1016 -0.6369
vn -0.2637 -0.3940 -0.8805
vn -0.3081 -0.4995 -0.8097
vn -0.3195 -0.1123 -0.9409
vn -0.4863 -0.8729 0.0403
vn 0.5940 -0.5614 0.5762
vn 0.1424 0.7175 -0.6818
vn 0.0450 0.7349 -0.6767
vn 0.0423 0.7191 -0.6936
vn 0.0473 0.6723 -0.7387
vn -0.7060 -0.3974 -0.5862
vn -0.6155 0.3490 -0.7067
vn -0.7758 0.1734 -0.6067
vn -0.7351 0.2592 -0.6265
vn -0.1304 0.8150 -0.5646
vn -0.3056 0.7988 -0.5182
vn 0.0753 0.1836 0.9801
vn 0.0957 0.1042 0.9899
vn 0.0725 0.1771 0.9815
vn 0.0050 0.9919 -0.1269
vn -0.1966 0.9805 -0.0075
vn 0.0419 0.0247 0.9988
vn 0.1719 -0.1406 0.9750
vn 0.0080 0.0478 0.9988
vn 0.6311 0.7230 0.2811
vn 0.7332 0.6213 0.2765
vn 0.6118 0.6636 0.4305
vn 0.6251 0.6226 0.4707
vn -0.9762 0.1842 -0.1147
vn -0.9832 0.1251 -0.1332
vn -0.9587 0.2758 0.0692
vn -0.9539 0.2833 0.0986
vn -0.9480 0.3183 -0.0031
vn 0.7366 0.3817 -0.5583
vn 0.4025 0.3199 -0.8577
vn 0.5378 0.5831 -0.6088
vn 0.3046 0.6164 -0.7261
vn -0.4656 -0.6862 -0.5589
vn -0.5096 -0.6593 -0.5529
vn 0.9672 -0.0516 -0.2488
vn -0.7878 -0.4769 -0.3897
vn -0.7770 -0.5582 -0.2910
vn -0.2986 0.5900 0.7502
vn 0.6847 -0.3754 -0.6247
vn 0.5380 -0.1431 -0.8307
vn 0.5612 -0.0241 -0.8273
vn 0.7509 0.3165 0.5796
vn 0.0589 0.2383 0.9694
vn -0.1129 0.2952 0.9487
vn -0.9251 0.3170 0.2093
vn -0.8858 0.4446 0.1332
vn -0.3858 0.3194 0.8655
vn -0.2184 0.3886 0.8952
vn -0.1301 0.2194 0.9669
vn 0.1820 -0.9694 0.1647
vn -0.4002 0.5516 0.7319
vn -0.4152 0.4770 0.7746
vn -0.2660 -0.8900 -0.3703
vn -0.2220 -0.9143 -0.3389
vn 0.3445 -0.0133 -0.9387
vn 0.5386 0.1782 -0.8235
vn 0.4532 -0.0423 -0.8904
vn 0.2650 0.0686 -0.9618
vn 0.4540 0.0443 -0.8899
vn 0.3006 0.2065 -0.9311
vn 0.5882 -0.3767 0.7156
vn -0.4342 0.6168 0.6565
vn -0.6473 0.3758 0.6631
vn -0.7007 0.4087 0.5847
vn -0.7496 0.4806 0.4551
vn -0.8180 -0.5172 0.2519
vn -0.7549 -0.6105 0.2395
vn -0.7807 -0.5391 0.3160
vn -0.8647 -0.0069 -0.5022
vn 0.4601 -0.8360 0.2989
vn 0.3412 -0.8429 0.4160
vn 0.3305 -0.8242 0.4599
vn -0.7165 -0.6838 0.1379
vn -0.8317 -0.5450 0.1061
vn 0.1643 -0.1860 0.9687
vn 0.1055 -0.2452 0.9637
vn 0.2229 -0.2480 0.9428
vn -0.3575 -0.1056 -0.9279
vn -0.4218 -0.0889 -0.9023
vn 0.7732 -0.6050 0.1904
vn -0.0204 0.7553 0.6551
vn 0.6386 0.0554 -0.7676
vn 0.0955 -0.3938 -0.9142
vn 0.2033 -0.1631 -0.9654
vn 0.4607 -0.3138 -0.8302
vn 0.8855 0.4326 0.1695
vn 0.8628 0.4885 0.1302
vn 0.6439 0.0782 -0.7611
vn -0.9805 0.1224 -0.1536
vn -0.0885 0.3905 0.9163
vn -0.8875 -0.4097 -0.2108
vn -0.9209 -0.3089 -0.2378
vn -0.8862 -0.3728 -0.2752
vn 0.6872 -0.3512 -0.6359
vn 0.7083 -0.4198 -0.5675
vn 0.3458 -0.6253 0.6996
vn 0.7576 0.1116 -0.6432
vn 0.6903 0.0419 0.7223
vn 0.8493 -0.3430 -0.4014
vn 0.8526 -0.2822 -0.4398
vn 0.8834 -0.3265 -0.3362
vn -0.7034 0.5700 -0.4247
vn -0.6653 0.5311 -0.5247
vn -0.9745 -0.0684 -0.2136
vn -0.2262 -0.5400 -0.8107
vn -0.0645 -0.4365 -0.8974
vn -0.3293 -0.4779 -0.8144
vn 0.9660 -0.0018 -0.2587
vn 0.9876 -0.0669 -0.1418
vn 0.9674 0.0196 -0.2523
vn 0.0821 -0.6371 -0.7664
vn -0.9543 0.1524 -0.2569
vn -0.9578 0.1601 -0.2387
vn -0.9375 0.1175 -0.3276
vn -0.2339 -0.7351 -0.6364
vn -0.1555 -0.4453 -0.8818
vn -0.6181 0.6428 -0.4525
vn -0.4433 0.3840 0.8100
vn -0.1823 0.8691 0.4598
vn -0.0805 0.8946 0.4395
vn 0.8773 -0.1046 -0.4685
vn -0.4685 0.3032 0.8298
vn -0.2879 0.0802 0.9543
vn -0.5384 0.3353 0.7731
vn 0.4959 0.7008 -0.5128
vn 0.5780 0.5695 -0.5844
vn -0.6249 -0.0329 -0.7800
vn -0.6309 -0.1498 -0.7613
vn -0.6571 0.0209 -0.7535
vn -0.2891 -0.3596 0.8872
vn -0.2860 -0.3075 0.9076
vn -0.1706 -0.9443 -0.2816
vn -0.2658 -0.9204 -0.2867
vn -0.3924 -0.9170 -0.0715
vn 0.2778 -0.3778 0.8832
vn 0.1595 -0.5615 0.8119
vn 0.1962 -0.6080 0.7693
vn 0.5826 0.6011 -0.5471
vn 0.6624 0.5529 -0.5055
vn -0.4849 0.2381 0.8415
vn -0.3880 0.3582 0.8492
vn -0.3945 0.3366 0.8550
vn -0.7980 -0.5265 0.2931
vn -0.6354 -0.7711 0.0398
vn -0.8583 0.0094 -0.5130
vn -0.9284 0.0636 -0.3662
vn 0.8194 0.1572 -0.5513
vn 0.1311 -0.8969 0.4223
vn -0.5848 -0.7210 0.3718
vn -0.6162 -0.7359 0.2807
vn -0.6657 0.4509 0.5945
vn -0.6153 0.4386 0.6550
vn -0.7426 0.6600 -0.1135
vn -0.6411 0.7588 -0.1150
vn -0.8535 0.0080 -0.5211
vn -0.9501 -0.0058 -0.3118
vn -0.6192 0.5869 0.5216
vn -0.6630 0.4733 0.5799
vn -0.4591 0.3076 -0.8334
vn -0.2327 0.4860 -0.8424
vn -0.4637 0.4422 -0.7677
vn -0.7430 0.3110 0.5926
vn -0.6260 0.3156 0.7131
vn 0.9071 0.3083 0.2865
vn 0.2632 -0.2518 -0.9313
vn 0.3419 -0.4476 -0.8263
vn 0.8622 0.0743 0.5011
vn 0.8641 0.0800 0.4969
vn 0.8437 -0.3296 -0.4237
vn 0.9134 -0.2307 -0.3354
vn 0.8645 -0.3869 -0.3209
vn -0.6330 0.6908 0.3495
vn -0.5892 0.7664 0.2561
vn 0.8449 -0.5035 -0.1808
vn 0.7987 -0.5428 -0.2597
vn 0.8757 -0.4172 -0.2433
vn 0.8661 -0.4718 -0.1649
vn 0.9957 0.0096 -0.0926
vn 0.9426 -0.1873 -0.2763
vn -0.4559 0.7899 0.4101
vn -0.5002 0.7802 0.3758
vn -0.1178 0.5556 -0.8230
vn -0.1102 0.5298 -0.8409
vn -0.8987 -0.3162 0.3039
vn -0.9623 0.1068 -0.2502
vn -0.9499 0.0873 -0.3001
vn -0.9592 0.1098 -0.2603
vn -0.8254 -0.3220 0.4637
vn -0.8042 0.0531 0.5919
vn -0.7224 0.6907 -0.0324
vn -0.6721 0.7317 -0.1137
vn -0.6673 0.7428 -0.0542
vn 0.6366 -0.6082 0.4742
vn 0.7192 -0.5926 0.3627
vn 0.6839 -0.5308 0.5005
vn 0.6533 0.1614 0.7397
vn 0.2776 0.8022 0.5287
vn -0.6749 -0.0742 -0.7342
vn -0.6483 -0.1262 -0.7508
vn -0.8195 -0.0500 -0.5709
vn 0.5793 -0.5226 -0.6256
vn 0.4877 -0.4314 -0.7590
vn -0.3526 -0.8119 0.4653
vn -0.3635 -0.8174 0.4469
vn 0.6008 -0.1969 0.7748
vn 0.8951 -0.2318 0.3808
vn 0.9522 -0.2373 0.1922
vn 0.9191 -0.2641 0.2925
vn 0.9850 -0.0822 -0.1520
vn 0.9583 -0.1504 0.2432
vn 0.9867 0.0344 -0.1591
vn 0.1607 -0.9428 0.2921
vn -0.0116 -0.8787 0.4772
vn -0.0489 0.5861 -0.8088
vn -0.2738 0.6634 -0.6964
vn -0.1314 0.6632 -0.7368
vn -0.5284 0.2402 0.8143
vn -0.6347 0.4230 0.6467
vn -0.6414 0.2247 0.7335
vn 0.5718 -0.8202 0.0166
vn 0.4486 -0.8903 0.0787
vn 0.3874 -0.9219 -0.0094
vn -0.1176 0.9397 -0.3210
vn -0.1277 0.9758 -0.1777
vn 0.8687 -0.2172 -0.4451
vn 0.8560 -0.2752 -0.4377
vn -0.4637 -0.8696 0.1695
vn -0.3353 0.1904 -0.9227
vn -0.5358 0.0885 -0.8397
vn 0.3031 -0.9438 0.1318
vn 0.6529 -0.7567 0.0331
vn 0.5911 -0.8066 0.0007
vn 0.6854 -0.7009 0.1974
vn -0.4885 -0.1494 0.8597
vn 0.0476 -0.9170 0.3960
vn -0.9134 0.3669 0.1764
vn -0.5247 -0.6521 -0.5473
vn -0.5367 -0.6154 -0.5773
vn -0.4944 -0.6577 -0.5683
vn -0.0749 -0.9967 0.0321
vn -0.0338 -0.9980 -0.0534
vn 0.4563 0.3132 0.8329
vn -0.6689 0.4312 0.6056
vn -0.6271 0.5482 0.5534
vn -0.7813 0.6008 -0.1689
vn -0.8966 0.4165 -0.1504
vn 0.0313 -0.9864 0.1614
vn 0.1101 -0.9133 0.3921
vn -0.7649 -0.6087 0.2109
vn -0.5788 -0.7317 0.3599
vn -0.6329 -0.7337 0.2473
vn -0.1520 -0.4526 0.8787
vn -0.8645 -0.1037 -0.4918
vn -0.8937 -0.2037 -0.3997
vn -0.9386 -0.0305 -0.3436
vn -0.9561 -0.0017 -0.2931
vn -0.6350 -0.6941 0.3392
vn -0.5926 -0.6863 0.4217
vn 0.1312 -0.9415 -0.3106
vn -0.1238 -0.6547 -0.7457
vn -0.8994 0.2981 0.3198
vn -0.8488 0.3284 0.4145
vn -0.5583 0.0482 -0.8282
vn -0.5714 0.0800 -0.8168
vn -0.1512 -0.9679 -0.2005
vn -0.0581 -0.9780 -0.2001
vn 0.7779 0.5998 -0.1877
vn 0.6588 0.7513 0.0395
vn 0.7939 0.6078 -0.0138
vn 0.9642 0.1759 -0.1987
vn 0.9679 0.1699 -0.1853
vn 0.9381 0.2813 -0.2021
vn 0.4425 -0.3246 0.8360
vn 0.2859 -0.5885 0.7562
vn 0.1770 -0.2064 0.9623
vn 0.2630 -0.4949 0.8282
vn -0.3730 -0.1777 0.9106
vn -0.0487 0.9171 -0.3956
vn -0.0132 0.8835 -0.4682
vn -0.1492 0.9259 -0.3471
vn 0.8389 -0.4691 -0.2760
vn 0.7987 -0.5345 -0.2766
vn 0.8149 -0.5411 -0.2077
vn 0.8320 0.5542 -0.0249
vn 0.8265 0.5628 0.0153
vn 0.8926 0.2467 0.3774
vn 0.2690 0.9526 -0.1418
vn -0.0123 0.9868 -0.1617
vn -0.4992 -0.4508 -0.7399
vn -0.7053 -0.4344 -0.5602
vn -0.6606 -0.3562 -0.6608
vn -0.6131 0.7678 0.1860
vn 0.9993 0.0378 0.0023
vn 0.9633 0.0765 -0.2572
vn 0.9955 0.0950 -0.0051
vn 0.2608 -0.6900 0.6751
vn 0.3147 -0.4146 0.8539
vn 0.2187 -0.3937 0.8928
vn -0.2070 -0.9371 -0.2811
vn -0.1960 -0.9747 0.1073
vn 0.0644 -0.9101 0.4093
vn -0.2558 -0.8429 0.4734
vn 0.8138 0.1760 0.5539
vn 0.8306 0.2097 0.5159
vn 0.6185 0.2702 0.7379
vn -0.0119 0.6168 -0.7871
vn -0.3230 -0.9442 -0.0647
vn -0.4921 -0.8536 -0.1709
vn -0.3502 -0.9025 -0.2505
vn 0.8388 0.0640 0.5406
vn 0.7241 0.0886 0.6840
vn 0.7969 0.0826 0.5985
vn 0.8378 0.0457 0.5440
vn 0.0852 -0.9949 0.0534
vn 0.2881 -0.9475 -0.1388
vn -0.7184 0.6889 -0.0962
vn -0.7207 0.6867 -0.0946
vn -0.7145 0.6948 -0.0821
vn -0.9981 0.0378 0.0481
vn -0.9933 0.1148 -0.0086
vn -0.9909 0.0875 -0.1022
vn 0.9631 0.2090 -0.1694
vn 0.8865 0.4477 -0.1167
vn 0.9088 0.4142 -0.0503
vn 0.8261 0.5629 0.0285
vn -0.8493 -0.3960 -0.3491
vn -0.3023 -0.3493 -0.8869
vn -0.2775 0.0541 -0.9592
vn 0.2762 0.8785 0.3897
vn 0.6773 0.6054 0.4182
vn -0.1144 0.6458 -0.7549
vn -0.1059 0.7535 -0.6489
vn -0.9234 0.3569 -0.1413
vn -0.7839 0.6117 -0.1067
vn -0.7462 0.6553 -0.1172
vn 0.5749 -0.7665 0.2864
vn -0.7924 0.0807 -0.6047
vn -0.7568 0.1811 -0.6281
vn 0.4207 -0.6941 0.5842
vn 0.4274 -0.6673 0.6099
vn 0.2815 -0.7512 0.5970
vn 0.0740 -0.9413 -0.3295
vn 0.6726 -0.4254 -0.6055
vn 0.7251 -0.3458 -0.5956
vn 0.6682 -0.5872 -0.4568
vn -0.3437 0.1332 -0.9296
vn -0.4106 0.0991 -0.9064
vn -0.6806 0.1542 0.7163
vn 0.3856 0.0260 -0.9223
vn 0.8243 -0.2591 -0.5035
vn 0.7528 0.0049 -0.6583
vn 0.9815 -0.1056 -0.1597
vn 0.9584 -0.0950 -0.2690
vn -0.2509 0.3716 -0.8939
vn -0.3106 0.4861 -0.8169
vn -0.2764 0.3726 -0.8859
vn -0.3980 -0.9169 0.0297
vn -0.3556 -0.9304 0.0891
vn -0.5961 0.1016 -0.7964
vn -0.5409 0.1080 -0.8342
vn -0.2627 0.1178 -0.9577
vn 0.8755 -0.3172 -0.3644
vn 0.8692 -0.2697 -0.4145
vn 0.9323 -0.1764 -0.3157
vn 0.8921 -0.2365 -0.3850
vn -0.0469 0.0586 0.9972
vn -0.0092 -0.1214 0.9926
vn 0.4964 -0.8544 0.1536
vn -0.9072 0.1736 0.3831
vn -0.7170 0.2317 0.6574
vn 0.3568 -0.9312 0.0744
vn 0.5288 -0.7723 0.3520
vn 0.5844 -0.7661 0.2675
vn 0.2803 -0.9545 0.1019
vn 0.3114 -0.8736 0.3739
vn 0.9689 0.2091 -0.1321
vn 0.9713 -0.1161 -0.2077
vn 0.9388 -0.0000 -0.3444
vn -0.1886 0.3795 0.9058
vn -0.1660 0.3234 0.9316
vn -0.1569 0.3321 0.9301
vn 0.5705 -0.4636 0.6779
vn 0.5242 -0.4728 0.7083
vn 0.6037 0.0918 0.7919
vn -0.2490 0.8328 -0.4944
vn -0.2999 0.8905 -0.3422
vn -0.2797 0.8696 -0.4070
vn -0.1355 0.9140 -0.3825
vn -0.7387 0.6172 0.2708
vn -0.7940 0.5331 0.2920
vn -0.6968 0.6503 0.3026
vn 0.1712 -0.6403 -0.7488
vn 0.2781 -0.5388 -0.7952
vn 0.1769 0.6380 0.7494
vn 0.0518 0.5332 0.8444
vn 0.2577 0.5586 0.7884
vn 0.3939 0.9040 0.1660
vn -0.8799 -0.2674 0.3928
vn -0.9142 0.0659 0.3999
vn -0.8507 -0.2574 0.4582
vn -0.0256 0.9983 -0.0533
vn 0.5720 0.7652 -0.2954
vn 0.6558 0.7474 -0.1059
vn -0.5972 0.0549 0.8002
vn 0.7619 0.2649 0.5910
vn 0.6462 0.3592 0.6734
vn -0.9709 0.1324 -0.1998
vn -0.8900 0.0059 -0.4559
vn 0.8178 -0.1392 0.5583
vn -0.1615 0.9850 0.0615
vn -0.1887 0.9732 0.1314
vn -0.8147 -0.5060 -0.2830
vn -0.8582 -0.4848 -0.1687
vn -0.8044 -0.5102 -0.3043
vn 0.0770 0.8647 0.4963
vn 0.0377 0.9967 -0.0715
vn 0.5599 0.8285 0.0108
vn 0.5272 0.8497 -0.0083
vn -0.7411 -0.4075 -0.5337
vn -0.6942 -0.4200 -0.5846
vn -0.3081 0.9501 -0.0495
vn -0.2555 0.9665 0.0266
vn 0.1067 -0.6916 0.7144
vn -0.0861 -0.7930 0.6031
vn -0.0183 -0.6915 0.7221
vn 0.5713 -0.7650 -0.2973
vn 0.3733 -0.4638 -0.8034
vn 0.7070 -0.1803 -0.6839
vn 0.7319 -0.2081 -0.6488
vn 0.8120 -0.2944 -0.5039
vn 0.1249 -0.0839 -0.9886
vn -0.6795 0.6890 -0.2521
vn -0.8338 0.4657 -0.2965
vn 0.5066 0.3350 0.7944
vn 0.2322 0.9669 -0.1054
vn 0.0984 0.9933 -0.0610
vn 0.5056 -0.7758 0.3775
vn 0.0607 0.9797 -0.1910
vn 0.1023 -0.9918 0.0771
vn 0.1607 -0.9869 0.0135
vn 0.2559 -0.9663 0.0274
vn -0.8841 0.2045 -0.4202
vn -0.9262 0.1608 -0.3411
vn -0.8952 0.2274 -0.3834
vn 0.9046 -0.3884 -0.1756
vn 0.9664 -0.2174 -0.1372
vn 0.9846 -0.1370 -0.1084
vn 0.4052 -0.7022 0.5854
vn -0.4450 0.0835 -0.8916
vn -0.3098 0.0159 0.9507
vn -0.3142 -0.0564 0.9477
vn -0.5843 -0.6974 -0.4150
vn -0.5936 -0.6664 -0.4512
vn -0.5692 -0.6984 -0.4339
vn -0.0990 0.9868 -0.1283
vn -0.0773 0.9873 -0.1390
vn -0.3087 0.9511 0.0085
vn -0.3994 0.7638 0.5070
vn -0.5020 0.7186 0.4812
vn -0.3258 0.9365 -0.1298
vn -0.2614 -0.9403 -0.2179
vn -0.2492 -0.9592 -0.1336
vn 0.1157 0.8618 0.4939
vn -0.7540 -0.6558 0.0369
vn -0.7967 -0.5803 0.1688
vn -0.7861 -0.6066 0.1185
vn 0.5762 -0.0947 -0.8118
vn 0.6387 -0.0261 -0.7690
vn 0.5235 0.0931 -0.8469
vn 0.9937 -0.0558 -0.0970
vn 0.8912 -0.3996 -0.2147
vn 0.1341 0.9586 0.2512
vn 0.1380 0.9626 0.2330
vn -0.5565 0.7361 -0.3853
vn -0.6411 0.6214 -0.4504
vn -0.3792 0.5088 0.7729
vn -0.7333 0.3316 0.5936
vn 0.0274 -0.0353 -0.9990
vn -0.0182 0.1005 -0.9948
vn 0.0198 0.0483 -0.9986
vn 0.2333 0.3141 0.9203
vn -0.9488 -0.1287 -0.2883
vn -0.5700 0.7088 0.4157
vn -0.5000 0.8039 0.3222
vn -0.5846 0.4472 0.6770
vn 0.1898 0.9794 -0.0682
vn 0.3568 0.7777 -0.5175
vn 0.4033 0.7432 -0.5339
vn 0.3702 0.7249 -0.5809
vn 0.1852 0.7050 -0.6846
vn -0.8433 0.0464 0.5354
vn -0.9087 0.1971 0.3680
vn -0.3053 -0.7330 0.6078
vn -0.3603 -0.7503 0.5543
vn 0.9942 0.0895 -0.0591
vn -0.0548 0.5697 0.8200
vn -0.9331 -0.2926 0.2091
vn -0.9046 -0.3879 0.1769
vn -0.9059 -0.3490 0.2399
vn -0.1455 -0.0147 0.9893
vn 0.6779 0.1204 -0.7252
vn 0.7492 0.0312 -0.6616
vn 0.6278 -0.0448 -0.7771
vn 0.9948 0.0724 -0.0721
vn 0.4513 -0.4090 -0.7931
vn -0.7261 -0.6745 -0.1335
vn -0.5130 -0.7986 -0.3147
vn -0.5425 0.6096 0.5780
vn -0.4958 0.7609 0.4186
vn -0.4736 0.7161 0.5127
vn 0.0919 0.9924 -0.0820
vn 0.2066 0.9772 -0.0496
vn 0.2445 0.9673 0.0679
vn 0.0748 0.9878 -0.1364
vn 0.1431 0.9730 -0.1809
vn 0.0421 -0.4028 -0.9143
vn -0.1104 -0.2880 -0.9512
vn 0.0651 -0.3393 -0.9384
vn 0.1283 -0.0567 -0.9901
vn -0.1476 -0.3996 -0.9047
vn 0.7371 -0.6495 0.1864
vn 0.6755 -0.6604 0.3279
vn 0.6039 -0.7448 0.2838
vn -0.6086 -0.5488 0.5731
vn -0.1409 0.9898 -0.0221
vn -0.3226 0.9410 -0.1021
vn -0.3691 0.9154 -0.1605
vn -0.4428 0.8808 -0.1680
vn -0.3147 0.9455 0.0833
vn -0.2652 0.4724 -0.8405
vn 0.2537 -0.7382 0.6251
vn 0.3236 -0.8364 0.4424
vn 0.3388 -0.5020 0.7957
vn -0.6948 -0.5910 0.4098
vn -0.8826 -0.4619 0.0879
vn -0.8909 -0.4473 -0.0786
vn 0.5084 -0.1814 0.8418
vn 0.5084 -0.3280 0.7962
vn 0.5865 -0.3152 0.7461
vn -0.0013 -0.9988 -0.0499
vn 0.7885 -0.4786 0.3863
vn 0.8515 -0.4033 0.3350
vn -0.2274 0.9465 0.2288
vn -0.0138 0.9607 0.2771
vn 0.1640 0.9736 0.1584
vn 0.8066 -0.5486 0.2202
vn 0.8269 -0.5460 0.1345
vn 0.8047 -0.5402 0.2464
vn 0.8922 0.4516 -0.0055
vn -0.7759 0.2604 0.5746
vn -0.7700 0.2527 0.5859
vn -0.4433 0.1584 0.8823
vn -0.3936 0.1964 0.8980
vn -0.7380 0.5972 -0.3142
vn 0.1310 -0.6795 -0.7219
vn 0.1548 -0.7497 -0.6434
vn -0.8384 0.0968 -0.5363
vn -0.8733 0.2184 -0.4354
vn -0.9339 -0.1468 0.3259
vn -0.9086 -0.1721 0.3806
vn -0.0666 -0.8221 -0.5654
vn -0.1359 0.9476 -0.2892
vn -0.3087 -0.6704 -0.6747
vn -0.1916 -0.4955 -0.8472
vn 0.5224 -0.8485 -0.0839
vn 0.4165 -0.9029 -0.1064
vn 0.9087 0.4004 0.1179
vn 0.9550 0.2675 0.1278
vn -0.7710 -0.2250 0.5958
vn -0.7999 -0.2754 0.5332
vn -0.7144 -0.4354 0.5477
vn -0.1896 0.9642 0.1852
vn -0.2216 0.9548 0.1980
vn 0.6798 0.0294 0.7328
vn 0.4232 0.2681 -0.8654
vn 0.2797 0.3523 -0.8931
vn 0.4093 0.3011 -0.8613
vn 0.5685 -0.8182 0.0860
vn 0.5549 -0.7636 0.3302
vn 0.5273 -0.8143 -0.2427
vn -0.1557 -0.9374 0.3114
vn -0.5905 -0.8070 -0.0105
vn -0.5231 -0.8515 0.0359
vn -0.2631 0.5834 0.7684
vn -0.2389 0.6301 0.7388
vn -0.1333 0.5940 0.7933
vn -0.1223 -0.0228 0.9922
vn -0.1025 -0.0040 0.9947
vn 0.8851 0.1172 0.4504
vn -0.7229 -0.0818 -0.6861
vn -0.0609 0.9794 -0.1923
vn -0.8276 -0.0928 0.5536
vn -0.8438 -0.1176 0.5237
vn 0.0360 -0.6865 0.7262
vn 0.0554 -0.5998 0.7982
vn 0.9479 -0.2974 -0.1144
vn 0.9375 -0.2957 -0.1833
vn 0.6368 -0.6143 0.4659
vn 0.6957 -0.6804 0.2304
vn -0.4082 -0.8994 -0.1565
vn -0.4616 -0.8666 -0.1894
vn 0.5382 -0.3623 0.7609
vn 0.3277 -0.3792 0.8654
vn -0.7720 0.5972 -0.2178
vn -0.7885 0.6119 -0.0627
vn 0.9592 -0.0832 -0.2701
vn 0.9493 0.0777 -0.3047
vn 0.1202 -0.9927 -0.0073
vn -0.4874 0.1840 0.8536
vn 0.1725 0.9551 -0.2409
vn 0.1415 0.9823 -0.1229
vn -0.1822 -0.8693 -0.4595
vn 0.5863 -0.4858 0.6482
vn -0.7337 0.3035 0.6079
vn 0.9460 -0.2970 -0.1303
vn 0.9342 -0.2333 -0.2698
vn 0.9099 -0.3904 -0.1402
vn -0.1086 0.9909 -0.0796
vn -0.1120 0.9903 -0.0826
vn 0.8854 0.1150 -0.4505
vn 0.8800 -0.1265 -0.4579
vn 0.0191 -0.8858 -0.4637
vn -0.6030 0.3722 -0.7056
vn -0.5792 0.5149 -0.6319
vn -0.7908 -0.6091 0.0597
vn -0.8276 -0.5601 -0.0385
vn -0.0974 0.7412 -0.6642
vn 0.0177 0.7989 -0.6013
vn 0.1125 -0.3351 0.9354
vn 0.0645 -0.3051 0.9501
vn -0.4930 0.8175 0.2977
vn 0.5386 -0.6791 -0.4987
vn 0.6797 -0.0511 -0.7317
vn 0.7014 -0.1537 -0.6960
vn -0.5350 0.0228 -0.8445
vn -0.1612 -0.0425 -0.9860
vn -0.0958 -0.1865 -0.9778
vn -0.5873 -0.7864 0.1914
vn -0.6195 -0.7256 0.2996
vn -0.5527 -0.7922 0.2586
vn 0.7842 0.5901 -0.1917
vn 0.8129 0.5121 -0.2775
vn 0.0290 -0.1215 0.9922
vn -0.6219 -0.7822 0.0369
vn -0.6018 -0.7984 0.0199
vn -0.6112 -0.7914 -0.0128
vn -0.7724 -0.0616 -0.6322
vn -0.6836 0.1393 -0.7165
vn -0.3903 0.0198 -0.9205
vn 0.3180 0.0838 0.9444
vn -0.1108 -0.8782 -0.4653
vn -0.0523 -0.8716 -0.4874
vn 0.4933 -0.6168 -0.6133
vn 0.5607 -0.5180 -0.6460
vn 0.8632 0.2064 0.4607
vn 0.8817 0.2617 0.3927
vn 0.8632 0.2120 0.4581
vn 0.9314 -0.3638 0.0103
vn 0.0372 -0.4794 -0.8768
vn -0.3301 0.0875 -0.9399
vn -0.2539 0.1166 -0.9602
vn -0.4487 0.2803 -0.8486
vn -0.0703 -0.8600 0.5054
vn -0.1338 -0.8662 0.4815
vn -0.0937 -0.8392 0.5356
vn -0.0940 -0.8707 -0.4827
vn -0.2287 -0.8524 -0.4702
vn -0.1966 -0.8542 -0.4813
vn -0.0561 -0.5577 0.8281
vn 0.5079 -0.5144 -0.6910
vn 0.7628 0.6078 0.2208
vn 0.9054 -0.0874 -0.4156
vn 0.8689 -0.2293 -0.4386
vn 0.8064 -0.2407 -0.5402
vn -0.5556 0.6410 0.5295
vn 0.5768 0.2692 -0.7713
vn -0.8836 -0.3075 -0.3531
vn -0.8890 -0.2936 -0.3514
vn -0.8529 -0.3417 -0.3946
vn 0.8432 -0.0410 -0.5360
vn -0.0984 -0.5986 0.7950
vn -0.1122 -0.6185 0.7778
vn -0.8119 0.5774 0.0866
vn -0.8071 0.5843 0.0846
vn -0.8472 0.5290 0.0487
vn -0.0325 -0.0732 -0.9968
vn -0.3192 0.9444 -0.0791
vn 0.9058 0.0813 -0.4158
vn -0.7258 -0.0049 -0.6879
vn -0.8719 0.1396 -0.4693
vn -0.7474 0.1153 -0.6543
vn -0.6491 0.2392 0.7221
vn -0.9580 -0.1827 0.2211
vn -0.9673 0.2368 0.0908
vn 0.1862 0.3977 0.8984
vn 0.2292 0.5678 0.7906
vn 0.8180 -0.0666 -0.5714
vn 0.0107 0.9972 0.0740
vn 0.0558 0.9983 0.0165
vn -0.0913 0.9869 0.1328
vn -0.4306 0.6810 0.5923
vn -0.4475 0.7736 0.4487
vn -0.9478 -0.1618 0.2747
vn -0.7443 -0.2121 -0.6333
vn -0.9536 -0.0321 -0.2993
vn 0.5131 0.2045 -0.8336
vn 0.4754 0.1748 -0.8622
vn 0.5176 0.1669 -0.8392
vn 0.5816 0.1012 0.8072
vn 0.6166 0.0616 0.7849
vn 0.6299 0.0762 0.7729
vn -0.4078 0.8869 0.2169
vn -0.3982 0.8729 0.2821
vn -0.3036 0.5750 0.7597
vn -0.8540 -0.1163 -0.5070
vn -0.8668 -0.2008 -0.4565
vn 0.9551 -0.2686 -0.1249
vn 0.9514 -0.1104 -0.2873
vn -0.8726 -0.0921 -0.4796
vn 0.2601 -0.5403 0.8003
vn 0.3404 -0.0550 0.9387
vn 0.5058 0.0402 0.8617
vn -0.1870 -0.1791 -0.9659
vn 0.8099 0.5863 -0.0156
vn 0.8754 0.4129 -0.2514
vn 0.8286 0.5124 -0.2256
vn -0.0021 -0.9921 0.1258
vn 0.3195 0.1846 -0.9294
vn -0.8866 -0.1552 0.4358
vn -0.2918 -0.9524 -0.0881
vn -0.3563 -0.9334 0.0432
vn -0.5643 -0.7543 -0.3354
vn 0.3137 -0.2003 -0.9281
vn 0.3453 -0.2103 -0.9146
vn 0.3191 -0.1551 -0.9349
vn -0.2052 0.6559 0.7265
vn -0.2878 0.2094 -0.9345
vn -0.2140 0.3611 -0.9076
vn 0.9148 -0.1937 0.3545
vn 0.8848 -0.0968 0.4559
vn -0.3435 -0.3702 -0.8631
vn -0.0622 0.9981 -0.0019
vn -0.1332 0.9911 -0.0047
vn 0.7688 -0.2395 -0.5930
vn 0.7195 -0.1708 -0.6732
vn 0.8787 0.0419 -0.4755
vn -0.2003 -0.2144 -0.9560
vn -0.2490 -0.2691 -0.9304
vn -0.2654 0.8753 -0.4043
vn -0.4096 0.8224 -0.3949
vn 0.3722 0.1254 -0.9196
vn 0.3149 0.3351 -0.8880
vn 0.4798 0.2106 -0.8517
vn -0.4741 0.7310 0.4908
vn 0.6407 0.4255 0.6392
vn 0.5738 0.4945 0.6528
vn -0.8496 -0.5151 0.1137
vn -0.7552 -0.6513 0.0740
vn 0.0102 0.4558 0.8900
vn -0.9821 0.1692 0.0827
vn -0.9690 0.2368 0.0707
vn 0.4226 0.4030 0.8118
vn 0.5404 -0.4724 -0.6963
vn 0.3443 -0.0706 -0.9362
vn 0.3290 -0.7347 0.5933
vn 0.3455 -0.9353 0.0767
vn 0.3609 0.2883 0.8869
vn 0.3424 0.2444 0.9072
vn 0.6247 0.5935 -0.5075
vn 0.4357 -0.8875 0.1503
vn 0.5913 -0.8033 0.0716
vn -0.0690 0.1846 -0.9804
vn 0.7964 0.6047 0.0014
vn -0.7240 -0.2180 0.6545
vn 0.5653 -0.8161 -0.1202
vn -0.4225 -0.9008 -0.1005
vn 0.0077 -0.7027 -0.7115
vn -0.0241 -0.6816 -0.7314
vn 0.0090 -0.5710 -0.8209
vn 0.1539 0.1144 -0.9815
vn 0.2312 0.0333 -0.9723
vn 0.2828 0.0168 -0.9590
vn 0.2119 0.9772 0.0157
vn 0.1612 0.9758 -0.1478
vn 0.4349 -0.1708 -0.8841
vn -0.1970 -0.0803 0.9771
vn 0.9385 -0.3277 -0.1092
vn 0.9293 -0.2725 -0.2495
vn 0.9654 -0.2401 -0.1015
vn 0.9259 -0.2489 -0.2840
vn 0.0616 -0.2959 0.9532
vn -0.0262 0.7892 0.6135
vn 0.0519 0.7506 0.6587
vn -0.2447 -0.8234 -0.5121
vn -0.3108 -0.8999 -0.3060
vn 0.7521 0.4694 -0.4625
vn 0.7059 0.4904 -0.5111
vn 0.7308 0.4308 -0.5295
vn 0.9057 -0.2987 -0.3009
vn 0.5888 -0.3499 -0.7286
vn 0.4741 -0.1950 -0.8586
vn 0.9371 -0.2488 -0.2450
vn 0.1139 0.9786 -0.1715
vn 0.0945 0.9822 -0.1623
vn 0.6362 0.0902 0.7662
vn -0.1977 -0.9077 0.3702
vn -0.1721 -0.9647 0.1994
vn 0.4384 -0.1172 -0.8911
vn -0.5980 0.1197 0.7925
vn -0.8978 0.1997 0.3924
vn 0.7139 0.2435 0.6566
vn -0.7810 0.6157 -0.1043
vn -0.7759 0.6306 -0.0164
vn -0.9098 0.3080 -0.2783
vn 0.0650 -0.2155 0.9743
vn -0.1446 0.7105 -0.6887
vn 0.9402 -0.3369 0.0503
vn 0.8064 -0.5528 -0.2103
vn 0.8082 -0.5313 -0.2540
vn 0.8670 0.2039 -0.4548
vn 0.8508 0.2564 -0.4587
vn 0.8361 0.3810 -0.3947
vn -0.1655 0.6331 -0.7562
vn -0.0173 0.6916 -0.7221
vn -0.4922 0.2817 0.8236
vn -0.5302 0.2353 0.8146
vn -0.4693 0.2498 0.8470
vn 0.3208 0.7214 -0.6138
vn 0.3073 0.7617 -0.5705
vn -0.4211 -0.5883 0.6903
vn -0.3469 -0.6037 0.7177
vn 0.3569 0.6785 -0.6421
vn 0.3160 0.6743 -0.6674
vn 0.0021 0.8799 0.4751
vn -0.5072 0.1455 0.8495
vn 0.7785 0.5008 -0.3783
vn 0.7800 0.4774 -0.4045
vn 0.7628 0.4855 -0.4271
vn -0.0894 0.8225 0.5617
vn -0.8136 -0.5669 0.1292
vn -0.1319 0.9894 0.0605
vn -0.2947 0.9556 -0.0025
vn -0.5041 0.3320 0.7973
vn 0.6163 0.4082 0.6734
vn 0.7114 0.5203 0.4725
vn 0.6676 0.4661 0.5806
vn -0.6508 0.3234 0.6870
vn -0.9571 0.2517 -0.1438
vn -0.9368 0.2827 -0.2059
vn -0.9069 -0.2618 0.3301
vn -0.7965 -0.1327 0.5899
vn -0.2189 0.4253 -0.8782
vn -0.1142 0.4191 -0.9007
vn -0.0208 -0.1327 0.9909
vn 0.8881 -0.0216 -0.4592
vn 0.9526 -0.2250 -0.2047
vn -0.2929 -0.9116 0.2885
vn -0.3075 -0.8695 0.3866
vn -0.9123 0.1606 -0.3767
vn 0.9158 -0.4015 0.0098
vn 0.8523 -0.4837 0.1989
vn 0.2556 -0.7345 0.6286
vn -0.0397 0.9765 0.2118
vn -0.0430 0.9600 0.2768
vn 0.5428 0.0408 0.8389
vn -0.4868 0.8283 0.2774
vn 0.9082 -0.2681 -0.3213
vn -0.0890 -0.3552 0.9305
vn 0.6103 -0.2457 0.7531
vn 0.4047 -0.0310 0.9139
vn 0.5805 -0.2531 0.7739
vn -0.9043 -0.1863 -0.3840
vn -0.8183 -0.1383 -0.5579
vn -0.8646 -0.2358 0.4437
vn -0.6463 -0.4845 -0.5896
vn -0.6612 -0.5071 -0.5528
vn -0.7024 -0.3894 -0.5959
vn -0.0514 -0.5328 0.8447
vn 0.0243 -0.5901 0.8070
vn -0.9055 -0.4100 0.1096
vn -0.9352 -0.3324 0.1221
vn 0.1628 -0.9723 0.1677
vn 0.1794 0.9681 -0.1749
vn 0.0991 0.9941 -0.0451
vn -0.1185 -0.8272 0.5493
vn 0.4348 -0.4908 0.7550
vn 0.3944 -0.4487 0.8020
vn 0.4497 -0.2509 0.8572
vn 0.9817 0.1018 -0.1611
vn 0.9863 0.0482 -0.1579
vn 0.9740 0.0810 -0.2117
vn -0.7758 -0.4811 0.4082
vn -0.2522 -0.9612 -0.1115
vn -0.3891 0.8169 0.4257
vn 0.5219 0.6065 0.5999
vn 0.4807 0.4787 0.7347
vn -0.7259 -0.5793 -0.3707
vn -0.8076 -0.5085 -0.2988
vn -0.3637 -0.9283 -0.0774
vn -0.5120 -0.8438 -0.1605
vn 0.6838 0.4130 -0.6015
vn -0.4317 -0.8070 0.4031
vn -0.5137 -0.7393 0.4354
vn 0.5019 -0.6760 0.5395
vn -0.3899 0.4212 -0.8189
vn -0.5679 0.3571 -0.7416
vn -0.6788 -0.5249 0.5134
vn -0.7155 -0.4355 0.5463
vn 0.6351 -0.3804 0.6723
vn 0.4052 0.5218 -0.7507
vn 0.4955 0.4079 -0.7669
vn 0.3405 0.4623 -0.8187
vn 0.4957 0.4136 -0.7637
vn 0.9377 -0.2805 -0.2049
vn -0.2147 0.6062 0.7658
vn -0.1382 0.7761 0.6153
vn -0.7307 -0.6735 -0.1118
vn 0.2898 0.2885 -0.9126
vn 0.8351 0.4562 -0.3074
vn 0.7984 0.4719 -0.3740
vn 0.7998 0.5289 -0.2837
vn 0.5779 -0.4179 -0.7010
vn 0.4775 -0.3737 -0.7952
vn 0.3134 -0.3601 -0.8787
vn 0.3829 -0.4503 -0.8067
vn -0.5289 0.0748 -0.8454
vn -0.4286 -0.9010 0.0671
vn -0.4596 -0.8881 0.0118
vn -0.7568 0.1533 0.6354
vn -0.7973 0.2053 0.5675
vn -0.3338 -0.3553 0.8731
vn 0.3036 0.2510 -0.9191
vn -0.0201 -0.9749 -0.2218
vn -0.1067 0.7931 0.5996
vn -0.1600 0.7217 0.6735
vn -0.1293 0.7496 0.6491
vn 0.4047 0.9103 -0.0870
vn 0.4129 0.9106 0.0194
vn 0.9843 -0.0132 -0.1757
vn 0.9359 0.0052 -0.3522
vn -0.4994 0.0182 -0.8662
vn -0.4156 -0.0259 -0.9092
vn -0.6262 -0.1242 -0.7697
vn -0.6252 -0.7786 0.0542
vn -0.5731 -0.8117 0.1127
vn -0.6026 -0.7837 -0.1504
vn -0.5095 -0.6089 0.6080
vn 0.2773 0.6184 -0.7353
vn 0.2083 0.5837 -0.7848
vn 0.5843 0.4137 -0.6982
vn 0.5364 0.3562 -0.7651
vn 0.4295 0.2916 -0.8547
vn 0.7223 0.1088 0.6830
vn 0.8047 0.0485 0.5917
vn 0.6256 -0.4405 0.6439
vn -0.5246 0.8494 -0.0582
vn -0.3512 0.9319 -0.0909
vn 0.7570 0.0039 -0.6535
vn -0.7348 -0.6467 -0.2047
vn -0.6404 -0.7271 -0.2475
vn 0.8306 -0.5115 -0.2202
vn -0.1339 -0.9721 0.1928
vn -0.1936 -0.9559 0.2209
vn 0.1360 -0.0322 0.9902
vn -0.7654 -0.2937 0.5726
vn 0.1458 -0.1731 0.9741
vn 0.3525 -0.3652 0.8616
vn 0.0675 -0.0651 0.9956
vn 0.7198 0.0408 -0.6930
vn 0.2810 -0.3847 -0.8792
vn -0.7265 -0.5868 0.3575
vn -0.6098 -0.7787 0.1476
vn -0.7693 0.6165 0.1677
vn -0.7263 0.6487 0.2272
vn 0.7671 0.5492 0.3316
vn 0.2892 -0.3833 0.8772
vn 0.0272 -0.5344 0.8448
vn -0.5337 0.2016 -0.8213
vn -0.5552 0.2701 -0.7867
vn -0.5036 0.8612 -0.0690
vn -0.1475 0.9418 -0.3022
vn 0.5677 -0.6903 0.4486
vn 0.5623 -0.7163 0.4131
vn 0.9248 -0.3549 0.1369
vn 0.9568 -0.2907 0.0045
vn 0.9103 -0.4021 0.0983
vn -0.2664 0.5987 0.7554
vn 0.1310 -0.4442 0.8863
vn -0.9500 0.2139 0.2276
vn -0.9106 0.2434 0.3342
vn -0.0577 -0.0922 -0.9941
vn -0.9743 -0.2166 0.0624
vn 0.3105 0.8932 0.3254
vn 0.0488 0.9917 0.1193
vn -0.7714 -0.5664 -0.2901
vn -0.8740 -0.3875 -0.2932
vn -0.6857 -0.6047 -0.4050
vn -0.8542 0.3938 0.3395
vn -0.7943 0.5070 0.3349
vn -0.5776 -0.0558 0.8144
vn -0.6000 -0.0238 0.7996
vn 0.3535 -0.7740 0.5254
vn 0.2934 -0.7940 0.5324
vn 0.2522 -0.8381 0.4837
vn 0.2652 0.8881 -0.3755
vn 0.2788 0.8070 -0.5207
vn 0.6408 0.7342 0.2244
vn -0.0248 -0.6302 -0.7760
vn -0.0447 -0.6805 -0.7314
vn -0.7124 -0.5313 0.4585
vn 0.5518 -0.7262 0.4100
vn 0.4234 -0.8859 0.1893
vn 0.8077 -0.4613 -0.3671
vn 0.4010 -0.3513 -0.8460
vn -0.8616 0.2566 -0.4378
vn 0.5324 -0.8435 -0.0706
vn 0.6199 -0.7740 -0.1286
vn 0.6405 -0.1258 -0.7576
vn 0.6448 0.2542 0.7209
vn 0.6184 0.3780 0.6890
vn 0.6851 0.1369 0.7155
vn -0.1376 -0.2564 -0.9567
vn -0.1658 -0.3328 -0.9283
vn -0.0457 -0.8953 0.4432
vn 0.1110 -0.9043 0.4122
vn 0.2547 -0.1454 0.9560
vn -0.6332 -0.5509 0.5436
vn -0.6020 -0.4187 0.6800
vn 0.9591 0.1654 -0.2297
vn 0.9650 0.1515 -0.2140
vn 0.9450 0.3068 -0.1135
vn 0.1443 0.9419 -0.3033
vn -0.0417 0.8299 0.5564
vn 0.1794 0.8307 0.5270
vn 0.8261 -0.1740 -0.5360
vn -0.9256 -0.0872 -0.3682
vn 0.2162 -0.0392 0.9756
vn 0.3684 -0.0361 0.9290
vn 0.9423 0.2982 -0.1524
vn 0.9520 0.2418 -0.1876
vn 0.7391 0.5824 0.3385
vn 0.2120 -0.9772 0.0139
vn -0.5047 0.8620 -0.0464
vn -0.6469 0.7625 -0.0072
vn -0.6420 0.7660 -0.0321
vn -0.6414 0.7668 -0.0243
vn -0.6464 0.7345 0.2067
vn 0.7257 0.6108 -0.3166
vn 0.6903 0.6331 -0.3502
vn 0.9200 0.1641 -0.3560
vn -0.1736 0.6804 -0.7120
vn -0.1851 0.5479 -0.8158
vn 0.3972 0.1047 0.9118
vn -0.5638 -0.5519 -0.6144
vn -0.5313 -0.6380 -0.5574
vn -0.0342 0.6744 -0.7376
vn -0.2634 -0.9099 0.3204
vn 0.9369 -0.2715 -0.2202
vn 0.8907 -0.4152 -0.1851
vn 0.4382 -0.5155 0.7364
vn 0.2063 -0.6078 0.7669
vn 0.9347 -0.2419 -0.2604
vn -0.1800 0.9725 -0.1481
vn -0.1415 0.9617 -0.2349
vn 0.3053 -0.8089 -0.5025
vn -0.9212 -0.0200 -0.3886
vn 0.3547 0.8761 0.3264
vn 0.3260 0.8700 0.3700
vn -0.8809 0.1104 -0.4603
vn -0.8759 0.2217 0.4285
vn -0.8467 0.2586 0.4650
vn -0.1398 -0.3076 -0.9412
vn -0.4567 -0.0471 -0.8884
vn -0.1942 -0.9642 0.1807
vn 0.8738 -0.2136 -0.4368
vn 0.2447 -0.7053 0.6653
vn 0.1528 -0.6521 0.7426
vn -0.7376 -0.5209 -0.4296
vn 0.8546 0.0252 0.5188
vn 0.8606 0.1270 0.4932
vn 0.0894 0.6327 0.7693
vn -0.0246 0.6397 0.7682
vn -0.0784 -0.9061 -0.4157
vn -0.0496 -0.9026 -0.4276
vn 0.7993 -0.2097 0.5631
vn 0.6584 0.0048 0.7527
vn 0.6605 0.0783 0.7467
vn 0.6383 -0.7091 0.2997
vn 0.4327 -0.3058 -0.8481
vn -0.9803 -0.0106 0.1970
vn -0.9802 -0.1409 -0.1392
vn -0.1863 -0.2102 -0.9598
vn -0.1235 -0.1474 -0.9813
vn -0.8796 -0.0407 -0.4739
vn -0.1821 -0.4315 0.8835
vn -0.1209 0.6039 0.7878
vn -0.5849 -0.6955 0.4173
vn -0.1726 -0.0763 -0.9820
vn 0.0184 -0.1131 -0.9934
vn -0.7705 -0.6112 -0.1810
vn -0.7179 -0.6957 -0.0226
vn 0.8143 0.4996 -0.2955
vn 0.8886 0.4053 -0.2148
vn 0.9333 -0.2619 -0.2457
vn 0.9103 -0.2433 -0.3349
vn 0.8753 -0.3807 -0.2983
vn -0.5793 -0.7314 0.3599
vn -0.5436 -0.7580 0.3606
vn -0.1297 0.7707 0.6238
vn -0.2977 0.7111 0.6370
vn -0.4985 0.6629 0.5586
vn 0.1782 -0.0894 0.9799
vn 0.2509 0.1967 0.9478
vn 0.3114 -0.1967 0.9297
vn 0.7341 -0.1333 0.6659
vn 0.5908 -0.3890 0.7069
vn 0.5494 0.4783 0.6852
vn 0.5508 0.4161 0.7235
vn -0.3004 0.5638 0.7694
vn 0.3262 -0.8261 -0.4595
vn -0.3999 0.8541 0.3327
vn -0.3800 0.8608 0.3387
vn 0.6068 -0.6724 0.4240
vn -0.8603 -0.2686 -0.4332
vn -0.7060 -0.4803 -0.5204
vn -0.7950 -0.3945 -0.4608
vn -0.0516 -0.6742 -0.7368
vn -0.0601 -0.6903 -0.7210
vn -0.0080 -0.6587 -0.7524
vn -0.0250 -0.8610 0.5080
vn -0.6561 -0.2490 -0.7124
vn 0.9166 -0.1604 -0.3662
vn 0.9301 -0.0025 -0.3673
vn 0.6509 -0.7591 0.0101
vn 0.5434 -0.8393 -0.0156
vn 0.9879 0.1154 -0.1036
vn 0.5662 0.0538 0.8225
vn -0.4190 -0.9076 0.0273
vn -0.4619 -0.8868 -0.0135
vn -0.0108 -0.2424 -0.9701
vn -0.0714 -0.1821 -0.9807
vn -0.8509 0.5239 0.0390
vn -0.8816 0.4717 0.0187
vn 0.8111 0.4267 -0.4000
vn 0.8386 0.4078 -0.3613
vn 0.9535 0.3004 -0.0261
vn 0.9566 0.2912 -0.0096
vn -0.0075 -0.8511 -0.5249
vn -0.9408 0.3213 -0.1079
vn -0.8188 0.0144 -0.5739
vn -0.8081 0.1210 -0.5765
vn -0.0969 0.7798 -0.6185
vn -0.1245 0.6005 -0.7899
vn 0.0970 0.8154 -0.5707
vn 0.3847 0.8394 0.3839
vn 0.9296 0.2839 -0.2349
vn 0.9621 0.1550 -0.2244
vn -0.6904 -0.0959 -0.7170
vn -0.5685 -0.6468 -0.5085
vn -0.5255 -0.6875 -0.5012
vn -0.5885 -0.6618 -0.4644
vn 0.1183 -0.0756 -0.9901
vn 0.2110 -0.0475 -0.9763
vn 0.1003 -0.9941 -0.0419
vn 0.1853 -0.9002 -0.3941
vn 0.8672 -0.3160 -0.3848
vn 0.8295 -0.3368 -0.4456
vn 0.5066 -0.0369 -0.8614
vn -0.4586 0.8830 -0.1001
vn 0.9233 0.3784 -0.0664
vn 0.7310 0.6677 0.1407
vn 0.8456 0.5228 -0.1080
vn -0.8150 0.1550 -0.5584
vn 0.0643 0.1733 0.9828
vn -0.6842 0.0259 0.7289
vn -0.7562 0.3439 0.5567
vn 0.7162 -0.0068 -0.6979
vn -0.8021 0.2552 0.5399
vn -0.8058 0.2826 0.5204
vn -0.7179 0.2467 0.6510
vn -0.7197 0.1598 0.6757
vn 0.2504 0.6941 0.6749
vn 0.0710 0.6761 0.7334
vn 0.5739 0.7724 -0.2722
vn 0.5963 0.2136 -0.7738
vn -0.0237 -0.9959 -0.0870
vn 0.4984 0.8624 -0.0889
vn 0.9624 0.0701 -0.2625
vn 0.1459 -0.1914 0.9706
vn 0.1965 -0.1921 0.9615
vn 0.1957 -0.3010 0.9333
vn -0.8426 -0.5104 0.1714
vn -0.7579 -0.5095 0.4074
vn 0.7762 -0.1319 -0.6165
vn 0.2123 -0.8076 0.5503
vn 0.0700 -0.3543 -0.9325
vn 0.1284 -0.2714 -0.9539
vn 0.1891 -0.2029 -0.9608
vn -0.2296 0.6497 0.7247
vn -0.4200 0.7564 0.5015
vn -0.9435 0.0622 -0.3256
vn 0.7585 0.5481 0.3527
vn -0.7782 -0.6210 -0.0941
vn -0.0373 0.9578 0.2849
vn -0.0628 0.9822 0.1773
vn -0.1424 0.9787 0.1477
vn 0.2007 -0.6062 0.7696
vn 0.5838 -0.4983 -0.6410
vn -0.0085 -0.2215 0.9751
vn 0.0211 -0.3643 0.9310
vn -0.1063 -0.4327 0.8952
vn -0.1619 -0.3568 0.9201
vn -0.7761 -0.5800 0.2474
vn -0.9381 -0.1303 0.3211
vn -0.6330 -0.7137 0.3000
vn 0.2418 -0.9678 0.0697
vn 0.5878 -0.7993 -0.1249
vn -0.7189 -0.6804 0.1426
vn -0.7220 -0.6369 0.2704
vn 0.7236 -0.6558 -0.2151
vn -0.0358 0.8609 0.5075
vn -0.7598 -0.5336 0.3714
vn 0.1902 -0.6687 -0.7187
vn -0.5264 -0.6833 -0.5059
vn -0.4001 -0.7894 -0.4656
vn -0.3535 -0.8168 -0.4559
vn -0.2287 0.5589 0.7971
vn 0.5886 -0.7786 0.2178
vn 0.3348 -0.9419 0.0260
vn 0.3091 -0.9502 -0.0387
vn 0.3752 -0.9265 -0.0291
vn 0.8481 0.1949 0.4926
vn 0.8183 0.0174 0.5746
vn 0.6798 0.5088 -0.5281
vn 0.6506 0.4822 -0.5867
vn -0.0800 -0.9864 0.1437
vn -0.0829 -0.9532 0.2906
vn 0.0801 -0.9712 0.2244
vn -0.8751 -0.3078 0.3735
vn -0.9533 -0.2983 0.0461
vn -0.9152 -0.3501 0.1998
vn -0.8840 -0.3055 0.3539
vn 0.4983 -0.5972 0.6286
vn 0.3155 0.9285 0.1960
vn 0.2399 0.9375 0.2522
vn 0.9337 -0.2211 -0.2816
vn 0.9495 -0.1409 -0.2804
vn -0.2313 0.9729 0.0044
vn 0.1872 -0.9823 0.0055
vn 0.7171 0.1139 -0.6876
vn 0.7441 0.2532 -0.6183
vn 0.0663 0.8378 0.5419
vn -0.2970 -0.2369 -0.9250
vn -0.4838 -0.0879 -0.8708
vn -0.6221 -0.6250 0.4715
vn -0.6179 -0.6899 0.3772
vn -0.1062 0.3051 -0.9464
vn -0.0679 -0.9886 0.1341
vn 0.8574 0.3039 -0.4155
vn -0.1348 -0.3086 0.9416
vn -0.1885 -0.3354 0.9230
vn -0.1207 -0.5786 0.8066
vn -0.1690 -0.9711 0.1686
vn 0.4893 -0.7437 -0.4555
vn 0.5169 -0.4826 -0.7071
vn -0.5741 0.0264 -0.8183
vn 0.0903 0.9019 -0.4224
vn 0.2301 -0.7888 0.5699
vn 0.3322 -0.7117 0.6190
vn 0.0153 0.9902 -0.1389
vn -0.0071 0.9940 -0.1090
vn 0.9196 0.3454 -0.1871
vn -0.8257 -0.5473 -0.1368
vn 0.1573 0.0474 0.9864
vn 0.1165 -0.1320 0.9844
vn 0.0756 0.8725 0.4828
vn -0.0331 0.8916 0.4516
vn 0.1464 0.0046 0.9892
vn 0.0937 -0.0305 0.9951
vn 0.0533 -0.1925 0.9798
vn 0.8149 -0.0941 -0.5719
vn 0.7490 0.1756 -0.6389
vn -0.5507 -0.5753 -0.6048
vn -0.5267 -0.4949 -0.6911
vn -0.9688 0.1534 -0.1948
vn -0.9058 0.0025 -0.4237
vn -0.9615 0.2086 -0.1790
vn 0.9926 -0.0253 -0.1189
vn 0.1340 -0.0790 -0.9878
vn 0.1607 -0.0380 -0.9863
vn -0.9335 0.3430 -0.1047
vn -0.8920 0.4498 -0.0455
vn 0.8788 0.4626 0.1175
vn -0.2605 0.9442 0.2016
vn 0.0252 -0.8891 0.4570
vn -0.2246 0.9496 0.2188
vn -0.3771 0.9233 0.0728
vn -0.4614 0.8802 0.1114
vn 0.6013 0.1126 0.7910
vn 0.1640 -0.9636 0.2111
vn -0.6208 -0.7838 0.0121
vn -0.6552 -0.6320 0.4139
vn 0.6343 0.5043 -0.5859
vn 0.6537 0.4367 -0.6181
vn 0.6187 0.4554 -0.6402
vn -0.6967 -0.3346 -0.6346
vn -0.3889 -0.3086 -0.8681
vn -0.3397 -0.6958 0.6328
vn 0.8872 0.1192 0.4457
vn -0.1100 -0.8501 -0.5151
vn -0.4290 -0.7380 -0.5209
vn 0.9909 0.0499 0.1252
vn 0.9949 0.0415 0.0917
vn 0.9842 0.0377 0.1733
vn -0.1715 0.2183 0.9607
vn 0.0711 0.1298 -0.9890
vn 0.1581 -0.0552 -0.9859
vn 0.1728 0.4799 -0.8601
vn 0.1041 0.4815 -0.8703
vn 0.0706 0.4974 -0.8646
vn -0.9277 -0.1434 0.3446
vn -0.2453 -0.0438 -0.9685
vn -0.2359 -0.1020 -0.9664
vn -0.1819 -0.1212 -0.9758
vn -0.1498 -0.1816 -0.9719
vn -0.2096 -0.1359 -0.9683
vn 0.7739 0.5814 0.2512
vn -0.0677 0.1882 -0.9798
vn -0.0312 0.1639 -0.9860
vn 0.0639 0.1794 -0.9817
vn 0.8905 0.1205 -0.4388
vn 0.8993 0.1939 -0.3921
vn -0.0959 -0.2586 -0.9612
vn -0.0656 -0.2754 -0.9591
vn -0.1281 -0.2030 -0.9708
vn 0.2283 -0.1377 0.9638
vn 0.5260 -0.4035 0.7487
vn 0.8687 -0.0754 -0.4895
vn 0.5123 0.3875 -0.7664
vn 0.6059 0.4105 -0.6814
vn -0.6274 -0.1513 0.7639
vn -0.6090 -0.1783 0.7728
vn -0.7082 0.1197 0.6958
vn -0.6733 0.1192 0.7297
vn -0.6558 -0.0098 0.7549
vn 0.8821 -0.3208 -0.3448
vn 0.1355 -0.8462 -0.5154
vn 0.2557 -0.7532 -0.6061
vn 0.2837 -0.7908 -0.5423
vn 0.1572 0.8443 0.5122
vn 0.3465 0.8690 0.3533
vn 0.3136 0.2419 -0.9182
vn 0.3661 0.2034 -0.9081
vn -0.4144 -0.8885 -0.1970
vn -0.5129 -0.8492 -0.1254
vn -0.1982 0.9799 -0.0238
vn -0.1458 0.9791 -0.1417
vn -0.2846 0.9522 -0.1112
vn 0.6929 -0.6690 0.2689
vn -0.2095 0.5732 -0.7922
vn -0.0123 -0.2819 0.9594
vn -0.0211 -0.3007 0.9535
vn 0.2362 -0.5241 0.8182
vn -0.2936 0.9552 -0.0369
vn 0.3643 -0.0821 0.9277
vn 0.2892 -0.0397 0.9565
vn -0.9216 -0.1498 -0.3580
vn -0.8710 0.0152 -0.4910
vn -0.1614 0.5889 -0.7919
vn -0.2190 0.6050 -0.7656
vn 0.7993 0.5989 0.0494
vn -0.1554 0.6815 -0.7151
vn -0.6145 -0.0366 -0.7881
vn -0.4491 0.0740 -0.8904
vn 0.3423 -0.8013 -0.4907
vn 0.3158 -0.7006 -0.6399
vn 0.3051 -0.7745 -0.5542
vn 0.3040 -0.7405 -0.5993
vn 0.1628 -0.6447 0.7469
vn -0.3289 0.8477 0.4162
vn 0.8757 -0.2653 -0.4034
vn 0.8861 -0.1083 -0.4507
vn -0.0396 -0.5310 0.8464
vn 0.0897 -0.5712 0.8159
vn -0.5197 -0.6248 0.5827
vn 0.1718 -0.9848 0.0258
vn -0.7576 -0.1919 0.6239
vn 0.5256 -0.0851 0.8465
vn 0.5907 -0.0261 0.8065
vn 0.5175 -0.0642 0.8533
vn 0.9156 0.4018 -0.0161
vn 0.2305 -0.9441 0.2356
vn 0.2492 -0.9593 0.1325
vn 0.9207 -0.1997 -0.3353
vn 0.9257 0.0760 -0.3706
vn -0.8337 -0.1599 0.5285
vn -0.9991 0.0225 -0.0366
vn -0.9488 0.0624 -0.3096
vn -0.9861 0.1133 0.1219
vn 0.5957 0.6273 0.5017
vn 0.6111 0.3832 0.6926
vn 0.5615 0.1003 -0.8214
vn -0.7480 -0.2343 0.6210
vn -0.6807 -0.3780 0.6275
vn 0.9552 0.1653 0.2456
vn 0.9471 -0.0633 0.3148
vn 0.9576 0.0727 0.2787
vn 0.9788 -0.1337 -0.1552
vn 0.9708 -0.1623 -0.1766
vn -0.1229 0.9913 -0.0468
vn -0.8767 -0.4229 0.2293
vn -0.8443 -0.4255 0.3258
vn -0.4262 -0.8714 0.2428
vn 0.5947 0.3339 0.7314
vn 0.8197 -0.1305 0.5577
vn 0.4250 -0.6195 -0.6600
vn 0.4258 -0.7323 -0.5314
vn 0.6224 -0.3422 -0.7039
vn 0.7260 -0.2091 -0.6551
vn 0.7227 -0.2955 -0.6248
vn -0.7357 -0.0891 -0.6714
vn 0.9190 -0.3650 -0.1487
vn -0.1606 -0.9740 -0.1600
vn -0.4763 -0.8706 -0.1237
vn 0.3875 0.5155 0.7643
vn 0.5135 0.3955 0.7615
vn -0.2164 0.9668 -0.1359
vn -0.9687 -0.0246 0.2472
vn -0.9576 0.2877 0.0164
vn -0.5610 -0.1293 0.8177
vn 0.3136 -0.8701 -0.3803
vn 0.2987 -0.8667 -0.3995
vn 0.1974 -0.8864 -0.4187
vn -0.8133 -0.3144 0.4896
vn -0.8211 -0.2187 0.5273
vn 0.8180 0.4763 -0.3225
vn -0.1665 -0.8330 0.5277
vn -0.8642 0.2978 0.4055
vn -0.8741 0.2764 0.3994
vn 0.0113 -0.9581 0.2862
vn 0.7328 0.2771 0.6214
vn 0.6636 0.2301 0.7118
vn 0.6098 0.1581 0.7766
vn 0.3946 -0.4400 0.8067
vn 0.1733 -0.5563 0.8127
vn 0.5746 0.3423 0.7434
vn 0.5820 0.4034 0.7060
vn 0.8103 -0.5153 0.2792
vn -0.3561 0.2884 -0.8888
vn -0.6159 -0.6959 -0.3694
vn 0.4287 -0.4729 -0.7698
vn 0.1972 -0.7299 -0.6545
vn 0.9986 0.0432 -0.0298
vn 0.9837 0.0400 0.1753
vn 0.9803 0.0578 0.1888
vn 0.5223 -0.0492 0.8513
vn 0.5252 -0.0469 0.8497
vn 0.5433 -0.0747 0.8362
vn 0.9433 -0.2283 -0.2409
vn 0.9425 -0.1178 -0.3128
vn 0.4990 -0.1011 0.8607
vn 0.1724 0.9792 -0.1065
vn -0.1227 0.9870 -0.1035
vn 0.1628 0.9773 -0.1355
vn -0.8927 0.4506 -0.0078
vn 0.2830 -0.8922 0.3520
vn 0.3109 0.9494 -0.0449
vn 0.2702 0.9561 -0.1135
vn 0.1651 0.6703 0.7235
vn -0.4482 0.6439 -0.6201
vn -0.3889 0.6558 -0.6470
vn 0.9170 0.1101 0.3833
vn 0.9507 0.2023 0.2348
vn 0.1729 0.5533 0.8149
vn 0.9804 0.0998 0.1701
vn 0.2931 -0.7580 0.5827
vn -0.4607 0.3991 -0.7927
vn -0.3903 0.5147 -0.7634
vn -0.9385 0.0455 0.3423
vn -0.9200 -0.2014 0.3362
vn -0.9481 -0.1226 0.2934
vn -0.8781 0.4774 0.0305
vn 0.6497 0.2670 0.7117
vn -0.5453 0.2648 -0.7953
vn 0.7407 0.4540 0.4953
vn -0.3552 0.5992 -0.7175
vn -0.1880 0.4902 -0.8511
vn -0.2754 0.4341 -0.8578
vn 0.7974 -0.4598 -0.3908
vn -0.6241 -0.4379 0.6471
vn 0.2106 0.7087 -0.6733
vn 0.2819 0.7463 -0.6029
vn 0.8298 -0.1279 -0.5432
vn 0.8749 -0.1910 -0.4450
vn 0.7674 -0.1139 -0.6309
vn -0.2201 -0.7768 -0.5900
vn -0.4408 0.4739 0.7623
vn 0.4372 -0.4974 0.7493
vn 0.3596 -0.1385 -0.9228
vn 0.4996 -0.8550 0.1394
vn 0.0597 -0.9685 -0.2416
vn -0.0785 -0.9437 -0.3212
vn -0.1978 -0.9131 0.3566
vn 0.0024 -0.7994 -0.6008
vn 0.3788 0.5386 0.7526
vn -0.7060 0.6122 0.3560
vn -0.7272 0.5217 0.4461
vn 0.5168 -0.2928 0.8045
vn -0.7820 0.6084 -0.1350
vn -0.7709 0.5997 -0.2147
vn 0.5370 -0.5865 0.6064
vn 0.5474 -0.5707 0.6121
vn -0.3152 0.5339 0.7846
vn -0.1203 0.6006 0.7904
vn -0.4741 0.8311 -0.2906
vn -0.4120 0.8107 -0.4159
vn 0.6951 0.0404 -0.7178
vn 0.4807 0.1146 -0.8693
vn -0.2917 -0.8241 -0.4855
vn -0.3222 -0.8549 -0.4066
vn -0.4715 0.7158 0.5151
vn -0.9179 -0.0190 -0.3962
vn -0.9508 -0.1907 -0.2442
vn -0.0171 0.3186 -0.9477
vn -0.0016 0.3585 -0.9335
vn -0.0034 0.3081 -0.9514
vn 0.8633 -0.0556 0.5016
vn 0.7834 0.0290 0.6209
vn 0.7973 -0.1433 0.5863
vn 0.6657 0.7458 0.0247
vn 0.9965 0.0187 0.0814
vn -0.2578 -0.5473 -0.7962
vn -0.2741 -0.6733 -0.6867
vn -0.3824 -0.6390 -0.6674
vn -0.3700 0.2947 -0.8811
vn -0.3789 0.2801 -0.8820
vn -0.4422 0.2370 -0.8650
vn -0.7047 0.7016 -0.1056
vn -0.4695 -0.4913 -0.7336
vn -0.3941 -0.3551 -0.8477
vn -0.4759 -0.2583 -0.8407
vn -0.1140 -0.9318 0.3447
vn -0.4703 0.0278 0.8821
vn 0.2983 -0.4783 0.8260
vn -0.4339 0.2894 -0.8532
vn 0.1572 -0.0806 -0.9843
vn -0.3228 -0.9375 -0.1298
vn -0.3047 -0.9413 -0.1453
vn 0.4871 -0.2267 -0.8434
vn 0.0714 -0.7043 0.7063
vn -0.0339 -0.8006 0.5983
vn -0.0225 -0.7368 0.6758
vn -0.3331 0.2677 -0.9041
vn -0.3447 0.2221 -0.9120
vn 0.8555 0.5139 0.0639
vn -0.3863 0.4945 0.7786
vn 0.5985 0.4471 -0.6648
vn 0.5624 0.4493 -0.6941
vn 0.6589 0.7519 0.0216
vn 0.5930 0.8042 -0.0412
vn 0.5609 -0.8274 -0.0277
vn 0.7728 0.6343 -0.0192
vn 0.6838 0.7295 0.0166
vn 0.8752 -0.2672 -0.4034
vn -0.1302 -0.0311 -0.9910
vn -0.6045 0.6686 0.4331
vn 0.9989 0.0474 -0.0007
vn 0.9857 -0.0008 -0.1683
vn 0.9278 -0.1326 -0.3486
vn 0.1797 -0.2605 0.9486
vn 0.1401 -0.1238 0.9824
vn 0.1593 -0.4006 0.9023
vn 0.1797 0.7327 -0.6564
vn 0.2005 0.7511 -0.6289
vn 0.3377 0.2744 0.9004
vn -0.8766 0.4751 0.0768
vn -0.8253 0.5642 0.0249
vn 0.9143 0.1962 -0.3543
vn 0.2782 0.5230 0.8057
vn -0.8266 0.5229 -0.2079
vn -0.8896 0.4478 -0.0895
vn 0.7932 -0.3953 -0.4633
vn 0.5337 -0.4736 0.7007
vn -0.0968 0.8213 0.5622
vn 0.5243 -0.3639 -0.7699
vn 0.5622 -0.0843 -0.8227
vn 0.5726 -0.0529 -0.8181
vn -0.7186 -0.6262 -0.3025
vn -0.7403 -0.5486 -0.3885
vn 0.3843 0.0665 0.9208
vn -0.8404 -0.5157 0.1664
vn -0.9182 0.0365 -0.3944
vn -0.5885 -0.8085 -0.0106
vn -0.5986 -0.8008 -0.0212
vn -0.6277 -0.7774 0.0404
vn -0.2581 -0.9639 -0.0659
vn -0.2843 -0.9445 -0.1649
vn 0.8023 -0.5914 -0.0810
vn 0.8105 -0.5855 0.0147
vn 0.7260 -0.6869 0.0342
vn -0.5323 -0.8210 -0.2061
vn -0.5774 -0.1164 0.8081
vn 0.9701 -0.0080 -0.2427
vn 0.9658 0.0215 -0.2585
vn 0.7234 0.1770 0.6673
vn -0.1339 0.9736 -0.1850
vn 0.1939 -0.0866 0.9772
vn 0.1954 -0.0976 0.9758
vn 0.3666 -0.1623 0.9161
vn -0.1557 0.9675 0.1994
vn -0.0804 0.9597 0.2694
vn -0.9752 0.1964 0.1023
vn -0.6657 -0.7123 0.2223
vn -0.7071 -0.6997 0.1020
vn -0.8525 0.0733 -0.5176
vn 0.8703 -0.4722 0.1403
vn 0.8513 -0.4838 0.2030
vn 0.7992 -0.5572 0.2255
vn -0.1082 0.8086 0.5783
vn 0.0371 0.7711 0.6356
vn 0.4510 0.7476 -0.4875
vn 0.6197 0.1141 -0.7765
vn -0.5258 0.3126 0.7911
vn -0.2308 -0.6332 -0.7388
vn 0.0661 -0.8818 -0.4671
vn 0.0491 -0.8746 -0.4823
vn -0.4122 0.5586 0.7198
vn -0.5379 0.3616 0.7616
vn 0.4747 -0.3215 -0.8193
vn 0.4200 -0.8268 -0.3742
vn 0.4186 -0.8184 -0.3938
vn -0.6059 -0.6953 -0.3865
vn -0.5544 -0.7964 -0.2417
vn -0.4389 -0.6592 0.6106
vn -0.0519 0.7774 -0.6268
vn 0.8003 -0.3801 -0.4637
vn -0.7392 -0.6560 0.1524
vn 0.8621 -0.4153 -0.2902
vn 0.7964 -0.3681 -0.4798
vn 0.8932 -0.0290 -0.4487
vn 0.2422 -0.5207 0.8187
vn -0.0630 -0.0826 0.9946
vn -0.4527 -0.8911 -0.0320
vn -0.8804 0.0326 0.4731
vn 0.3554 0.9330 -0.0565
vn 0.3398 0.9370 -0.0816
vn 0.3563 0.9332 -0.0458
vn 0.3650 0.9307 -0.0223
vn -0.5414 -0.8056 -0.2405
vn -0.5757 -0.7383 -0.3513
vn -0.6149 -0.7225 -0.3160
vn 0.8229 0.5651 0.0589
vn 0.5189 -0.0492 0.8534
vn 0.5795 -0.1001 0.8088
vn -0.2461 0.5084 0.8252
vn -0.1935 0.4968 0.8460
vn -0.9667 -0.1438 0.2119
vn -0.6036 -0.4943 -0.6256
vn -0.0175 0.5642 -0.8255
vn -0.8787 0.0272 -0.4766
vn -0.8429 0.1982 0.5003
vn -0.8031 0.1924 0.5639
vn -0.0016 0.9996 -0.0294
vn -0.7590 0.2820 -0.5869
vn -0.2690 0.9488 -0.1656
vn -0.1347 0.0203 -0.9907
vn 0.8910 -0.4181 0.1769
vn -0.1793 -0.7369 0.6517
vn -0.1527 -0.7093 0.6882
vn -0.6357 -0.5880 0.5002
vn -0.6349 -0.6576 0.4054
vn -0.5447 -0.6960 0.4679
vn 0.0315 0.9906 -0.1333
vn -0.0517 0.9948 -0.0874
vn 0.0942 0.9851 -0.1441
vn 0.1769 0.9727 -0.1499
vn -0.1486 0.7027 -0.6958
vn -0.8966 0.1946 -0.3978
vn 0.7171 -0.1637 -0.6774
vn 0.7005 0.2332 0.6745
vn -0.9122 -0.4058 0.0569
vn -0.3556 -0.7506 -0.5569
vn 0.9432 0.1468 0.2981
vn 0.9364 0.1936 0.2927
vn -0.1250 0.5701 -0.8120
vn -0.3263 0.6407 -0.6950
vn 0.5779 0.3468 -0.7388
vn 0.5343 0.3507 -0.7692
vn 0.5022 0.3506 -0.7905
vn -0.9635 -0.2555 0.0796
vn -0.8375 -0.5288 0.1381
vn -0.4911 -0.3554 0.7953
vn -0.9459 -0.3129 -0.0856
vn -0.9981 0.0487 0.0384
vn -0.7997 -0.1568 0.5796
vn 0.7177 -0.6802 0.1487
vn 0.7203 -0.6592 0.2158
vn 0.6731 -0.7268 0.1369
vn 0.0038 0.1811 0.9835
vn -0.2283 0.4489 0.8639
vn -0.1966 0.4708 0.8600
vn 0.0132 0.9903 -0.1383
vn -0.3262 -0.9211 -0.2125
vn -0.2555 -0.8922 -0.3724
vn -0.1616 -0.9867 -0.0178
vn 0.1052 0.4280 -0.8976
vn 0.0824 0.3614 -0.9288
vn 0.6638 -0.2080 -0.7184
vn 0.6569 -0.0931 -0.7482
vn -0.8315 0.4669 -0.3010
vn -0.0461 0.3502 0.9355
vn -0.4180 -0.9010 0.1163
vn -0.4635 -0.8849 0.0464
vn -0.7634 0.3539 0.5403
vn -0.7389 0.3723 0.5616
vn -0.8399 0.2991 0.4528
vn -0.5893 -0.7710 -0.2415
vn -0.7639 -0.5114 -0.3936
vn 0.5543 0.4121 -0.7232
vn 0.5082 0.3888 -0.7684
vn -0.0248 -0.9683 0.2485
vn -0.6780 0.2161 0.7026
vn -0.4088 -0.9101 -0.0679
vn -0.4055 -0.9138 -0.0206
vn -0.6715 -0.5636 0.4811
vn -0.4280 0.8901 -0.1564
vn 0.5124 -0.1306 0.8488
vn 0.5403 -0.1151 0.8336
vn 0.5255 -0.1742 0.8328
vn -0.3159 0.9354 -0.1591
vn -0.3579 0.9261 -0.1191
vn -0.1832 0.9792 0.0868
vn -0.1229 0.9498 -0.2878
vn -0.2150 0.9648 -0.1517
vn 0.1322 0.9416 0.3097
vn -0.9487 0.1657 -0.2695
vn 0.5895 -0.0073 0.8077
vn 0.4322 -0.1031 0.8959
vn 0.3457 0.1687 -0.9230
vn -0.6010 -0.7581 -0.2531
vn -0.8834 -0.3175 -0.3447
vn 0.0254 0.4996 -0.8659
vn 0.0948 0.6789 -0.7281
vn 0.1245 0.5481 -0.8271
vn 0.2902 0.7285 -0.6206
vn 0.8980 0.2816 -0.3381
vn -0.5300 -0.6992 -0.4797
vn -0.6850 0.7268 0.0495
vn -0.0120 -0.1732 0.9848
vn -0.0577 -0.2032 0.9774
vn -0.7981 0.5856 0.1421
vn -0.4208 0.1569 -0.8935
vn -0.4484 0.1730 -0.8769
vn -0.4102 0.2810 -0.8676
vn 0.7318 -0.0800 0.6768
vn -0.4316 0.8972 -0.0934
vn -0.4905 0.8578 -0.1535
vn -0.4832 0.8737 -0.0551
vn -0.4453 0.8941 -0.0487
vn 0.9252 -0.0926 -0.3679
vn -0.5410 0.0940 0.8357
vn -0.5802 0.3134 0.7518
vn 0.4682 -0.3585 -0.8076
vn -0.4206 -0.3659 0.8302
vn -0.4060 -0.5696 0.7147
vn -0.2713 -0.9576 -0.0965
vn 0.5810 -0.5130 -0.6319
vn 0.2346 -0.4178 -0.8777
vn 0.2436 -0.2202 -0.9446
vn 0.1136 0.7666 -0.6319
vn 0.1662 0.7441 -0.6470
vn 0.0917 0.7316 -0.6756
vn 0.0608 0.6834 -0.7275
vn 0.5350 0.1687 0.8278
vn 0.4737 0.1377 0.8698
vn 0.7714 0.6244 0.1224
vn 0.8223 0.5526 0.1358
vn 0.6622 -0.0335 0.7486
vn 0.7040 -0.0277 0.7097
vn 0.2974 0.4390 -0.8479
vn 0.4417 0.3927 -0.8066
vn -0.2519 -0.9205 0.2988
vn -0.1279 -0.9419 0.3105
vn -0.6971 -0.0639 -0.7141
vn -0.6868 0.0348 -0.7260
vn -0.7312 -0.2063 -0.6502
vn 0.2801 -0.6400 0.7155
vn -0.5886 0.0558 -0.8065
vn 0.7178 0.2822 -0.6365
vn 0.6937 -0.5896 0.4136
vn 0.6941 -0.4568 0.5564
vn 0.0153 -0.3538 -0.9352
vn -0.0944 -0.2273 -0.9692
vn -0.8603 -0.2318 0.4540
vn 0.6456 -0.5357 0.5443
vn 0.6016 -0.5535 0.5759
vn 0.2002 -0.0654 -0.9776
vn 0.1628 0.0119 -0.9866
vn -0.8883 -0.2469 -0.3872
vn -0.9067 -0.2190 -0.3605
vn -0.9073 -0.1466 -0.3940
vn 0.7168 0.0091 -0.6972
vn 0.8312 -0.2080 0.5157
vn 0.8248 -0.3500 0.4440
vn 0.6394 -0.5038 0.5808
vn 0.5496 0.3027 -0.7787
vn 0.3192 -0.0798 0.9443
vn 0.4001 0.0374 0.9157
vn 0.2828 0.0565 0.9575
vn -0.7386 0.2101 -0.6406
vn -0.6251 0.2710 -0.7320
vn 0.2512 -0.6349 -0.7307
vn -0.6388 -0.0038 -0.7694
vn -0.6068 0.0424 0.7937
vn 0.1519 0.7049 0.6928
vn -0.4943 -0.0634 0.8670
vn -0.5344 0.0023 0.8452
vn 0.1686 -0.6361 0.7530
vn 0.1359 0.4666 -0.8740
vn 0.1650 0.3119 -0.9357
vn 0.2542 -0.0889 0.9631
vn -0.5096 -0.7081 -0.4889
vn -0.5151 -0.6879 -0.5113
vn -0.4512 -0.7152 -0.5337
vn -0.2297 0.5255 0.8192
vn 0.9773 -0.1041 -0.1846
vn 0.2752 -0.0720 0.9587
vn 0.9740 -0.1260 -0.1884
vn -0.3875 0.4342 0.8132
vn -0.3624 0.4244 0.8298
vn 0.8329 -0.2636 -0.4866
vn 0.1417 0.9895 -0.0300
vn 0.6565 0.1718 0.7345
vn 0.2739 -0.2426 0.9306
vn 0.6200 -0.6851 0.3824
vn 0.3880 -0.8380 -0.3838
vn 0.9408 -0.1855 0.2838
vn 0.8329 -0.3885 0.3941
vn 0.2190 -0.1747 -0.9600
vn 0.1396 -0.0420 -0.9893
vn 0.1887 -0.1654 -0.9680
vn -0.9991 0.0006 0.0424
vn 0.8651 0.0693 0.4968
vn 0.8774 0.0918 0.4708
vn 0.7419 0.1527 0.6529
vn -0.0688 -0.0573 -0.9960
vn -0.1547 -0.1311 -0.9792
vn -0.0374 -0.1573 -0.9868
vn -0.4635 0.7362 0.4931
vn -0.3629 0.5235 -0.7709
vn -0.8253 0.2714 0.4952
vn 0.0526 0.9893 0.1361
vn 0.7627 -0.4011 0.5073
vn -0.6264 0.6078 0.4881
vn -0.8482 -0.4732 -0.2378
vn 0.2987 -0.3679 -0.8806
vn 0.4679 0.3544 -0.8096
vn 0.5493 0.1794 -0.8161
vn 0.4819 0.4639 -0.7433
vn -0.3914 0.6184 0.6815
vn -0.5936 0.5282 0.6071
vn 0.0904 0.4530 -0.8869
vn 0.4044 -0.6711 0.6214
vn 0.7380 0.4648 -0.4893
vn 0.1197 -0.4207 -0.8993
vn 0.9616 -0.2743 0.0072
vn 0.9543 -0.2913 0.0664
vn 0.3926 -0.1596 -0.9058
vn -0.6552 0.3268 -0.6811
vn -0.6475 0.4540 -0.6121
vn 0.1246 0.8339 -0.5377
vn 0.1691 0.8569 -0.4869
vn -0.8473 -0.2529 -0.4670
vn -0.1237 0.2482 0.9608
vn -0.0031 0.2804 0.9599
vn -0.1821 -0.2207 0.9582
vn -0.1897 -0.1433 0.9713
vn -0.2351 -0.1173 0.9649
vn -0.9935 0.0079 -0.1136
vn -0.1570 0.8835 0.4414
vn -0.1222 0.8408 0.5274
vn -0.6431 -0.1593 0.7490
vn -0.6480 -0.2106 0.7319
vn -0.6619 -0.0955 0.7435
vn -0.7480 -0.1310 0.6506
vn -0.6627 -0.2017 0.7212
vn 0.5362 0.6170 0.5761
vn 0.9427 -0.1446 -0.3007
vn 0.2752 -0.1856 -0.9433
vn 0.4406 -0.4673 -0.7665
vn 0.5954 -0.4601 -0.6586
vn -0.0599 0.5876 -0.8069
vn -0.0320 0.5252 -0.8504
vn 0.8363 0.5483 -0.0008
vn -0.3451 0.7573 -0.5544
vn -0.4282 0.6880 -0.5860
vn -0.6100 -0.7554 0.2392
vn -0.1290 -0.1692 0.9771
vn 0.1423 -0.8219 -0.5516
vn -0.7129 0.6588 -0.2402
vn 0.5600 -0.8278 0.0324
vn 0.6464 -0.7628 0.0186
vn 0.4681 -0.8837 0.0062
vn 0.2875 0.0354 0.9571
vn 0.9817 -0.1904 0.0065
vn 0.9984 0.0028 -0.0571
vn 0.4037 -0.3448 0.8474
vn 0.4030 -0.4117 0.8174
vn 0.4017 -0.7608 -0.5098
vn -0.4337 0.7928 0.4282
vn 0.0944 0.9955 0.0006
vn 0.0854 0.9798 -0.1807
vn -0.6327 -0.7716 -0.0658
vn -0.4574 -0.1030 0.8833
vn -0.8782 0.3907 0.2758
vn -0.8638 0.4409 0.2439
vn 0.4328 -0.1635 -0.8865
vn 0.5279 -0.1719 -0.8317
vn -0.1270 0.0288 0.9915
vn -0.1874 0.1081 0.9763
vn -0.0930 0.2914 0.9521
vn -0.2104 -0.5507 -0.8078
vn -0.2202 -0.7532 0.6198
vn -0.1239 -0.8329 0.5394
vn -0.1727 -0.7532 0.6347
vn 0.8803 -0.3489 -0.3216
vn -0.1748 -0.9704 0.1667
vn -0.1749 -0.9694 0.1724
vn -0.6938 0.1367 -0.7070
vn 0.2878 -0.9423 -0.1709
vn -0.9191 -0.0646 -0.3886
vn 0.0214 0.9885 0.1500
vn 0.6855 0.0115 0.7280
vn 0.6601 -0.0667 0.7482
vn 0.2393 0.9578 -0.1590
vn 0.1191 -0.9359 0.3314
vn -0.2985 0.9186 0.2589
vn 0.5250 -0.2661 -0.8085
vn -0.7227 -0.6764 0.1423
vn -0.2649 -0.9590 -0.1009
vn -0.5668 0.6268 0.5347
vn 0.1509 0.3141 -0.9373
vn 0.3129 0.1658 -0.9352
vn -0.6177 -0.7429 -0.2579
vn -0.6270 -0.7501 -0.2105
vn -0.1477 0.9888 0.0216
vn -0.5868 0.7875 -0.1886
vn -0.4858 0.8391 -0.2447
vn -0.1838 0.9734 -0.1365
vn 0.7272 -0.2744 -0.6291
vn 0.6561 -0.5257 -0.5415
vn 0.8087 -0.2724 -0.5213
vn -0.7838 -0.4584 0.4189
vn -0.9487 -0.2351 -0.2116
vn 0.4127 -0.2826 0.8659
vn -0.9622 -0.1954 -0.1897
vn 0.8850 0.0461 0.4634
vn 0.8411 0.0438 0.5390
vn 0.6394 0.2872 -0.7132
vn 0.6196 0.3910 -0.6805
vn -0.3636 -0.0799 -0.9281
vn -0.4098 0.1173 -0.9046
vn -0.4766 0.3852 -0.7902
vn -0.6918 0.1375 0.7089
vn -0.6886 0.1246 0.7143
vn -0.7138 0.1664 0.6803
vn 0.1605 -0.9127 -0.3758
vn 0.9954 -0.0551 -0.0785
vn 0.4627 -0.5438 -0.7001
vn -0.9236 -0.3524 0.1509
vn -0.0682 0.7347 0.6749
vn 0.3235 -0.3011 0.8970
vn -0.0605 0.9939 -0.0923
vn -0.0827 0.9894 -0.1190
vn 0.0994 -0.3618 -0.9270
vn -0.4159 -0.3465 -0.8408
vn -0.4140 -0.7380 -0.5329
vn 0.4208 -0.3553 0.8347
vn 0.2599 -0.4495 0.8546
vn 0.4539 -0.3970 0.7977
vn -0.4690 -0.8824 -0.0368
vn 0.6992 0.1694 0.6945
vn 0.4063 -0.4072 -0.8180
vn 0.6095 -0.3949 -0.6874
vn 0.7744 -0.1616 -0.6118
vn -0.0692 0.9939 -0.0854
vn -0.6176 -0.2731 -0.7375
vn -0.5519 -0.2878 -0.7826
vn -0.5276 -0.1788 -0.8305
vn -0.2267 0.0815 -0.9705
vn -0.8037 -0.3154 -0.5046
vn -0.0485 -0.6468 0.7611
vn -0.0860 -0.6101 0.7876
vn 0.9844 -0.0065 -0.1759
vn 0.5051 0.3469 -0.7903
vn -0.8727 -0.2246 -0.4335
vn -0.8264 -0.3121 -0.4687
vn -0.8434 -0.3082 -0.4401
vn -0.8662 -0.2637 -0.4245
vn 0.6619 -0.4247 -0.6177
vn -0.8221 -0.2472 -0.5129
vn -0.4010 0.8181 -0.4122
vn -0.9153 0.4008 0.0402
vn 0.6861 -0.6288 0.3659
vn 0.6205 -0.6234 0.4758
vn 0.7072 -0.5431 0.4526
vn -0.0046 -0.9140 -0.4056
vn -0.0425 -0.8442 -0.5343
vn 0.5872 0.4555 -0.6691
vn 0.5826 -0.0337 0.8121
vn 0.5487 -0.0680 0.8333
vn 0.5438 -0.0663 0.8366
vn 0.2082 -0.3799 0.9013
vn 0.9128 -0.2418 -0.3290
vn 0.0430 0.9839 0.1734
vn -0.1142 0.3492 0.9301
vn -0.6332 0.2585 -0.7295
vn -0.5689 0.3568 -0.7410
vn -0.8206 -0.4575 -0.3424
vn 0.4687 -0.1665 0.8675
vn 0.3542 -0.3749 0.8567
vn 0.4205 -0.2806 0.8628
vn 0.9070 0.0989 0.4094
vn 0.8853 0.1087 0.4521
vn 0.9152 -0.3272 -0.2353
vn 0.1145 -0.0577 0.9917
vn 0.0212 -0.1176 0.9928
vn 0.0295 -0.1113 0.9934
vn 0.4418 -0.4439 0.7796
vn 0.3883 -0.4913 0.7797
vn 0.8471 -0.0971 -0.5225
vn -0.7357 0.0299 -0.6766
vn -0.7615 0.0905 0.6419
vn -0.9196 0.1015 0.3796
vn -0.7286 -0.2231 -0.6475
vn -0.6995 0.1205 0.7044
vn 0.8991 -0.3769 -0.2225
vn -0.8084 0.5854 -0.0618
vn -0.8352 0.5408 -0.0994
vn -0.7842 0.6091 -0.1186
vn 0.8086 0.5655 -0.1627
vn -0.5001 -0.8395 -0.2124
vn 0.6553 -0.6567 -0.3733
vn -0.3976 0.5072 0.7646
vn 0.5259 -0.2181 -0.8221
vn 0.5245 -0.8278 0.1992
vn 0.4822 -0.2523 0.8389
vn 0.5277 -0.1960 0.8265
vn 0.4547 -0.2872 0.8431
vn 0.4935 -0.8022 0.3360
vn 0.0403 -0.0804 0.9959
vn 0.4557 -0.8900 0.0167
vn 0.4819 -0.8757 0.0305
vn 0.4776 -0.8780 0.0304
vn 0.8363 0.4469 -0.3175
vn 0.1908 0.7449 0.6393
vn -0.0747 -0.9303 0.3592
vn 0.1217 -0.8629 0.4906
vn -0.9033 0.0491 0.4262
vn 0.6009 -0.7155 0.3562
vn 0.6527 -0.6378 0.4089
vn 0.1625 0.9826 -0.0897
vn -0.7685 0.2923 -0.5692
vn -0.9025 0.0212 -0.4303
vn -0.9180 -0.1534 -0.3658
vn -0.9152 0.2514 0.3149
vn 0.1447 -0.8216 -0.5514
vn -0.5468 -0.7015 -0.4571
vn -0.3298 0.5729 -0.7504
vn 0.5616 -0.7131 0.4197
vn 0.9834 -0.1464 -0.1071
vn 0.4961 -0.5922 0.6349
vn 0.5424 -0.5954 0.5927
vn 0.9471 -0.3208 0.0110
vn 0.9711 0.1850 0.1510
vn -0.8237 0.3248 -0.4647
vn 0.3598 -0.7449 -0.5619
vn -0.3980 -0.7347 0.5494
vn -0.4016 -0.7326 0.5496
vn -0.5097 -0.6553 0.5575
vn -0.0714 0.0515 0.9961
vn 0.5343 -0.3312 -0.7777
vn -0.2611 0.0043 0.9653
vn -0.3753 0.0090 0.9269
vn -0.0343 -0.4026 -0.9147
vn 0.0819 -0.4622 -0.8830
vn 0.8475 -0.3236 -0.4208
vn -0.4183 -0.8885 -0.1889
vn 0.5105 0.3567 -0.7824
vn -0.4439 -0.4433 -0.7788
vn -0.5970 -0.2926 -0.7470
vn -0.4731 -0.1623 -0.8659
vn 0.8687 0.3713 0.3278
vn -0.4791 -0.1519 0.8645
vn -0.4641 -0.1126 0.8786
vn -0.4887 -0.1255 0.8634
vn -0.0503 0.5850 0.8095
vn -0.0624 0.6807 0.7299
vn 0.6169 -0.7259 0.3042
vn -0.7743 0.6087 0.1731
vn -0.7765 0.6226 0.0968
vn 0.8638 0.1537 0.4798
vn -0.1116 -0.4429 -0.8896
vn -0.0762 -0.3007 -0.9507
vn 0.9974 -0.0186 0.0696
vn 0.9755 0.1081 0.1919
vn 0.9547 0.1535 0.2550
vn 0.5178 0.2489 -0.8185
vn -0.0514 -0.2129 -0.9757
vn 0.0306 -0.4171 -0.9083
vn 0.0786 -0.5147 0.8538
vn 0.0755 0.2068 0.9755
vn 0.0760 0.2217 0.9722
vn -0.6120 0.4478 0.6519
vn -0.4221 -0.6218 -0.6597
vn -0.5807 -0.2678 0.7688
vn -0.3839 0.2521 -0.8883
vn -0.9347 0.0843 -0.3453
vn -0.5148 -0.2681 0.8143
vn -0.5289 -0.8483 -0.0267
vn 0.2698 -0.8973 -0.3493
vn 0.0580 0.2320 -0.9710
vn 0.1531 0.2820 -0.9471
vn -0.8697 -0.1516 0.4697
vn -0.6800 -0.6714 -0.2947
vn -0.6351 -0.6736 -0.3780
vn -0.7791 -0.1567 0.6070
vn -0.5742 -0.8133 0.0938
vn -0.5580 -0.8251 0.0883
vn 0.4869 -0.8730 0.0279
vn -0.6187 -0.1620 -0.7688
vn 0.1340 -0.2458 0.9600
vn -0.8455 0.1998 -0.4952
vn -0.8553 0.1649 -0.4912
vn -0.4697 -0.6561 -0.5907
vn -0.6202 0.5585 -0.5509
vn -0.5564 0.5448 -0.6274
vn -0.3981 0.8534 -0.3365
vn 0.0441 0.7527 -0.6569
vn -0.2326 -0.6146 -0.7537
vn -0.1975 -0.6142 -0.7640
vn 0.9234 -0.1375 -0.3583
vn 0.8253 0.1076 -0.5543
vn -0.1412 -0.9900 -0.0003
vn -0.6605 0.7373 -0.1419
vn -0.5140 0.2183 0.8295
vn 0.6465 0.3283 -0.6886
vn -0.6012 -0.7910 -0.1135
vn -0.4387 0.4518 0.7768
vn 0.1343 -0.4403 -0.8877
vn 0.0092 -0.1639 0.9864
vn 0.9880 0.1188 0.0984
vn -0.5177 -0.8517 0.0805
vn -0.5900 -0.7664 -0.2541
vn -0.5511 -0.7862 -0.2795
vn 0.5097 -0.0394 0.8594
vn 0.5342 -0.0137 0.8452
vn 0.4933 -0.0711 0.8670
vn 0.4600 -0.0280 0.8875
vn 0.3836 -0.0209 0.9232
vn -0.7751 -0.6307 -0.0376
vn 0.0532 0.5284 0.8473
vn 0.2318 0.5052 0.8313
vn 0.1401 -0.2354 0.9617
vn 0.7847 0.6164 0.0666
vn 0.4681 -0.6038 0.6452
vn 0.8065 -0.3862 -0.4478
vn 0.0913 -0.4792 0.8729
vn 0.2101 -0.5902 0.7794
vn -0.0686 -0.1214 0.9902
vn 0.0092 0.9995 -0.0298
vn -0.7534 -0.1482 -0.6406
vn 0.0240 0.9576 -0.2870
vn 0.0342 0.9501 -0.3101
vn -0.4499 -0.0583 0.8912
vn -0.1938 0.9758 -0.1017
vn 0.7401 -0.6527 0.1620
vn 0.6650 -0.6984 0.2646
vn 0.7500 -0.6277 0.2084
vn 0.8080 0.5058 -0.3020
vn 0.7528 -0.6474 0.1191
vn 0.7511 -0.6487 0.1230
vn -0.8463 -0.5305 -0.0477
vn 0.6560 0.4053 0.6367
vn 0.9718 0.0700 -0.2250
vn 0.9977 -0.0383 -0.0565
vn -0.6212 -0.7795 0.0807
vn 0.9196 -0.3814 0.0945
vn 0.8897 -0.4182 0.1831
vn -0.0173 -0.3872 0.9218
vn 0.1793 0.0803 0.9805
vn 0.1606 -0.0461 0.9859
vn 0.5134 -0.4821 -0.7099
vn 0.2215 -0.5798 0.7840
vn -0.5864 0.6921 -0.4208
vn -0.1230 0.6597 0.7414
vn 0.0511 0.8138 0.5788
vn 0.1864 -0.8760 0.4449
vn -0.8063 0.4596 -0.3723
vn 0.3373 -0.1102 0.9349
vn 0.4053 0.2063 -0.8906
vn 0.7303 -0.3668 -0.5763
vn 0.8581 -0.2762 -0.4329
vn 0.4048 -0.7268 -0.5549
vn -0.6305 0.3740 0.6801
vn 0.6749 0.7034 -0.2228
vn 0.6004 0.7757 -0.1946
vn 0.4897 0.8543 -0.1746
vn -0.8991 -0.3647 -0.2420
vn -0.1822 -0.7139 -0.6762
vn -0.1748 -0.7795 -0.6015
vn -0.1337 -0.7957 -0.5907
vn 0.3448 0.5820 -0.7365
vn -0.2811 0.5267 0.8022
vn -0.5285 0.7413 -0.4136
vn -0.4664 0.7033 -0.5365
vn -0.5204 0.6894 -0.5039
vn -0.4648 0.3642 0.8071
vn -0.4921 -0.8125 0.3126
vn -0.5760 -0.7950 0.1901
vn 0.0942 -0.0436 -0.9946
vn -0.0728 -0.7640 0.6411
vn -0.0018 -0.7487 0.6629
vn 0.0140 -0.7886 0.6147
vn 0.2456 -0.6895 -0.6813
vn 0.2837 -0.6615 -0.6942
vn -0.7593 -0.3354 0.5576
vn -0.7744 -0.4195 0.4737
vn 0.5696 -0.0371 -0.8211
vn -0.2190 -0.3589 -0.9073
vn -0.1292 -0.2813 -0.9509
vn 0.8759 -0.2514 -0.4117
vn 0.3163 0.8251 -0.4681
vn 0.3433 0.7763 -0.5287
vn 0.3330 0.7988 -0.5011
vn -0.5834 -0.7580 0.2918
vn -0.5813 -0.7633 0.2818
vn -0.6066 -0.7657 0.2140
vn 0.8020 0.0369 0.5962
vn -0.3447 -0.8082 0.4775
vn 0.4728 0.3679 -0.8007
vn 0.5559 0.4176 -0.7187
vn 0.5014 -0.7378 0.4520
vn -0.4645 -0.8477 0.2562
vn 0.3828 -0.8905 -0.2460
vn -0.4103 -0.7451 0.5258
vn 0.4390 0.6789 -0.5886
vn 0.3782 0.6657 -0.6433
vn -0.2868 -0.8128 -0.5071
vn 0.9523 -0.2137 -0.2179
vn -0.5765 -0.1545 0.8024
vn -0.5886 -0.1099 0.8009
vn 0.2888 -0.9563 -0.0458
vn -0.1935 -0.9680 0.1596
vn 0.3381 0.0227 -0.9409
vn -0.2558 0.9389 0.2301
vn -0.2011 0.9344 0.2939
vn 0.8885 -0.2089 -0.4085
vn -0.8195 0.2117 -0.5326
vn -0.7311 0.4451 -0.5171
vn 0.9860 0.0682 0.1519
vn 0.3034 0.5973 -0.7424
vn 0.1340 0.3556 -0.9250
vn 0.9862 0.1655 -0.0027
vn 0.3937 0.1666 -0.9040
vn 0.3760 0.3078 -0.8740
vn 0.2206 0.0396 -0.9746
vn 0.5651 0.4081 -0.7170
vn -0.5012 -0.5622 -0.6579
vn 0.8369 -0.3895 -0.3845
vn 0.7035 -0.3850 0.5974
vn -0.7203 0.2603 -0.6430
vn -0.7462 -0.0315 -0.6650
vn -0.8793 -0.2317 0.4161
vn -0.9263 -0.2085 0.3137
vn 0.7492 0.3185 0.5807
vn 0.7730 0.4345 0.4622
vn 0.6902 0.3194 0.6493
vn 0.2080 -0.2989 -0.9313
vn 0.4817 -0.1756 -0.8586
vn -0.3535 -0.7179 0.5998
vn -0.8950 -0.3784 0.2361
vn 0.4190 -0.4198 0.8051
vn 0.4154 -0.3385 0.8443
vn 0.9185 0.3877 -0.0773
vn -0.6338 -0.7662 -0.1060
vn -0.7775 -0.6163 0.1248
vn 0.8432 0.2092 0.4953
vn 0.7793 0.1598 0.6059
vn -0.8360 0.1866 0.5160
vn -0.4845 -0.0716 -0.8719
vn 0.9216 -0.3290 -0.2059
vn -0.9596 0.1003 -0.2629
vn -0.9561 0.0754 -0.2832
vn -0.9116 -0.0072 -0.4110
vn 0.7091 -0.6549 -0.2614
vn 0.1643 -0.8462 0.5069
vn 0.3781 -0.7730 0.5094
vn 0.1375 0.7195 -0.6808
vn 0.0230 -0.7402 -0.6720
vn 0.0640 -0.7077 -0.7036
vn 0.1442 -0.7562 -0.6382
vn 0.9646 0.2201 -0.1451
vn 0.9756 0.0566 -0.2121
vn -0.2545 0.8900 0.3784
vn 0.2828 -0.0845 0.9555
vn 0.2786 -0.1860 0.9422
vn 0.1266 -0.0904 0.9878
vn 0.2087 0.9223 0.3253
vn 0.5307 0.2568 -0.8077
vn 0.6656 -0.0284 -0.7458
vn 0.5012 -0.1662 0.8492
vn -0.1317 0.3938 0.9097
vn 0.8112 0.1969 0.5505
vn 0.6881 0.3269 0.6478
vn 0.2501 0.9544 -0.1632
vn 0.8656 0.0633 0.4967
vn 0.1290 0.9125 0.3882
vn -0.4007 -0.9015 0.1635
vn -0.2801 0.3204 0.9049
vn 0.0527 -0.2651 0.9628
vn 0.0684 -0.4421 -0.8943
vn 0.0267 -0.2729 0.9617
vn -0.9458 0.0344 -0.3229
vn -0.8448 -0.1330 -0.5183
vn -0.6074 -0.5968 -0.5243
vn -0.5715 -0.6129 -0.5456
vn -0.5524 -0.7090 -0.4384
vn 0.1181 0.9606 -0.2517
vn -0.6036 -0.7973 0.0030
vn 0.0040 -0.1066 -0.9943
vn -0.8831 0.2514 0.3961
vn 0.5387 0.6382 0.5500
vn -0.0040 -0.7464 -0.6654
vn 0.3921 0.7488 -0.5344
vn 0.4598 0.6746 -0.5776
vn 0.3362 -0.9416 0.0187
vn -0.4448 0.2685 -0.8544
vn 0.2388 -0.9664 -0.0955
vn 0.2185 0.9416 0.2563
vn 0.5946 -0.7787 0.2001
vn -0.1446 0.4730 -0.8691
vn 0.5279 -0.7590 0.3811
vn 0.1152 -0.9743 -0.1936
vn 0.8830 -0.4409 -0.1607
vn -0.1113 -0.9935 -0.0241
vn -0.7301 0.5205 0.4428
vn 0.0066 0.8994 -0.4370
vn -0.0167 0.8983 -0.4391
vn 0.3657 -0.0359 -0.9300
vn 0.0332 -0.9884 0.1481
vn -0.0380 -0.9182 -0.3942
vn 0.8361 0.2289 0.4986
vn -0.6786 0.7344 0.0140
vn -0.6414 0.7478 -0.1717
vn -0.7833 0.6213 -0.0212
vn 0.9704 -0.0157 0.2409
vn 0.8554 -0.0738 0.5127
vn -0.9571 0.0187 -0.2890
vn 0.6299 -0.7085 0.3182
vn 0.9995 0.0129 -0.0285
vn -0.8281 -0.3269 -0.4554
vn 0.3138 -0.9493 0.0199
vn 0.1629 -0.5944 -0.7875
vn -0.7640 0.6448 -0.0233
vn -0.7572 0.6514 0.0474
vn -0.9318 -0.3566 -0.0674
vn -0.4598 -0.3727 0.8060
vn 0.8063 -0.5586 0.1946
vn 0.8545 -0.4905 0.1711
vn 0.7633 0.5998 -0.2399
vn 0.4202 0.3786 -0.8247
vn -0.2520 0.0249 0.9674
vn 0.2291 0.1741 -0.9577
vn -0.9273 0.3602 0.1022
vn 0.5896 0.4821 -0.6481
vn 0.5018 0.5250 -0.6874
vn 0.1172 0.1660 0.9791
vn 0.1355 0.2440 0.9603
vn -0.0026 0.3639 -0.9314
vn -0.5273 0.0825 -0.8457
vn -0.8405 0.5338 0.0927
vn -0.7816 0.6129 -0.1161
vn -0.9999 0.0048 0.0089
vn 0.4154 0.9096 -0.0125
vn 0.7291 0.6549 -0.1986
vn 0.3926 0.3564 -0.8479
vn -0.5091 0.8336 0.2143
vn -0.4307 0.3956 0.8112
vn 0.4932 -0.8699 0.0047
vn 0.3336 -0.9359 -0.1132
vn -0.8631 0.0829 -0.4982
vn 0.2807 0.9481 -0.1494
vn -0.5376 -0.4854 0.6894
vn 0.8476 -0.4186 -0.3260
vn 0.8966 -0.3968 -0.1968
vn 0.9086 0.0648 0.4126
vn -0.8263 0.2367 -0.5110
vn 0.7119 0.5438 -0.4444
vn 0.6985 0.5844 -0.4130
vn 0.2539 -0.2182 -0.9423
vn 0.0043 0.8865 -0.4627
vn 0.0474 0.8251 -0.5631
vn 0.3306 -0.8817 -0.3366
vn -0.3828 0.4339 -0.8156
vn 0.7347 -0.0524 0.6763
vn 0.8770 -0.2689 -0.3981
vn -0.3865 -0.1607 0.9082
vn -0.3214 -0.1710 0.9314
vn -0.3861 -0.0873 0.9183
vn -0.0727 -0.8688 -0.4898
vn -0.1216 -0.9229 -0.3654
vn 0.2881 0.7768 -0.5599
vn 0.2744 0.7569 -0.5931
vn 0.2139 0.8115 -0.5438
vn 0.4280 0.1950 0.8825
vn 0.4899 -0.6741 0.5527
vn 0.0440 -0.9950 0.0901
vn -0.0728 -0.9895 0.1245
vn -0.2428 0.9687 -0.0511
vn -0.2713 0.9624 0.0111
vn -0.0608 0.9543 -0.2927
vn -0.6230 0.7611 0.1807
vn 0.9575 0.0006 -0.2884
vn -0.8864 0.4311 0.1688
vn 0.8358 0.1189 -0.5360
vn -0.9658 0.1780 -0.1884
vn -0.9363 0.0004 0.3512
vn 0.3576 0.0482 0.9326
vn 0.8780 -0.2272 -0.4214
vn 0.4261 0.1515 -0.8919
vn -0.8006 0.5758 -0.1660
vn 0.9442 0.2411 -0.2245
vn 0.9935 0.0921 0.0671
vn 0.3499 -0.2015 -0.9148
vn 0.3465 -0.1504 -0.9259
vn 0.1734 -0.1042 -0.9793
vn -0.8060 -0.5790 0.1232
vn 0.5359 0.0718 0.8412
vn -0.5677 0.7185 0.4019
vn -0.0669 -0.9503 -0.3040
vn -0.0469 -0.1245 0.9911
vn -0.9563 0.1156 -0.2684
vn -0.6402 -0.6795 -0.3584
vn -0.9521 -0.1256 -0.2788
vn -0.5339 -0.3054 -0.7885
vn -0.5562 -0.2019 -0.8061
vn -0.3024 -0.8994 0.3155
vn -0.8362 0.2616 0.4819
vn -0.7895 0.1224 0.6014
vn -0.8033 0.3497 0.4821
vn -0.2741 0.5218 0.8078
vn -0.1824 0.5113 0.8398
vn -0.8244 -0.5000 -0.2654
vn -0.5439 -0.8391 0.0088
vn -0.5227 -0.8525 -0.0013
vn 0.7124 -0.6961 -0.0886
vn -0.1040 -0.9713 0.2139
vn -0.5992 -0.8004 -0.0187
vn 0.5715 -0.3241 -0.7539
vn 0.7813 0.6225 0.0454
vn 0.1172 -0.0222 -0.9929
vn 0.5507 0.0977 -0.8290
vn -0.1817 -0.7674 0.6149
vn -0.8162 -0.1522 -0.5573
vn 0.9552 0.0235 -0.2951
vn -0.1953 -0.5167 0.8336
vn -0.4057 -0.4384 0.8020
vn -0.4377 -0.8151 0.3795
vn 0.9413 0.0853 0.3266
vn -0.6858 -0.1051 -0.7202
vn 0.6846 0.5502 0.4781
vn -0.6652 0.3024 0.6826
vn -0.3023 0.1467 -0.9419
vn 0.7171 0.6833 -0.1376
vn -0.1929 -0.9624 0.1912
vn -0.2017 -0.9780 0.0534
vn -0.4042 0.9129 0.0563
vn -0.0748 -0.9872 0.1409
vn 0.3430 0.7675 -0.5415
vn 0.3275 0.7923 -0.5148
vn 0.3077 0.7978 -0.5185
vn -0.4216 -0.1298 0.8975
vn -0.3999 -0.0998 0.9111
vn -0.2724 0.2574 0.9271
vn -0.4035 -0.0270 0.9146
vn 0.2010 0.6850 0.7003
vn 0.0695 0.4799 -0.8745
vn 0.0906 0.4950 -0.8641
vn -0.3998 -0.7941 0.4578
vn -0.8787 0.3539 -0.3202
vn -0.7994 0.5199 -0.3012
vn 0.5423 0.2487 0.8025
vn -0.3031 -0.9333 -0.1927
vn -0.4142 -0.0823 0.9065
vn -0.9249 0.2043 -0.3207
vn -0.9070 0.2310 -0.3521
vn -0.8709 0.1671 -0.4621
vn -0.3605 0.7151 -0.5989
vn 0.7130 -0.6736 0.1944
vn -0.4255 -0.8986 -0.1073
vn -0.0415 0.2040 -0.9781
vn -0.0369 0.2872 -0.9572
vn -0.4790 0.6402 0.6006
vn -0.6168 -0.7246 -0.3073
vn 0.2532 0.8545 0.4535
vn -0.0694 0.8938 0.4431
vn -0.9922 0.1218 0.0260
vn -0.9846 0.1648 -0.0582
vn -0.7932 -0.4182 0.4427
vn 0.9308 -0.3027 -0.2049
vn 0.9849 -0.0634 -0.1610
vn 0.9950 -0.0731 -0.0683
vn 0.9796 -0.1873 0.0729
vn 0.9844 -0.1531 0.0862
vn 0.4456 0.0575 0.8934
vn 0.4017 0.1257 0.9071
vn 0.9529 -0.1290 -0.2745
vn 0.5570 -0.7037 0.4410
vn 0.5466 0.3375 0.7664
vn -0.7919 -0.2450 0.5593
vn -0.8397 -0.1326 0.5267
vn 0.5679 0.7124 -0.4123
vn 0.2430 0.1811 -0.9530
vn 0.3994 0.7754 -0.4892
vn 0.4368 0.7625 -0.4773
vn 0.6945 -0.6776 0.2419
vn 0.5538 -0.5556 0.6202
vn 0.7019 -0.6256 0.3406
vn -0.1345 0.9787 -0.1554
vn -0.3893 -0.1536 0.9082
vn -0.8133 0.5498 -0.1906
vn -0.9751 0.1942 0.1069
vn -0.9858 0.1643 -0.0333
vn 0.9051 -0.1824 -0.3840
vn 0.9015 -0.2018 -0.3829
vn -0.6171 -0.5606 -0.5522
vn -0.0462 0.9786 -0.2007
vn 0.7471 -0.0214 0.6644
vn 0.1464 0.6441 0.7508
vn -0.9783 0.0187 -0.2065
vn 0.5230 -0.7370 0.4281
vn -0.1603 -0.9411 -0.2976
vn -0.5993 -0.4638 0.6524
vn -0.4348 -0.1974 0.8786
vn -0.8982 -0.4299 0.0921
vn 0.4910 -0.5019 -0.7120
vn -0.8714 -0.4837 0.0824
vn 0.0517 -0.2869 -0.9566
vn 0.0135 -0.3109 -0.9503
vn -0.7663 0.5520 0.3288
vn -0.7172 0.6047 0.3463
vn -0.3179 -0.7588 -0.5685
vn -0.5222 0.5550 -0.6475
vn 0.0084 0.9574 0.2886
vn 0.5337 -0.8289 0.1673
vn 0.2342 0.0877 0.9682
vn -0.1034 0.1804 -0.9781
vn -0.1313 0.0798 -0.9881
vn 0.8966 -0.4287 0.1109
vn -0.5027 -0.6986 0.5092
vn -0.5753 -0.7805 0.2446
vn -0.0391 0.9961 -0.0790
vn 0.4863 0.0204 0.8735
vn 0.7006 -0.5588 0.4437
vn 0.6584 -0.6387 0.3982
vn 0.6100 0.4997 -0.6150
vn 0.0095 -0.9869 -0.1613
vn -0.5041 -0.2706 -0.8202
vn 0.3293 -0.4123 0.8494
vn -0.1267 -0.2330 0.9642
vn -0.0778 -0.2050 0.9757
vn -0.1561 -0.2024 0.9668
vn -0.4938 -0.2637 -0.8286
vn 0.6331 -0.6211 0.4621
vn -0.5117 0.8156 -0.2701
vn 0.8562 0.5078 -0.0954
vn 0.0156 0.9313 -0.3639
vn -0.6955 -0.6309 -0.3440
vn 0.4488 -0.2783 0.8492
vn -0.1421 -0.8054 0.5755
vn 0.1718 -0.9013 0.3978
vn -0.6246 -0.0679 -0.7780
vn -0.8258 -0.5599 0.0677
vn -0.0804 -0.9562 0.2813
vn -0.8267 0.5515 -0.1112
vn 0.9804 -0.1968 0.0084
vn 0.3676 0.9300 -0.0003
vn 0.4123 0.9110 -0.0067
vn -0.9463 0.2565 0.1968
vn -0.7346 0.3222 -0.5972
vn -0.4782 0.2807 -0.8322
vn -0.2494 -0.8882 -0.3858
vn 0.2984 0.8206 -0.4874
vn -0.8422 0.3150 0.4375
vn 0.6794 -0.7295 -0.0787
vn 0.8405 -0.2496 -0.4809
vn -0.7156 0.6236 -0.3145
vn 0.8046 0.4995 -0.3212
vn 0.0328 -0.6092 0.7923
vn 0.5474 -0.8327 0.0834
vn -0.6568 -0.7460 0.1099
vn 0.8703 -0.2645 -0.4155
vn -0.9886 -0.1507 -0.0068
vn -0.9809 -0.1834 -0.0645
vn -0.1812 -0.5693 0.8019
vn 0.4526 0.8910 -0.0363
vn 0.8802 0.4174 -0.2260
vn -0.5119 0.1573 -0.8445
vn -0.5762 0.1096 -0.8099
vn 0.2663 -0.0186 -0.9637
vn 0.6273 -0.3911 -0.6734
vn 0.5720 -0.4355 -0.6951
vn -0.9968 0.0132 -0.0787
vn 0.5700 0.2808 0.7722
vn 0.7329 0.1328 0.6672
vn 0.0343 -0.3116 -0.9496
vn 0.3511 -0.2795 0.8937
vn -0.3582 0.2927 0.8866
vn -0.4975 0.7780 0.3837
vn -0.4937 0.7637 0.4160
vn -0.4955 0.5965 -0.6314
vn -0.9417 0.2007 -0.2701
vn 0.2508 -0.8671 -0.4303
vn 0.9784 0.1114 0.1740
vn -0.3644 0.5449 -0.7552
vn -0.0750 0.9972 0.0068
vn 0.4980 0.5896 0.6359
vn 0.7137 -0.0386 -0.6994
vn -0.2795 0.1985 -0.9394
vn 0.9270 -0.1424 -0.3470
vn 0.1429 0.0002 0.9897
vn 0.0630 -0.3190 0.9457
vn -0.7180 0.2053 0.6650
vn 0.4587 0.1761 -0.8710
vn 0.1867 -0.9279 0.3228
vn -0.0912 -0.5783 0.8107
vn 0.1010 -0.5701 0.8153
vn 0.0228 0.1130 -0.9933
vn 0.1832 -0.4983 0.8474
vn 0.1706 0.9027 -0.3950
vn 0.2888 -0.2331 0.9286
vn -0.4003 0.8871 0.2299
vn -0.6239 -0.7080 -0.3309
vn 0.4547 -0.8906 0.0055
vn 0.2135 -0.2527 -0.9437
vn 0.2259 0.8136 -0.5357
vn 0.8728 -0.1510 -0.4642
vn 0.1614 -0.2280 -0.9602
vn -0.3352 -0.5750 0.7463
vn -0.3436 -0.5901 0.7305
vn -0.4667 0.2115 0.8587
vn -0.5578 0.4794 0.6775
vn 0.1059 -0.9926 0.0592
vn -0.4860 -0.7260 0.4865
vn -0.4112 0.5694 0.7118
vn -0.9287 0.0566 -0.3665
vn -0.0158 -0.9794 0.2011
vn -0.1903 -0.9091 0.3707
vn 0.1006 -0.5846 0.8051
vn 0.9446 0.2905 -0.1528
vn -0.4694 0.8722 0.1379
vn 0.9955 0.0818 -0.0477
vn -0.3860 -0.9206 0.0585
vn 0.0082 0.3052 -0.9523
vn 0.9676 0.0765 -0.2408
vn 0.9722 0.2065 -0.1100
vn 0.0726 0.0439 0.9964
vn 0.0032 0.0403 0.9992
vn -0.5603 -0.7981 -0.2217
vn 0.4748 0.1707 -0.8634
vn -0.9565 -0.0480 -0.2878
vn -0.9213 0.0747 -0.3817
vn 0.3356 0.8980 -0.2847
vn 0.5921 -0.7980 0.1122
vn -0.5962 -0.7985 -0.0831
vn 0.5436 -0.0363 0.8386
vn 0.7373 0.0889 -0.6696
vn -0.4367 0.7589 0.4830
vn -0.2155 -0.6102 -0.7624
vn -0.1991 -0.4399 0.8757
vn 0.5738 0.6184 0.5370
vn 0.9558 0.2938 0.0062
vn 0.7809 -0.6201 -0.0747
vn 0.9200 -0.3832 -0.0829
vn 0.8294 -0.5500 -0.0981
vn -0.4559 0.2330 -0.8590
vn 0.8886 0.0546 0.4554
vn 0.0752 -0.1504 0.9858
vn -0.3056 -0.9521 0.0142
vn 0.1389 -0.5401 -0.8301
vn 0.9840 0.0990 0.1482
vn -0.4685 -0.8795 -0.0838
vn -0.2570 0.7979 -0.5453
vn -0.0926 0.9874 -0.1287
vn 0.1674 -0.9769 0.1330
vn 0.6121 -0.6744 0.4129
vn -0.1704 0.9737 -0.1513
vn -0.4846 0.0515 -0.8732
vn -0.3670 0.2260 -0.9024
vn 0.0490 0.7342 -0.6771
vn -0.4520 -0.8910 0.0437
vn -0.8607 -0.1140 -0.4962
vn -0.7590 0.1898 -0.6229
vn 0.9217 -0.3394 -0.1880
vn 0.9881 -0.1258 0.0882
vn 0.7544 -0.5699 -0.3259
vn -0.1412 -0.7605 0.6338
vn -0.1437 -0.6693 0.7290
vn 0.0577 -0.7774 -0.6264
vn 0.1464 -0.7774 -0.6117
vn 0.0486 -0.7830 -0.6201
vn -0.6199 -0.1464 0.7709
vn -0.6086 -0.7935 0.0057
vn 0.2645 0.3832 -0.8850
vn 0.9232 -0.1993 -0.3286
vn -0.9742 -0.0956 -0.2046
vn -0.8077 -0.2346 0.5409
vn 0.1247 -0.6038 -0.7873
vn -0.3478 0.9368 0.0384
vn 0.3922 -0.3334 0.8573
vn -0.4786 0.4999 -0.7218
vn -0.6941 0.6958 -0.1846
vn 0.1275 -0.8493 -0.5123
vn -0.6614 0.0183 -0.7498
vn 0.6215 0.3448 -0.7035
vn 0.8522 -0.4638 -0.2424
vn -0.9056 0.1216 -0.4064
vn 0.9494 0.3112 0.0419
vn -0.4068 0.0977 -0.9083
vn -0.4647 0.1977 -0.8631
vn -0.9858 -0.1417 -0.0900
vn -0.7262 0.6824 -0.0835
vn -0.1308 0.9094 0.3948
vn -0.7775 0.3997 0.4855
vn 0.7308 -0.1994 -0.6528
vn 0.0351 0.2278 0.9731
vn -0.4599 0.6036 0.6513
vn -0.7508 0.4736 0.4605
vn 0.0182 0.9370 0.3488
vn -0.4784 -0.8781 0.0040
vn -0.4486 -0.8932 -0.0297
vn 0.7078 -0.0816 -0.7017
vn -0.3866 0.5644 0.7294
vn -0.7712 0.2446 0.5878
vn -0.0111 -0.9909 0.1345
vn 0.6360 0.5456 -0.5457
vn -0.6941 -0.3132 -0.6482
vn -0.9220 -0.0964 -0.3750
vn -0.5842 0.7431 -0.3264
vn 0.8080 0.3549 -0.4702
vn 0.0959 -0.8158 -0.5703
vn 0.0932 -0.8040 -0.5873
vn 0.8453 0.5305 0.0631
vn -0.7985 0.4146 0.4365
vn 0.2625 0.9614 0.0828
vn 0.7780 0.1120 0.6183
vn -0.4271 -0.9042 -0.0050
vn -0.5981 -0.8011 -0.0214
vn 0.0360 -0.6785 -0.7337
vn -0.8490 -0.5226 0.0778
vn -0.9247 0.1053 0.3659
vn 0.7943 0.4580 -0.3991
vn -0.0666 0.9624 -0.2634
vn -0.0604 -0.6388 0.7670
vn 0.2273 0.1044 0.9682
vn -0.7723 0.1403 0.6195
vn -0.9607 0.2590 0.0996
vn -0.1716 -0.4971 0.8506
vn -0.3506 -0.2460 0.9037
vn -0.1796 -0.5252 0.8318
vn -0.6059 -0.2039 -0.7689
vn -0.6936 -0.6177 0.3706
vn -0.7382 -0.6656 0.1100
vn -0.9897 -0.1314 -0.0560
vn 0.5524 0.8132 -0.1832
vn 0.0113 0.9898 0.1423
vn 0.5110 0.2603 -0.8192
vn -0.2744 -0.8958 0.3497
vn -0.2488 -0.1583 0.9555
vn 0.0174 0.6913 0.7224
vn -0.2194 0.4246 0.8784
vn 0.2058 -0.3332 0.9201
vn 0.0486 0.9877 0.1489
vn 0.6044 -0.7621 0.2323
vn -0.6536 -0.1200 -0.7473
vn -0.9003 -0.2792 -0.3339
vn -0.9185 -0.2462 -0.3093
vn -0.6260 -0.0626 -0.7773
vn 0.2397 -0.2829 -0.9287
vn 0.0562 -0.2791 -0.9586
vn 0.8003 -0.4266 -0.4215
vn -0.5265 0.6133 -0.5888
vn -0.1953 -0.4405 0.8762
vn 0.4566 -0.3879 0.8007
vn 0.5654 -0.8221 -0.0668
vn -0.5851 -0.7641 -0.2717
vn -0.9496 0.1751 -0.2601
vn 0.3020 0.9392 -0.1632
vn 0.2428 0.9540 -0.1757
vn 0.6054 0.7530 0.2580
vn -0.9247 0.3581 0.1293
vn -0.1914 -0.3114 0.9308
vn -0.3347 -0.2540 0.9075
vn 0.6964 0.2062 0.6874
vn 0.7089 0.1413 0.6911
vn 0.5310 -0.5400 0.6531
vn -0.3729 -0.4005 0.8370
vn 0.9752 -0.1815 -0.1268
vn -0.8783 0.1001 -0.4676
vn -0.2828 -0.2930 -0.9134
vn -0.2837 -0.2932 -0.9130
vn -0.2513 0.4339 0.8652
vn 0.3024 -0.9383 -0.1679
vn 0.0339 0.8903 -0.4540
vn 0.0284 0.8852 -0.4643
vn -0.4397 0.0981 0.8928
vn 0.7351 0.3551 0.5776
vn 0.9767 -0.1471 -0.1561
vn -0.2596 -0.9222 0.2868
vn 0.5030 -0.2703 -0.8209
vn 0.4522 0.2617 -0.8527
vn 0.1016 -0.8587 -0.5024
vn -0.4197 -0.9076 0.0111
vn -0.4056 -0.9132 -0.0396
vn 0.1582 -0.8589 -0.4871
vn 0.7106 0.1854 -0.6788
vn -0.4579 0.2279 0.8593
vn -0.9676 -0.0781 -0.2402
vn -0.8748 -0.3161 -0.3673
vn -0.7282 0.1414 0.6706
vn 0.1020 0.8914 0.4417
vn -0.0805 -0.6703 0.7377
vn -0.2961 0.9501 0.0984
vn -0.8425 -0.1861 0.5055
vn -0.5945 -0.7758 0.2114
vn 0.0154 -0.0429 0.9990
vn 0.8090 0.4142 -0.4171
vn -0.6062 0.4294 0.6694
vn -0.5426 0.4160 0.7298
vn 0.2198 0.9677 -0.1233
vn -0.1296 0.8959 -0.4249
vn 0.3343 0.3031 -0.8924
vn 0.9047 0.4142 0.1000
vn 0.8999 0.4278 0.0847
vn 0.8440 -0.3575 -0.3998
vn -0.5016 -0.8600 0.0939
vn -0.5177 -0.8518 0.0805
vn -0.0031 -0.0791 -0.9969
vn -0.1728 -0.9822 0.0731
vn -0.9779 -0.2085 -0.0182
vn -0.9324 -0.2265 -0.2818
vn 0.5259 0.3121 0.7912
vn 0.0218 -0.7428 0.6692
vn 0.0090 -0.8766 -0.4812
vn 0.8556 -0.0833 -0.5109
vn -0.6968 -0.4534 -0.5559
vn 0.8549 0.3754 0.3581
vn -0.7356 0.6733 -0.0746
vn -0.7816 0.6205 -0.0631
vn 0.2780 -0.4633 -0.8414
vn 0.6892 0.7165 -0.1080
vn -0.0628 -0.4128 -0.9086
vn 0.0892 0.6241 0.7762
vn -0.0384 0.8983 0.4378
vn 0.0045 0.9051 0.4252
vn 0.6040 -0.0337 -0.7963
vn -0.8576 -0.0695 -0.5096
vn 0.5038 0.8637 -0.0150
vn -0.9618 0.0069 0.2738
vn 0.2003 -0.0898 -0.9756
vn 0.4017 -0.0708 0.9130
vn 0.9766 -0.0337 -0.2123
vn -0.4111 0.2931 0.8632
vn 0.6075 -0.7415 0.2850
vn -0.3296 -0.9318 0.1521
vn 0.0357 -0.8984 -0.4378
vn 0.1256 -0.8949 -0.4283
vn -0.2126 0.9710 -0.1092
vn -0.2281 0.9703 -0.0807
vn -0.1845 0.9692 -0.1633
vn -0.4676 0.2841 -0.8370
vn -0.2326 0.9463 0.2244
vn -0.8894 0.1033 -0.4454
vn -0.3990 -0.0985 -0.9116
vn 0.4619 -0.8559 0.2326
vn -0.4692 -0.7677 0.4365
vn 0.2276 -0.9064 0.3559
vn 0.1883 -0.9105 0.3682
vn -0.6996 -0.6430 -0.3116
vn 0.3403 0.8350 -0.4325
vn 0.4698 -0.0695 0.8800
vn 0.9822 0.0012 -0.1878
vn 0.9834 0.1330 -0.1233
vn 0.7662 -0.2699 -0.5831
vn 0.8766 -0.4743 -0.0817
vn 0.3282 0.1733 -0.9286
vn 0.3010 0.8767 -0.3753
vn 0.5031 -0.7533 -0.4235
vn -0.5152 -0.8289 -0.2178
vn 0.7905 -0.5413 -0.2866
vn -0.3396 0.1172 -0.9332
vn 0.5739 -0.6105 -0.5458
vn 0.4319 -0.9018 0.0165
vn -0.0764 -0.9685 0.2370
vn 0.2191 -0.9726 -0.0774
vn 0.0788 -0.9345 -0.3472
vn -0.8240 0.4577 -0.3341
vn -0.0366 -0.1956 -0.9800
vn 0.7737 -0.6062 -0.1840
vn 0.0016 0.9254 0.3790
vn 0.0242 0.9793 0.2009
vn -0.9110 -0.2473 -0.3301
vn 0.5400 -0.3458 0.7674
vn 0.2708 0.9619 0.0369
vn -0.5795 -0.6570 -0.4822
vn -0.4799 -0.6968 -0.5331
vn -0.3171 -0.8326 0.4542
vn 0.6299 0.4262 -0.6493
vn -0.8012 0.5934 -0.0771
vn -0.5909 -0.8067 0.0047
vn 0.9193 -0.3935 0.0050
vn -0.4477 -0.1846 -0.8749
vn -0.6946 -0.0953 -0.7130
vn -0.0631 0.9967 -0.0507
vn 0.7475 -0.6260 0.2223
vn 0.0686 -0.0935 -0.9933
vn -0.4997 -0.7303 -0.4658
vn 0.3193 -0.1858 -0.9292
vn 0.2200 -0.7314 -0.6455
vn -0.1905 -0.6809 -0.7072
vn 0.4512 0.0921 -0.8877
vn 0.3334 -0.9378 0.0968
vn 0.7936 -0.1213 -0.5963
vn 0.3538 -0.1626 0.9211
vn 0.6524 0.7404 0.1615
vn 0.4605 0.5317 -0.7108
vn 0.6777 -0.3298 0.6573
vn 0.9122 -0.3838 0.1435
vn 0.7519 0.2417 -0.6133
vn 0.6674 0.3159 -0.6744
vn 0.7258 -0.2561 0.6384
vn 0.4976 0.4467 0.7435
vn 0.5211 -0.5951 0.6119
vn 0.4616 -0.2903 -0.8383
vn 0.7943 -0.1594 -0.5862
vn 0.6636 0.6342 0.3968
vn -0.1691 0.9170 -0.3612
vn -0.8811 0.0180 -0.4725
vn -0.7898 0.6100 0.0640
vn 0.9327 0.3596 -0.0291
vn 0.9033 0.4274 -0.0369
vn 0.0477 -0.7448 0.6656
vn -0.3794 -0.0150 0.9251
vn 0.6963 0.1442 0.7031
vn 0.6265 0.4215 0.6556
vn -0.0867 -0.1210 0.9889
vn -0.7983 0.5983 -0.0698
vn -0.8593 -0.4644 -0.2146
vn -0.6811 0.6765 -0.2799
vn 0.9885 -0.0391 -0.1460
vn 0.1874 0.8861 0.4239
vn -0.7849 0.5558 -0.2739
vn 0.9533 -0.1666 -0.2521
vn 0.4466 -0.7020 0.5547
vn -0.0877 -0.1683 -0.9818
vn -0.1920 -0.1949 -0.9618
vn -0.3015 0.9209 0.2470
vn 0.0300 0.8768 -0.4798
vn 0.0270 0.8895 -0.4562
vn -0.1053 -0.0672 0.9922
vn -0.8492 0.5053 0.1536
vn -0.8470 0.2977 0.4403
vn -0.0295 0.7368 0.6755
vn -0.0639 0.7760 0.6275
vn -0.7165 0.6106 -0.3374
vn -0.8732 0.4795 0.0872
vn -0.8757 0.4748 0.0880
vn -0.8303 0.5304 -0.1711
vn -0.1192 0.9328 -0.3402
vn 0.2973 0.9438 -0.1447
vn -0.0002 -0.7534 0.6576
vn -0.4670 0.1660 0.8685
vn 0.2630 0.8741 -0.4083
vn 0.9760 0.2169 0.0202
vn -0.8100 0.5563 0.1855
vn 0.3561 -0.0607 -0.9325
vn 0.6542 0.7551 0.0443
vn 0.0045 0.9269 0.3753
vn 0.1725 -0.8525 -0.4934
vn 0.1194 -0.5214 -0.8449
vn -0.8883 0.0517 -0.4564
vn 0.2196 0.7921 -0.5695
vn 0.9661 0.2538 -0.0479
vn -0.3927 0.7634 0.5128
vn -0.6211 -0.1275 0.7733
vn -0.9676 -0.2524 0.0036
vn -0.1042 -0.3734 0.9218
vn 0.0405 0.9965 -0.0728
vn -0.8902 -0.2824 -0.3574
vn -0.8982 -0.2807 -0.3383
vn 0.8580 -0.3294 0.3942
vn 0.1879 -0.2347 0.9537
vn -0.0304 -0.1331 -0.9906
vn -0.0937 -0.2820 -0.9548
vn 0.3532 0.2433 -0.9034
vn -0.7973 -0.3494 0.4921
vn -0.5162 0.4861 -0.7052
vn 0.3454 -0.0583 0.9367
vn 0.8895 -0.0243 -0.4563
vn 0.3079 0.2184 0.9260
vn 0.5552 -0.7312 0.3964
vn 0.0388 -0.9941 0.1009
vn -0.0290 0.8760 -0.4815
vn -0.2696 -0.9115 -0.3106
vn -0.1306 -0.9912 -0.0229
vn -0.5781 -0.8159 0.0096
vn -0.6961 -0.5778 0.4261
vn 0.1358 0.7699 -0.6236
vn 0.4860 0.4788 0.7311
vn 0.4770 -0.5793 0.6609
vn 0.0190 0.9210 0.3891
vn -0.0683 0.9499 0.3049
vn 0.9792 0.1967 0.0504
vn 0.6101 0.3794 -0.6956
vn -0.1133 -0.2771 0.9541
vn -0.2199 0.8964 0.3848
vn 0.7163 -0.3881 -0.5800
vn 0.2065 -0.7560 -0.6211
vn 0.1660 0.0742 0.9833
vn 0.1426 0.0872 0.9859
vn 0.6339 0.3252 0.7017
vn -0.8335 0.0316 -0.5517
vn 0.3793 0.9245 -0.0371
vn 0.2418 0.7228 0.6474
vn -0.1626 -0.8227 0.5447
vn 0.9871 -0.1454 0.0669
vn 0.2123 -0.5412 0.8137
vn -0.3237 -0.5542 0.7669
vn -0.9560 -0.1967 -0.2178
vn 0.9817 0.1738 -0.0783
vn -0.5248 -0.7584 0.3864
vn 0.1380 0.9823 -0.1267
vn -0.9191 0.1453 0.3663
vn -0.0520 -0.2217 0.9737
vn -0.2421 -0.4150 -0.8770
vn -0.5832 0.8023 -0.1273
vn 0.6838 -0.3713 -0.6282
vn -0.4650 0.5312 -0.7082
vn -0.3134 0.5683 0.7608
vn 0.0461 0.1109 0.9928
vn 0.0526 0.1289 0.9903
vn -0.0126 0.9128 0.4082
vn 0.4928 0.8699 -0.0172
vn 0.1553 -0.1863 0.9701
vn 0.3287 0.7826 -0.5287
vn 0.2943 -0.8718 -0.3917
vn -0.5987 -0.0145 -0.8008
vn 0.2718 -0.9498 -0.1550
vn -0.4187 0.9042 -0.0838
vn -0.7616 0.2190 -0.6099
vn -0.2657 0.9592 -0.0965
vn -0.1171 0.6634 -0.7390
vn 0.0631 0.1541 0.9860
vn 0.0281 -0.8625 -0.5053
vn 0.0720 -0.3901 -0.9180
vn 0.0528 -0.9950 -0.0848
vn -0.9586 -0.2815 0.0429
vn -0.1834 0.9296 0.3198
vn 0.2798 0.4085 0.8688
vn -0.6810 -0.6839 -0.2619
vn -0.5772 0.8166 -0.0014
vn -0.0086 -0.9229 -0.3850
vn -0.2049 -0.7254 0.6572
vn 0.2197 -0.2154 0.9515
vn -0.2952 0.0067 -0.9554
vn -0.0625 0.7746 0.6294
vn -0.5565 0.8219 -0.1213
vn 0.9572 0.2858 -0.0455
vn 0.2329 0.9710 -0.0549
vn 0.8487 0.1554 -0.5055
vn -0.2220 -0.2492 0.9426
vn 0.0631 -0.2566 -0.9645
vn -0.5221 -0.8528 -0.0073
vn 0.0344 0.1127 0.9930
vn -0.1756 -0.9834 0.0451
vn 0.5368 -0.8285 -0.1594
vn 0.0347 0.9873 0.1551
vn -0.6551 0.7506 -0.0860
vn 0.8906 0.4467 0.0856
vt 0.920540 0.467820
vt 0.917410 0.461540
vt 0.943680 0.480490
vt 0.571030 0.479600
vt 0.541320 0.499100
vt 0.553660 0.467390
vt 0.955140 0.421170
vt 0.944640 0.421370
vt 0.946570 0.418400
vt 0.286100 0.565130
vt 0.269970 0.577640
vt 0.279370 0.566470
vt 0.220880 0.710730
vt 0.224450 0.731110
vt 0.201690 0.728640
vt 0.467290 0.731500
vt 0.489930 0.731620
vt 0.458040 0.745760
vt 0.234390 0.145210
vt 0.248120 0.151810
vt 0.235860 0.164140
vt 0.800400 0.282430
vt 0.798840 0.271660
vt 0.812150 0.272280
vt 0.660420 0.180210
vt 0.668950 0.183320
vt 0.665500 0.182660
vt 0.820190 0.241130
vt 0.833010 0.227910
vt 0.842970 0.233690
vt 0.694800 0.497480
vt 0.681590 0.489760
vt 0.691670 0.483730
vt 0.910810 0.067550
vt 0.901330 0.072920
vt 0.876220 0.064800
vt 0.612240 0.249580
vt 0.612600 0.236800
vt 0.626740 0.257110
vt 0.779070 0.283540
vt 0.776340 0.276150
vt 0.790590 0.277100
vt 0.856690 0.716270
vt 0.877710 0.721480
vt 0.872560 0.743640
vt 0.979400 0.915740
vt 0.961800 0.912630
vt 0.972750 0.902680
vt 0.732770 0.472600
vt 0.745740 0.470330
vt 0.734360 0.486990
vt 0.840340 0.936870
vt 0.880580 0.934390
vt 0.856010 0.952900
vt 0.139680 0.121690
vt 0.158180 0.114110
vt 0.149100 0.129180
vt 0.515930 0.596400
vt 0.530780 0.607760
vt 0.508350 0.594240
vt 0.315670 0.799290
vt 0.307990 0.792650
vt 0.326410 0.792580
vt 0.905040 0.980250
vt 0.918920 0.978120
vt 0.921740 0.989540
vt 0.234090 0.026820
vt 0.214870 0.027760
vt 0.221420 0.020760
vt 0.844410 0.366120
vt 0.839590 0.382980
vt 0.831120 0.372400
vt 0.922400 0.805220
vt 0.923100 0.790110
vt 0.932610 0.800100
vt 0.390900 0.791310
vt 0.375400 0.791020
vt 0.381970 0.783010
vt 0.454930 0.983630
vt 0.441720 0.970370
vt 0.460420 0.975000
vt 0.105440 0.909010
vt 0.121500 0.910090
vt 0.133090 0.916840
vt 0.686470 0.173390
vt 0.683490 0.156400
vt 0.702830 0.176380
vt 0.710320 0.888800
vt 0.701260 0.879570
vt 0.699590 0.875100
vt 0.322900 0.501590
vt 0.329150 0.476490
vt 0.340730 0.495130
vt 0.109810 0.697460
vt 0.107480 0.710810
vt 0.101040 0.707410
vt 0.697950 0.751080
vt 0.689950 0.777900
vt 0.678820 0.741730
vt 0.874730 0.565650
vt 0.855190 0.575110
vt 0.870590 0.558490
vt 0.067600 0.115640
vt 0.072950 0.140500
vt 0.070250 0.138730
vt 0.008600 0.055390
vt 0.015290 0.058020
vt 0.010470 0.059190
vt 0.444540 0.397380
vt 0.459200 0.401790
vt 0.454750 0.417050
vt 0.978290 0.556540
vt 0.979570 0.567820
vt 0.971300 0.550380
vt 0.742910 0.245030
vt 0.748350 0.243240
vt 0.754370 0.245750
vt 0.146130 0.924870
vt 0.145470 0.916390
vt 0.168990 0.940950
vt 0.348910 0.483870
vt 0.362900 0.453250
vt 0.371410 0.483540
vt 0.607050 0.149230
vt 0.612120 0.159300
vt 0.609570 0.157920
vt 0.477040 0.621370
vt 0.488570 0.622100
vt 0.490800 0.642360
vt 0.627150 0.836070
vt 0.634960 0.840790
vt 0.628020 0.850030
vt 0.859620 0.340080
vt 0.852060 0.318210
vt 0.861050 0.329760
vt 0.828420 0.776640
vt 0.809550 0.786750
vt 0.811130 0.779780
vt 0.376320 0.557880
vt 0.376480 0.540860
vt 0.394540 0.544160
vt 0.660080 0.306690
vt 0.648280 0.299800
vt 0.665050 0.292000
vt 0.643660 0.299640
vt 0.628940 0.289400
vt 0.640810 0.287870
vt 0.846550 0.377390
vt 0.647000 0.133990
vt 0.656850 0.135760
vt 0.650950 0.149850
vt 0.634270 0.396260
vt 0.613440 0.402680
vt 0.617050 0.378630
vt 0.240210 0.286830
vt 0.239470 0.250740
vt 0.266400 0.255160
vt 0.523010 0.794260
vt 0.517530 0.799940
vt 0.508610 0.781860
vt 0.625830 0.822420
vt 0.615390 0.827640
vt 0.620840 0.822980
vt 0.311010 0.063300
vt 0.302840 0.064620
vt 0.323110 0.057140
vt 0.272520 0.920250
vt 0.270790 0.927450
vt 0.256650 0.917350
vt 0.087630 0.612600
vt 0.064160 0.613330
vt 0.078150 0.595380
vt 0.372360 0.822570
vt 0.383450 0.806450
vt 0.396350 0.812280
vt 0.917400 0.838830
vt 0.918060 0.831640
vt 0.930060 0.842340
vt 0.229200 0.304450
vt 0.219140 0.319350
vt 0.207100 0.310430
vt 0.247400 0.306950
vt 0.253940 0.302780
vt 0.254760 0.317560
vt 0.305260 0.419710
vt 0.289950 0.403250
vt 0.296930 0.408630
vt 0.199510 0.713440
vt 0.187860 0.741730
vt 0.174660 0.743180
vt 0.185900 0.760120
vt 0.180240 0.759350
vt 0.826960 0.839780
vt 0.814170 0.837870
vt 0.826050 0.828470
vt 0.490860 0.408250
vt 0.494510 0.401870
vt 0.503550 0.407270
vt 0.507780 0.653660
vt 0.518280 0.645670
vt 0.518860 0.665540
vt 0.052820 0.133270
vt 0.053020 0.143680
vt 0.038290 0.141060
vt 0.664410 0.690170
vt 0.675670 0.702410
vt 0.655550 0.699490
vt 0.473330 0.115560
vt 0.466410 0.102010
vt 0.477830 0.097910
vt 0.962130 0.240060
vt 0.940160 0.245180
vt 0.933670 0.230630
vt 0.127240 0.675240
vt 0.101230 0.689830
vt 0.094110 0.673730
vt 0.511060 0.116350
vt 0.494110 0.107690
vt 0.493770 0.087920
vt 0.583790 0.881050
vt 0.596020 0.889340
vt 0.592380 0.904150
vt 0.518270 0.714640
vt 0.538100 0.723610
vt 0.526570 0.736430
vt 0.243450 0.013750
vt 0.249860 0.015260
vt 0.250290 0.021390
vt 0.926210 0.361160
vt 0.932400 0.364890
vt 0.933060 0.368380
vt 0.161080 0.078390
vt 0.175320 0.071210
vt 0.170860 0.081750
vt 0.483670 0.143950
vt 0.482220 0.135940
vt 0.495130 0.155050
vt 0.317210 0.195660
vt 0.309480 0.189100
vt 0.324000 0.188860
vt 0.077640 0.523060
vt 0.106390 0.543680
vt 0.078790 0.545320
vt 0.791090 0.938230
vt 0.802820 0.943440
vt 0.787950 0.956610
vt 0.721070 0.269720
vt 0.734870 0.269580
vt 0.484400 0.668300
vt 0.496280 0.675120
vt 0.487510 0.693180
vt 0.262350 0.512950
vt 0.274890 0.511070
vt 0.267250 0.532580
vt 0.241840 0.949690
vt 0.240340 0.914110
vt 0.226430 0.896480
vt 0.218930 0.900690
vt 0.222140 0.886870
vt 0.588630 0.081230
vt 0.602840 0.094630
vt 0.588770 0.112520
vt 0.322200 0.671170
vt 0.325020 0.692480
vt 0.309880 0.690930
vt 0.284300 0.304640
vt 0.284880 0.315110
vt 0.267120 0.325430
vt 0.611400 0.240360
vt 0.527050 0.911190
vt 0.513820 0.897380
vt 0.525840 0.896270
vt 0.447540 0.427010
vt 0.436580 0.403270
vt 0.131870 0.546120
vt 0.150910 0.533870
vt 0.155930 0.539190
vt 0.106080 0.082290
vt 0.120100 0.077340
vt 0.129190 0.084320
vt 0.353990 0.263360
vt 0.354280 0.277020
vt 0.346940 0.266200
vt 0.646110 0.068330
vt 0.649760 0.050300
vt 0.667550 0.063160
vt 0.808110 0.145090
vt 0.801840 0.140060
vt 0.801690 0.116000
vt 0.817100 0.168450
vt 0.821830 0.139720
vt 0.826100 0.152820
vt 0.286710 0.777300
vt 0.295380 0.781140
vt 0.294830 0.788490
vt 0.155480 0.726210
vt 0.140720 0.738100
vt 0.134160 0.712490
vt 0.487450 0.983580
vt 0.500900 0.976500
vt 0.500370 0.982930
vt 0.505770 0.631820
vt 0.992200 0.221830
vt 0.990270 0.227880
vt 0.980050 0.223320
vt 0.396100 0.769320
vt 0.404390 0.783390
vt 0.397100 0.784130
vt 0.939880 0.032310
vt 0.929520 0.057800
vt 0.925630 0.047240
vt 0.253320 0.324410
vt 0.630770 0.140160
vt 0.645040 0.134870
vt 0.625850 0.148500
vt 0.107600 0.586420
vt 0.113270 0.560780
vt 0.116400 0.579840
vt 0.905040 0.465770
vt 0.888370 0.460620
vt 0.900630 0.449120
vt 0.911580 0.182470
vt 0.903330 0.194500
vt 0.895930 0.191770
vt 0.874870 0.468810
vt 0.872850 0.452040
vt 0.881610 0.449040
vt 0.786750 0.160120
vt 0.780750 0.148340
vt 0.787850 0.149180
vt 0.118850 0.840790
vt 0.098470 0.859470
vt 0.090100 0.844060
vt 0.564230 0.640030
vt 0.578390 0.648820
vt 0.555330 0.654070
vt 0.186310 0.902360
vt 0.182640 0.869290
vt 0.193070 0.880890
vt 0.859040 0.051940
vt 0.846860 0.061920
vt 0.846180 0.049250
vt 0.576360 0.454360
vt 0.567030 0.463590
vt 0.560810 0.440070
vt 0.696760 0.734160
vt 0.707710 0.750670
vt 0.458860 0.108110
vt 0.436620 0.104910
vt 0.435130 0.093330
vt 0.323770 0.715750
vt 0.309310 0.726690
vt 0.309630 0.720310
vt 0.799110 0.914550
vt 0.790850 0.898330
vt 0.795600 0.896220
vt 0.679220 0.726670
vt 0.660750 0.725100
vt 0.661110 0.721840
vt 0.375860 0.699490
vt 0.359310 0.700100
vt 0.361010 0.683920
vt 0.679790 0.898880
vt 0.678870 0.900280
vt 0.669950 0.894990
vt 0.699420 0.593180
vt 0.696350 0.594410
vt 0.691020 0.591480
vt 0.420960 0.492590
vt 0.421130 0.472460
vt 0.426400 0.483770
vt 0.430330 0.468940
vt 0.435740 0.457410
vt 0.444570 0.452870
vt 0.281410 0.902120
vt 0.273520 0.894790
vt 0.287710 0.874200
vt 0.480990 0.842080
vt 0.478210 0.844730
vt 0.476780 0.840750
vt 0.474390 0.371770
vt 0.468540 0.360410
vt 0.479820 0.356120
vt 0.843600 0.529740
vt 0.832740 0.548050
vt 0.834470 0.525870
vt 0.063700 0.668710
vt 0.073040 0.683140
vt 0.050710 0.673590
vt 0.893600 0.848250
vt 0.871920 0.830320
vt 0.888780 0.832410
vt 0.850900 0.878230
vt 0.849580 0.862520
vt 0.865890 0.860140
vt 0.295450 0.149980
vt 0.301230 0.161230
vt 0.291120 0.164310
vt 0.735530 0.661950
vt 0.742080 0.669650
vt 0.727420 0.658400
vt 0.857370 0.248530
vt 0.851390 0.258250
vt 0.845220 0.257360
vt 0.509540 0.693400
vt 0.528300 0.705340
vt 0.501690 0.698740
vt 0.723180 0.761980
vt 0.718640 0.763710
vt 0.719650 0.754520
vt 0.666430 0.047730
vt 0.692280 0.041270
vt 0.687040 0.059310
vt 0.716340 0.592540
vt 0.703340 0.593990
vt 0.697050 0.575390
vt 0.266190 0.964660
vt 0.270250 0.947060
vt 0.276950 0.959540
vt 0.879130 0.034690
vt 0.881510 0.044820
vt 0.871930 0.038280
vt 0.122580 0.542830
vt 0.544230 0.037080
vt 0.560310 0.025380
vt 0.558890 0.038780
vt 0.900910 0.524580
vt 0.887410 0.540850
vt 0.884110 0.517400
vt 0.881200 0.514710
vt 0.872500 0.523960
vt 0.868130 0.504390
vt 0.451990 0.055950
vt 0.433350 0.062130
vt 0.432580 0.056150
vt 0.647600 0.170870
vt 0.645630 0.167510
vt 0.650180 0.171680
vt 0.776490 0.978420
vt 0.787860 0.971620
vt 0.788950 0.985550
vt 0.648300 0.484120
vt 0.631280 0.481540
vt 0.642870 0.477130
vt 0.859420 0.394600
vt 0.850210 0.381680
vt 0.872690 0.382000
vt 0.457460 0.857520
vt 0.457510 0.859550
vt 0.448200 0.850490
vt 0.418610 0.834730
vt 0.423270 0.837340
vt 0.404810 0.843580
vt 0.357730 0.104400
vt 0.364840 0.097550
vt 0.366040 0.111610
vt 0.153490 0.101840
vt 0.160150 0.103450
vt 0.160530 0.109750
vt 0.317150 0.619330
vt 0.319460 0.613120
vt 0.328500 0.633030
vt 0.499230 0.294970
vt 0.491640 0.287670
vt 0.500860 0.278570
vt 0.415340 0.848470
vt 0.431200 0.841700
vt 0.428940 0.848870
vt 0.040320 0.481790
vt 0.042560 0.469660
vt 0.045430 0.462720
vt 0.420970 0.753830
vt 0.400060 0.746260
vt 0.410450 0.738880
vt 0.006820 0.959840
vt 0.005690 0.952120
vt 0.006610 0.946360
vt 0.450620 0.343250
vt 0.448280 0.353570
vt 0.431950 0.339660
vt 0.066210 0.950910
vt 0.045460 0.946870
vt 0.052200 0.934500
vt 0.033240 0.927120
vt 0.045010 0.932870
vt 0.844320 0.405950
vt 0.858800 0.421130
vt 0.850320 0.414720
vt 0.671840 0.772580
vt 0.664590 0.750850
vt 0.432700 0.544400
vt 0.444030 0.520680
vt 0.453540 0.543910
vt 0.427210 0.527070
vt 0.426570 0.533410
vt 0.177370 0.157630
vt 0.181440 0.169540
vt 0.171830 0.167000
vt 0.011960 0.643610
vt 0.006870 0.627820
vt 0.023700 0.640520
vt 0.533280 0.135260
vt 0.551470 0.132960
vt 0.544980 0.142540
vt 0.232280 0.701640
vt 0.230230 0.716420
vt 0.728770 0.910180
vt 0.746100 0.901040
vt 0.738710 0.909970
vt 0.087410 0.895580
vt 0.080910 0.853430
vt 0.053810 0.895030
vt 0.074710 0.896810
vt 0.066130 0.903930
vt 0.668580 0.936070
vt 0.669370 0.953100
vt 0.660420 0.949640
vt 0.832480 0.348950
vt 0.847040 0.341030
vt 0.842990 0.353950
vt 0.939020 0.487630
vt 0.950810 0.499080
vt 0.941860 0.494670
vt 0.615960 0.942960
vt 0.598340 0.938970
vt 0.623990 0.924640
vt 0.042540 0.081320
vt 0.041390 0.072460
vt 0.052710 0.075620
vt 0.853390 0.339320
vt 0.362980 0.256060
vt 0.370160 0.271070
vt 0.210100 0.696480
vt 0.204710 0.707920
vt 0.862700 0.427310
vt 0.869030 0.424520
vt 0.873760 0.437930
vt 0.658240 0.395070
vt 0.665740 0.393160
vt 0.662970 0.404560
vt 0.383980 0.452620
vt 0.382810 0.457690
vt 0.371880 0.452690
vt 0.137140 0.048230
vt 0.160910 0.045190
vt 0.147460 0.066810
vt 0.947430 0.888060
vt 0.954720 0.880440
vt 0.964190 0.889340
vt 0.961400 0.449980
vt 0.965780 0.459740
vt 0.956480 0.446320
vt 0.932830 0.978590
vt 0.925410 0.967880
vt 0.816510 0.193620
vt 0.810870 0.201570
vt 0.804710 0.192410
vt 0.532040 0.407620
vt 0.519720 0.400110
vt 0.545430 0.409850
vt 0.148800 0.950360
vt 0.129190 0.953020
vt 0.142850 0.946000
vt 0.663150 0.507570
vt 0.653250 0.495810
vt 0.667610 0.504360
vt 0.885970 0.897060
vt 0.863410 0.910570
vt 0.866480 0.896040
vt 0.500550 0.992010
vt 0.507910 0.990800
vt 0.316130 0.435630
vt 0.326040 0.426030
vt 0.326920 0.435780
vt 0.785140 0.585130
vt 0.793010 0.573250
vt 0.808780 0.569450
vt 0.342170 0.519940
vt 0.359540 0.543990
vt 0.345140 0.550800
vt 0.366320 0.533070
vt 0.353450 0.502200
vt 0.374910 0.522090
vt 0.377480 0.722370
vt 0.389380 0.726690
vt 0.376300 0.732920
vt 0.872740 0.197830
vt 0.860850 0.207930
vt 0.853370 0.197640
vt 0.710380 0.761390
vt 0.711740 0.772270
vt 0.700920 0.790250
vt 0.581970 0.668530
vt 0.569160 0.669350
vt 0.582690 0.657150
vt 0.278060 0.163210
vt 0.283890 0.169060
vt 0.296240 0.186490
vt 0.290330 0.190390
vt 0.289430 0.177280
vt 0.316630 0.442290
vt 0.858460 0.766860
vt 0.890230 0.764260
vt 0.877110 0.778730
vt 0.279660 0.643970
vt 0.302570 0.640340
vt 0.302690 0.656830
vt 0.291150 0.864420
vt 0.287420 0.863590
vt 0.715470 0.127290
vt 0.701640 0.128350
vt 0.717530 0.120510
vt 0.463340 0.507610
vt 0.452410 0.479900
vt 0.486750 0.499570
vt 0.471050 0.254430
vt 0.460090 0.259120
vt 0.477100 0.241500
vt 0.170720 0.111210
vt 0.348550 0.749980
vt 0.351410 0.757790
vt 0.339170 0.746110
vt 0.758270 0.735140
vt 0.784780 0.737010
vt 0.761080 0.741370
vt 0.963190 0.571800
vt 0.953110 0.579290
vt 0.952820 0.567370
vt 0.434250 0.086410
vt 0.446760 0.088640
vt 0.435550 0.089060
vt 0.750840 0.490750
vt 0.746910 0.491330
vt 0.641660 0.420110
vt 0.641170 0.406660
vt 0.655990 0.407990
vt 0.634100 0.053700
vt 0.145040 0.610200
vt 0.125860 0.620120
vt 0.126080 0.601480
vt 0.952930 0.965940
vt 0.957100 0.963780
vt 0.953240 0.974490
vt 0.449340 0.443180
vt 0.285880 0.611750
vt 0.281640 0.628990
vt 0.267980 0.603590
vt 0.703300 0.028420
vt 0.715790 0.034000
vt 0.097040 0.518170
vt 0.076930 0.503880
vt 0.084090 0.501500
vt 0.123930 0.532210
vt 0.114110 0.526460
vt 0.122200 0.519670
vt 0.426900 0.980880
vt 0.412060 0.976670
vt 0.420620 0.970460
vt 0.428000 0.962610
vt 0.437360 0.980080
vt 0.059610 0.788170
vt 0.069090 0.802680
vt 0.043650 0.796730
vt 0.905440 0.208840
vt 0.910370 0.194420
vt 0.505460 0.612050
vt 0.501230 0.635220
vt 0.559940 0.695520
vt 0.101070 0.491990
vt 0.112380 0.497740
vt 0.100370 0.505550
vt 0.603300 0.296140
vt 0.604380 0.291380
vt 0.609790 0.300610
vt 0.950080 0.863420
vt 0.942260 0.863750
vt 0.934240 0.856000
vt 0.489020 0.280230
vt 0.474450 0.289480
vt 0.484860 0.270880
vt 0.373370 0.750200
vt 0.365220 0.754810
vt 0.357380 0.744050
vt 0.938950 0.173680
vt 0.940770 0.185110
vt 0.928210 0.190230
vt 0.909940 0.219910
vt 0.915000 0.205970
vt 0.920530 0.212640
vt 0.147250 0.956530
vt 0.154020 0.961450
vt 0.168600 0.979340
vt 0.157240 0.975240
vt 0.189040 0.636040
vt 0.188980 0.660370
vt 0.175690 0.643490
vt 0.553090 0.649180
vt 0.553820 0.638820
vt 0.940130 0.554520
vt 0.925270 0.546760
vt 0.929010 0.536220
vt 0.203230 0.594390
vt 0.208780 0.594670
vt 0.209770 0.599640
vt 0.824270 0.853210
vt 0.828900 0.843960
vt 0.839510 0.840940
vt 0.281230 0.389970
vt 0.296920 0.377500
vt 0.329580 0.862870
vt 0.327210 0.858880
vt 0.332870 0.859260
vt 0.269770 0.460960
vt 0.248280 0.473800
vt 0.259020 0.458540
vt 0.298630 0.606930
vt 0.301230 0.619900
vt 0.281020 0.603570
vt 0.720510 0.376550
vt 0.712890 0.363520
vt 0.724900 0.366660
vt 0.013270 0.863950
vt 0.027390 0.829870
vt 0.037240 0.829920
vt 0.023980 0.889260
vt 0.030450 0.878900
vt 0.032620 0.886100
vt 0.651770 0.419700
vt 0.184390 0.694390
vt 0.170990 0.704650
vt 0.170930 0.696500
vt 0.658710 0.489950
vt 0.675670 0.492500
vt 0.318620 0.216740
vt 0.325320 0.228940
vt 0.319700 0.224280
vt 0.553810 0.953100
vt 0.576490 0.970760
vt 0.555800 0.969120
vt 0.529370 0.947500
vt 0.517550 0.956220
vt 0.509680 0.951580
vt 0.116430 0.086440
vt 0.125070 0.109220
vt 0.107950 0.110500
vt 0.128020 0.697150
vt 0.135740 0.670740
vt 0.150670 0.684870
vt 0.486960 0.699650
vt 0.499670 0.679410
vt 0.498090 0.694130
vt 0.433980 0.896450
vt 0.432200 0.899460
vt 0.427940 0.898420
vt 0.835440 0.856200
vt 0.849530 0.849630
vt 0.444120 0.873410
vt 0.447720 0.884570
vt 0.445730 0.887370
vt 0.486150 0.953790
vt 0.506300 0.940380
vt 0.867930 0.995000
vt 0.871820 0.988860
vt 0.878980 0.995490
vt 0.892310 0.198940
vt 0.878170 0.191130
vt 0.404510 0.875540
vt 0.440510 0.890730
vt 0.398740 0.885520
vt 0.908080 0.740340
vt 0.908320 0.743140
vt 0.905700 0.738060
vt 0.895820 0.734390
vt 0.901140 0.753460
vt 0.068780 0.082520
vt 0.058890 0.079220
vt 0.071320 0.078820
vt 0.443070 0.815510
vt 0.446500 0.830730
vt 0.435610 0.826610
vt 0.811740 0.970050
vt 0.819820 0.962980
vt 0.830090 0.974780
vt 0.118330 0.542590
vt 0.101100 0.527470
vt 0.109070 0.527200
vt 0.420980 0.567240
vt 0.423970 0.567790
vt 0.430300 0.579990
vt 0.725170 0.428580
vt 0.711830 0.415980
vt 0.731680 0.409220
vt 0.729990 0.042650
vt 0.737410 0.030720
vt 0.733820 0.041260
vt 0.563900 0.730160
vt 0.560460 0.735050
vt 0.553640 0.721240
vt 0.975740 0.606130
vt 0.972520 0.604940
vt 0.972380 0.586570
vt 0.804770 0.737680
vt 0.793270 0.748450
vt 0.451250 0.051000
vt 0.435750 0.048840
vt 0.451020 0.036510
vt 0.581920 0.463700
vt 0.383260 0.740670
vt 0.393230 0.734080
vt 0.886560 0.478420
vt 0.874700 0.485010
vt 0.869580 0.483230
vt 0.673940 0.158540
vt 0.685390 0.137220
vt 0.421090 0.829170
vt 0.411010 0.831370
vt 0.423660 0.817230
vt 0.030800 0.909230
vt 0.024990 0.897090
vt 0.046040 0.909140
vt 0.847000 0.807640
vt 0.843750 0.792600
vt 0.853830 0.797430
vt 0.008040 0.870430
vt 0.013620 0.885580
vt 0.008300 0.875730
vt 0.731900 0.103860
vt 0.735170 0.103290
vt 0.741110 0.116600
vt 0.866580 0.487410
vt 0.853610 0.493580
vt 0.172430 0.189010
vt 0.159540 0.185290
vt 0.177860 0.228870
vt 0.165460 0.249310
vt 0.175890 0.219580
vt 0.198380 0.189100
vt 0.200690 0.201220
vt 0.183840 0.205180
vt 0.440210 0.507100
vt 0.310610 0.957980
vt 0.305040 0.960090
vt 0.312060 0.955770
vt 0.415840 0.857410
vt 0.404070 0.866340
vt 0.414800 0.854200
vt 0.741620 0.294390
vt 0.740570 0.312520
vt 0.728680 0.309210
vt 0.677970 0.315170
vt 0.665640 0.313090
vt 0.671060 0.309820
vt 0.283580 0.763260
vt 0.278930 0.771090
vt 0.277560 0.766480
vt 0.939190 0.817710
vt 0.940190 0.822800
vt 0.925160 0.815930
vt 0.189270 0.552910
vt 0.182180 0.542610
vt 0.188640 0.549400
vt 0.467060 0.695860
vt 0.445330 0.711900
vt 0.441160 0.695350
vt 0.467310 0.467450
vt 0.458240 0.465050
vt 0.461770 0.464890
vt 0.434120 0.985690
vt 0.439220 0.985700
vt 0.354930 0.837060
vt 0.344980 0.840680
vt 0.355880 0.826770
vt 0.751770 0.633110
vt 0.770090 0.625250
vt 0.745700 0.655050
vt 0.668710 0.992430
vt 0.660720 0.990860
vt 0.667610 0.967800
vt 0.772080 0.117920
vt 0.780060 0.110710
vt 0.781850 0.121220
vt 0.389680 0.328740
vt 0.413950 0.324630
vt 0.398120 0.330490
vt 0.367970 0.329510
vt 0.387810 0.332050
vt 0.108660 0.642500
vt 0.092370 0.654470
vt 0.086140 0.645440
vt 0.326100 0.214090
vt 0.779510 0.655610
vt 0.782390 0.650870
vt 0.794470 0.677790
vt 0.366680 0.447340
vt 0.358420 0.436980
vt 0.383320 0.439720
vt 0.228790 0.281400
vt 0.966470 0.536650
vt 0.965260 0.554450
vt 0.963660 0.534970
vt 0.793410 0.442040
vt 0.808030 0.428640
vt 0.812930 0.435460
vt 0.023020 0.525710
vt 0.025530 0.545030
vt 0.021210 0.530110
vt 0.806780 0.352660
vt 0.804600 0.340520
vt 0.818850 0.364300
vt 0.067570 0.642360
vt 0.084690 0.635130
vt 0.080460 0.964160
vt 0.071790 0.949590
vt 0.538530 0.327630
vt 0.517530 0.315740
vt 0.537850 0.324200
vt 0.424120 0.329050
vt 0.421810 0.318670
vt 0.952220 0.554080
vt 0.954270 0.544420
vt 0.817190 0.321420
vt 0.829620 0.320000
vt 0.813470 0.332230
vt 0.435790 0.310510
vt 0.445540 0.294090
vt 0.445980 0.300460
vt 0.670110 0.837890
vt 0.678030 0.849840
vt 0.679530 0.857560
vt 0.292930 0.713670
vt 0.307690 0.703850
vt 0.295360 0.731060
vt 0.429280 0.306300
vt 0.426000 0.314240
vt 0.150610 0.745840
vt 0.121980 0.740540
vt 0.730780 0.876520
vt 0.725010 0.864610
vt 0.743810 0.882990
vt 0.035750 0.787000
vt 0.034540 0.803940
vt 0.025390 0.811640
vt 0.959920 0.931050
vt 0.964790 0.926950
vt 0.968520 0.946550
vt 0.325620 0.739870
vt 0.339280 0.737830
vt 0.334770 0.741580
vt 0.881640 0.406120
vt 0.895100 0.414100
vt 0.889520 0.416590
vt 0.101850 0.046340
vt 0.119190 0.064300
vt 0.099170 0.076600
vt 0.399280 0.481050
vt 0.418140 0.500220
vt 0.401490 0.504220
vt 0.089550 0.582460
vt 0.100420 0.605130
vt 0.673090 0.824700
vt 0.664010 0.819040
vt 0.669600 0.819240
vt 0.646670 0.236800
vt 0.634190 0.223720
vt 0.640950 0.223840
vt 0.677390 0.795170
vt 0.684420 0.800600
vt 0.677060 0.800050
vt 0.094880 0.494770
vt 0.096350 0.487930
vt 0.372360 0.256670
vt 0.364750 0.253180
vt 0.689440 0.808800
vt 0.693410 0.815560
vt 0.685510 0.821820
vt 0.824850 0.609390
vt 0.821550 0.599300
vt 0.835940 0.608480
vt 0.356080 0.323360
vt 0.394870 0.309590
vt 0.401610 0.312460
vt 0.045890 0.658890
vt 0.037290 0.670690
vt 0.042160 0.648590
vt 0.210330 0.863160
vt 0.223940 0.856900
vt 0.210230 0.870640
vt 0.697240 0.493990
vt 0.698570 0.485330
vt 0.703550 0.498740
vt 0.070970 0.930550
vt 0.056600 0.934160
vt 0.068390 0.917260
vt 0.568090 0.902330
vt 0.073290 0.914040
vt 0.320310 0.883850
vt 0.304220 0.887800
vt 0.316270 0.880630
vt 0.478950 0.408970
vt 0.468090 0.389860
vt 0.477720 0.393600
vt 0.476340 0.381910
vt 0.484730 0.406110
vt 0.720820 0.472450
vt 0.399720 0.738840
vt 0.408620 0.735180
vt 0.305520 0.921440
vt 0.316000 0.953080
vt 0.299740 0.948530
vt 0.793110 0.262640
vt 0.781450 0.267930
vt 0.785830 0.259120
vt 0.435140 0.224990
vt 0.451030 0.253240
vt 0.431630 0.247370
vt 0.658900 0.179590
vt 0.660100 0.167620
vt 0.560070 0.043940
vt 0.562630 0.053790
vt 0.553390 0.070010
vt 0.843770 0.293620
vt 0.847870 0.295260
vt 0.834100 0.294390
vt 0.171710 0.532960
vt 0.169170 0.529640
vt 0.177070 0.187940
vt 0.057600 0.584810
vt 0.052000 0.578210
vt 0.069500 0.574990
vt 0.717270 0.277990
vt 0.731630 0.281910
vt 0.289310 0.902780
vt 0.140410 0.530190
vt 0.231430 0.333530
vt 0.226520 0.341510
vt 0.206900 0.338760
vt 0.440690 0.574450
vt 0.448480 0.571090
vt 0.460170 0.574870
vt 0.203810 0.844590
vt 0.193630 0.821010
vt 0.207370 0.819140
vt 0.261770 0.225020
vt 0.255080 0.242770
vt 0.241660 0.227350
vt 0.514970 0.981210
vt 0.988690 0.187300
vt 0.987290 0.175170
vt 0.989950 0.181740
vt 0.807150 0.517310
vt 0.797400 0.524000
vt 0.788810 0.510310
vt 0.615280 0.330470
vt 0.611540 0.315470
vt 0.630040 0.313330
vt 0.187240 0.978570
vt 0.175110 0.974740
vt 0.188080 0.972710
vt 0.527220 0.929830
vt 0.513880 0.920890
vt 0.675550 0.654440
vt 0.668140 0.661350
vt 0.671080 0.643810
vt 0.482020 0.091420
vt 0.475500 0.093430
vt 0.474010 0.081840
vt 0.483060 0.110970
vt 0.482650 0.094880
vt 0.515810 0.769630
vt 0.492940 0.775610
vt 0.494810 0.749400
vt 0.496680 0.790710
vt 0.503730 0.802990
vt 0.757660 0.413200
vt 0.774220 0.405960
vt 0.777150 0.409560
vt 0.129650 0.924390
vt 0.471090 0.089320
vt 0.152740 0.556310
vt 0.158910 0.549280
vt 0.157050 0.557720
vt 0.169680 0.098700
vt 0.163630 0.091450
vt 0.153960 0.091340
vt 0.280160 0.278890
vt 0.294160 0.251300
vt 0.304400 0.263440
vt 0.319270 0.379030
vt 0.059530 0.419360
vt 0.091480 0.426270
vt 0.058570 0.438990
vt 0.833010 0.840440
vt 0.852970 0.834230
vt 0.211550 0.887170
vt 0.197650 0.884370
vt 0.960580 0.440150
vt 0.959320 0.441990
vt 0.957680 0.430650
vt 0.919060 0.476690
vt 0.909620 0.475310
vt 0.719320 0.712570
vt 0.725610 0.709150
vt 0.722290 0.730220
vt 0.736350 0.727830
vt 0.737210 0.731560
vt 0.655630 0.353730
vt 0.665920 0.366190
vt 0.644890 0.374320
vt 0.584200 0.645430
vt 0.599310 0.643460
vt 0.587350 0.657410
vt 0.937150 0.939730
vt 0.939160 0.929410
vt 0.951170 0.942590
vt 0.405190 0.720460
vt 0.421040 0.723820
vt 0.708200 0.390950
vt 0.721780 0.398590
vt 0.710250 0.912150
vt 0.715720 0.904360
vt 0.722320 0.923970
vt 0.418520 0.800690
vt 0.406290 0.794570
vt 0.766830 0.267820
vt 0.763160 0.267190
vt 0.773010 0.258100
vt 0.741890 0.411500
vt 0.732410 0.398110
vt 0.737930 0.396440
vt 0.916210 0.363140
vt 0.284050 0.093450
vt 0.271110 0.088260
vt 0.277650 0.079670
vt 0.340250 0.405320
vt 0.339950 0.383600
vt 0.345680 0.403360
vt 0.835280 0.498280
vt 0.825050 0.500750
vt 0.832900 0.494160
vt 0.535360 0.986910
vt 0.540500 0.973140
vt 0.541010 0.986910
vt 0.090970 0.448990
vt 0.088590 0.470020
vt 0.080070 0.460700
vt 0.463620 0.443010
vt 0.451430 0.451500
vt 0.466660 0.432320
vt 0.031950 0.493210
vt 0.027610 0.502930
vt 0.029570 0.495770
vt 0.347770 0.147850
vt 0.353040 0.158670
vt 0.341810 0.158370
vt 0.755470 0.626910
vt 0.742770 0.634910
vt 0.048190 0.128070
vt 0.965120 0.251420
vt 0.373330 0.462420
vt 0.389200 0.478880
vt 0.314800 0.026530
vt 0.293150 0.034250
vt 0.308790 0.025500
vt 0.743910 0.630180
vt 0.746190 0.628950
vt 0.748440 0.628780
vt 0.476350 0.416460
vt 0.486210 0.415670
vt 0.436890 0.894430
vt 0.749270 0.729680
vt 0.737000 0.736290
vt 0.265610 0.360160
vt 0.255480 0.348840
vt 0.266560 0.357040
vt 0.036750 0.611050
vt 0.008220 0.606150
vt 0.021040 0.602520
vt 0.206180 0.643770
vt 0.202510 0.625500
vt 0.165270 0.340370
vt 0.149300 0.344270
vt 0.148160 0.324450
vt 0.662090 0.483380
vt 0.803990 0.396610
vt 0.823670 0.397620
vt 0.810450 0.403530
vt 0.436280 0.742550
vt 0.439150 0.733630
vt 0.450160 0.736010
vt 0.673090 0.674120
vt 0.684750 0.690470
vt 0.686540 0.704690
vt 0.323810 0.181150
vt 0.418440 0.739890
vt 0.424510 0.744110
vt 0.428850 0.755200
vt 0.439550 0.728500
vt 0.431930 0.738020
vt 0.652390 0.461000
vt 0.649050 0.449770
vt 0.658580 0.446900
vt 0.669840 0.872110
vt 0.653920 0.863700
vt 0.656980 0.856040
vt 0.316550 0.824820
vt 0.327050 0.841310
vt 0.312650 0.827990
vt 0.462250 0.046120
vt 0.457600 0.035130
vt 0.932370 0.430440
vt 0.933310 0.428770
vt 0.947640 0.442240
vt 0.800580 0.926920
vt 0.938030 0.203130
vt 0.929530 0.200400
vt 0.658080 0.152100
vt 0.661710 0.133800
vt 0.237630 0.317710
vt 0.242350 0.330050
vt 0.233360 0.326690
vt 0.854660 0.258070
vt 0.351990 0.300630
vt 0.370760 0.297330
vt 0.250310 0.208910
vt 0.467620 0.278420
vt 0.476460 0.267240
vt 0.798630 0.652320
vt 0.810610 0.642850
vt 0.333070 0.760370
vt 0.033420 0.094330
vt 0.044020 0.091150
vt 0.031600 0.108520
vt 0.919120 0.527090
vt 0.917560 0.535380
vt 0.942260 0.585130
vt 0.928080 0.588330
vt 0.926070 0.586270
vt 0.359820 0.194680
vt 0.346170 0.192830
vt 0.353430 0.181710
vt 0.335230 0.179660
vt 0.342170 0.192530
vt 0.330660 0.195750
vt 0.838750 0.509570
vt 0.844600 0.502730
vt 0.849950 0.505780
vt 0.974980 0.154050
vt 0.956850 0.161890
vt 0.956530 0.147870
vt 0.920090 0.610120
vt 0.912810 0.609700
vt 0.913960 0.593120
vt 0.661590 0.732390
vt 0.315600 0.110920
vt 0.298350 0.108110
vt 0.306530 0.099320
vt 0.652430 0.077910
vt 0.656280 0.081810
vt 0.650250 0.083660
vt 0.327470 0.113400
vt 0.314930 0.100020
vt 0.335030 0.096800
vt 0.664880 0.077900
vt 0.828870 0.921970
vt 0.809510 0.943410
vt 0.327890 0.244370
vt 0.859590 0.099840
vt 0.861140 0.129930
vt 0.830820 0.135740
vt 0.165610 0.060900
vt 0.153390 0.077880
vt 0.143860 0.079600
vt 0.916870 0.530390
vt 0.916700 0.510000
vt 0.886530 0.234310
vt 0.868530 0.223730
vt 0.870970 0.214690
vt 0.817130 0.618550
vt 0.818880 0.619280
vt 0.810640 0.620000
vt 0.949170 0.456610
vt 0.827700 0.818260
vt 0.849510 0.821260
vt 0.943130 0.928930
vt 0.950500 0.933060
vt 0.921020 0.523260
vt 0.452090 0.295200
vt 0.455220 0.301740
vt 0.331290 0.217910
vt 0.342980 0.223870
vt 0.341680 0.231130
vt 0.896790 0.211080
vt 0.896640 0.219120
vt 0.892450 0.212100
vt 0.026810 0.981250
vt 0.015220 0.988310
vt 0.009820 0.981560
vt 0.312330 0.677170
vt 0.762550 0.402800
vt 0.767480 0.393420
vt 0.778690 0.394130
vt 0.187310 0.331270
vt 0.174460 0.320570
vt 0.179960 0.316960
vt 0.850590 0.330610
vt 0.004130 0.854540
vt 0.004990 0.852130
vt 0.274810 0.053230
vt 0.288130 0.061430
vt 0.284810 0.063890
vt 0.727460 0.569970
vt 0.719940 0.556630
vt 0.724240 0.552500
vt 0.755530 0.528560
vt 0.762250 0.549680
vt 0.742730 0.540940
vt 0.087910 0.087200
vt 0.436240 0.313910
vt 0.429380 0.323010
vt 0.468830 0.894190
vt 0.463380 0.897540
vt 0.466300 0.895080
vt 0.813180 0.308770
vt 0.811900 0.300820
vt 0.821900 0.313740
vt 0.801350 0.623450
vt 0.799050 0.636030
vt 0.795580 0.622990
vt 0.211140 0.404290
vt 0.241040 0.392560
vt 0.229430 0.405600
vt 0.806550 0.552270
vt 0.798420 0.558480
vt 0.810480 0.548400
vt 0.816970 0.552650
vt 0.815820 0.556930
vt 0.558790 0.373340
vt 0.551420 0.391340
vt 0.557290 0.368740
vt 0.083760 0.707330
vt 0.093930 0.722250
vt 0.081520 0.721380
vt 0.076550 0.662150
vt 0.087740 0.654900
vt 0.288170 0.188320
vt 0.279460 0.198140
vt 0.272830 0.175810
vt 0.513340 0.686440
vt 0.488240 0.067100
vt 0.499160 0.082570
vt 0.480300 0.083060
vt 0.465280 0.073260
vt 0.162270 0.233510
vt 0.151050 0.238980
vt 0.464150 0.909970
vt 0.461210 0.928450
vt 0.451130 0.906970
vt 0.040230 0.911600
vt 0.151180 0.655610
vt 0.171930 0.677130
vt 0.144350 0.667150
vt 0.117270 0.119600
vt 0.127190 0.111670
vt 0.365110 0.283580
vt 0.046610 0.101110
vt 0.027940 0.113900
vt 0.061040 0.635240
vt 0.054550 0.629940
vt 0.528200 0.490430
vt 0.308300 0.834830
vt 0.314740 0.843460
vt 0.288640 0.202600
vt 0.286910 0.302170
vt 0.164270 0.858290
vt 0.171060 0.837580
vt 0.185610 0.845600
vt 0.854400 0.890410
vt 0.862990 0.880030
vt 0.418620 0.381100
vt 0.418160 0.367160
vt 0.425660 0.379430
vt 0.432340 0.365500
vt 0.449780 0.378850
vt 0.526920 0.135320
vt 0.518500 0.146820
vt 0.508020 0.143120
vt 0.624600 0.988060
vt 0.621620 0.988340
vt 0.629640 0.978170
vt 0.124200 0.800760
vt 0.113200 0.796190
vt 0.119110 0.797720
vt 0.342670 0.697650
vt 0.356320 0.712740
vt 0.340320 0.705120
vt 0.087750 0.224480
vt 0.086460 0.252510
vt 0.082190 0.249090
vt 0.517430 0.412620
vt 0.512580 0.404290
vt 0.078030 0.238990
vt 0.075770 0.232280
vt 0.198950 0.893780
vt 0.450240 0.217570
vt 0.468210 0.227040
vt 0.771120 0.388290
vt 0.757660 0.383110
vt 0.758300 0.375270
vt 0.371410 0.414720
vt 0.385850 0.387530
vt 0.397350 0.402880
vt 0.502430 0.046400
vt 0.531210 0.076660
vt 0.523350 0.081200
vt 0.352380 0.863990
vt 0.341850 0.873460
vt 0.338240 0.870160
vt 0.465370 0.991800
vt 0.470050 0.990720
vt 0.377790 0.959940
vt 0.383460 0.957330
vt 0.386000 0.963870
vt 0.372340 0.963990
vt 0.375800 0.959290
vt 0.102190 0.905320
vt 0.113750 0.904820
vt 0.541070 0.684110
vt 0.544000 0.697710
vt 0.640620 0.252550
vt 0.541330 0.353770
vt 0.527710 0.360580
vt 0.532080 0.348950
vt 0.538810 0.344380
vt 0.253200 0.946880
vt 0.272250 0.937400
vt 0.088280 0.906730
vt 0.095250 0.904470
vt 0.543860 0.944000
vt 0.544010 0.925990
vt 0.549690 0.946640
vt 0.149930 0.181120
vt 0.152340 0.195870
vt 0.142460 0.198350
vt 0.938450 0.988280
vt 0.940040 0.981680
vt 0.950620 0.990270
vt 0.938680 0.997510
vt 0.346950 0.381710
vt 0.347890 0.368670
vt 0.369180 0.368520
vt 0.566830 0.844160
vt 0.553090 0.846880
vt 0.558610 0.843840
vt 0.464480 0.037220
vt 0.462670 0.035200
vt 0.037370 0.634080
vt 0.039340 0.638840
vt 0.797250 0.386350
vt 0.811300 0.389600
vt 0.610740 0.451680
vt 0.607540 0.445710
vt 0.614100 0.440730
vt 0.370590 0.175880
vt 0.368020 0.179250
vt 0.361650 0.179720
vt 0.455360 0.134590
vt 0.463850 0.137970
vt 0.462870 0.159440
vt 0.733140 0.864220
vt 0.983690 0.940270
vt 0.984930 0.945390
vt 0.977390 0.961880
vt 0.283260 0.143560
vt 0.286030 0.134900
vt 0.290680 0.132480
vt 0.060610 0.830810
vt 0.050360 0.836170
vt 0.051590 0.823550
vt 0.345880 0.844200
vt 0.019140 0.534290
vt 0.123240 0.304540
vt 0.107740 0.308490
vt 0.104320 0.300240
vt 0.371860 0.812720
vt 0.719610 0.460740
vt 0.733430 0.448510
vt 0.059310 0.056100
vt 0.065050 0.048380
vt 0.064970 0.068390
vt 0.368870 0.086480
vt 0.352270 0.092900
vt 0.360130 0.068490
vt 0.728360 0.648100
vt 0.741450 0.658050
vt 0.747750 0.665310
vt 0.589800 0.637470
vt 0.571670 0.636910
vt 0.583380 0.629590
vt 0.882950 0.367380
vt 0.892180 0.375010
vt 0.894440 0.380750
vt 0.325360 0.545410
vt 0.309070 0.533370
vt 0.329580 0.236000
vt 0.339490 0.235230
vt 0.337010 0.237400
vt 0.452270 0.327740
vt 0.454810 0.313570
vt 0.459610 0.326270
vt 0.061710 0.600080
vt 0.056480 0.984820
vt 0.079990 0.978910
vt 0.073190 0.997320
vt 0.354410 0.719210
vt 0.367330 0.720410
vt 0.358630 0.728070
vt 0.488950 0.088130
vt 0.371190 0.172770
vt 0.904180 0.368920
vt 0.452670 0.841240
vt 0.446770 0.845600
vt 0.133300 0.805310
vt 0.136100 0.802450
vt 0.150010 0.813890
vt 0.850570 0.041910
vt 0.859870 0.040580
vt 0.867880 0.046620
vt 0.379240 0.151390
vt 0.362630 0.161030
vt 0.368800 0.149950
vt 0.728100 0.143490
vt 0.748660 0.129130
vt 0.735160 0.159700
vt 0.698360 0.694580
vt 0.705050 0.688420
vt 0.717830 0.694340
vt 0.699600 0.676390
vt 0.691520 0.681400
vt 0.201800 0.096320
vt 0.207000 0.102720
vt 0.195710 0.102630
vt 0.303870 0.448580
vt 0.307010 0.454990
vt 0.288120 0.458500
vt 0.810380 0.112130
vt 0.815340 0.090410
vt 0.824510 0.103200
vt 0.467750 0.557510
vt 0.459360 0.558490
vt 0.625100 0.267170
vt 0.646680 0.275640
vt 0.662210 0.274720
vt 0.665290 0.288870
vt 0.122200 0.766340
vt 0.114550 0.764310
vt 0.903190 0.775190
vt 0.907560 0.786120
vt 0.900950 0.782150
vt 0.953310 0.193240
vt 0.943160 0.197280
vt 0.948120 0.188200
vt 0.962060 0.136490
vt 0.954150 0.124320
vt 0.958620 0.126780
vt 0.599680 0.395850
vt 0.601600 0.388690
vt 0.955760 0.197360
vt 0.325130 0.591760
vt 0.331650 0.602760
vt 0.314700 0.601820
vt 0.328300 0.346430
vt 0.319620 0.330850
vt 0.333510 0.328090
vt 0.906960 0.224710
vt 0.906880 0.215690
vt 0.456840 0.754940
vt 0.468950 0.751250
vt 0.453930 0.759960
vt 0.080080 0.110790
vt 0.087960 0.103490
vt 0.447480 0.312510
vt 0.615370 0.031860
vt 0.631360 0.044040
vt 0.622910 0.043870
vt 0.710790 0.317030
vt 0.713650 0.317930
vt 0.713480 0.326690
vt 0.985200 0.991510
vt 0.978110 0.980430
vt 0.990290 0.984920
vt 0.825520 0.392320
vt 0.826080 0.384340
vt 0.830280 0.590270
vt 0.825160 0.591510
vt 0.830640 0.578500
vt 0.616600 0.043110
vt 0.695320 0.477730
vt 0.698570 0.463560
vt 0.699230 0.473410
vt 0.711280 0.428780
vt 0.700720 0.420380
vt 0.082970 0.439170
vt 0.058550 0.466360
vt 0.688330 0.689620
vt 0.693260 0.703770
vt 0.814650 0.382660
vt 0.794180 0.382960
vt 0.811270 0.377210
vt 0.805960 0.879220
vt 0.816350 0.895080
vt 0.289500 0.171470
vt 0.298520 0.175560
vt 0.918780 0.571930
vt 0.915190 0.560820
vt 0.913190 0.546880
vt 0.760260 0.762140
vt 0.768000 0.787180
vt 0.754370 0.770480
vt 0.259880 0.168810
vt 0.261510 0.177290
vt 0.254950 0.181100
vt 0.901100 0.441560
vt 0.904650 0.452560
vt 0.887160 0.446230
vt 0.895090 0.443840
vt 0.357920 0.580220
vt 0.368510 0.579970
vt 0.349990 0.594270
vt 0.256070 0.188740
vt 0.706900 0.832490
vt 0.697490 0.829780
vt 0.705170 0.823470
vt 0.874640 0.543810
vt 0.865420 0.547250
vt 0.199710 0.975900
vt 0.194870 0.977320
vt 0.442260 0.744720
vt 0.443970 0.750550
vt 0.590300 0.070210
vt 0.610460 0.086580
vt 0.445480 0.588000
vt 0.472840 0.588990
vt 0.444950 0.593670
vt 0.043620 0.108730
vt 0.921770 0.255730
vt 0.913360 0.258660
vt 0.921880 0.249550
vt 0.381080 0.511630
vt 0.137830 0.974870
vt 0.941750 0.963980
vt 0.944030 0.961450
vt 0.944530 0.969380
vt 0.604380 0.914970
vt 0.031040 0.043270
vt 0.020360 0.087840
vt 0.022100 0.068550
vt 0.137550 0.593910
vt 0.154300 0.590600
vt 0.156690 0.599490
vt 0.718610 0.347460
vt 0.715360 0.349460
vt 0.709660 0.336010
vt 0.893650 0.706430
vt 0.883350 0.701970
vt 0.891220 0.703640
vt 0.935370 0.806390
vt 0.937950 0.815280
vt 0.780040 0.432050
vt 0.784380 0.431010
vt 0.446310 0.584630
vt 0.730110 0.385510
vt 0.731650 0.378560
vt 0.306010 0.293900
vt 0.303850 0.297270
vt 0.298020 0.295660
vt 0.861620 0.986280
vt 0.864880 0.995470
vt 0.753210 0.303820
vt 0.767020 0.314030
vt 0.755350 0.319730
vt 0.529760 0.369160
vt 0.546260 0.361790
vt 0.736650 0.373720
vt 0.731660 0.371020
vt 0.846320 0.663360
vt 0.853050 0.667460
vt 0.845580 0.666370
vt 0.372980 0.167470
vt 0.352100 0.169210
vt 0.768480 0.121810
vt 0.776250 0.135820
vt 0.490460 0.121560
vt 0.236540 0.725980
vt 0.539520 0.948180
vt 0.540670 0.942340
vt 0.685650 0.581970
vt 0.682340 0.586760
vt 0.363590 0.978890
vt 0.364970 0.970320
vt 0.368210 0.977900
vt 0.375970 0.980500
vt 0.372060 0.979500
vt 0.716060 0.833790
vt 0.729060 0.851910
vt 0.592490 0.513620
vt 0.599070 0.502180
vt 0.600600 0.506710
vt 0.048670 0.966840
vt 0.033510 0.976930
vt 0.038640 0.963390
vt 0.944760 0.457480
vt 0.924690 0.440950
vt 0.470750 0.787370
vt 0.584080 0.856570
vt 0.586980 0.867180
vt 0.570270 0.862000
vt 0.542800 0.918390
vt 0.545980 0.916850
vt 0.554030 0.094780
vt 0.544810 0.072710
vt 0.561220 0.079200
vt 0.440630 0.570630
vt 0.445160 0.571350
vt 0.433140 0.568230
vt 0.948840 0.163870
vt 0.942000 0.166120
vt 0.978480 0.907530
vt 0.979700 0.910500
vt 0.877850 0.448540
vt 0.762340 0.625180
vt 0.766600 0.624910
vt 0.498870 0.742270
vt 0.505990 0.733320
vt 0.505430 0.750070
vt 0.850720 0.830120
vt 0.021350 0.818710
vt 0.012140 0.832660
vt 0.008870 0.822330
vt 0.788610 0.081490
vt 0.781610 0.078120
vt 0.785460 0.077990
vt 0.313470 0.277620
vt 0.309250 0.273010
vt 0.199550 0.296010
vt 0.191420 0.308390
vt 0.553980 0.415080
vt 0.571060 0.407810
vt 0.571690 0.410130
vt 0.538470 0.875260
vt 0.542160 0.854740
vt 0.540960 0.879580
vt 0.838230 0.908820
vt 0.835650 0.917060
vt 0.221190 0.916180
vt 0.207920 0.915290
vt 0.213900 0.909280
vt 0.041580 0.041520
vt 0.049650 0.036270
vt 0.073720 0.791180
vt 0.980500 0.522990
vt 0.981860 0.530430
vt 0.977620 0.534000
vt 0.931480 0.069650
vt 0.939390 0.081090
vt 0.940550 0.092710
vt 0.291680 0.954660
vt 0.282280 0.950470
vt 0.290110 0.945560
vt 0.403970 0.260030
vt 0.390400 0.281020
vt 0.386850 0.266030
vt 0.552400 0.939010
vt 0.573600 0.938590
vt 0.562010 0.946830
vt 0.387430 0.285280
vt 0.398090 0.284300
vt 0.054800 0.090310
vt 0.048220 0.093780
vt 0.908220 0.569880
vt 0.904920 0.582020
vt 0.894530 0.574500
vt 0.932130 0.092430
vt 0.914490 0.110260
vt 0.917670 0.089870
vt 0.928960 0.895440
vt 0.931700 0.879140
vt 0.944880 0.895610
vt 0.944340 0.114400
vt 0.923480 0.128930
vt 0.188840 0.178930
vt 0.178470 0.197350
vt 0.136430 0.294740
vt 0.146580 0.280460
vt 0.155140 0.291520
vt 0.431030 0.279730
vt 0.413720 0.269940
vt 0.422110 0.271380
vt 0.024650 0.994250
vt 0.040870 0.992450
vt 0.627840 0.025110
vt 0.055470 0.156270
vt 0.274240 0.248570
vt 0.276620 0.261150
vt 0.252310 0.040890
vt 0.255320 0.038040
vt 0.273620 0.050820
vt 0.541020 0.737390
vt 0.262650 0.036790
vt 0.146430 0.506900
vt 0.155060 0.509830
vt 0.159840 0.516120
vt 0.129020 0.198030
vt 0.128040 0.204600
vt 0.127580 0.189320
vt 0.757890 0.390000
vt 0.356410 0.782100
vt 0.366510 0.794530
vt 0.749170 0.887210
vt 0.746460 0.896400
vt 0.312050 0.303890
vt 0.314250 0.301100
vt 0.321010 0.312670
vt 0.051620 0.120900
vt 0.052720 0.723160
vt 0.053170 0.711940
vt 0.064330 0.716500
vt 0.145590 0.518640
vt 0.709510 0.708000
vt 0.710750 0.721070
vt 0.705830 0.718640
vt 0.276490 0.107640
vt 0.454200 0.753920
vt 0.898470 0.809160
vt 0.895410 0.815940
vt 0.900420 0.797310
vt 0.469370 0.976760
vt 0.458810 0.961250
vt 0.397150 0.335640
vt 0.695030 0.861860
vt 0.710100 0.859180
vt 0.611980 0.071800
vt 0.625140 0.076410
vt 0.058070 0.594080
vt 0.047130 0.587970
vt 0.835890 0.689390
vt 0.838440 0.683210
vt 0.846530 0.692350
vt 0.207310 0.944630
vt 0.192300 0.937260
vt 0.202030 0.940030
vt 0.188890 0.959040
vt 0.184130 0.950790
vt 0.424280 0.677640
vt 0.443900 0.679080
vt 0.421710 0.686360
vt 0.737200 0.851730
vt 0.740810 0.842680
vt 0.751520 0.852410
vt 0.118020 0.931230
vt 0.122200 0.929320
vt 0.829540 0.600990
vt 0.842760 0.609860
vt 0.953620 0.852580
vt 0.945180 0.849080
vt 0.953550 0.849490
vt 0.864660 0.654890
vt 0.868940 0.653450
vt 0.868850 0.656360
vt 0.866070 0.669480
vt 0.855930 0.665500
vt 0.867430 0.651150
vt 0.855660 0.650780
vt 0.086950 0.258340
vt 0.085830 0.255470
vt 0.215800 0.018690
vt 0.216830 0.008280
vt 0.222040 0.016200
vt 0.025660 0.907830
vt 0.016080 0.924880
vt 0.023080 0.901960
vt 0.290380 0.499060
vt 0.298520 0.461640
vt 0.461100 0.623930
vt 0.467120 0.600650
vt 0.440700 0.794010
vt 0.433820 0.817680
vt 0.436020 0.792460
vt 0.903160 0.835660
vt 0.918680 0.855030
vt 0.735550 0.755300
vt 0.747210 0.775580
vt 0.730610 0.777910
vt 0.103890 0.231060
vt 0.127670 0.215300
vt 0.127640 0.238850
vt 0.099720 0.451180
vt 0.106380 0.444600
vt 0.110730 0.445330
vt 0.646730 0.960120
vt 0.650270 0.950710
vt 0.236250 0.833080
vt 0.230170 0.849410
vt 0.227500 0.828130
vt 0.759180 0.114620
vt 0.754190 0.092320
vt 0.769240 0.109970
vt 0.322290 0.443080
vt 0.345090 0.442450
vt 0.949120 0.978390
vt 0.006660 0.634240
vt 0.008490 0.643480
vt 0.060040 0.104290
vt 0.052650 0.105690
vt 0.339940 0.434740
vt 0.976420 0.525130
vt 0.967800 0.530520
vt 0.966390 0.518340
vt 0.759060 0.714670
vt 0.190000 0.334680
vt 0.190310 0.339270
vt 0.186960 0.338950
vt 0.648250 0.022970
vt 0.652870 0.024890
vt 0.648740 0.032750
vt 0.660640 0.026610
vt 0.186040 0.955270
vt 0.455420 0.465320
vt 0.165860 0.163530
vt 0.860220 0.675350
vt 0.873170 0.688560
vt 0.858430 0.686010
vt 0.169770 0.969640
vt 0.329020 0.249530
vt 0.328570 0.254510
vt 0.258970 0.966020
vt 0.258490 0.958490
vt 0.264640 0.965750
vt 0.680350 0.986840
vt 0.681700 0.978520
vt 0.661300 0.735340
vt 0.088160 0.215340
vt 0.075790 0.228370
vt 0.824330 0.253480
vt 0.819710 0.253040
vt 0.763320 0.278490
vt 0.148320 0.821350
vt 0.144580 0.834410
vt 0.137730 0.828090
vt 0.864980 0.190090
vt 0.866540 0.178260
vt 0.404600 0.223430
vt 0.422520 0.228630
vt 0.399100 0.226990
vt 0.925030 0.223530
vt 0.931420 0.233680
vt 0.438810 0.194750
vt 0.446150 0.208550
vt 0.437750 0.198020
vt 0.393860 0.498260
vt 0.408820 0.462880
vt 0.396610 0.458980
vt 0.407980 0.451270
vt 0.974000 0.990690
vt 0.968890 0.993000
vt 0.969470 0.983330
vt 0.957840 0.986410
vt 0.965830 0.980130
vt 0.184890 0.173810
vt 0.187020 0.170250
vt 0.200210 0.169220
vt 0.118580 0.203050
vt 0.792900 0.347690
vt 0.790770 0.352760
vt 0.377780 0.148570
vt 0.732830 0.290810
vt 0.723700 0.287680
vt 0.123540 0.538290
vt 0.346390 0.739400
vt 0.291240 0.294940
vt 0.298220 0.279430
vt 0.517710 0.392180
vt 0.386410 0.247630
vt 0.375420 0.247520
vt 0.924020 0.946990
vt 0.926640 0.959380
vt 0.062570 0.496020
vt 0.082900 0.513520
vt 0.061610 0.500400
vt 0.523690 0.621410
vt 0.075650 0.561950
vt 0.073390 0.555630
vt 0.730090 0.430600
vt 0.720850 0.442480
vt 0.249960 0.337330
vt 0.242950 0.334470
vt 0.255180 0.331840
vt 0.193870 0.330250
vt 0.184130 0.308890
vt 0.218770 0.334260
vt 0.702650 0.768140
vt 0.068720 0.584710
vt 0.008320 0.615730
vt 0.008170 0.611660
vt 0.018000 0.619050
vt 0.636900 0.886860
vt 0.643870 0.904270
vt 0.619270 0.900160
vt 0.013520 0.921220
vt 0.951230 0.505980
vt 0.941920 0.510650
vt 0.931070 0.495220
vt 0.611740 0.326960
vt 0.606690 0.309890
vt 0.734500 0.598000
vt 0.742740 0.569270
vt 0.751730 0.589560
vt 0.285990 0.934060
vt 0.282930 0.924260
vt 0.369160 0.573600
vt 0.302820 0.329130
vt 0.306810 0.317790
vt 0.297750 0.214160
vt 0.347850 0.808640
vt 0.339750 0.808300
vt 0.346560 0.801540
vt 0.491260 0.516560
vt 0.467080 0.519360
vt 0.299040 0.195270
vt 0.046910 0.920760
vt 0.099550 0.481040
vt 0.657880 0.255370
vt 0.659470 0.229610
vt 0.668590 0.242240
vt 0.327480 0.770030
vt 0.347590 0.775420
vt 0.804580 0.568570
vt 0.282020 0.215310
vt 0.553320 0.352570
vt 0.330680 0.169400
vt 0.310890 0.166260
vt 0.315370 0.160140
vt 0.867570 0.059670
vt 0.859720 0.064210
vt 0.061210 0.940060
vt 0.849060 0.360670
vt 0.852230 0.349910
vt 0.856000 0.349220
vt 0.379580 0.137300
vt 0.377520 0.142710
vt 0.379150 0.134960
vt 0.841660 0.395250
vt 0.023440 0.864360
vt 0.033980 0.848230
vt 0.041660 0.844420
vt 0.847350 0.401620
vt 0.851830 0.400180
vt 0.876160 0.101770
vt 0.034880 0.487580
vt 0.045370 0.484690
vt 0.158780 0.617500
vt 0.156170 0.606220
vt 0.340120 0.151940
vt 0.051690 0.480770
vt 0.055960 0.491110
vt 0.064750 0.506640
vt 0.142520 0.137350
vt 0.159510 0.138630
vt 0.235040 0.961790
vt 0.225240 0.969320
vt 0.218510 0.959560
vt 0.685790 0.066890
vt 0.689040 0.064290
vt 0.422120 0.986000
vt 0.426260 0.985510
vt 0.716940 0.444530
vt 0.705260 0.465560
vt 0.706440 0.454960
vt 0.822690 0.514140
vt 0.827820 0.519810
vt 0.819180 0.517690
vt 0.165940 0.119540
vt 0.164010 0.121390
vt 0.058120 0.519010
vt 0.067020 0.523870
vt 0.051910 0.531890
vt 0.678780 0.924090
vt 0.678280 0.927710
vt 0.137770 0.895350
vt 0.127380 0.908390
vt 0.270990 0.141280
vt 0.904620 0.469990
vt 0.643320 0.981130
vt 0.655510 0.971230
vt 0.027140 0.578360
vt 0.041760 0.565590
vt 0.920920 0.052350
vt 0.921820 0.042410
vt 0.134380 0.883430
vt 0.125200 0.888480
vt 0.042670 0.604430
vt 0.034470 0.605150
vt 0.794300 0.093490
vt 0.798790 0.094870
vt 0.801580 0.100790
vt 0.009660 0.656760
vt 0.036720 0.643990
vt 0.507040 0.515330
vt 0.352970 0.811940
vt 0.361860 0.814340
vt 0.537480 0.435730
vt 0.544670 0.451880
vt 0.294560 0.694510
vt 0.293910 0.686230
vt 0.303950 0.677850
vt 0.060200 0.691720
vt 0.067540 0.693090
vt 0.364620 0.632030
vt 0.365640 0.654330
vt 0.351640 0.642650
vt 0.348770 0.612410
vt 0.339910 0.609700
vt 0.334050 0.642510
vt 0.115820 0.649460
vt 0.109490 0.656560
vt 0.817460 0.217650
vt 0.801590 0.246280
vt 0.793280 0.231670
vt 0.602370 0.855900
vt 0.067140 0.875650
vt 0.050550 0.845350
vt 0.077100 0.846320
vt 0.834780 0.872520
vt 0.839310 0.868540
vt 0.073020 0.767240
vt 0.067980 0.768540
vt 0.064380 0.746110
vt 0.666040 0.652960
vt 0.655440 0.661490
vt 0.652550 0.650590
vt 0.435230 0.328490
vt 0.346060 0.421130
vt 0.191740 0.911670
vt 0.192950 0.928980
vt 0.180390 0.926320
vt 0.365310 0.841320
vt 0.375080 0.847810
vt 0.535870 0.111480
vt 0.522080 0.124850
vt 0.757050 0.784800
vt 0.756480 0.677010
vt 0.765060 0.661010
vt 0.769910 0.661900
vt 0.254140 0.588970
vt 0.240060 0.581460
vt 0.241050 0.580340
vt 0.955240 0.461660
vt 0.946370 0.474180
vt 0.837090 0.178460
vt 0.838220 0.175310
vt 0.850690 0.182210
vt 0.031020 0.557450
vt 0.026800 0.572880
vt 0.023340 0.563560
vt 0.544050 0.604620
vt 0.548020 0.619430
vt 0.535290 0.601840
vt 0.910610 0.235630
vt 0.920560 0.237030
vt 0.334640 0.162370
vt 0.335380 0.141780
vt 0.471890 0.131430
vt 0.713290 0.107960
vt 0.719290 0.108070
vt 0.954720 0.482400
vt 0.967460 0.474590
vt 0.967450 0.481510
vt 0.381050 0.566310
vt 0.445150 0.913800
vt 0.913030 0.457880
vt 0.956340 0.994520
vt 0.770950 0.341680
vt 0.784090 0.335510
vt 0.781230 0.349940
vt 0.460460 0.057850
vt 0.450800 0.064160
vt 0.459910 0.335330
vt 0.931140 0.860290
vt 0.940090 0.875970
vt 0.935730 0.030980
vt 0.946640 0.028950
vt 0.933520 0.466440
vt 0.943140 0.463350
vt 0.616780 0.970520
vt 0.593780 0.962290
vt 0.608030 0.965320
vt 0.445440 0.987340
vt 0.840480 0.995090
vt 0.837350 0.992920
vt 0.850080 0.996960
vt 0.008180 0.929420
vt 0.011290 0.935230
vt 0.523360 0.150190
vt 0.532160 0.145580
vt 0.545830 0.717120
vt 0.824980 0.419930
vt 0.925930 0.926180
vt 0.927280 0.916720
vt 0.240730 0.894100
vt 0.240150 0.880020
vt 0.721320 0.493400
vt 0.733100 0.498800
vt 0.198670 0.050460
vt 0.197720 0.043640
vt 0.207510 0.038520
vt 0.321240 0.080010
vt 0.309890 0.079330
vt 0.316680 0.069600
vt 0.816660 0.513110
vt 0.809900 0.512230
vt 0.792800 0.503610
vt 0.804810 0.508660
vt 0.866840 0.678810
vt 0.901580 0.245140
vt 0.888980 0.243430
vt 0.897600 0.233180
vt 0.302740 0.669110
vt 0.314710 0.665450
vt 0.307240 0.674300
vt 0.228210 0.012690
vt 0.238330 0.012650
vt 0.512420 0.484680
vt 0.241160 0.693660
vt 0.246000 0.704210
vt 0.804520 0.306840
vt 0.794450 0.304750
vt 0.803310 0.291030
vt 0.955570 0.926750
vt 0.252070 0.568970
vt 0.252360 0.577000
vt 0.248500 0.572000
vt 0.815080 0.526210
vt 0.723890 0.828670
vt 0.724530 0.838430
vt 0.569400 0.627410
vt 0.575930 0.622400
vt 0.577920 0.624680
vt 0.889450 0.470240
vt 0.872690 0.475900
vt 0.502330 0.424890
vt 0.486650 0.438820
vt 0.494970 0.416760
vt 0.829850 0.190340
vt 0.685480 0.404670
vt 0.694700 0.394720
vt 0.703850 0.401370
vt 0.518800 0.420690
vt 0.525430 0.414870
vt 0.536860 0.417640
vt 0.807980 0.726030
vt 0.808990 0.728050
vt 0.808250 0.730280
vt 0.513330 0.670080
vt 0.506860 0.665480
vt 0.972830 0.045700
vt 0.955400 0.063710
vt 0.953310 0.051060
vt 0.858520 0.967600
vt 0.874960 0.967830
vt 0.859940 0.972250
vt 0.210780 0.007200
vt 0.201080 0.013830
vt 0.207270 0.007370
vt 0.428210 0.547270
vt 0.427480 0.557030
vt 0.424040 0.557330
vt 0.866240 0.309540
vt 0.863860 0.323330
vt 0.863330 0.316390
vt 0.315850 0.451100
vt 0.398650 0.468070
vt 0.844100 0.197770
vt 0.857140 0.187630
vt 0.987220 0.992560
vt 0.993620 0.990450
vt 0.990420 0.991510
vt 0.935430 0.528020
vt 0.158220 0.839140
vt 0.173510 0.816750
vt 0.898640 0.568420
vt 0.884750 0.569130
vt 0.876620 0.487030
vt 0.553220 0.710180
vt 0.365260 0.733430
vt 0.360800 0.731550
vt 0.378180 0.717990
vt 0.689710 0.120620
vt 0.698720 0.122680
vt 0.687470 0.121460
vt 0.897670 0.787040
vt 0.337170 0.242190
vt 0.334950 0.243490
vt 0.304510 0.218810
vt 0.255590 0.676140
vt 0.254040 0.668990
vt 0.264710 0.673680
vt 0.797480 0.149000
vt 0.803970 0.161710
vt 0.796420 0.161610
vt 0.602550 0.419970
vt 0.623350 0.413540
vt 0.243390 0.865130
vt 0.235090 0.857350
vt 0.779990 0.135580
vt 0.311490 0.739800
vt 0.319430 0.732520
vt 0.324480 0.206230
vt 0.332510 0.204390
vt 0.724510 0.028290
vt 0.722800 0.047930
vt 0.498200 0.609050
vt 0.942270 0.828890
vt 0.931140 0.832450
vt 0.527590 0.635940
vt 0.984830 0.559900
vt 0.983980 0.556990
vt 0.967150 0.467530
vt 0.952520 0.473350
vt 0.387690 0.094830
vt 0.379560 0.097130
vt 0.388370 0.091410
vt 0.117440 0.469930
vt 0.108360 0.463170
vt 0.127110 0.464790
vt 0.675340 0.786910
vt 0.672650 0.782850
vt 0.525880 0.347150
vt 0.919780 0.182720
vt 0.921290 0.169120
vt 0.911840 0.166200
vt 0.904320 0.175050
vt 0.029830 0.690080
vt 0.036770 0.689780
vt 0.044030 0.691020
vt 0.449280 0.858470
vt 0.441320 0.849940
vt 0.367830 0.351660
vt 0.363690 0.340410
vt 0.377040 0.347150
vt 0.346490 0.499190
vt 0.833620 0.881020
vt 0.842680 0.885080
vt 0.832130 0.878160
vt 0.037790 0.084930
vt 0.147770 0.086160
vt 0.142110 0.085610
vt 0.893630 0.775020
vt 0.490090 0.382830
vt 0.467180 0.372400
vt 0.856280 0.990050
vt 0.853540 0.996080
vt 0.775550 0.726340
vt 0.025370 0.099780
vt 0.021420 0.093310
vt 0.717400 0.298370
vt 0.717120 0.293840
vt 0.724860 0.301890
vt 0.310890 0.405590
vt 0.173910 0.762570
vt 0.169860 0.761940
vt 0.372920 0.557610
vt 0.365180 0.558190
vt 0.779900 0.289330
vt 0.787890 0.294180
vt 0.191550 0.707330
vt 0.183900 0.714480
vt 0.576070 0.023520
vt 0.578560 0.022620
vt 0.581550 0.033880
vt 0.399000 0.730990
vt 0.356360 0.800560
vt 0.350500 0.211640
vt 0.346660 0.216830
vt 0.337520 0.208750
vt 0.243830 0.346690
vt 0.904620 0.049250
vt 0.888450 0.047750
vt 0.456650 0.355500
vt 0.258360 0.538470
vt 0.253840 0.536120
vt 0.946800 0.563840
vt 0.034280 0.130930
vt 0.573870 0.620820
vt 0.558400 0.629140
vt 0.555890 0.617060
vt 0.119390 0.826430
vt 0.085190 0.829780
vt 0.082400 0.807080
vt 0.804010 0.622970
vt 0.808010 0.620430
vt 0.381520 0.044200
vt 0.376170 0.047560
vt 0.377140 0.040210
vt 0.896880 0.538080
vt 0.248060 0.877030
vt 0.874180 0.703580
vt 0.842500 0.710740
vt 0.744460 0.352090
vt 0.740400 0.324630
vt 0.753240 0.347670
vt 0.167470 0.763530
vt 0.160600 0.765800
vt 0.156300 0.755780
vt 0.121110 0.649850
vt 0.113090 0.640360
vt 0.156920 0.768120
vt 0.671720 0.419400
vt 0.663810 0.411520
vt 0.293400 0.434340
vt 0.630670 0.299380
vt 0.616810 0.305050
vt 0.626380 0.297390
vt 0.302400 0.252670
vt 0.314670 0.247970
vt 0.313840 0.252670
vt 0.340160 0.601800
vt 0.345240 0.589860
vt 0.240510 0.459150
vt 0.252960 0.441960
vt 0.911570 0.101630
vt 0.911100 0.086670
vt 0.007680 0.644900
vt 0.008830 0.650830
vt 0.675050 0.186880
vt 0.675870 0.177570
vt 0.679990 0.188190
vt 0.401470 0.288830
vt 0.076010 0.904500
vt 0.049620 0.670440
vt 0.058740 0.669910
vt 0.946070 0.842190
vt 0.245570 0.707470
vt 0.117120 0.149590
vt 0.127770 0.145950
vt 0.127370 0.157440
vt 0.053000 0.188090
vt 0.053910 0.186020
vt 0.054930 0.190740
vt 0.839670 0.945730
vt 0.849050 0.956110
vt 0.572660 0.088070
vt 0.564000 0.108850
vt 0.295580 0.070920
vt 0.334120 0.274170
vt 0.650880 0.843150
vt 0.650310 0.853050
vt 0.640490 0.860270
vt 0.719040 0.049510
vt 0.273290 0.238940
vt 0.291180 0.230630
vt 0.284590 0.246450
vt 0.326250 0.621200
vt 0.367010 0.829980
vt 0.599570 0.310310
vt 0.600080 0.307770
vt 0.050770 0.651590
vt 0.071980 0.652260
vt 0.055790 0.657380
vt 0.234290 0.742680
vt 0.256510 0.745740
vt 0.249100 0.747260
vt 0.970640 0.262080
vt 0.989690 0.250380
vt 0.407950 0.924070
vt 0.403080 0.928750
vt 0.396570 0.920960
vt 0.228040 0.352460
vt 0.899980 0.364890
vt 0.689310 0.654010
vt 0.692700 0.669430
vt 0.684520 0.660100
vt 0.549550 0.924330
vt 0.951570 0.264330
vt 0.944170 0.266530
vt 0.952710 0.259280
vt 0.943450 0.156860
vt 0.933980 0.151550
vt 0.942530 0.150050
vt 0.950190 0.143430
vt 0.776580 0.107900
vt 0.825390 0.555340
vt 0.831340 0.559470
vt 0.831430 0.573090
vt 0.679490 0.868700
vt 0.667510 0.852750
vt 0.679840 0.864910
vt 0.745150 0.798220
vt 0.735570 0.799700
vt 0.738620 0.788020
vt 0.584820 0.643010
vt 0.715100 0.678530
vt 0.727210 0.680180
vt 0.268470 0.475310
vt 0.276610 0.464380
vt 0.275760 0.472780
vt 0.705420 0.636980
vt 0.705190 0.644690
vt 0.695790 0.637960
vt 0.261920 0.016670
vt 0.898150 0.866330
vt 0.906190 0.866190
vt 0.883840 0.712420
vt 0.893940 0.709320
vt 0.899620 0.054730
vt 0.470580 0.850970
vt 0.461110 0.856060
vt 0.135800 0.833640
vt 0.126470 0.830060
vt 0.776720 0.966770
vt 0.777840 0.958920
vt 0.789600 0.398370
vt 0.903760 0.219970
vt 0.849680 0.368040
vt 0.858510 0.368640
vt 0.494510 0.658680
vt 0.499680 0.665910
vt 0.506980 0.528340
vt 0.516670 0.525750
vt 0.816370 0.847730
vt 0.812880 0.852740
vt 0.804080 0.851400
vt 0.158690 0.693600
vt 0.157280 0.714180
vt 0.549660 0.345640
vt 0.154530 0.254330
vt 0.171830 0.282400
vt 0.165530 0.284300
vt 0.982390 0.540350
vt 0.978260 0.544170
vt 0.982670 0.536540
vt 0.459430 0.093740
vt 0.640500 0.362550
vt 0.632650 0.377390
vt 0.137000 0.580660
vt 0.123370 0.582220
vt 0.133140 0.574400
vt 0.059510 0.417000
vt 0.080560 0.412340
vt 0.535450 0.455340
vt 0.207150 0.959820
vt 0.933300 0.227090
vt 0.547940 0.871420
vt 0.554890 0.864600
vt 0.818030 0.549020
vt 0.817380 0.536580
vt 0.284920 0.630490
vt 0.289810 0.640380
vt 0.970810 0.602990
vt 0.966400 0.588110
vt 0.669220 0.465400
vt 0.661640 0.468520
vt 0.692340 0.855430
vt 0.707440 0.849980
vt 0.946680 0.037620
vt 0.958820 0.038180
vt 0.262530 0.663690
vt 0.252280 0.664420
vt 0.916500 0.452620
vt 0.040120 0.473080
vt 0.051020 0.034740
vt 0.055770 0.033830
vt 0.746780 0.395740
vt 0.691110 0.733420
vt 0.927050 0.849360
vt 0.371640 0.060340
vt 0.393080 0.057010
vt 0.385000 0.064430
vt 0.230550 0.491630
vt 0.244590 0.496340
vt 0.229030 0.497800
vt 0.304810 0.134960
vt 0.306940 0.146850
vt 0.757310 0.485850
vt 0.178710 0.809750
vt 0.183110 0.811720
vt 0.617090 0.292390
vt 0.623920 0.284650
vt 0.857640 0.218350
vt 0.858750 0.215640
vt 0.754920 0.568150
vt 0.746540 0.562700
vt 0.087890 0.692940
vt 0.449470 0.776940
vt 0.317970 0.238250
vt 0.319140 0.263860
vt 0.704880 0.111150
vt 0.237200 0.400520
vt 0.396210 0.927720
vt 0.626390 0.971000
vt 0.598890 0.955550
vt 0.628040 0.960010
vt 0.220620 0.049270
vt 0.213230 0.061880
vt 0.710760 0.572770
vt 0.680700 0.940550
vt 0.670250 0.937070
vt 0.680320 0.934550
vt 0.197190 0.971580
vt 0.214690 0.968720
vt 0.215330 0.974690
vt 0.260080 0.894070
vt 0.437370 0.270450
vt 0.756540 0.456400
vt 0.766250 0.462190
vt 0.403800 0.761910
vt 0.396370 0.748450
vt 0.507130 0.473340
vt 0.475770 0.466940
vt 0.491320 0.458490
vt 0.351410 0.600610
vt 0.912760 0.398420
vt 0.670020 0.147210
vt 0.663640 0.147940
vt 0.669660 0.130940
vt 0.522540 0.032800
vt 0.534190 0.048050
vt 0.518000 0.044810
vt 0.728440 0.446900
vt 0.742520 0.422970
vt 0.747420 0.430640
vt 0.600120 0.020660
vt 0.608070 0.023160
vt 0.399660 0.828920
vt 0.407060 0.510610
vt 0.291510 0.754250
vt 0.303440 0.742750
vt 0.305210 0.750220
vt 0.111910 0.605580
vt 0.241890 0.238960
vt 0.697030 0.240180
vt 0.703110 0.241250
vt 0.713400 0.265810
vt 0.364090 0.184800
vt 0.602620 0.036390
vt 0.578950 0.049750
vt 0.026730 0.713760
vt 0.028730 0.731810
vt 0.012560 0.728340
vt 0.664280 0.165960
vt 0.977420 0.180130
vt 0.347410 0.181840
vt 0.148440 0.863510
vt 0.138710 0.863530
vt 0.153840 0.843100
vt 0.637760 0.821390
vt 0.634400 0.826060
vt 0.634700 0.818410
vt 0.390100 0.297290
vt 0.378250 0.307200
vt 0.355040 0.198470
vt 0.255970 0.501430
vt 0.251310 0.508310
vt 0.251960 0.495690
vt 0.108470 0.599890
vt 0.105100 0.610620
vt 0.826870 0.953110
vt 0.832920 0.956780
vt 0.827810 0.961260
vt 0.166340 0.221960
vt 0.161590 0.218280
vt 0.173450 0.204440
vt 0.500150 0.327370
vt 0.517670 0.327990
vt 0.509220 0.333440
vt 0.122640 0.693080
vt 0.123270 0.684880
vt 0.137550 0.507830
vt 0.148180 0.940360
vt 0.162190 0.959500
vt 0.286770 0.578720
vt 0.269920 0.580150
vt 0.145980 0.938810
vt 0.834760 0.507370
vt 0.750280 0.878810
vt 0.750080 0.881820
vt 0.300330 0.915210
vt 0.241860 0.044610
vt 0.244320 0.051120
vt 0.239090 0.054110
vt 0.642010 0.486200
vt 0.297290 0.298390
vt 0.570960 0.849700
vt 0.631770 0.469260
vt 0.624910 0.460830
vt 0.632450 0.463520
vt 0.363260 0.895420
vt 0.348590 0.883290
vt 0.356520 0.874850
vt 0.095980 0.498610
vt 0.715970 0.158740
vt 0.728210 0.173580
vt 0.770430 0.673170
vt 0.782150 0.681360
vt 0.890680 0.347940
vt 0.890350 0.333770
vt 0.893000 0.333810
vt 0.206150 0.754380
vt 0.201520 0.756130
vt 0.302560 0.789070
vt 0.304150 0.780790
vt 0.307250 0.783580
vt 0.328820 0.930530
vt 0.327760 0.948610
vt 0.887840 0.166670
vt 0.897240 0.153080
vt 0.148410 0.229910
vt 0.137940 0.215810
vt 0.148150 0.219950
vt 0.067000 0.656400
vt 0.452710 0.433010
vt 0.455410 0.437290
vt 0.679710 0.878240
vt 0.680850 0.882130
vt 0.308760 0.311100
vt 0.310890 0.308790
vt 0.945050 0.996930
vt 0.941640 0.997660
vt 0.443410 0.323690
vt 0.335580 0.830540
vt 0.342590 0.826860
vt 0.856970 0.498510
vt 0.497720 0.634460
vt 0.474120 0.325890
vt 0.471390 0.330010
vt 0.161950 0.133280
vt 0.481200 0.587970
vt 0.489270 0.599220
vt 0.681960 0.189860
vt 0.454140 0.558420
vt 0.437320 0.557300
vt 0.802560 0.839380
vt 0.481170 0.603510
vt 0.715490 0.438980
vt 0.855920 0.444910
vt 0.855060 0.427150
vt 0.865060 0.440930
vt 0.176800 0.360460
vt 0.177160 0.352120
vt 0.190300 0.342430
vt 0.280720 0.533980
vt 0.273890 0.539370
vt 0.261190 0.338820
vt 0.843880 0.669120
vt 0.841010 0.676150
vt 0.325970 0.583600
vt 0.312610 0.585720
vt 0.300210 0.577120
vt 0.299570 0.593050
vt 0.745070 0.557220
vt 0.280970 0.368280
vt 0.295900 0.356450
vt 0.746500 0.406800
vt 0.750350 0.407890
vt 0.225480 0.129460
vt 0.212340 0.138290
vt 0.208290 0.127230
vt 0.304430 0.606720
vt 0.346700 0.787780
vt 0.333330 0.804110
vt 0.287170 0.598520
vt 0.925890 0.265890
vt 0.920970 0.265020
vt 0.930410 0.265220
vt 0.514680 0.352160
vt 0.434680 0.084270
vt 0.454160 0.085810
vt 0.320930 0.850770
vt 0.006850 0.598950
vt 0.007460 0.597420
vt 0.499480 0.393830
vt 0.942970 0.020100
vt 0.946560 0.015000
vt 0.950720 0.014830
vt 0.720980 0.955730
vt 0.720540 0.945810
vt 0.722940 0.951490
vt 0.853370 0.211630
vt 0.388350 0.042190
vt 0.390450 0.041250
vt 0.392250 0.041720
vt 0.275820 0.119740
vt 0.267660 0.126430
vt 0.267650 0.117480
vt 0.839400 0.211060
vt 0.836850 0.213110
vt 0.043620 0.501980
vt 0.053520 0.516640
vt 0.041130 0.521410
vt 0.115700 0.175570
vt 0.110410 0.162730
vt 0.530210 0.990020
vt 0.524980 0.990640
vt 0.120930 0.180210
vt 0.111440 0.191370
vt 0.166240 0.596950
vt 0.046420 0.526910
vt 0.253940 0.112980
vt 0.258440 0.122470
vt 0.245110 0.131810
vt 0.175550 0.604040
vt 0.848150 0.662460
vt 0.655260 0.885520
vt 0.163040 0.729710
vt 0.155740 0.740920
vt 0.907110 0.759440
vt 0.440350 0.436890
vt 0.433160 0.450300
vt 0.420860 0.436130
vt 0.920320 0.848000
vt 0.032040 0.809920
vt 0.040590 0.811370
vt 0.535180 0.851580
vt 0.534420 0.872850
vt 0.755950 0.180910
vt 0.730680 0.203240
vt 0.709620 0.561460
vt 0.336770 0.169570
vt 0.349080 0.100100
vt 0.468790 0.120690
vt 0.475630 0.124500
vt 0.041980 0.881810
vt 0.336250 0.581370
vt 0.351850 0.570740
vt 0.859510 0.507930
vt 0.220100 0.659050
vt 0.226510 0.645850
vt 0.506720 0.417650
vt 0.097000 0.694210
vt 0.347570 0.115200
vt 0.676530 0.025560
vt 0.721080 0.780060
vt 0.716350 0.781070
vt 0.715440 0.778110
vt 0.158700 0.982220
vt 0.164070 0.980430
vt 0.825080 0.894160
vt 0.786550 0.313500
vt 0.770520 0.310000
vt 0.773580 0.293860
vt 0.619690 0.022860
vt 0.624850 0.022270
vt 0.800810 0.952630
vt 0.806590 0.954200
vt 0.525030 0.684430
vt 0.075580 0.087970
vt 0.065920 0.092610
vt 0.522720 0.059980
vt 0.724670 0.801550
vt 0.721520 0.809520
vt 0.710880 0.807280
vt 0.246090 0.648590
vt 0.256610 0.643810
vt 0.247450 0.654360
vt 0.792550 0.882490
vt 0.702120 0.411910
vt 0.133480 0.632530
vt 0.460110 0.391650
vt 0.468520 0.406580
vt 0.688280 0.310820
vt 0.704130 0.299940
vt 0.664030 0.477900
vt 0.669650 0.475580
vt 0.254320 0.179180
vt 0.037960 0.994790
vt 0.588840 0.975590
vt 0.581110 0.987160
vt 0.697770 0.765630
vt 0.774370 0.150880
vt 0.764630 0.135790
vt 0.568020 0.920540
vt 0.562650 0.909050
vt 0.713440 0.731330
vt 0.183980 0.239570
vt 0.207390 0.239880
vt 0.182210 0.249550
vt 0.193840 0.227270
vt 0.381760 0.089790
vt 0.122250 0.563500
vt 0.124120 0.574430
vt 0.655120 0.310010
vt 0.206620 0.334950
vt 0.241720 0.075410
vt 0.252890 0.066860
vt 0.257570 0.082320
vt 0.378850 0.851820
vt 0.371010 0.854130
vt 0.380100 0.799060
vt 0.375460 0.807270
vt 0.231420 0.877740
vt 0.681460 0.995080
vt 0.677740 0.994450
vt 0.861670 0.849880
vt 0.880100 0.862030
vt 0.461660 0.953820
vt 0.146210 0.303340
vt 0.561410 0.715050
vt 0.166820 0.586220
vt 0.162510 0.579070
vt 0.179020 0.568170
vt 0.114550 0.026290
vt 0.335060 0.543290
vt 0.260520 0.587970
vt 0.262780 0.582050
vt 0.700070 0.139070
vt 0.682200 0.130420
vt 0.701190 0.131100
vt 0.636940 0.354580
vt 0.637050 0.343280
vt 0.645620 0.335680
vt 0.546400 0.986350
vt 0.104760 0.214070
vt 0.095220 0.217460
vt 0.222060 0.162960
vt 0.213810 0.168270
vt 0.194960 0.165280
vt 0.579800 0.438240
vt 0.567420 0.430080
vt 0.577590 0.434240
vt 0.153260 0.768690
vt 0.149780 0.762220
vt 0.315440 0.203770
vt 0.652170 0.314790
vt 0.653650 0.338620
vt 0.312160 0.658570
vt 0.472030 0.056620
vt 0.463480 0.062740
vt 0.503750 0.258170
vt 0.499800 0.252190
vt 0.502370 0.254010
vt 0.545450 0.883330
vt 0.479190 0.251310
vt 0.482090 0.236820
vt 0.485450 0.239810
vt 0.304230 0.196790
vt 0.426510 0.827920
vt 0.655500 0.942920
vt 0.656820 0.934530
vt 0.043790 0.704050
vt 0.048350 0.701480
vt 0.439760 0.477610
vt 0.813580 0.505950
vt 0.806610 0.498230
vt 0.791500 0.086960
vt 0.801580 0.089330
vt 0.150860 0.769930
vt 0.146040 0.768390
vt 0.945390 0.575880
vt 0.936510 0.569560
vt 0.328450 0.562990
vt 0.318540 0.577180
vt 0.323380 0.562510
vt 0.121600 0.506050
vt 0.704720 0.840750
vt 0.893270 0.947960
vt 0.889780 0.920240
vt 0.962130 0.875750
vt 0.960520 0.869570
vt 0.671600 0.172760
vt 0.776110 0.987640
vt 0.774170 0.981780
vt 0.781620 0.989740
vt 0.248740 0.495510
vt 0.234240 0.475260
vt 0.681520 0.280860
vt 0.695240 0.268340
vt 0.692860 0.277240
vt 0.011980 0.687800
vt 0.012320 0.679540
vt 0.023790 0.685770
vt 0.834880 0.752270
vt 0.845410 0.777470
vt 0.908420 0.491930
vt 0.890630 0.483930
vt 0.902580 0.479880
vt 0.088090 0.130340
vt 0.084440 0.141040
vt 0.395470 0.504240
vt 0.832300 0.400960
vt 0.819360 0.402800
vt 0.793730 0.871020
vt 0.797920 0.881070
vt 0.954060 0.517820
vt 0.968070 0.514210
vt 0.355310 0.675980
vt 0.368680 0.868220
vt 0.106720 0.798230
vt 0.428710 0.656330
vt 0.411400 0.644320
vt 0.300410 0.238090
vt 0.423970 0.403190
vt 0.410240 0.418660
vt 0.414750 0.402760
vt 0.877740 0.333710
vt 0.878350 0.349440
vt 0.864780 0.453990
vt 0.859220 0.456570
vt 0.508790 0.032850
vt 0.514470 0.031450
vt 0.518690 0.032730
vt 0.737470 0.598680
vt 0.541020 0.923270
vt 0.534590 0.933450
vt 0.317210 0.088930
vt 0.314120 0.091920
vt 0.306050 0.083500
vt 0.073340 0.076850
vt 0.322700 0.389470
vt 0.332190 0.400080
vt 0.297850 0.231900
vt 0.067500 0.944130
vt 0.736650 0.885900
vt 0.723250 0.882490
vt 0.285440 0.052990
vt 0.303330 0.055950
vt 0.417150 0.464280
vt 0.536730 0.697560
vt 0.093540 0.748980
vt 0.085670 0.761760
vt 0.090860 0.747800
vt 0.078620 0.723210
vt 0.071920 0.710170
vt 0.148110 0.981170
vt 0.190320 0.076040
vt 0.176400 0.084320
vt 0.284480 0.118690
vt 0.797510 0.190320
vt 0.798610 0.178280
vt 0.459540 0.291080
vt 0.776910 0.323330
vt 0.776760 0.314700
vt 0.806480 0.203470
vt 0.524070 0.089210
vt 0.602060 0.509070
vt 0.603020 0.513340
vt 0.602160 0.519440
vt 0.853360 0.574300
vt 0.846170 0.557090
vt 0.872090 0.441270
vt 0.296700 0.669860
vt 0.929580 0.174870
vt 0.926750 0.187530
vt 0.475970 0.749650
vt 0.129210 0.930610
vt 0.349150 0.461730
vt 0.345450 0.454050
vt 0.148060 0.879240
vt 0.842120 0.874290
vt 0.849620 0.872210
vt 0.865090 0.344060
vt 0.216710 0.892950
vt 0.611830 0.475760
vt 0.631340 0.476350
vt 0.347560 0.135730
vt 0.871520 0.530640
vt 0.853100 0.519410
vt 0.706750 0.271200
vt 0.558490 0.421000
vt 0.544450 0.419090
vt 0.349880 0.352340
vt 0.354390 0.337710
vt 0.574450 0.718700
vt 0.566600 0.711770
vt 0.769390 0.724090
vt 0.762110 0.721280
vt 0.780920 0.717370
vt 0.384770 0.565130
vt 0.389160 0.566020
vt 0.347910 0.855490
vt 0.818030 0.988110
vt 0.802820 0.976170
vt 0.812120 0.977820
vt 0.914460 0.350730
vt 0.922230 0.357810
vt 0.070960 0.908300
vt 0.634550 0.060780
vt 0.151610 0.506220
vt 0.636700 0.969300
vt 0.641940 0.158390
vt 0.639120 0.164790
vt 0.718790 0.308940
vt 0.640250 0.317670
vt 0.263840 0.080650
vt 0.267850 0.061480
vt 0.330470 0.644180
vt 0.333930 0.668160
vt 0.326860 0.661230
vt 0.542040 0.144470
vt 0.536480 0.146670
vt 0.129870 0.568540
vt 0.139290 0.561470
vt 0.139390 0.552980
vt 0.817200 0.610480
vt 0.815210 0.611840
vt 0.813550 0.610210
vt 0.809610 0.609860
vt 0.806570 0.608470
vt 0.453300 0.363600
vt 0.461090 0.362800
vt 0.081680 0.554670
vt 0.488160 0.746020
vt 0.127490 0.647720
vt 0.129370 0.658590
vt 0.933500 0.598920
vt 0.754460 0.273700
vt 0.751140 0.283150
vt 0.745780 0.282790
vt 0.823850 0.429830
vt 0.832740 0.417420
vt 0.832890 0.433820
vt 0.865690 0.476490
vt 0.823630 0.279430
vt 0.377990 0.155700
vt 0.369780 0.160270
vt 0.501910 0.590740
vt 0.497350 0.594690
vt 0.498230 0.589050
vt 0.328910 0.062340
vt 0.460770 0.304930
vt 0.450580 0.149520
vt 0.450520 0.153540
vt 0.933390 0.380920
vt 0.937790 0.373790
vt 0.935850 0.380350
vt 0.947660 0.954150
vt 0.955380 0.955160
vt 0.226080 0.059520
vt 0.238920 0.067350
vt 0.296660 0.023710
vt 0.294340 0.023780
vt 0.781940 0.457750
vt 0.976350 0.990440
vt 0.127610 0.867710
vt 0.141060 0.843370
vt 0.799950 0.209730
vt 0.806650 0.212490
vt 0.791850 0.228810
vt 0.358770 0.447070
vt 0.292070 0.097360
vt 0.301400 0.096360
vt 0.202260 0.976010
vt 0.770650 0.327100
vt 0.765750 0.345420
vt 0.759550 0.330800
vt 0.224550 0.386270
vt 0.234110 0.384930
vt 0.646540 0.086910
vt 0.552910 0.706700
vt 0.541340 0.707050
vt 0.324500 0.155480
vt 0.324950 0.143620
vt 0.257730 0.287860
vt 0.950770 0.131210
vt 0.209520 0.022910
vt 0.203890 0.027900
vt 0.193500 0.028800
vt 0.155940 0.850990
vt 0.397050 0.231490
vt 0.018290 0.566640
vt 0.013050 0.577380
vt 0.288490 0.793050
vt 0.904700 0.879340
vt 0.913140 0.874700
vt 0.884050 0.813990
vt 0.892180 0.804550
vt 0.346420 0.332980
vt 0.338270 0.323370
vt 0.149050 0.103570
vt 0.156810 0.278610
vt 0.727900 0.500270
vt 0.140840 0.026190
vt 0.249900 0.657020
vt 0.819000 0.577550
vt 0.815130 0.585920
vt 0.815500 0.567300
vt 0.663500 0.857260
vt 0.658840 0.844200
vt 0.295770 0.765500
vt 0.721780 0.499290
vt 0.716250 0.500150
vt 0.875470 0.499760
vt 0.381950 0.902030
vt 0.377500 0.920210
vt 0.371240 0.912770
vt 0.149870 0.567030
vt 0.142580 0.560540
vt 0.050040 0.868010
vt 0.412820 0.473120
vt 0.642450 0.308190
vt 0.221630 0.679240
vt 0.215670 0.691740
vt 0.205940 0.690450
vt 0.807060 0.532000
vt 0.377860 0.837170
vt 0.859370 0.638960
vt 0.852830 0.639780
vt 0.623600 0.056140
vt 0.632450 0.067790
vt 0.786270 0.923350
vt 0.786080 0.917730
vt 0.789220 0.909000
vt 0.554060 0.608940
vt 0.554970 0.610620
vt 0.549980 0.607210
vt 0.670330 0.920620
vt 0.663410 0.932770
vt 0.399160 0.645620
vt 0.268180 0.390900
vt 0.269470 0.386490
vt 0.792940 0.913310
vt 0.462320 0.826680
vt 0.745820 0.358850
vt 0.746300 0.386440
vt 0.763040 0.407000
vt 0.115910 0.516440
vt 0.939370 0.520470
vt 0.962830 0.503430
vt 0.975110 0.501250
vt 0.969660 0.510730
vt 0.584040 0.447310
vt 0.582680 0.445700
vt 0.976600 0.505110
vt 0.184800 0.123560
vt 0.185520 0.130590
vt 0.640540 0.494580
vt 0.621700 0.495960
vt 0.620160 0.485550
vt 0.164190 0.524070
vt 0.168080 0.526870
vt 0.644410 0.822180
vt 0.657590 0.830900
vt 0.659720 0.841250
vt 0.644770 0.832810
vt 0.880600 0.583160
vt 0.246200 0.477700
vt 0.251420 0.481410
vt 0.914600 0.994490
vt 0.278870 0.673710
vt 0.276840 0.666740
vt 0.020160 0.090140
vt 0.532890 0.673650
vt 0.281720 0.154620
vt 0.255050 0.142430
vt 0.336870 0.402320
vt 0.283260 0.942410
vt 0.293140 0.930940
vt 0.578380 0.951430
vt 0.586950 0.942710
vt 0.717590 0.186920
vt 0.445470 0.067350
vt 0.288230 0.124190
vt 0.642050 0.071840
vt 0.636160 0.093140
vt 0.607210 0.052650
vt 0.628730 0.477590
vt 0.338690 0.842250
vt 0.331410 0.848970
vt 0.550560 0.140830
vt 0.231290 0.916810
vt 0.912290 0.265720
vt 0.908400 0.266330
vt 0.900400 0.496620
vt 0.903440 0.493020
vt 0.040130 0.052580
vt 0.033370 0.042100
vt 0.213660 0.008740
vt 0.680190 0.866580
vt 0.725060 0.598090
vt 0.721540 0.597790
vt 0.731770 0.596640
vt 0.276560 0.404130
vt 0.261190 0.400530
vt 0.761620 0.867250
vt 0.756370 0.872350
vt 0.748840 0.865550
vt 0.357450 0.733300
vt 0.254890 0.150130
vt 0.795530 0.341010
vt 0.805780 0.333370
vt 0.078490 0.932060
vt 0.074000 0.934560
vt 0.077800 0.919710
vt 0.810110 0.633340
vt 0.818360 0.633900
vt 0.189970 0.390730
vt 0.183980 0.389510
vt 0.181300 0.384610
vt 0.014280 0.797490
vt 0.008900 0.781860
vt 0.023410 0.790680
vt 0.006580 0.799730
vt 0.005030 0.794400
vt 0.486320 0.543610
vt 0.150240 0.681980
vt 0.507540 0.043170
vt 0.161490 0.681670
vt 0.161630 0.689930
vt 0.145680 0.674620
vt 0.542420 0.333830
vt 0.964850 0.455710
vt 0.636200 0.991290
vt 0.635330 0.977700
vt 0.638540 0.989970
vt 0.175170 0.137920
vt 0.187680 0.149890
vt 0.178270 0.146260
vt 0.775560 0.251580
vt 0.774250 0.251290
vt 0.492110 0.155530
vt 0.567310 0.416160
vt 0.771890 0.436830
vt 0.770790 0.429130
vt 0.575570 0.520040
vt 0.563660 0.531820
vt 0.566560 0.511040
vt 0.135160 0.459450
vt 0.133650 0.454760
vt 0.369180 0.250680
vt 0.169270 0.369910
vt 0.171840 0.364350
vt 0.106270 0.264400
vt 0.098300 0.289330
vt 0.094160 0.283250
vt 0.833100 0.902800
vt 0.328740 0.900650
vt 0.333010 0.903490
vt 0.317140 0.907530
vt 0.345670 0.913160
vt 0.340140 0.907040
vt 0.167230 0.369890
vt 0.165890 0.368740
vt 0.424530 0.514650
vt 0.141660 0.348130
vt 0.137220 0.345780
vt 0.134060 0.342630
vt 0.909280 0.746320
vt 0.909080 0.749640
vt 0.300840 0.129720
vt 0.294590 0.117650
vt 0.333290 0.946160
vt 0.358600 0.926500
vt 0.344600 0.943940
vt 0.446290 0.237790
vt 0.728550 0.787940
vt 0.293650 0.745430
vt 0.217690 0.155630
vt 0.195110 0.160040
vt 0.478230 0.890070
vt 0.487760 0.885060
vt 0.490170 0.898310
vt 0.859940 0.831590
vt 0.867210 0.821810
vt 0.849110 0.837090
vt 0.372550 0.095150
vt 0.437120 0.786800
vt 0.427740 0.782400
vt 0.430190 0.767040
vt 0.334490 0.431590
vt 0.334640 0.426950
vt 0.181570 0.293280
vt 0.177090 0.307890
vt 0.667560 0.388830
vt 0.667590 0.383220
vt 0.988330 0.194420
vt 0.986440 0.197650
vt 0.988070 0.191570
vt 0.683930 0.638890
vt 0.822650 0.167530
vt 0.726520 0.549530
vt 0.733300 0.545430
vt 0.698010 0.838010
vt 0.152700 0.753160
vt 0.485760 0.254120
vt 0.474640 0.260710
vt 0.155460 0.940140
vt 0.138350 0.927020
vt 0.820800 0.208560
vt 0.824080 0.195140
vt 0.190730 0.007040
vt 0.826470 0.215520
vt 0.695070 0.116200
vt 0.698730 0.112240
vt 0.448420 0.774120
vt 0.443900 0.782550
vt 0.465390 0.770990
vt 0.457230 0.785450
vt 0.858190 0.537440
vt 0.129910 0.664140
vt 0.343150 0.684810
vt 0.335290 0.681460
vt 0.835600 0.557750
vt 0.846130 0.553100
vt 0.526880 0.956100
vt 0.565560 0.656880
vt 0.801080 0.872010
vt 0.781690 0.816850
vt 0.779330 0.822350
vt 0.772140 0.809590
vt 0.264090 0.048460
vt 0.496330 0.615230
vt 0.491870 0.592250
vt 0.320730 0.124650
vt 0.313520 0.119870
vt 0.811720 0.873400
vt 0.019470 0.871490
vt 0.025860 0.869740
vt 0.869310 0.950700
vt 0.434200 0.349250
vt 0.416400 0.338410
vt 0.303480 0.211040
vt 0.535400 0.887530
vt 0.537220 0.913700
vt 0.590530 0.487740
vt 0.586270 0.472590
vt 0.592930 0.479400
vt 0.367080 0.129770
vt 0.370240 0.114450
vt 0.379740 0.120940
vt 0.166970 0.737280
vt 0.633020 0.870600
vt 0.619210 0.875440
vt 0.515080 0.134920
vt 0.467280 0.415360
vt 0.774610 0.751150
vt 0.419850 0.778010
vt 0.422300 0.764850
vt 0.322580 0.777750
vt 0.314750 0.778640
vt 0.321290 0.772370
vt 0.212060 0.921650
vt 0.372560 0.075820
vt 0.677880 0.477340
vt 0.685480 0.470840
vt 0.922340 0.433450
vt 0.927240 0.431970
vt 0.389750 0.348160
vt 0.402020 0.357040
vt 0.035650 0.039830
vt 0.838550 0.933620
vt 0.928220 0.994960
vt 0.453960 0.905360
vt 0.476000 0.710030
vt 0.479650 0.712240
vt 0.468210 0.714770
vt 0.562900 0.881080
vt 0.558010 0.871190
vt 0.590280 0.684400
vt 0.590290 0.689990
vt 0.675060 0.642850
vt 0.677880 0.640440
vt 0.235630 0.094520
vt 0.830030 0.493500
vt 0.935050 0.917500
vt 0.915310 0.909980
vt 0.448190 0.081740
vt 0.483530 0.364450
vt 0.492230 0.360420
vt 0.497940 0.343160
vt 0.709580 0.824740
vt 0.448060 0.986660
vt 0.476160 0.431480
vt 0.471680 0.441050
vt 0.707040 0.670550
vt 0.785760 0.138630
vt 0.719390 0.342430
vt 0.390210 0.854190
vt 0.523050 0.696790
vt 0.354430 0.047250
vt 0.349650 0.031570
vt 0.355470 0.031870
vt 0.774930 0.836900
vt 0.773200 0.838650
vt 0.775690 0.833500
vt 0.281000 0.587490
vt 0.274890 0.590440
vt 0.763690 0.842330
vt 0.251070 0.725320
vt 0.252510 0.726730
vt 0.255090 0.735090
vt 0.973510 0.972940
vt 0.930400 0.486670
vt 0.595610 0.635770
vt 0.294930 0.542100
vt 0.283540 0.540290
vt 0.367780 0.335770
vt 0.849960 0.153180
vt 0.837080 0.167970
vt 0.817430 0.657350
vt 0.814630 0.671700
vt 0.815130 0.653190
vt 0.377140 0.334250
vt 0.553770 0.512980
vt 0.824170 0.550910
vt 0.783180 0.092990
vt 0.783100 0.100750
vt 0.844500 0.899180
vt 0.146810 0.353180
vt 0.153070 0.357840
vt 0.148670 0.354910
vt 0.596580 0.834200
vt 0.583350 0.833560
vt 0.597470 0.830390
vt 0.985510 0.960910
vt 0.986600 0.962600
vt 0.479460 0.429740
vt 0.799490 0.076000
vt 0.415310 0.483200
vt 0.783120 0.176110
vt 0.778010 0.184610
vt 0.782320 0.173760
vt 0.780140 0.514430
vt 0.783940 0.510920
vt 0.325030 0.705710
vt 0.795760 0.859390
vt 0.793850 0.864630
vt 0.101250 0.203850
vt 0.099870 0.185080
vt 0.268800 0.723970
vt 0.281520 0.715530
vt 0.273640 0.729700
vt 0.785590 0.419860
vt 0.027320 0.504970
vt 0.851010 0.513190
vt 0.289540 0.322340
vt 0.294470 0.315290
vt 0.459630 0.583470
vt 0.571050 0.722990
vt 0.569880 0.727640
vt 0.464920 0.107590
vt 0.793530 0.457040
vt 0.383490 0.370960
vt 0.955910 0.913580
vt 0.952370 0.900540
vt 0.718120 0.737100
vt 0.930810 0.019010
vt 0.921340 0.022250
vt 0.905350 0.608350
vt 0.898060 0.609370
vt 0.142680 0.496850
vt 0.148130 0.496500
vt 0.919350 0.142350
vt 0.902900 0.143690
vt 0.309510 0.230730
vt 0.310510 0.214030
vt 0.763530 0.422050
vt 0.761840 0.438640
vt 0.056810 0.661540
vt 0.107150 0.898430
vt 0.228510 0.494180
vt 0.082350 0.906520
vt 0.717090 0.197320
vt 0.714790 0.204240
vt 0.712670 0.202580
vt 0.780570 0.692190
vt 0.796470 0.706640
vt 0.764510 0.704740
vt 0.226550 0.506300
vt 0.225040 0.514700
vt 0.224590 0.512720
vt 0.597050 0.494420
vt 0.808660 0.363340
vt 0.804260 0.368830
vt 0.804310 0.361120
vt 0.760580 0.088790
vt 0.766940 0.088050
vt 0.763260 0.097170
vt 0.974730 0.068470
vt 0.975840 0.063720
vt 0.832450 0.287730
vt 0.840470 0.292420
vt 0.239910 0.972730
vt 0.237820 0.971820
vt 0.248130 0.970780
vt 0.454500 0.036020
vt 0.859780 0.732890
vt 0.842760 0.597520
vt 0.762620 0.149100
vt 0.161990 0.358680
vt 0.157890 0.363010
vt 0.688630 0.446850
vt 0.679860 0.441950
vt 0.287570 0.292970
vt 0.850140 0.461480
vt 0.853650 0.459310
vt 0.860510 0.474300
vt 0.244920 0.851100
vt 0.250400 0.837200
vt 0.252790 0.839490
vt 0.267240 0.852220
vt 0.243830 0.859390
vt 0.473390 0.557640
vt 0.465710 0.558680
vt 0.686860 0.824430
vt 0.058090 0.561060
vt 0.167160 0.156900
vt 0.156520 0.168630
vt 0.159560 0.010580
vt 0.170430 0.010730
vt 0.162110 0.023760
vt 0.418100 0.630310
vt 0.398410 0.560370
vt 0.392740 0.559700
vt 0.387170 0.559590
vt 0.329250 0.133120
vt 0.380180 0.923680
vt 0.392890 0.932300
vt 0.387510 0.928910
vt 0.108460 0.624950
vt 0.348140 0.064990
vt 0.343050 0.057830
vt 0.853780 0.040950
vt 0.271050 0.677350
vt 0.263150 0.703750
vt 0.261850 0.698370
vt 0.454900 0.200190
vt 0.443040 0.194710
vt 0.446010 0.192300
vt 0.092550 0.189630
vt 0.092850 0.185180
vt 0.407020 0.295410
vt 0.013840 0.751290
vt 0.009880 0.743340
vt 0.018340 0.745320
vt 0.275270 0.168880
vt 0.344590 0.334940
vt 0.022590 0.782320
vt 0.020360 0.782700
vt 0.367500 0.716250
vt 0.671580 0.779360
vt 0.206110 0.586760
vt 0.306620 0.818030
vt 0.299640 0.819420
vt 0.296890 0.812500
vt 0.202960 0.580000
vt 0.676690 0.287460
vt 0.695790 0.296180
vt 0.491110 0.293670
vt 0.783670 0.937690
vt 0.784280 0.930490
vt 0.116490 0.874830
vt 0.599730 0.364320
vt 0.600980 0.357800
vt 0.614060 0.355610
vt 0.691930 0.424410
vt 0.674900 0.426900
vt 0.379070 0.617000
vt 0.367780 0.590300
vt 0.395520 0.609920
vt 0.728450 0.368360
vt 0.779090 0.957840
vt 0.254110 0.637590
vt 0.245740 0.643340
vt 0.412110 0.357150
vt 0.910970 0.251320
vt 0.735860 0.926780
vt 0.716940 0.930500
vt 0.487160 0.267140
vt 0.206290 0.661300
vt 0.221330 0.674100
vt 0.951480 0.996760
vt 0.637110 0.924670
vt 0.650250 0.913590
vt 0.007680 0.916280
vt 0.013370 0.907660
vt 0.712070 0.635490
vt 0.721930 0.655110
vt 0.700000 0.657030
vt 0.334820 0.364690
vt 0.325080 0.371400
vt 0.145110 0.112670
vt 0.172230 0.194770
vt 0.048440 0.494450
vt 0.808590 0.412920
vt 0.536630 0.773920
vt 0.532660 0.779250
vt 0.913590 0.757670
vt 0.916410 0.759610
vt 0.910440 0.767120
vt 0.415000 0.814870
vt 0.458730 0.714350
vt 0.456800 0.725620
vt 0.692310 0.319410
vt 0.682060 0.321660
vt 0.537680 0.964470
vt 0.860720 0.234140
vt 0.354460 0.704560
vt 0.633500 0.972700
vt 0.329260 0.723470
vt 0.320800 0.724590
vt 0.331890 0.245610
vt 0.800570 0.502410
vt 0.495200 0.248670
vt 0.490100 0.243460
vt 0.655610 0.389190
vt 0.006290 0.862280
vt 0.097570 0.018020
vt 0.086520 0.022540
vt 0.313090 0.544880
vt 0.319960 0.545590
vt 0.683700 0.378570
vt 0.682220 0.354340
vt 0.693460 0.372100
vt 0.220080 0.036780
vt 0.786240 0.804860
vt 0.772430 0.800230
vt 0.784010 0.812230
vt 0.143360 0.524050
vt 0.162830 0.521060
vt 0.150940 0.527330
vt 0.798160 0.966670
vt 0.795770 0.311250
vt 0.795800 0.242490
vt 0.791670 0.241920
vt 0.155650 0.915170
vt 0.897180 0.891200
vt 0.896070 0.871620
vt 0.250120 0.522340
vt 0.248600 0.534910
vt 0.245970 0.534740
vt 0.768300 0.128450
vt 0.964290 0.185210
vt 0.665260 0.158890
vt 0.343830 0.562250
vt 0.815200 0.490550
vt 0.810000 0.496200
vt 0.571290 0.954140
vt 0.581950 0.959260
vt 0.574790 0.963440
vt 0.233500 0.749590
vt 0.229510 0.751430
vt 0.238240 0.748120
vt 0.243010 0.748010
vt 0.810340 0.186390
vt 0.902140 0.996830
vt 0.284960 0.737400
vt 0.269660 0.746930
vt 0.008680 0.569980
vt 0.009230 0.567080
vt 0.675860 0.836070
vt 0.465080 0.429080
vt 0.676360 0.841280
vt 0.679220 0.844630
vt 0.783490 0.390650
vt 0.548500 0.509930
vt 0.521010 0.505290
vt 0.007140 0.609130
vt 0.787080 0.189980
vt 0.790340 0.184630
vt 0.213610 0.233390
vt 0.221910 0.219710
vt 0.184110 0.218840
vt 0.650740 0.821430
vt 0.796350 0.853240
vt 0.796240 0.856140
vt 0.537350 0.850960
vt 0.541530 0.851020
vt 0.800680 0.847550
vt 0.800980 0.843260
vt 0.386810 0.592730
vt 0.403340 0.567350
vt 0.420320 0.587250
vt 0.111880 0.418360
vt 0.114940 0.423980
vt 0.103390 0.424510
vt 0.112450 0.480310
vt 0.106590 0.484190
vt 0.014650 0.075270
vt 0.011590 0.067020
vt 0.757810 0.248640
vt 0.726470 0.442120
vt 0.710410 0.467970
vt 0.705270 0.475070
vt 0.732820 0.211230
vt 0.725950 0.209430
vt 0.303440 0.805140
vt 0.294870 0.807400
vt 0.925210 0.059580
vt 0.127710 0.436630
vt 0.446170 0.114790
vt 0.460900 0.126420
vt 0.015650 0.583450
vt 0.024610 0.594870
vt 0.007940 0.588550
vt 0.698830 0.327240
vt 0.707770 0.325060
vt 0.203800 0.172190
vt 0.219690 0.183800
vt 0.904570 0.438130
vt 0.484690 0.237540
vt 0.014330 0.551080
vt 0.017060 0.545480
vt 0.630590 0.432790
vt 0.621900 0.421840
vt 0.576220 0.932960
vt 0.983200 0.146640
vt 0.961250 0.143930
vt 0.764750 0.809240
vt 0.761270 0.820610
vt 0.750680 0.806360
vt 0.982650 0.143610
vt 0.982480 0.131590
vt 0.256390 0.477200
vt 0.024390 0.046020
vt 0.018650 0.047140
vt 0.248320 0.432030
vt 0.250570 0.428810
vt 0.882520 0.983920
vt 0.496690 0.249290
vt 0.494350 0.259820
vt 0.155380 0.318660
vt 0.669340 0.355820
vt 0.689240 0.248390
vt 0.769470 0.229720
vt 0.786540 0.222520
vt 0.776810 0.235040
vt 0.778300 0.236200
vt 0.289960 0.112030
vt 0.754970 0.353190
vt 0.069540 0.733160
vt 0.398620 0.965440
vt 0.404180 0.972210
vt 0.961550 0.995300
vt 0.741520 0.098980
vt 0.749610 0.094070
vt 0.748400 0.119150
vt 0.798400 0.768420
vt 0.781520 0.779180
vt 0.981880 0.107540
vt 0.986090 0.114420
vt 0.966890 0.106280
vt 0.981280 0.098240
vt 0.982100 0.105460
vt 0.357700 0.133990
vt 0.028790 0.549180
vt 0.041000 0.557170
vt 0.308610 0.799230
vt 0.511490 0.967900
vt 0.518580 0.971660
vt 0.663030 0.433160
vt 0.376490 0.761370
vt 0.383710 0.879150
vt 0.380110 0.884080
vt 0.071620 0.190600
vt 0.083150 0.192370
vt 0.079910 0.212940
vt 0.073540 0.224200
vt 0.069910 0.220140
vt 0.482050 0.329620
vt 0.486290 0.305910
vt 0.405200 0.528480
vt 0.424240 0.535760
vt 0.407300 0.557190
vt 0.790380 0.785830
vt 0.791650 0.780520
vt 0.121480 0.260400
vt 0.140890 0.271010
vt 0.476310 0.054520
vt 0.471640 0.044280
vt 0.198850 0.928370
vt 0.234950 0.902200
vt 0.182090 0.941890
vt 0.856180 0.548500
vt 0.802540 0.073160
vt 0.284280 0.155840
vt 0.397040 0.564860
vt 0.392270 0.564460
vt 0.876030 0.322390
vt 0.293900 0.964200
vt 0.297500 0.963350
vt 0.828730 0.864570
vt 0.700330 0.711160
vt 0.694900 0.723910
vt 0.200230 0.354660
vt 0.214200 0.373150
vt 0.214580 0.614840
vt 0.117240 0.993310
vt 0.095350 0.982650
vt 0.116030 0.971140
vt 0.264480 0.203750
vt 0.178310 0.385050
vt 0.177130 0.381300
vt 0.756140 0.690350
vt 0.733040 0.694220
vt 0.704130 0.723780
vt 0.227410 0.167310
vt 0.758960 0.863600
vt 0.765460 0.858410
vt 0.764320 0.863300
vt 0.183980 0.832640
vt 0.188620 0.812680
vt 0.425660 0.807710
vt 0.818810 0.626460
vt 0.819000 0.629190
vt 0.193660 0.906900
vt 0.024880 0.549340
vt 0.299540 0.338540
vt 0.310470 0.362220
vt 0.835700 0.747650
vt 0.852670 0.747140
vt 0.824930 0.536100
vt 0.174010 0.261910
vt 0.187610 0.281560
vt 0.471380 0.220410
vt 0.466230 0.215550
vt 0.762340 0.362930
vt 0.776460 0.352040
vt 0.774370 0.361130
vt 0.098510 0.512660
vt 0.269610 0.596550
vt 0.737960 0.920390
vt 0.473330 0.223600
vt 0.270200 0.635320
vt 0.739500 0.917130
vt 0.066000 0.539300
vt 0.073910 0.530560
vt 0.338050 0.867580
vt 0.247850 0.710200
vt 0.248350 0.717610
vt 0.510000 0.360570
vt 0.716390 0.860520
vt 0.986830 0.573990
vt 0.980570 0.581550
vt 0.514690 0.693210
vt 0.591500 0.470180
vt 0.590570 0.464790
vt 0.816570 0.666460
vt 0.591840 0.475200
vt 0.369370 0.910990
vt 0.362100 0.906310
vt 0.359500 0.902260
vt 0.015190 0.878520
vt 0.783660 0.724000
vt 0.786980 0.720640
vt 0.795040 0.718340
vt 0.233130 0.408430
vt 0.233990 0.411480
vt 0.227400 0.411150
vt 0.066910 0.667780
vt 0.824430 0.157830
vt 0.007580 0.593680
vt 0.238910 0.692540
vt 0.715820 0.742470
vt 0.052850 0.608070
vt 0.680540 0.861370
vt 0.385670 0.803760
vt 0.153410 0.210460
vt 0.154730 0.216360
vt 0.139600 0.211520
vt 0.116850 0.594180
vt 0.048630 0.637150
vt 0.108430 0.238390
vt 0.906650 0.556270
vt 0.955630 0.854460
vt 0.205680 0.114910
vt 0.880210 0.427930
vt 0.306130 0.563400
vt 0.318570 0.562430
vt 0.349690 0.824940
vt 0.809620 0.074550
vt 0.824190 0.070470
vt 0.058600 0.169950
vt 0.063130 0.156630
vt 0.754360 0.267620
vt 0.380860 0.244870
vt 0.377580 0.245290
vt 0.431190 0.949500
vt 0.410280 0.939850
vt 0.417460 0.935720
vt 0.852350 0.985040
vt 0.176070 0.631230
vt 0.186900 0.605110
vt 0.805280 0.799810
vt 0.805760 0.795260
vt 0.807670 0.804730
vt 0.804410 0.814580
vt 0.803160 0.806220
vt 0.463390 0.378690
vt 0.340380 0.107170
vt 0.178430 0.345090
vt 0.392740 0.847660
vt 0.383460 0.843250
vt 0.792220 0.217030
vt 0.763070 0.206150
vt 0.243140 0.031240
vt 0.876980 0.166900
vt 0.864430 0.164690
vt 0.661260 0.960290
vt 0.833870 0.695040
vt 0.831750 0.698230
vt 0.465430 0.855790
vt 0.950560 0.062960
vt 0.422450 0.609870
vt 0.407910 0.620940
vt 0.432580 0.631160
vt 0.464570 0.279730
vt 0.368970 0.054070
vt 0.361860 0.052450
vt 0.800610 0.608380
vt 0.812120 0.584720
vt 0.425750 0.762130
vt 0.091790 0.663360
vt 0.360640 0.976400
vt 0.852830 0.647340
vt 0.235600 0.472430
vt 0.236720 0.471290
vt 0.679160 0.925560
vt 0.839730 0.681130
vt 0.980850 0.929180
vt 0.983880 0.935640
vt 0.334200 0.866370
vt 0.287260 0.328390
vt 0.274280 0.330760
vt 0.289290 0.324150
vt 0.057360 0.420370
vt 0.055250 0.423390
vt 0.116590 0.445260
vt 0.816660 0.371400
vt 0.574390 0.068310
vt 0.580990 0.074450
vt 0.572130 0.079060
vt 0.351080 0.660690
vt 0.601170 0.647440
vt 0.597980 0.653930
vt 0.195570 0.863820
vt 0.554570 0.665790
vt 0.102330 0.949080
vt 0.239110 0.679850
vt 0.240270 0.683670
vt 0.239740 0.685220
vt 0.788710 0.796610
vt 0.787290 0.798440
vt 0.074490 0.053420
vt 0.432360 0.069700
vt 0.181810 0.685410
vt 0.401820 0.822320
vt 0.655990 0.922000
vt 0.673170 0.404210
vt 0.102040 0.629280
vt 0.144850 0.251240
vt 0.141010 0.242940
vt 0.710230 0.373100
vt 0.703250 0.366530
vt 0.043780 0.039100
vt 0.038490 0.039880
vt 0.936600 0.256160
vt 0.944730 0.103380
vt 0.950300 0.114850
vt 0.928290 0.245020
vt 0.306720 0.763370
vt 0.347310 0.766730
vt 0.358070 0.767230
vt 0.637640 0.222050
vt 0.790760 0.890970
vt 0.970640 0.486910
vt 0.652570 0.228040
vt 0.736040 0.837130
vt 0.643380 0.223660
vt 0.805210 0.747090
vt 0.803950 0.750260
vt 0.238490 0.166250
vt 0.236490 0.176700
vt 0.298140 0.899740
vt 0.294910 0.891300
vt 0.552240 0.743360
vt 0.749370 0.123580
vt 0.880120 0.804220
vt 0.887230 0.791940
vt 0.866810 0.795730
vt 0.491970 0.710050
vt 0.350140 0.056370
vt 0.402450 0.839270
vt 0.673940 0.829100
vt 0.676030 0.832460
vt 0.189570 0.557580
vt 0.576730 0.836370
vt 0.568730 0.839160
vt 0.753150 0.875740
vt 0.717710 0.854530
vt 0.991540 0.208620
vt 0.990890 0.213390
vt 0.990380 0.207090
vt 0.270610 0.964340
vt 0.272810 0.963970
vt 0.783610 0.360460
vt 0.691990 0.850490
vt 0.793870 0.606510
vt 0.789880 0.606560
vt 0.798040 0.600730
vt 0.643600 0.383810
vt 0.912600 0.755930
vt 0.515090 0.364950
vt 0.315270 0.810520
vt 0.307140 0.760050
vt 0.293320 0.758890
vt 0.954820 0.264000
vt 0.966140 0.263870
vt 0.956860 0.264710
vt 0.232530 0.932840
vt 0.219230 0.939760
vt 0.225660 0.927180
vt 0.857550 0.314670
vt 0.737750 0.243880
vt 0.733110 0.630310
vt 0.633000 0.019870
vt 0.642410 0.022980
vt 0.257270 0.568190
vt 0.260640 0.567700
vt 0.236690 0.192360
vt 0.728500 0.242260
vt 0.733240 0.243700
vt 0.724660 0.243350
vt 0.120670 0.991750
vt 0.130060 0.987780
vt 0.345380 0.728010
vt 0.167460 0.958910
vt 0.885370 0.158860
vt 0.932300 0.997350
vt 0.934050 0.607990
vt 0.926890 0.609800
vt 0.659020 0.715000
vt 0.865810 0.038670
vt 0.710430 0.479360
vt 0.716570 0.463880
vt 0.197310 0.148800
vt 0.531490 0.311070
vt 0.533400 0.313430
vt 0.528120 0.313750
vt 0.776730 0.829490
vt 0.774920 0.569910
vt 0.345800 0.220400
vt 0.240330 0.688350
vt 0.231220 0.686770
vt 0.099730 0.477810
vt 0.197110 0.814880
vt 0.192130 0.812980
vt 0.257140 0.679760
vt 0.683430 0.303540
vt 0.706840 0.787890
vt 0.697080 0.800340
vt 0.702020 0.815200
vt 0.568520 0.404340
vt 0.548570 0.398170
vt 0.363740 0.119180
vt 0.433450 0.214960
vt 0.436050 0.199550
vt 0.426620 0.204760
vt 0.853330 0.611030
vt 0.848560 0.594740
vt 0.221100 0.008620
vt 0.265970 0.732690
vt 0.266050 0.728330
vt 0.842680 0.956040
vt 0.836080 0.953620
vt 0.830210 0.941650
vt 0.356970 0.197990
vt 0.172970 0.980170
vt 0.898770 0.826310
vt 0.342020 0.588550
vt 0.971940 0.038200
vt 0.955810 0.027470
vt 0.971270 0.033340
vt 0.219910 0.054300
vt 0.632000 0.457260
vt 0.008510 0.817940
vt 0.400630 0.697890
vt 0.126820 0.549800
vt 0.308740 0.286730
vt 0.958980 0.563460
vt 0.735680 0.802640
vt 0.742630 0.815940
vt 0.734980 0.822820
vt 0.945270 0.540080
vt 0.799440 0.849340
vt 0.722070 0.027900
vt 0.437470 0.647040
vt 0.463770 0.639920
vt 0.461450 0.666500
vt 0.218860 0.751300
vt 0.222280 0.092580
vt 0.334260 0.388190
vt 0.225900 0.504580
vt 0.483050 0.042510
vt 0.485180 0.033220
vt 0.502480 0.034070
vt 0.853690 0.898320
vt 0.650420 0.672920
vt 0.672120 0.683840
vt 0.981720 0.599450
vt 0.245000 0.747400
vt 0.742970 0.216200
vt 0.735550 0.211300
vt 0.153200 0.804430
vt 0.155480 0.812040
vt 0.141030 0.803090
vt 0.907180 0.931580
vt 0.858030 0.445040
vt 0.725710 0.330990
vt 0.809450 0.147350
vt 0.930080 0.561760
vt 0.262400 0.626140
vt 0.664650 0.764540
vt 0.663590 0.759770
vt 0.590990 0.524120
vt 0.588630 0.526210
vt 0.527140 0.526900
vt 0.154150 0.818190
vt 0.425790 0.773460
vt 0.576070 0.130140
vt 0.561740 0.136330
vt 0.573600 0.133790
vt 0.074200 0.390680
vt 0.084270 0.384280
vt 0.087510 0.385340
vt 0.772480 0.252330
vt 0.301110 0.768770
vt 0.615760 0.512430
vt 0.880130 0.696820
vt 0.883390 0.692720
vt 0.876170 0.677690
vt 0.877020 0.681260
vt 0.916130 0.382380
vt 0.922380 0.393630
vt 0.297880 0.699440
vt 0.639670 0.463190
vt 0.193310 0.163610
vt 0.835280 0.315990
vt 0.827630 0.308060
vt 0.845450 0.312930
vt 0.437970 0.451800
vt 0.818640 0.730870
vt 0.820750 0.724830
vt 0.818600 0.736190
vt 0.336170 0.306730
vt 0.319170 0.294950
vt 0.321410 0.288970
vt 0.944770 0.593650
vt 0.031450 0.703670
vt 0.036120 0.711300
vt 0.521380 0.442340
vt 0.864720 0.374480
vt 0.865790 0.369860
vt 0.369950 0.039430
vt 0.360890 0.036170
vt 0.365740 0.035620
vt 0.163370 0.202260
vt 0.609720 0.148070
vt 0.425190 0.905790
vt 0.611460 0.023170
vt 0.615350 0.020490
vt 0.406640 0.272110
vt 0.406380 0.260500
vt 0.698870 0.572880
vt 0.917880 0.814270
vt 0.228380 0.972680
vt 0.221320 0.973580
vt 0.497330 0.910950
vt 0.239290 0.834890
vt 0.129000 0.881430
vt 0.472070 0.939890
vt 0.604190 0.423180
vt 0.485740 0.719370
vt 0.126310 0.332390
vt 0.123680 0.328480
vt 0.125840 0.319120
vt 0.816610 0.874990
vt 0.674590 0.338570
vt 0.676350 0.348590
vt 0.523650 0.860520
vt 0.528220 0.855840
vt 0.532130 0.854510
vt 0.801890 0.832850
vt 0.641410 0.337040
vt 0.621510 0.336950
vt 0.502010 0.646130
vt 0.230620 0.954070
vt 0.745130 0.856260
vt 0.005590 0.888680
vt 0.006420 0.883950
vt 0.794160 0.360120
vt 0.851720 0.074480
vt 0.843680 0.088630
vt 0.925410 0.155120
vt 0.059070 0.201870
vt 0.067170 0.216130
vt 0.829310 0.411650
vt 0.839500 0.411620
vt 0.264630 0.714710
vt 0.265060 0.720510
vt 0.590690 0.671650
vt 0.978800 0.149200
vt 0.981750 0.151470
vt 0.982840 0.154000
vt 0.044070 0.547130
vt 0.245460 0.189480
vt 0.705850 0.351870
vt 0.051910 0.560550
vt 0.436700 0.857940
vt 0.691700 0.578530
vt 0.547950 0.538630
vt 0.440830 0.121870
vt 0.440830 0.128910
vt 0.664270 0.322610
vt 0.676700 0.333520
vt 0.522190 0.293530
vt 0.513140 0.302480
vt 0.518460 0.286380
vt 0.509930 0.296270
vt 0.510190 0.285030
vt 0.006060 0.890990
vt 0.601190 0.304380
vt 0.601780 0.299380
vt 0.347160 0.342250
vt 0.343550 0.350080
vt 0.077920 0.379360
vt 0.084360 0.380120
vt 0.074580 0.381670
vt 0.235170 0.035660
vt 0.875580 0.574390
vt 0.301580 0.687820
vt 0.780010 0.546420
vt 0.787240 0.545860
vt 0.388970 0.970580
vt 0.253540 0.522510
vt 0.208370 0.975170
vt 0.939120 0.267570
vt 0.934430 0.266690
vt 0.846150 0.729390
vt 0.986950 0.168720
vt 0.962730 0.170340
vt 0.956080 0.604680
vt 0.952960 0.599330
vt 0.951890 0.606290
vt 0.197190 0.070170
vt 0.650870 0.687450
vt 0.649000 0.681400
vt 0.651190 0.689600
vt 0.653140 0.693690
vt 0.618890 0.279930
vt 0.444920 0.387510
vt 0.250760 0.630480
vt 0.245780 0.627930
vt 0.254720 0.623120
vt 0.571270 0.616600
vt 0.564800 0.614560
vt 0.603530 0.369930
vt 0.332960 0.568370
vt 0.336480 0.561280
vt 0.720470 0.939520
vt 0.717980 0.937280
vt 0.718310 0.935170
vt 0.693130 0.593540
vt 0.730870 0.934760
vt 0.368280 0.779950
vt 0.689600 0.826640
vt 0.687010 0.834240
vt 0.687000 0.830810
vt 0.897460 0.106880
vt 0.143890 0.585090
vt 0.748300 0.531910
vt 0.204510 0.581120
vt 0.899870 0.503060
vt 0.089850 0.792140
vt 0.100150 0.793240
vt 0.739370 0.863600
vt 0.166150 0.300050
vt 0.322930 0.753880
vt 0.317830 0.764250
vt 0.324350 0.821120
vt 0.916990 0.794090
vt 0.174040 0.055060
vt 0.172490 0.065240
vt 0.166080 0.065680
vt 0.676240 0.303050
vt 0.802460 0.415620
vt 0.795410 0.421570
vt 0.785210 0.405510
vt 0.110260 0.199210
vt 0.118010 0.561520
vt 0.902590 0.134960
vt 0.887910 0.148320
vt 0.874450 0.122610
vt 0.756500 0.090640
vt 0.039640 0.506700
vt 0.492640 0.144410
vt 0.498980 0.152950
vt 0.497090 0.153110
vt 0.198060 0.393540
vt 0.848350 0.482220
vt 0.838920 0.470350
vt 0.842510 0.469050
vt 0.868430 0.452600
vt 0.427950 0.797970
vt 0.422970 0.797990
vt 0.559630 0.895240
vt 0.541370 0.903690
vt 0.263860 0.330760
vt 0.885490 0.606360
vt 0.880520 0.606400
vt 0.898570 0.353390
vt 0.908900 0.344910
vt 0.298230 0.738950
vt 0.104350 0.128720
vt 0.114510 0.139080
vt 0.106100 0.143530
vt 0.642590 0.957500
vt 0.629150 0.953440
vt 0.646480 0.937190
vt 0.802160 0.756330
vt 0.534150 0.093750
vt 0.220290 0.199790
vt 0.226490 0.191560
vt 0.916790 0.576990
vt 0.645390 0.992970
vt 0.504290 0.727870
vt 0.643400 0.990350
vt 0.140420 0.164810
vt 0.133550 0.172750
vt 0.641420 0.990650
vt 0.736390 0.421080
vt 0.367330 0.047480
vt 0.816200 0.760890
vt 0.818900 0.755820
vt 0.816820 0.764100
vt 0.978520 0.515420
vt 0.611590 0.462270
vt 0.177670 0.337000
vt 0.178560 0.667470
vt 0.190630 0.680080
vt 0.315320 0.139480
vt 0.158180 0.820170
vt 0.168580 0.808710
vt 0.594690 0.483830
vt 0.112490 0.258560
vt 0.102940 0.251960
vt 0.088460 0.262660
vt 0.334530 0.040960
vt 0.143420 0.255280
vt 0.136290 0.255530
vt 0.142270 0.248570
vt 0.148740 0.264390
vt 0.793950 0.319750
vt 0.327400 0.733210
vt 0.706830 0.732860
vt 0.127060 0.990180
vt 0.717750 0.242670
vt 0.811030 0.062220
vt 0.814280 0.061150
vt 0.579140 0.836180
vt 0.602590 0.840620
vt 0.510220 0.381720
vt 0.502080 0.381990
vt 0.499030 0.373290
vt 0.275260 0.349090
vt 0.279000 0.344230
vt 0.600090 0.115030
vt 0.578600 0.128340
vt 0.587480 0.125540
vt 0.792720 0.925050
vt 0.825660 0.575490
vt 0.843990 0.580720
vt 0.274210 0.045380
vt 0.678300 0.908220
vt 0.605540 0.287260
vt 0.604400 0.283320
vt 0.606090 0.280740
vt 0.532790 0.398130
vt 0.520860 0.383830
vt 0.885000 0.869030
vt 0.841680 0.300770
vt 0.856570 0.300190
vt 0.664060 0.746950
vt 0.318040 0.651120
vt 0.020360 0.945470
vt 0.022010 0.928430
vt 0.023040 0.938140
vt 0.394630 0.666000
vt 0.895160 0.511580
vt 0.831500 0.541010
vt 0.780110 0.236200
vt 0.785130 0.239710
vt 0.814840 0.450810
vt 0.832790 0.457950
vt 0.826420 0.462450
vt 0.297040 0.084350
vt 0.245680 0.624470
vt 0.244640 0.617390
vt 0.155510 0.647470
vt 0.703970 0.892060
vt 0.702010 0.889320
vt 0.492030 0.270800
vt 0.272930 0.431880
vt 0.209910 0.255300
vt 0.941500 0.014540
vt 0.312640 0.209540
vt 0.748640 0.828800
vt 0.358690 0.259020
vt 0.811600 0.713380
vt 0.804690 0.700200
vt 0.095340 0.081530
vt 0.806580 0.684510
vt 0.275240 0.417720
vt 0.487660 0.154420
vt 0.477620 0.155110
vt 0.043130 0.466520
vt 0.741140 0.037020
vt 0.740400 0.031050
vt 0.745050 0.031640
vt 0.456960 0.863310
vt 0.456050 0.868050
vt 0.115050 0.315450
vt 0.739380 0.038070
vt 0.120120 0.904220
vt 0.114230 0.900790
vt 0.735530 0.348310
vt 0.726590 0.333470
vt 0.738540 0.332120
vt 0.047170 0.057320
vt 0.598180 0.341090
vt 0.611900 0.331060
vt 0.200370 0.349630
vt 0.893320 0.905640
vt 0.387440 0.427610
vt 0.799100 0.404350
vt 0.138140 0.138990
vt 0.149070 0.148650
vt 0.547390 0.636580
vt 0.968450 0.478130
vt 0.759170 0.090580
vt 0.535110 0.664950
vt 0.282980 0.787010
vt 0.281380 0.782380
vt 0.967880 0.471830
vt 0.352630 0.436060
vt 0.946730 0.516200
vt 0.759770 0.198390
vt 0.681230 0.677330
vt 0.687440 0.483670
vt 0.596550 0.521540
vt 0.691680 0.499720
vt 0.949310 0.868210
vt 0.044050 0.159160
vt 0.047520 0.169910
vt 0.239760 0.310710
vt 0.580310 0.712320
vt 0.579840 0.716000
vt 0.570100 0.707870
vt 0.744130 0.400260
vt 0.496430 0.879740
vt 0.492970 0.882780
vt 0.818330 0.487100
vt 0.478760 0.447130
vt 0.800430 0.265450
vt 0.798170 0.264040
vt 0.979300 0.082160
vt 0.957410 0.078570
vt 0.977550 0.075910
vt 0.977260 0.073150
vt 0.576630 0.418520
vt 0.572300 0.424610
vt 0.794790 0.474140
vt 0.076530 0.945630
vt 0.966840 0.603770
vt 0.577820 0.424150
vt 0.576020 0.422050
vt 0.809460 0.718820
vt 0.811760 0.716290
vt 0.782140 0.255690
vt 0.182210 0.978370
vt 0.175760 0.978740
vt 0.522410 0.691590
vt 0.840960 0.399270
vt 0.035420 0.741250
vt 0.048900 0.739050
vt 0.624920 0.222380
vt 0.479210 0.943990
vt 0.691290 0.639540
vt 0.687650 0.639640
vt 0.184200 0.043280
vt 0.199200 0.256790
vt 0.504160 0.260900
vt 0.206530 0.321320
vt 0.924580 0.994940
vt 0.152750 0.158700
vt 0.148700 0.167660
vt 0.201920 0.817360
vt 0.419650 0.253160
vt 0.414530 0.261530
vt 0.122530 0.326000
vt 0.119330 0.320520
vt 0.225590 0.870470
vt 0.033110 0.489990
vt 0.012170 0.723330
vt 0.010470 0.721950
vt 0.873920 0.981710
vt 0.341230 0.549890
vt 0.689390 0.839890
vt 0.187400 0.062680
vt 0.131780 0.448400
vt 0.151710 0.267930
vt 0.086010 0.765660
vt 0.081910 0.767450
vt 0.068560 0.515550
vt 0.541940 0.633720
vt 0.533700 0.650600
vt 0.163390 0.875950
vt 0.095300 0.044400
vt 0.524850 0.961140
vt 0.341880 0.708870
vt 0.337390 0.722780
vt 0.566000 0.393130
vt 0.848710 0.043080
vt 0.843150 0.046180
vt 0.194830 0.115930
vt 0.182740 0.109840
vt 0.344010 0.876520
vt 0.869310 0.260970
vt 0.858970 0.259510
vt 0.476250 0.699840
vt 0.802930 0.095050
vt 0.573690 0.411240
vt 0.574100 0.414750
vt 0.330550 0.754300
vt 0.091080 0.273270
vt 0.426630 0.929680
vt 0.422400 0.932360
vt 0.424600 0.930460
vt 0.710300 0.497400
vt 0.718520 0.489090
vt 0.714150 0.498800
vt 0.094480 0.165580
vt 0.088990 0.170910
vt 0.080380 0.164000
vt 0.470000 0.300930
vt 0.884730 0.494800
vt 0.585650 0.697950
vt 0.584260 0.700530
vt 0.196860 0.705150
vt 0.188260 0.697680
vt 0.956390 0.230410
vt 0.054520 0.698190
vt 0.363590 0.132730
vt 0.958600 0.942890
vt 0.280370 0.175840
vt 0.023310 0.919280
vt 0.851900 0.909170
vt 0.453170 0.273860
vt 0.346170 0.124840
vt 0.175870 0.314070
vt 0.959030 0.019660
vt 0.955520 0.014460
vt 0.957490 0.013460
vt 0.244880 0.573830
vt 0.240000 0.574910
vt 0.237750 0.578850
vt 0.263580 0.363470
vt 0.260610 0.365020
vt 0.247950 0.362690
vt 0.599510 0.316440
vt 0.733620 0.029400
vt 0.503100 0.315380
vt 0.080860 0.648970
vt 0.553210 0.727090
vt 0.555230 0.738720
vt 0.094190 0.396190
vt 0.080340 0.405510
vt 0.089020 0.387000
vt 0.052250 0.881370
vt 0.684990 0.336450
vt 0.830750 0.982840
vt 0.829950 0.285700
vt 0.831140 0.298140
vt 0.491180 0.046720
vt 0.009340 0.664320
vt 0.008480 0.660210
vt 0.968630 0.890370
vt 0.969750 0.894290
vt 0.011470 0.669350
vt 0.013520 0.670760
vt 0.976140 0.906820
vt 0.685680 0.826770
vt 0.130990 0.493230
vt 0.141510 0.483700
vt 0.710980 0.289220
vt 0.681130 0.971150
vt 0.680030 0.966220
vt 0.402490 0.630790
vt 0.600430 0.386960
vt 0.599400 0.379300
vt 0.619240 0.144270
vt 0.627210 0.142180
vt 0.628100 0.519400
vt 0.622670 0.520960
vt 0.597510 0.330350
vt 0.598760 0.328590
vt 0.597680 0.331860
vt 0.331390 0.277380
vt 0.323390 0.284320
vt 0.361300 0.856690
vt 0.182040 0.010530
vt 0.185990 0.008160
vt 0.243170 0.359590
vt 0.298880 0.306920
vt 0.296880 0.308880
vt 0.563200 0.071230
vt 0.766370 0.250120
vt 0.251120 0.663030
vt 0.489210 0.976850
vt 0.504190 0.968510
vt 0.607490 0.972710
vt 0.811350 0.672710
vt 0.814400 0.690320
vt 0.985370 0.977620
vt 0.216530 0.931590
vt 0.438140 0.473090
vt 0.888000 0.822640
vt 0.261250 0.867770
vt 0.184800 0.048640
vt 0.587110 0.629850
vt 0.456660 0.077670
vt 0.459100 0.076720
vt 0.306690 0.831170
vt 0.109710 0.728520
vt 0.476890 0.035180
vt 0.480900 0.035430
vt 0.100950 0.139740
vt 0.098770 0.151500
vt 0.093280 0.152410
vt 0.391660 0.951010
vt 0.409480 0.963710
vt 0.390020 0.952980
vt 0.051100 0.435920
vt 0.053150 0.450670
vt 0.050190 0.440810
vt 0.342320 0.364880
vt 0.688040 0.580160
vt 0.546140 0.339620
vt 0.748280 0.219040
vt 0.745760 0.217170
vt 0.431650 0.068030
vt 0.083450 0.792910
vt 0.080320 0.790750
vt 0.470820 0.338210
vt 0.688680 0.433460
vt 0.823570 0.720390
vt 0.556990 0.985070
vt 0.553250 0.987440
vt 0.886420 0.989000
vt 0.897180 0.997100
vt 0.891830 0.997630
vt 0.264010 0.711070
vt 0.266400 0.538780
vt 0.264500 0.539330
vt 0.007870 0.837150
vt 0.863980 0.177510
vt 0.649520 0.678760
vt 0.380200 0.577790
vt 0.676820 0.396040
vt 0.433020 0.557570
vt 0.703240 0.194980
vt 0.707050 0.197860
vt 0.112510 0.583690
vt 0.693810 0.351710
vt 0.239120 0.464930
vt 0.238880 0.461760
vt 0.881730 0.971000
vt 0.882280 0.980970
vt 0.792510 0.876310
vt 0.806130 0.268450
vt 0.346080 0.721870
vt 0.252980 0.598740
vt 0.242240 0.604380
vt 0.779680 0.646320
vt 0.794890 0.643610
vt 0.441030 0.329180
vt 0.427430 0.332640
vt 0.271400 0.659550
vt 0.930600 0.575690
vt 0.436740 0.427920
vt 0.803900 0.816600
vt 0.816880 0.824550
vt 0.152690 0.112900
vt 0.217510 0.330320
vt 0.124410 0.126400
vt 0.132980 0.127730
vt 0.818770 0.751930
vt 0.644090 0.652080
vt 0.640610 0.658210
vt 0.286750 0.790110
vt 0.943670 0.607680
vt 0.969600 0.207500
vt 0.487550 0.989460
vt 0.482560 0.991290
vt 0.920560 0.069240
vt 0.894220 0.960470
vt 0.898100 0.975090
vt 0.284760 0.689310
vt 0.286300 0.703520
vt 0.772560 0.322580
vt 0.029160 0.043130
vt 0.272890 0.760710
vt 0.272020 0.756500
vt 0.794220 0.773260
vt 0.339150 0.353250
vt 0.026530 0.963720
vt 0.958090 0.523280
vt 0.578600 0.716350
vt 0.536320 0.953360
vt 0.435010 0.924870
vt 0.443450 0.933830
vt 0.609920 0.242550
vt 0.610390 0.245570
vt 0.389740 0.776210
vt 0.631970 0.306050
vt 0.595990 0.151680
vt 0.593550 0.153570
vt 0.101320 0.995770
vt 0.107150 0.994990
vt 0.035570 0.674250
vt 0.040240 0.680330
vt 0.793250 0.371420
vt 0.827770 0.123530
vt 0.897450 0.335680
vt 0.232770 0.670780
vt 0.984880 0.551440
vt 0.440370 0.261000
vt 0.293130 0.865800
vt 0.298330 0.865140
vt 0.301850 0.868110
vt 0.725000 0.637530
vt 0.728210 0.630480
vt 0.572440 0.985520
vt 0.630790 0.943570
vt 0.991050 0.217440
vt 0.498350 0.301990
vt 0.980840 0.602830
vt 0.644270 0.663680
vt 0.644000 0.660530
vt 0.881310 0.994980
vt 0.509820 0.869460
vt 0.502650 0.876880
vt 0.168890 0.141050
vt 0.712250 0.498790
vt 0.567620 0.728140
vt 0.342350 0.875320
vt 0.230820 0.945030
vt 0.778960 0.576450
vt 0.416390 0.983560
vt 0.405080 0.982120
vt 0.408930 0.981450
vt 0.286570 0.963210
vt 0.681780 0.709740
vt 0.954110 0.109030
vt 0.196690 0.033590
vt 0.053120 0.068530
vt 0.711600 0.280030
vt 0.717210 0.786890
vt 0.544700 0.041590
vt 0.534700 0.031900
vt 0.918420 0.479980
vt 0.005090 0.792090
vt 0.007480 0.783600
vt 0.177900 0.955380
vt 0.599660 0.325490
vt 0.693380 0.192690
vt 0.697430 0.194310
vt 0.442700 0.039870
vt 0.246010 0.572780
vt 0.039670 0.787700
vt 0.392920 0.054680
vt 0.120140 0.012700
vt 0.116890 0.011550
vt 0.913630 0.946440
vt 0.170660 0.808140
vt 0.176290 0.809110
vt 0.215740 0.829570
vt 0.748260 0.447720
vt 0.108710 0.124480
vt 0.910530 0.889520
vt 0.481120 0.653150
vt 0.396980 0.042080
vt 0.397080 0.044010
vt 0.888870 0.030740
vt 0.908280 0.044810
vt 0.260420 0.102800
vt 0.778030 0.533450
vt 0.760410 0.527340
vt 0.593860 0.019450
vt 0.534340 0.624870
vt 0.582440 0.529700
vt 0.577080 0.528810
vt 0.621990 0.343570
vt 0.353010 0.129360
vt 0.006590 0.970710
vt 0.009710 0.974750
vt 0.643100 0.089930
vt 0.127060 0.011410
vt 0.130980 0.012980
vt 0.123190 0.011790
vt 0.262380 0.060430
vt 0.573330 0.531930
vt 0.566670 0.531270
vt 0.728070 0.125000
vt 0.724620 0.132910
vt 0.326910 0.812510
vt 0.327350 0.744520
vt 0.315480 0.748710
vt 0.844220 0.963080
vt 0.005150 0.844680
vt 0.420390 0.420980
vt 0.415490 0.419170
vt 0.925490 0.389260
vt 0.336690 0.904840
vt 0.633670 0.137540
vt 0.638170 0.135110
vt 0.755890 0.601710
vt 0.777990 0.605050
vt 0.639580 0.820700
vt 0.640880 0.821560
vt 0.006940 0.604670
vt 0.099780 0.618550
vt 0.084200 0.626210
vt 0.289550 0.565530
vt 0.798210 0.070040
vt 0.799390 0.068360
vt 0.088620 0.913510
vt 0.461570 0.732120
vt 0.583110 0.492720
vt 0.794260 0.178150
vt 0.228160 0.692240
vt 0.446080 0.365740
vt 0.293830 0.803630
vt 0.270470 0.865190
vt 0.262130 0.692110
vt 0.725720 0.946770
vt 0.724370 0.950790
vt 0.990610 0.203760
vt 0.874010 0.842300
vt 0.366590 0.182630
vt 0.219200 0.268310
vt 0.613750 0.487090
vt 0.612130 0.484740
vt 0.627900 0.021120
vt 0.657990 0.080800
vt 0.654290 0.175620
vt 0.449340 0.187010
vt 0.444980 0.188420
vt 0.082080 0.377070
vt 0.345810 0.880450
vt 0.057580 0.136590
vt 0.749400 0.600760
vt 0.753490 0.600540
vt 0.121370 0.707090
vt 0.658340 0.335130
vt 0.598350 0.347310
vt 0.435850 0.609770
vt 0.184270 0.358760
vt 0.083110 0.160870
vt 0.305520 0.179210
vt 0.172790 0.376230
vt 0.515010 0.990380
vt 0.520570 0.990190
vt 0.027390 0.517640
vt 0.025520 0.519040
vt 0.865850 0.645380
vt 0.915820 0.433220
vt 0.920020 0.432030
vt 0.575130 0.986980
vt 0.920920 0.764620
vt 0.921890 0.766850
vt 0.921250 0.769020
vt 0.041340 0.872120
vt 0.910930 0.453170
vt 0.913190 0.435400
vt 0.795720 0.503340
vt 0.300430 0.071890
vt 0.102500 0.718500
vt 0.243430 0.612620
vt 0.468250 0.158630
vt 0.389500 0.079080
vt 0.390900 0.070560
vt 0.722740 0.208820
vt 0.720020 0.207370
vt 0.244130 0.640920
vt 0.245850 0.634510
vt 0.416130 0.212310
vt 0.417590 0.209920
vt 0.722380 0.355060
vt 0.185370 0.165390
vt 0.091080 0.950930
vt 0.091500 0.939850
vt 0.097460 0.099210
vt 0.620610 0.101800
vt 0.614900 0.106580
vt 0.695080 0.063150
vt 0.705030 0.057830
vt 0.057680 0.196600
vt 0.017490 0.079050
vt 0.431400 0.583640
vt 0.701260 0.340500
vt 0.254680 0.567880
vt 0.527340 0.305510
vt 0.524820 0.299750
vt 0.266130 0.156040
vt 0.099730 0.627640
vt 0.822170 0.413080
vt 0.647430 0.079520
vt 0.410390 0.425800
vt 0.299330 0.024940
vt 0.817970 0.641910
vt 0.309830 0.635200
vt 0.312730 0.626990
vt 0.308510 0.646910
vt 0.739170 0.123850
vt 0.815960 0.680100
vt 0.573270 0.721570
vt 0.710830 0.030310
vt 0.643240 0.435570
vt 0.434350 0.877230
vt 0.828260 0.705700
vt 0.167580 0.807120
vt 0.249740 0.718780
vt 0.335650 0.028100
vt 0.344950 0.030940
vt 0.557250 0.536230
vt 0.561510 0.534250
vt 0.639680 0.447670
vt 0.874110 0.172670
vt 0.967940 0.159190
vt 0.387120 0.241180
vt 0.565840 0.629410
vt 0.989340 0.580640
vt 0.988410 0.576610
vt 0.985530 0.588290
vt 0.226060 0.525410
vt 0.223120 0.523200
vt 0.257090 0.743860
vt 0.452570 0.874710
vt 0.243240 0.834770
vt 0.535910 0.319140
vt 0.675180 0.135190
vt 0.674820 0.129510
vt 0.006050 0.905100
vt 0.005530 0.902030
vt 0.840230 0.255600
vt 0.830250 0.252880
vt 0.601440 0.404440
vt 0.606910 0.407260
vt 0.129360 0.941490
vt 0.117930 0.936510
vt 0.311030 0.609210
vt 0.008180 0.807610
vt 0.006770 0.812870
vt 0.776750 0.623810
vt 0.779620 0.625290
vt 0.385580 0.686260
vt 0.571540 0.050390
vt 0.581870 0.066850
vt 0.419120 0.567590
vt 0.505530 0.817600
vt 0.494490 0.824460
vt 0.508480 0.813620
vt 0.507940 0.815790
vt 0.016470 0.757180
vt 0.021370 0.527410
vt 0.681360 0.946730
vt 0.190690 0.264680
vt 0.315830 0.739950
vt 0.006400 0.932670
vt 0.006430 0.941010
vt 0.803540 0.863960
vt 0.490320 0.156430
vt 0.420470 0.811930
vt 0.164430 0.698010
vt 0.820200 0.609910
vt 0.818040 0.132470
vt 0.914300 0.051250
vt 0.907110 0.996690
vt 0.006780 0.867380
vt 0.448020 0.770160
vt 0.143020 0.768870
vt 0.236660 0.950350
vt 0.230110 0.154670
vt 0.364110 0.717860
vt 0.978790 0.512390
vt 0.124010 0.857780
vt 0.961730 0.445240
vt 0.509300 0.545250
vt 0.708160 0.146350
vt 0.219740 0.853090
vt 0.016590 0.965070
vt 0.968040 0.465720
vt 0.053680 0.764800
vt 0.063660 0.766250
vt 0.208200 0.681380
vt 0.319740 0.270890
vt 0.024350 0.669350
vt 0.682800 0.980160
vt 0.267930 0.741220
vt 0.123870 0.431790
vt 0.072640 0.632650
vt 0.006970 0.617770
vt 0.507320 0.269900
vt 0.287510 0.452330
vt 0.885510 0.330070
vt 0.174470 0.978680
vt 0.614480 0.499390
vt 0.615360 0.500970
vt 0.647760 0.664430
vt 0.451670 0.156640
vt 0.460220 0.160700
vt 0.455460 0.160300
vt 0.325210 0.259560
vt 0.240610 0.591090
vt 0.239760 0.588970
vt 0.100700 0.634000
vt 0.511740 0.152250
vt 0.922300 0.872820
vt 0.583900 0.705930
vt 0.170040 0.134380
vt 0.281880 0.964090
vt 0.278690 0.965580
vt 0.134190 0.945020
vt 0.380820 0.114960
vt 0.949010 0.095770
vt 0.260060 0.133470
vt 0.608270 0.438570
vt 0.512580 0.804870
vt 0.510570 0.810670
vt 0.809020 0.466480
vt 0.805790 0.468180
vt 0.461670 0.900320
vt 0.456300 0.902390
vt 0.312590 0.561360
vt 0.310190 0.562290
vt 0.205220 0.006540
vt 0.937930 0.917670
vt 0.046780 0.992780
vt 0.008270 0.830890
vt 0.008630 0.827890
vt 0.838420 0.048160
vt 0.827500 0.054280
vt 0.294540 0.529750
vt 0.680850 0.886020
vt 0.561570 0.381550
vt 0.559360 0.377970
vt 0.692350 0.452280
vt 0.684240 0.462030
vt 0.490150 0.831190
vt 0.483780 0.837860
vt 0.586350 0.457350
vt 0.612180 0.252490
vt 0.609680 0.254560
vt 0.306170 0.871110
vt 0.948520 0.839240
vt 0.948690 0.837450
vt 0.127470 0.801640
vt 0.129710 0.801600
vt 0.231430 0.118510
vt 0.962510 0.214370
vt 0.630080 0.019560
vt 0.819910 0.739570
vt 0.426080 0.263210
vt 0.391860 0.236790
vt 0.263610 0.717900
vt 0.904500 0.826930
vt 0.915700 0.968060
vt 0.679630 0.894030
vt 0.633820 0.095140
vt 0.630350 0.099520
vt 0.628310 0.100370
vt 0.815170 0.286440
vt 0.778670 0.955960
vt 0.781410 0.953440
vt 0.785670 0.945500
vt 0.782780 0.950230
vt 0.133090 0.090330
vt 0.242500 0.450360
vt 0.162820 0.290330
vt 0.605090 0.515560
vt 0.605990 0.517230
vt 0.516190 0.097670
vt 0.393980 0.949490
vt 0.396230 0.948480
vt 0.410950 0.956550
vt 0.325650 0.319440
vt 0.613530 0.519920
vt 0.134590 0.484110
vt 0.593350 0.830460
vt 0.679920 0.847330
vt 0.823180 0.562830
vt 0.271540 0.468360
vt 0.008930 0.919690
vt 0.799830 0.764100
vt 0.453430 0.571580
vt 0.231510 0.924000
vt 0.488560 0.241030
vt 0.680840 0.235210
vt 0.079820 0.995380
vt 0.085090 0.995460
vt 0.782320 0.238400
vt 0.824940 0.281390
vt 0.607600 0.271670
vt 0.609150 0.266560
vt 0.359510 0.900130
vt 0.453850 0.196210
vt 0.451510 0.192660
vt 0.601600 0.158600
vt 0.219080 0.405760
vt 0.332840 0.709460
vt 0.711630 0.915430
vt 0.705150 0.900890
vt 0.705840 0.903850
vt 0.778780 0.160410
vt 0.139270 0.466330
vt 0.011050 0.693430
vt 0.431720 0.986290
vt 0.694880 0.789260
vt 0.478850 0.583150
vt 0.485280 0.584390
vt 0.777390 0.519650
vt 0.774770 0.521060
vt 0.765190 0.523910
vt 0.699560 0.381380
vt 0.084870 0.916770
vt 0.185120 0.811340
vt 0.471860 0.035630
vt 0.260190 0.685810
vt 0.921140 0.355410
vt 0.005980 0.582220
vt 0.072880 0.026660
vt 0.087760 0.034500
vt 0.388360 0.516960
vt 0.003770 0.847740
vt 0.281270 0.778320
vt 0.279730 0.780400
vt 0.794490 0.071540
vt 0.651440 0.669540
vt 0.442220 0.959250
vt 0.445170 0.948600
vt 0.407780 0.398490
vt 0.411460 0.379570
vt 0.671440 0.775410
vt 0.563470 0.841890
vt 0.488190 0.964020
vt 0.348110 0.712870
vt 0.255090 0.967790
vt 0.251140 0.969510
vt 0.680420 0.919250
vt 0.679130 0.910540
vt 0.102640 0.918510
vt 0.633110 0.097400
vt 0.899480 0.338960
vt 0.319760 0.953210
vt 0.326250 0.951400
vt 0.126160 0.480890
vt 0.782900 0.942820
vt 0.632090 0.818800
vt 0.493110 0.989240
vt 0.490950 0.988950
vt 0.775240 0.968400
vt 0.502670 0.673540
vt 0.041630 0.147090
vt 0.043530 0.152790
vt 0.278600 0.774300
vt 0.046850 0.455080
vt 0.048520 0.452760
vt 0.048730 0.449110
vt 0.049430 0.448300
vt 0.467170 0.453720
vt 0.351110 0.080410
vt 0.614430 0.506880
vt 0.678870 0.904670
vt 0.511380 0.072600
vt 0.344700 0.861150
vt 0.172820 0.298390
vt 0.526290 0.786910
vt 0.704340 0.437280
vt 0.695430 0.439690
vt 0.771810 0.842600
vt 0.768430 0.849650
vt 0.786550 0.242360
vt 0.437080 0.765330
vt 0.253720 0.159100
vt 0.050890 0.467990
vt 0.402390 0.558190
vt 0.120650 0.934720
vt 0.708360 0.242670
vt 0.491130 0.586030
vt 0.893690 0.820740
vt 0.298420 0.444700
vt 0.584430 0.021520
vt 0.582930 0.021400
vt 0.664990 0.993470
vt 0.680910 0.069530
vt 0.125820 0.706420
vt 0.925170 0.780060
vt 0.926060 0.784580
vt 0.804160 0.824300
vt 0.631420 0.988390
vt 0.634370 0.990950
vt 0.317420 0.296130
vt 0.095300 0.397490
vt 0.099130 0.405100
vt 0.708850 0.028820
vt 0.212510 0.106050
vt 0.901560 0.265620
vt 0.904640 0.813690
vt 0.917370 0.821770
vt 0.988860 0.254550
vt 0.989910 0.260320
vt 0.987350 0.262010
vt 0.980760 0.923610
vt 0.877440 0.204480
vt 0.527120 0.302700
vt 0.223560 0.826170
vt 0.317420 0.847180
vt 0.495980 0.554430
vt 0.489700 0.554760
vt 0.117620 0.317760
vt 0.332210 0.688440
vt 0.605250 0.428030
vt 0.606600 0.434350
vt 0.633150 0.165250
vt 0.629770 0.164490
vt 0.635070 0.518430
vt 0.639110 0.518290
vt 0.019700 0.996620
vt 0.904720 0.343480
vt 0.690390 0.846840
vt 0.067120 0.996480
vt 0.063650 0.995150
vt 0.444960 0.138570
vt 0.442850 0.132750
vt 0.468690 0.350770
vt 0.820060 0.485080
vt 0.824780 0.482420
vt 0.785680 0.402290
vt 0.899290 0.719810
vt 0.901090 0.722460
vt 0.901780 0.726510
vt 0.280210 0.750150
vt 0.270350 0.753370
vt 0.763870 0.299120
vt 0.679830 0.922270
vt 0.930220 0.609930
vt 0.656600 0.711470
vt 0.264340 0.706720
vt 0.471740 0.476690
vt 0.039210 0.764180
vt 0.037880 0.762980
vt 0.035600 0.753900
vt 0.366380 0.811160
vt 0.171680 0.031080
vt 0.847450 0.611380
vt 0.315470 0.846240
vt 0.873020 0.315220
vt 0.873550 0.318920
vt 0.334870 0.313580
vt 0.258470 0.406870
vt 0.257340 0.414090
vt 0.284900 0.337940
vt 0.282530 0.338820
vt 0.284150 0.335010
vt 0.005120 0.911840
vt 0.348470 0.553510
vt 0.353080 0.554430
vt 0.862540 0.923260
vt 0.244700 0.385650
vt 0.250980 0.379420
vt 0.516820 0.284920
vt 0.713560 0.634030
vt 0.720710 0.633230
vt 0.677360 0.806740
vt 0.260510 0.650660
vt 0.070910 0.482280
vt 0.662800 0.658710
vt 0.610520 0.459410
vt 0.436890 0.109010
vt 0.435670 0.106340
vt 0.396280 0.048060
vt 0.397690 0.047640
vt 0.964310 0.603050
vt 0.958230 0.604530
vt 0.541670 0.766210
vt 0.543670 0.752390
vt 0.688570 0.192370
vt 0.229800 0.527970
vt 0.227800 0.527240
vt 0.009580 0.046910
vt 0.012010 0.047520
vt 0.007750 0.049590
vt 0.770930 0.086060
vt 0.193840 0.689500
vt 0.795780 0.851640
vt 0.819790 0.748710
vt 0.566330 0.729540
vt 0.951980 0.848400
vt 0.133570 0.864750
vt 0.293600 0.911060
vt 0.952030 0.529430
vt 0.810540 0.464760
vt 0.813650 0.464110
vt 0.505870 0.152830
vt 0.131350 0.768750
vt 0.432860 0.076910
vt 0.431370 0.072280
vt 0.707060 0.320800
vt 0.093090 0.136910
vt 0.556180 0.138860
vt 0.559200 0.139240
vt 0.766930 0.853180
vt 0.340210 0.081590
vt 0.340380 0.070860
vt 0.282740 0.729340
vt 0.615230 0.496740
vt 0.217180 0.621140
vt 0.313430 0.648740
vt 0.776650 0.080980
vt 0.210680 0.288140
vt 0.086890 0.118000
vt 0.204820 0.755780
vt 0.427470 0.696090
vt 0.110010 0.310090
vt 0.693600 0.336960
vt 0.595800 0.657540
vt 0.826240 0.711290
vt 0.367240 0.663070
vt 0.665550 0.129990
vt 0.394050 0.754790
vt 0.737840 0.629820
vt 0.440720 0.638610
vt 0.603280 0.642060
vt 0.948810 0.416120
vt 0.953200 0.411670
vt 0.760840 0.223760
vt 0.611990 0.228400
vt 0.652790 0.174780
vt 0.727580 0.027860
vt 0.612610 0.482560
vt 0.560680 0.668860
vt 0.551290 0.749340
vt 0.524500 0.297190
vt 0.680610 0.025540
vt 0.877600 0.052640
vt 0.528570 0.032440
vt 0.474900 0.990730
vt 0.673210 0.993060
vt 0.598910 0.353810
vt 0.468850 0.037180
vt 0.947160 0.997490
vt 0.280840 0.370240
vt 0.277250 0.375100
vt 0.781110 0.952210
vt 0.477540 0.557180
vt 0.851940 0.296640
vt 0.675050 0.838520
vt 0.358300 0.939300
vt 0.362910 0.930500
vt 0.366440 0.933530
vt 0.365700 0.931820
vt 0.804290 0.066700
vt 0.806380 0.065390
vt 0.778840 0.825200
vt 0.377050 0.633130
vt 0.627590 0.989300
vt 0.256160 0.417960
vt 0.257490 0.367950
vt 0.259640 0.367500
vt 0.356530 0.895460
vt 0.357310 0.898640
vt 0.244650 0.438700
vt 0.684040 0.237930
vt 0.088820 0.997240
vt 0.237740 0.467270
vt 0.694290 0.858830
vt 0.051180 0.080870
vt 0.730100 0.354270
vt 0.737850 0.363360
vt 0.489870 0.134580
vt 0.736450 0.542770
vt 0.367550 0.562710
vt 0.374450 0.565740
vt 0.352680 0.030670
vt 0.212260 0.153280
vt 0.491380 0.032670
vt 0.971770 0.020140
vt 0.971550 0.016230
vt 0.748960 0.885690
vt 0.682030 0.956670
vt 0.682210 0.953280
vt 0.683400 0.950480
vt 0.290390 0.624800
vt 0.028280 0.515220
vt 0.028120 0.508330
vt 0.865690 0.308260
vt 0.862190 0.303040
vt 0.864290 0.303690
vt 0.199990 0.916620
vt 0.242260 0.527910
vt 0.244400 0.533570
vt 0.238810 0.533170
vt 0.653820 0.697330
vt 0.945960 0.608190
vt 0.948240 0.606670
vt 0.203670 0.398380
vt 0.325470 0.857980
vt 0.750750 0.370130
vt 0.330000 0.822000
vt 0.714140 0.558200
vt 0.596550 0.333940
vt 0.176120 0.010280
vt 0.561190 0.612460
vt 0.683540 0.820480
vt 0.307980 0.562180
vt 0.465870 0.801990
vt 0.606380 0.273650
vt 0.815790 0.415600
vt 0.899110 0.410960
vt 0.609170 0.262520
vt 0.156280 0.228660
vt 0.323590 0.893330
vt 0.953430 0.492500
vt 0.008170 0.824390
vt 0.012570 0.558030
vt 0.362550 0.562800
vt 0.352820 0.206170
vt 0.353480 0.203320
vt 0.979400 0.519480
vt 0.799850 0.984680
vt 0.810270 0.987480
vt 0.474410 0.226750
vt 0.741310 0.914490
vt 0.047370 0.786370
vt 0.325290 0.894650
vt 0.391890 0.525440
vt 0.904320 0.406680
vt 0.911860 0.401240
vt 0.199360 0.814550
vt 0.785970 0.809620
vt 0.161200 0.364680
vt 0.140380 0.178650
vt 0.908290 0.436950
vt 0.801340 0.472320
vt 0.721390 0.747050
vt 0.236740 0.972880
vt 0.320730 0.561540
vt 0.989970 0.232500
vt 0.251670 0.534420
vt 0.310050 0.874920
vt 0.249930 0.166300
vt 0.249050 0.176220
vt 0.742770 0.745790
vt 0.402220 0.382620
vt 0.890140 0.605680
vt 0.875110 0.673870
vt 0.876870 0.675420
vt 0.856090 0.611540
vt 0.860760 0.609960
vt 0.371120 0.563760
vt 0.008720 0.655090
vt 0.363100 0.818810
vt 0.354810 0.200840
vt 0.440480 0.921420
vt 0.443950 0.917280
vt 0.777500 0.831670
vt 0.433600 0.473530
vt 0.422000 0.556590
vt 0.819340 0.622260
vt 0.890570 0.222420
vt 0.401840 0.944820
vt 0.990640 0.248610
vt 0.990470 0.246520
vt 0.131740 0.870060
vt 0.107350 0.013230
vt 0.012800 0.716730
vt 0.790150 0.790370
vt 0.280550 0.019650
vt 0.284370 0.022060
vt 0.270810 0.018250
vt 0.832690 0.478530
vt 0.833490 0.476320
vt 0.879850 0.688200
vt 0.840990 0.453980
vt 0.716870 0.933340
vt 0.235020 0.406330
vt 0.814750 0.711930
vt 0.814540 0.700190
vt 0.828840 0.991580
vt 0.433720 0.395120
vt 0.399660 0.982330
vt 0.032950 0.762230
vt 0.025060 0.760420
vt 0.985270 0.161730
vt 0.886240 0.696920
vt 0.668100 0.296250
vt 0.950350 0.075750
vt 0.381860 0.106810
vt 0.382500 0.109820
vt 0.325590 0.615250
vt 0.611250 0.479930
vt 0.335830 0.411250
vt 0.701100 0.594430
vt 0.807830 0.790020
vt 0.379550 0.130580
vt 0.380050 0.132370
vt 0.601660 0.411830
vt 0.600920 0.408440
vt 0.254320 0.674740
vt 0.470480 0.579930
vt 0.984110 0.542870
vt 0.858370 0.300800
vt 0.529540 0.306490
vt 0.196210 0.761190
vt 0.192900 0.759730
vt 0.045320 0.764270
vt 0.914080 0.023820
vt 0.391750 0.068080
vt 0.159470 0.514170
vt 0.451700 0.191090
vt 0.684860 0.126170
vt 0.545890 0.337250
vt 0.225810 0.826100
vt 0.721240 0.942870
vt 0.405500 0.927940
vt 0.908020 0.544250
vt 0.544450 0.848440
vt 0.233070 0.413060
vt 0.939200 0.376790
vt 0.990980 0.236810
vt 0.950620 0.842420
vt 0.814960 0.704680
vt 0.160090 0.717430
vt 0.799000 0.622830
vt 0.887400 0.264540
vt 0.883380 0.263690
vt 0.880460 0.262450
vt 0.872660 0.663350
vt 0.538690 0.031500
vt 0.966100 0.993910
vt 0.048010 0.173410
vt 0.266090 0.736060
vt 0.872010 0.443170
vt 0.868330 0.443530
vt 0.547780 0.848390
vt 0.028050 0.109520
vt 0.027800 0.104490
vt 0.917810 0.884700
vt 0.960170 0.433220
vt 0.296660 0.341070
vt 0.291560 0.347490
vt 0.289360 0.350930
vt 0.919480 0.082370
vt 0.990000 0.252710
vt 0.986000 0.966920
vt 0.987090 0.972460
vt 0.190140 0.760320
vt 0.394690 0.934490
vt 0.397890 0.934170
vt 0.017280 0.782580
vt 0.008540 0.778560
vt 0.921670 0.185350
vt 0.076400 0.024820
vt 0.070640 0.398420
vt 0.068400 0.400290
vt 0.827810 0.481410
vt 0.028690 0.995240
vt 0.772590 0.987150
vt 0.102550 0.297780
vt 0.905120 0.734170
vt 0.034770 0.484260
vt 0.097530 0.110020
vt 0.532660 0.547970
vt 0.529260 0.547310
vt 0.499480 0.032480
vt 0.509230 0.274340
vt 0.012570 0.710630
vt 0.021810 0.700620
vt 0.325170 0.798440
vt 0.380850 0.124480
vt 0.570720 0.023730
vt 0.382630 0.557600
vt 0.281340 0.443100
vt 0.824450 0.715940
vt 0.825620 0.714110
vt 0.442530 0.763900
vt 0.809710 0.723150
vt 0.406710 0.941280
vt 0.338080 0.549750
vt 0.335330 0.547580
vt 0.450170 0.883930
vt 0.887090 0.419050
vt 0.109490 0.934520
vt 0.234390 0.831340
vt 0.078020 0.179510
vt 0.743840 0.095740
vt 0.747080 0.094420
vt 0.376650 0.162360
vt 0.568960 0.987260
vt 0.313340 0.046570
vt 0.317690 0.028720
vt 0.087390 0.630880
vt 0.983230 0.157880
vt 0.430160 0.558550
vt 0.813670 0.775370
vt 0.473320 0.891500
vt 0.795460 0.986770
vt 0.657390 0.817290
vt 0.660190 0.817620
vt 0.668280 0.025290
vt 0.743100 0.537690
vt 0.033480 0.127390
vt 0.029970 0.117970
vt 0.030780 0.122920
vt 0.967250 0.883520
vt 0.966570 0.884840
vt 0.692550 0.238530
vt 0.688300 0.237930
vt 0.746090 0.683850
vt 0.212230 0.603370
vt 0.957430 0.858010
vt 0.957000 0.860400
vt 0.273400 0.352530
vt 0.733910 0.932250
vt 0.209010 0.402290
vt 0.204130 0.399950
vt 0.612340 0.145500
vt 0.296810 0.310850
vt 0.655280 0.701850
vt 0.202740 0.264380
vt 0.251090 0.747940
vt 0.614270 0.825670
vt 0.541680 0.891300
vt 0.768290 0.851720
vt 0.516450 0.282840
vt 0.513000 0.278210
vt 0.812760 0.119920
vt 0.520140 0.597410
vt 0.705380 0.897130
vt 0.358880 0.156400
vt 0.801980 0.760310
vt 0.586360 0.155010
vt 0.591690 0.153450
vt 0.592310 0.155430
vt 0.345730 0.561150
vt 0.352610 0.561270
vt 0.764760 0.485350
vt 0.483420 0.302030
vt 0.648520 0.674760
vt 0.979500 0.261140
vt 0.078090 0.023270
vt 0.655110 0.994800
vt 0.987800 0.596290
vt 0.990990 0.591040
vt 0.585610 0.699650
vt 0.051880 0.183490
vt 0.050580 0.178000
vt 0.864170 0.261090
vt 0.031130 0.784760
vt 0.557540 0.362050
vt 0.554940 0.354560
vt 0.985990 0.951210
vt 0.312320 0.281640
vt 0.236990 0.674840
vt 0.236730 0.671750
vt 0.577590 0.622390
vt 0.605430 0.021750
vt 0.855880 0.259940
vt 0.670580 0.022980
vt 0.096740 0.995480
vt 0.092680 0.996090
vt 0.698570 0.497500
vt 0.700660 0.499470
vt 0.869590 0.311300
vt 0.221410 0.626920
vt 0.658490 0.510230
vt 0.679140 0.902250
vt 0.680750 0.963120
vt 0.448530 0.145840
vt 0.446520 0.143040
vt 0.970860 0.899040
vt 0.588120 0.921500
vt 0.070210 0.180150
vt 0.012100 0.705250
vt 0.012980 0.700560
vt 0.438580 0.357250
vt 0.144000 0.985020
vt 0.138990 0.985900
vt 0.005320 0.841160
vt 0.675650 0.233770
vt 0.960780 0.442930
vt 0.465740 0.576430
vt 0.859130 0.599170
vt 0.252830 0.424520
vt 0.225100 0.637270
vt 0.224010 0.640040
vt 0.226190 0.642000
vt 0.763740 0.604210
vt 0.330310 0.027640
vt 0.239000 0.677200
vt 0.154550 0.980930
vt 0.316760 0.275290
vt 0.220630 0.181840
vt 0.607610 0.269940
vt 0.411660 0.982280
vt 0.785090 0.605000
vt 0.139820 0.669780
vt 0.680590 0.890730
vt 0.983970 0.956600
vt 0.607290 0.827100
vt 0.700870 0.571420
vt 0.105300 0.767560
vt 0.107330 0.767980
vt 0.362010 0.767670
vt 0.225040 0.752030
vt 0.214790 0.753270
vt 0.210900 0.754170
vt 0.817210 0.652610
vt 0.960530 0.012610
vt 0.598080 0.374280
vt 0.450380 0.726940
vt 0.713440 0.595980
vt 0.708460 0.595150
vt 0.423870 0.351290
vt 0.110050 0.920710
vt 0.104150 0.015460
vt 0.044640 0.461380
vt 0.129130 0.339280
vt 0.464800 0.160360
vt 0.886040 0.995760
vt 0.425290 0.205890
vt 0.790470 0.505880
vt 0.533290 0.057360
vt 0.542090 0.331390
vt 0.642920 0.168740
vt 0.272830 0.567180
vt 0.718290 0.823760
vt 0.057210 0.786570
vt 0.849550 0.656870
vt 0.137500 0.461750
vt 0.512870 0.991410
vt 0.610300 0.108510
vt 0.233110 0.663840
vt 0.957110 0.413200
vt 0.989170 0.588020
vt 0.424610 0.908660
vt 0.415440 0.914380
vt 0.595720 0.118030
vt 0.878690 0.325170
vt 0.044210 0.162400
vt 0.917070 0.995240
vt 0.921450 0.993690
vt 0.050190 0.992640
vt 0.548910 0.027850
vt 0.552740 0.028240
vt 0.330930 0.065870
vt 0.567570 0.023330
vt 0.561960 0.023780
vt 0.592720 0.985380
vt 0.586990 0.987530
vt 0.062200 0.029970
vt 0.062920 0.211740
vt 0.659390 0.718340
vt 0.923230 0.610970
vt 0.909970 0.608880
vt 0.875210 0.921750
vt 0.014070 0.046950
vt 0.717160 0.556510
vt 0.296760 0.816490
vt 0.257640 0.016020
vt 0.746040 0.601380
vt 0.668450 0.233960
vt 0.812470 0.060590
vt 0.700320 0.883170
vt 0.700170 0.885780
vt 0.888280 0.355100
vt 0.705830 0.906870
vt 0.500190 0.555380
vt 0.509760 0.553360
vt 0.006960 0.802740
vt 0.988280 0.171180
vt 0.142630 0.478710
vt 0.142120 0.471650
vt 0.067100 0.027270
vt 0.980440 0.087550
vt 0.335450 0.789530
vt 0.577250 0.718870
vt 0.380360 0.958530
vt 0.101550 0.294780
vt 0.292720 0.542660
vt 0.288850 0.542550
vt 0.146090 0.492960
vt 0.788320 0.076020
vt 0.791770 0.073890
vt 0.253930 0.371480
vt 0.302730 0.545250
vt 0.515530 0.864270
vt 0.669210 0.076060
vt 0.007830 0.872240
vt 0.898970 0.997330
vt 0.783280 0.623150
vt 0.099220 0.565540
vt 0.105610 0.409480
vt 0.107920 0.411960
vt 0.327160 0.257390
vt 0.112320 0.994730
vt 0.253910 0.420820
vt 0.011630 0.726490
vt 0.608930 0.110490
vt 0.604190 0.113340
vt 0.544250 0.761150
vt 0.546920 0.758160
vt 0.356030 0.555950
vt 0.135710 0.012560
vt 0.138970 0.013210
vt 0.392890 0.980740
vt 0.384810 0.980280
vt 0.894860 0.266410
vt 0.695870 0.498200
vt 0.110620 0.153700
vt 0.970760 0.025320
vt 0.872540 0.262140
vt 0.020310 0.757980
vt 0.071300 0.395800
vt 0.505680 0.262570
vt 0.970160 0.013190
vt 0.715460 0.928200
vt 0.503220 0.690880
vt 0.609800 0.987990
vt 0.596630 0.986640
vt 0.462580 0.210870
vt 0.781140 0.605500
vt 0.776270 0.962140
vt 0.569860 0.399350
vt 0.894190 0.609120
vt 0.737850 0.495140
vt 0.915870 0.266110
vt 0.564350 0.391410
vt 0.272670 0.382430
vt 0.646750 0.224240
vt 0.814890 0.692370
vt 0.284620 0.862370
vt 0.264810 0.734250
vt 0.737930 0.040450
vt 0.365660 0.979040
vt 0.246910 0.747960
vt 0.971120 0.895580
vt 0.253220 0.956150
vt 0.973530 0.493270
vt 0.635970 0.818020
vt 0.984470 0.122080
vt 0.982770 0.126910
vt 0.353760 0.892670
vt 0.778310 0.517120
vt 0.158480 0.805950
vt 0.022210 0.045200
vt 0.810450 0.252050
vt 0.807740 0.249360
vt 0.829190 0.230320
vt 0.747660 0.894000
vt 0.758910 0.603980
vt 0.413380 0.216540
vt 0.410910 0.219020
vt 0.406900 0.220280
vt 0.582830 0.128300
vt 0.550250 0.988050
vt 0.771020 0.483390
vt 0.783170 0.477880
vt 0.780390 0.480740
vt 0.446400 0.864590
vt 0.293860 0.565340
vt 0.450170 0.988070
vt 0.755420 0.874320
vt 0.675490 0.502860
vt 0.610130 0.222150
vt 0.613560 0.221130
vt 0.017300 0.996080
vt 0.014110 0.997700
vt 0.014040 0.994140
vt 0.300870 0.563750
vt 0.858290 0.994020
vt 0.214940 0.820060
vt 0.218930 0.821790
vt 0.658080 0.646940
vt 0.464980 0.857560
vt 0.985700 0.569480
vt 0.984750 0.562430
vt 0.662000 0.755460
vt 0.163050 0.704750
vt 0.746510 0.903460
vt 0.744090 0.908450
vt 0.429450 0.568570
vt 0.753960 0.221480
vt 0.724120 0.316910
vt 0.126840 0.768260
vt 0.611570 0.232930
vt 0.091610 0.735630
vt 0.232130 0.479980
vt 0.230840 0.477830
vt 0.410230 0.565620
vt 0.840770 0.678610
vt 0.549310 0.751340
vt 0.380370 0.039770
vt 0.584790 0.069770
vt 0.279420 0.861550
vt 0.274880 0.857190
vt 0.898060 0.027740
vt 0.713790 0.242970
vt 0.433060 0.081980
vt 0.351000 0.890950
vt 0.598810 0.313970
vt 0.505900 0.592320
vt 0.363780 0.187940
vt 0.808540 0.734440
vt 0.681560 0.811630
vt 0.907890 0.343270
vt 0.312790 0.880120
vt 0.311080 0.879040
vt 0.194880 0.568490
vt 0.602180 0.829190
vt 0.813780 0.491200
vt 0.036330 0.134320
vt 0.472590 0.851270
vt 0.540470 0.146530
vt 0.093360 0.768900
vt 0.098080 0.767620
vt 0.868430 0.610570
vt 0.864500 0.609770
vt 0.664300 0.647310
vt 0.662570 0.231680
vt 0.691990 0.026090
vt 0.699930 0.027750
vt 0.697910 0.025830
vt 0.230470 0.973390
vt 0.389060 0.084180
vt 0.617380 0.160300
vt 0.525490 0.790860
vt 0.889140 0.265870
vt 0.790010 0.893310
vt 0.705780 0.595360
vt 0.341630 0.266800
vt 0.130010 0.446030
vt 0.130190 0.442900
vt 0.386550 0.041150
vt 0.598670 0.521480
vt 0.600270 0.519730
vt 0.052170 0.430230
vt 0.652930 0.514520
vt 0.374190 0.918500
vt 0.037060 0.480950
vt 0.056670 0.995130
vt 0.923580 0.777890
vt 0.252130 0.014580
vt 0.528090 0.600580
vt 0.435210 0.042240
vt 0.437980 0.040010
vt 0.174200 0.534290
vt 0.277330 0.965380
vt 0.814620 0.253160
vt 0.661640 0.739970
vt 0.713750 0.923370
vt 0.668640 0.646100
vt 0.598670 0.371120
vt 0.337330 0.947140
vt 0.329650 0.948660
vt 0.913040 0.346690
vt 0.675070 0.073680
vt 0.027150 0.783640
vt 0.259550 0.681450
vt 0.552470 0.349450
vt 0.514680 0.552470
vt 0.511840 0.552370
vt 0.520300 0.549450
vt 0.227830 0.653340
vt 0.280600 0.343180
vt 0.680700 0.875390
vt 0.156190 0.010920
vt 0.013910 0.674200
vt 0.648770 0.820480
vt 0.787150 0.476270
vt 0.457410 0.989730
vt 0.322310 0.267730
vt 0.238280 0.574250
vt 0.237050 0.577050
vt 0.740650 0.494970
vt 0.148600 0.013110
vt 0.064280 0.028240
vt 0.681280 0.816560
vt 0.974650 0.053820
vt 0.678300 0.502550
vt 0.684480 0.500710
vt 0.285010 0.334110
vt 0.706030 0.499530
vt 0.065730 0.407980
vt 0.361560 0.940590
vt 0.685050 0.823000
vt 0.274410 0.163800
vt 0.242330 0.601820
vt 0.822270 0.056250
vt 0.804710 0.744870
vt 0.728800 0.944050
vt 0.590470 0.986760
vt 0.699640 0.061520
vt 0.697900 0.062910
vt 0.058120 0.031110
vt 0.618220 0.161690
vt 0.543050 0.540980
vt 0.258020 0.746540
vt 0.011560 0.732640
vt 0.831490 0.285740
vt 0.250200 0.425850
vt 0.595340 0.156200
vt 0.088810 0.264490
vt 0.008110 0.877990
vt 0.601390 0.406500
vt 0.075610 0.767860
vt 0.087090 0.261420
vt 0.930620 0.384560
vt 0.692500 0.117890
vt 0.708640 0.200090
vt 0.610610 0.463740
vt 0.351930 0.942580
vt 0.707150 0.561770
vt 0.193700 0.563890
vt 0.192010 0.560380
vt 0.452350 0.035170
vt 0.256730 0.737990
vt 0.413560 0.214620
vt 0.103690 0.409220
vt 0.101490 0.406610
vt 0.688360 0.026840
vt 0.005950 0.046830
vt 0.747510 0.899300
vt 0.903920 0.024560
vt 0.357390 0.981220
vt 0.007110 0.575380
vt 0.601050 0.415930
vt 0.542200 0.769120
vt 0.755890 0.488470
vt 0.854170 0.632100
vt 0.858310 0.633840
vt 0.853220 0.633920
vt 0.443410 0.188360
vt 0.243770 0.389190
vt 0.599830 0.360780
vt 0.709370 0.054550
vt 0.884560 0.419220
vt 0.134890 0.987390
vt 0.680290 0.127140
vt 0.385860 0.101310
vt 0.237460 0.531250
vt 0.946680 0.833060
vt 0.823590 0.990130
vt 0.646360 0.517320
vt 0.777510 0.975790
vt 0.249690 0.381570
vt 0.430050 0.926660
vt 0.233460 0.530790
vt 0.462490 0.576210
vt 0.563610 0.387870
vt 0.413910 0.982130
vt 0.223430 0.633930
vt 0.223150 0.630380
vt 0.940220 0.422960
vt 0.615830 0.222090
vt 0.621150 0.220660
vt 0.306900 0.314920
vt 0.592340 0.664380
vt 0.280610 0.539740
vt 0.278000 0.540200
vt 0.305740 0.024510
vt 0.971150 0.039790
vt 0.679280 0.071390
vt 0.740810 0.600510
vt 0.601010 0.019670
vt 0.489090 0.584850
vt 0.981670 0.532850
vt 0.897170 0.715010
vt 0.286080 0.354610
vt 0.087580 0.767050
vt 0.923730 0.775560
vt 0.844980 0.450940
vt 0.485690 0.990920
vt 0.481860 0.582710
vt 0.119240 0.426380
vt 0.289830 0.964610
vt 0.984860 0.599230
vt 0.679880 0.503190
vt 0.479080 0.231870
vt 0.541480 0.849250
vt 0.817540 0.661630
vt 0.768640 0.249850
vt 0.883840 0.445200
vt 0.174720 0.379870
vt 0.657120 0.180310
vt 0.547990 0.605240
vt 0.224630 0.409660
vt 0.292710 0.343870
vt 0.276520 0.565000
vt 0.432350 0.043710
vt 0.715840 0.052080
vt 0.817770 0.275050
vt 0.108060 0.793540
vt 0.043080 0.155060
vt 0.301780 0.825360
vt 0.108900 0.415900
vt 0.321540 0.546210
vt 0.102460 0.015520
vt 0.791670 0.783010
vt 0.437110 0.116450
vt 0.786780 0.912640
vt 0.763720 0.248520
vt 0.006500 0.595200
vt 0.270730 0.540480
vt 0.786800 0.076080
vt 0.196030 0.813850
vt 0.502550 0.154650
vt 0.676940 0.503500
vt 0.586980 0.697200
vt 0.750310 0.627520
vt 0.444500 0.560320
vt 0.871060 0.611610
vt 0.012110 0.738380
vt 0.992080 0.596160
vt 0.412700 0.918980
vt 0.864000 0.442600
vt 0.470530 0.851950
vt 0.991380 0.241790
vt 0.681250 0.997010
vt 0.675530 0.789670
vt 0.378040 0.144620
vt 0.349950 0.918730
vt 0.353440 0.919890
vt 0.193070 0.392420
vt 0.165690 0.009340
vt 0.642670 0.653150
vt 0.639920 0.653950
vt 0.893930 0.997900
vt 0.079570 0.245780
vt 0.848440 0.449340
vt 0.787630 0.803030
vt 0.400030 0.932660
vt 0.399280 0.935350
vt 0.484240 0.886190
vt 0.979430 0.093630
vt 0.590840 0.678940
vt 0.592530 0.123120
vt 0.370230 0.937590
vt 0.368600 0.939420
vt 0.940210 0.374190
vt 0.735860 0.630910
vt 0.815110 0.770300
vt 0.816350 0.767900
vt 0.746100 0.029860
vt 0.931340 0.794310
vt 0.818210 0.611270
vt 0.875680 0.433640
vt 0.624790 0.164790
vt 0.229670 0.658540
vt 0.541710 0.601900
vt 0.902180 0.409410
vt 0.800720 0.501020
vt 0.126850 0.335060
vt 0.985790 0.957770
vt 0.278430 0.346140
vt 0.930030 0.430250
vt 0.702310 0.060620
vt 0.576700 0.427040
vt 0.670370 0.993730
vt 0.918420 0.021670
vt 0.064360 0.787820
vt 0.601510 0.149660
vt 0.617590 0.524530
vt 0.894220 0.027200
vt 0.859470 0.634890
vt 0.811930 0.619110
vt 0.171460 0.375070
vt 0.857690 0.445940
vt 0.981550 0.085870
vt 0.230230 0.828850
vt 0.663820 0.130980
vt 0.600050 0.305730
vt 0.925420 0.077860
vt 0.266560 0.738720
vt 0.891130 0.702580
vt 0.590000 0.019260
vt 0.451460 0.158550
vt 0.267810 0.016970
vt 0.274460 0.017920
vt 0.613810 0.492190
vt 0.388810 0.981090
vt 0.937620 0.015180
vt 0.523460 0.549030
vt 0.509010 0.153270
vt 0.044510 0.993470
vt 0.507950 0.870350
vt 0.483210 0.555840
vt 0.486350 0.556190
vt 0.950500 0.840800
vt 0.289040 0.795980
vt 0.242930 0.443940
vt 0.252570 0.667160
vt 0.334850 0.867330
vt 0.459400 0.989760
vt 0.095840 0.017710
vt 0.314550 0.545900
vt 0.263650 0.847270
vt 0.347130 0.944260
vt 0.829750 0.611190
vt 0.667370 0.077970
vt 0.898720 0.715320
vt 0.355690 0.921750
s 1
f 3/1/1 1/2/2 2/3/3
f 6/4/4 4/5/5 5/6/6
f 9/7/7 7/8/8 8/9/9
f 12/10/10 10/11/11 11/12/12
f 15/13/13 13/14/14 14/15/15
f 18/16/16 16/17/17 17/18/18
f 21/19/19 19/20/20 20/21/21
f 24/22/22 22/23/23 23/24/24
f 27/25/25 25/26/26 26/27/27
f 30/28/28 28/29/29 29/30/30
f 33/31/31 31/32/32 32/33/33
f 36/34/34 34/35/35 35/36/36
f 39/37/37 37/38/38 38/39/39
f 42/40/40 40/41/41 41/42/42
f 45/43/43 43/44/44 44/45/45
f 48/46/46 46/47/47 47/48/48
f 51/49/49 49/50/50 50/51/51
f 54/52/52 52/53/53 53/54/54
f 57/55/55 55/56/56 56/57/57
f 60/58/58 58/59/59 59/60/60
f 63/61/61 61/62/62 62/63/63
f 66/64/64 64/65/65 65/66/66
f 69/67/67 67/68/68 68/69/69
f 72/70/70 70/71/71 71/72/72
f 75/73/73 73/74/74 74/75/75
f 78/76/76 76/77/77 77/78/78
f 81/79/79 79/80/80 80/81/81
f 84/82/82 82/83/83 83/84/84
f 87/85/85 85/86/86 86/87/87
f 90/88/88 88/89/89 89/90/90
f 93/91/91 91/92/92 92/93/93
f 96/94/94 94/95/95 95/96/96
f 99/97/97 97/98/98 98/99/99
f 102/100/100 100/101/101 101/102/102
f 105/103/103 103/104/104 104/105/105
f 108/106/106 106/107/107 107/108/108
f 111/109/109 109/110/110 110/111/111
f 114/112/112 112/113/113 113/114/114
f 117/115/115 115/116/116 116/117/117
f 120/118/118 118/119/119 119/120/120
f 123/121/121 121/122/122 122/123/123
f 126/124/124 124/125/125 125/126/126
f 129/127/127 127/128/128 128/129/129
f 132/130/130 130/131/131 131/132/132
f 135/133/133 133/134/134 134/135/135
f 138/136/136 136/137/137 137/138/138
f 141/139/139 139/140/140 140/141/141
f 144/142/142 142/143/143 143/144/144
f 147/145/145 145/146/146 146/147/147
f 70/71/71 72/70/70 148/148/148
f 151/149/149 149/150/150 150/151/151
f 154/152/152 152/153/153 153/154/154
f 157/155/155 155/156/156 156/157/157
f 160/158/158 158/159/159 159/160/160
f 163/161/161 161/162/162 162/163/163
f 166/164/164 164/165/165 165/166/166
f 169/167/167 167/168/168 168/169/169
f 172/170/170 170/171/171 171/172/172
f 175/173/173 173/174/174 174/175/175
f 178/176/176 176/177/177 177/178/178
f 181/179/179 179/180/180 180/181/181
f 184/182/182 182/183/183 183/184/184
f 187/185/185 185/186/186 186/187/187
f 190/188/188 188/189/189 189/190/190
f 192/191/191 191/192/192 188/189/189
f 195/193/193 193/194/194 194/195/195
f 198/196/196 196/197/197 197/198/198
f 201/199/199 199/200/200 200/201/201
f 204/202/202 202/203/203 203/204/204
f 207/205/205 205/206/206 206/207/207
f 210/208/208 208/209/209 209/210/210
f 213/211/211 211/212/212 212/213/213
f 216/214/214 214/215/215 215/216/216
f 219/217/217 217/218/218 218/219/219
f 222/220/220 220/221/221 221/222/222
f 225/223/223 223/224/224 224/225/225
f 228/226/226 226/227/227 227/228/228
f 231/229/229 229/230/230 230/231/231
f 234/232/232 232/233/233 233/234/234
f 237/235/235 235/236/236 236/237/237
f 240/238/238 238/239/239 239/240/240
f 243/241/241 241/242/242 242/243/243
f 246/244/244 244/245/245 245/246/246
f 248/247/247 117/115/115 247/248/248
f 251/249/249 249/250/250 250/251/251
f 254/252/252 252/253/253 253/254/254
f 256/255/255 255/256/256 168/169/169
f 259/257/257 257/258/258 258/259/259
f 262/260/260 260/261/261 261/262/262
f 265/263/263 263/264/264 264/265/265
f 268/266/266 266/267/267 267/268/268
f 39/37/37 269/269/269 37/38/38
f 272/270/270 270/271/271 271/272/272
f 274/273/273 273/274/274 110/111/111
f 277/275/275 275/276/276 276/277/277
f 280/278/278 278/279/279 279/280/280
f 283/281/281 281/282/282 282/283/283
f 286/284/284 284/285/285 285/286/286
f 289/287/287 287/288/288 288/289/289
f 292/290/290 290/291/291 291/292/292
f 295/293/293 293/294/294 294/295/295
f 298/296/296 296/297/297 297/298/298
f 301/299/299 299/300/300 300/301/301
f 302/302/302 199/200/200 201/199/199
f 305/303/303 303/304/304 304/305/305
f 308/306/306 306/307/307 307/308/308
f 311/309/309 309/310/310 310/311/311
f 312/312/312 183/184/184 268/266/266
f 315/313/313 313/314/314 314/315/315
f 318/316/316 316/317/317 317/318/318
f 321/319/319 319/320/320 320/321/321
f 324/322/322 322/323/323 323/324/324
f 327/325/325 325/326/326 326/327/327
f 330/328/328 328/329/329 329/330/330
f 333/331/331 331/332/332 332/333/333
f 336/334/334 334/335/335 335/336/336
f 339/337/337 337/338/338 338/339/339
f 342/340/340 340/341/341 341/342/342
f 345/343/343 343/344/344 344/345/345
f 347/346/346 346/347/347 99/97/97
f 350/348/348 348/349/349 349/350/350
f 353/351/351 351/352/352 352/353/353
f 356/354/354 354/355/355 355/356/356
f 359/357/357 357/358/358 358/359/359
f 362/360/360 360/361/361 361/362/362
f 365/363/363 363/364/364 364/365/365
f 368/366/366 366/367/367 367/368/368
f 371/369/369 369/370/370 370/371/371
f 374/372/372 372/373/373 373/374/374
f 377/375/375 375/376/376 376/377/377
f 380/378/378 378/379/379 379/380/380
f 383/381/381 381/382/382 382/383/383
f 386/384/384 384/385/385 385/386/386
f 389/387/387 387/388/388 388/389/389
f 392/390/390 390/391/391 391/392/392
f 395/393/393 393/394/394 394/395/395
f 398/396/396 396/397/397 397/398/398
f 401/399/399 399/400/400 400/401/401
f 404/402/402 402/403/403 403/404/404
f 407/405/405 405/406/406 406/407/407
f 410/408/408 408/409/409 409/410/410
f 413/411/411 411/412/412 412/413/413
f 416/414/414 414/415/415 415/416/416
f 419/417/417 417/418/418 418/419/419
f 422/420/420 420/421/421 421/422/422
f 275/276/276 277/275/275 423/423/423
f 426/424/424 424/425/425 425/426/426
f 429/427/427 427/428/428 428/429/429
f 432/430/430 430/431/431 431/432/432
f 435/433/433 433/434/434 434/435/435
f 438/436/436 436/437/437 437/438/438
f 441/439/439 439/440/440 440/441/441
f 444/442/442 442/443/443 443/444/444
f 447/445/445 445/446/446 446/447/447
f 450/448/448 448/449/449 449/450/450
f 453/451/451 451/452/452 452/453/453
f 456/454/454 454/455/455 455/456/456
f 459/457/457 457/458/458 458/459/459
f 462/460/460 460/461/461 461/462/462
f 465/463/463 463/464/464 464/465/465
f 468/466/466 466/467/467 467/468/468
f 471/469/469 469/470/470 470/471/471
f 474/472/472 472/473/473 473/474/474
f 477/475/475 475/476/476 476/477/477
f 480/478/478 478/479/479 479/480/480
f 483/481/481 481/482/482 482/483/483
f 481/482/482 484/484/484 485/485/485
f 488/486/486 486/487/487 487/488/488
f 98/99/99 489/489/489 490/490/490
f 98/99/99 97/98/98 489/489/489
f 493/491/491 491/492/492 492/493/493
f 495/494/494 493/491/491 494/495/495
f 498/496/496 496/497/497 497/498/498
f 501/499/499 499/500/500 500/501/501
f 504/502/502 502/503/503 503/504/504
f 15/13/13 505/505/505 506/506/506
f 509/507/507 507/508/508 508/509/509
f 331/332/332 510/510/510 511/511/511
f 514/512/512 512/513/513 513/514/514
f 517/515/515 515/516/516 516/517/517
f 520/518/518 518/519/519 519/520/520
f 523/521/521 521/522/522 522/523/523
f 526/524/524 524/525/525 525/526/526
f 529/527/527 527/528/528 528/529/529
f 530/530/530 133/134/134 135/133/133
f 281/282/282 531/531/531 532/532/532
f 534/533/533 15/13/13 533/534/534
f 537/535/535 535/536/536 536/537/537
f 540/538/538 538/539/539 539/540/540
f 543/541/541 541/542/542 542/543/543
f 546/544/544 544/545/545 545/546/546
f 549/547/547 547/548/548 548/549/549
f 552/550/550 550/551/551 551/552/552
f 554/553/553 64/65/65 553/554/554
f 557/555/555 555/556/556 556/557/557
f 560/558/558 558/559/559 559/560/560
f 563/561/561 561/562/562 562/563/563
f 566/564/564 564/565/565 565/566/566
f 569/567/567 567/568/568 568/569/569
f 571/570/570 300/301/301 570/571/571
f 574/572/572 572/573/573 573/574/574
f 577/575/575 575/576/576 576/577/577
f 580/578/578 578/579/579 579/580/580
f 583/581/581 581/582/582 582/583/583
f 586/584/584 584/585/585 585/586/586
f 589/587/587 587/588/588 588/589/589
f 592/590/590 590/591/591 591/592/592
f 595/593/593 593/594/594 594/595/595
f 597/596/596 397/398/398 596/597/597
f 600/598/598 598/599/599 599/600/600
f 601/601/601 574/572/572 573/574/574
f 604/602/602 602/603/603 603/604/604
f 607/605/605 605/606/606 606/607/607
f 609/608/608 376/377/377 608/609/609
f 612/610/610 610/611/611 611/612/612
f 615/613/613 613/614/614 614/615/615
f 618/616/616 616/617/617 617/618/618
f 458/459/459 457/458/458 619/619/619
f 622/620/620 620/621/621 621/622/622
f 625/623/623 623/624/624 624/625/625
f 628/626/626 626/627/627 627/628/628
f 631/629/629 629/630/630 630/631/631
f 50/51/51 632/632/632 633/633/633
f 636/634/634 634/635/635 635/636/636
f 637/637/637 284/285/285 286/284/284
f 640/638/638 638/639/639 639/640/640
f 643/641/641 641/642/642 642/643/643
f 372/373/373 644/644/644 373/374/374
f 647/645/645 645/646/646 646/647/647
f 411/412/412 648/648/648 649/649/649
f 652/650/650 650/651/651 651/652/652
f 655/653/653 653/654/654 654/655/655
f 658/656/656 656/657/657 657/658/658
f 657/658/658 659/659/659 660/660/660
f 663/661/661 661/662/662 662/663/663
f 665/664/664 322/323/323 664/665/665
f 667/666/666 302/302/302 666/667/667
f 593/594/594 595/593/593 668/668/668
f 671/669/669 669/670/670 670/671/671
f 674/672/672 672/673/673 673/674/674
f 677/675/675 675/676/676 676/677/677
f 680/678/678 678/679/679 679/680/680
f 683/681/681 681/682/682 682/683/683
f 686/684/684 684/685/685 685/686/686
f 689/687/687 687/688/688 688/689/689
f 690/690/690 561/562/562 563/561/561
f 693/691/691 691/692/692 692/693/693
f 696/694/694 694/695/695 695/696/696
f 335/336/336 697/697/697 698/698/698
f 701/699/699 699/700/700 700/701/701
f 704/702/702 702/703/703 703/704/704
f 707/705/705 705/706/706 706/707/707
f 186/187/187 708/708/708 709/709/709
f 712/710/710 710/711/711 711/712/712
f 715/713/713 713/714/714 714/715/715
f 718/716/716 716/717/717 717/718/718
f 721/719/719 719/720/720 720/721/721
f 724/722/722 722/723/723 723/724/724
f 727/725/725 725/726/726 726/727/727
f 636/634/634 635/636/636 728/728/728
f 731/729/729 729/730/730 730/731/731
f 733/732/732 732/733/733 564/565/565
f 736/734/734 734/735/735 735/736/736
f 739/737/737 737/738/738 738/739/739
f 742/740/740 740/741/741 741/742/742
f 745/743/743 743/744/744 744/745/745
f 748/746/746 746/747/747 747/748/748
f 751/749/749 749/750/750 750/751/751
f 754/752/752 752/753/753 753/754/754
f 756/755/755 706/707/707 755/756/756
f 759/757/757 757/758/758 758/759/759
f 761/760/760 760/761/761 741/742/742
f 764/762/762 762/763/763 763/764/764
f 323/324/324 765/765/765 766/766/766
f 769/767/767 767/768/768 768/769/769
f 772/770/770 770/771/771 771/772/772
f 602/603/603 773/773/773 774/774/774
f 777/775/775 775/776/776 776/777/777
f 780/778/778 778/779/779 779/780/780
f 783/781/781 781/782/782 782/783/783
f 786/784/784 784/785/785 785/786/786
f 789/787/787 787/788/788 788/789/789
f 792/790/790 790/791/791 791/792/792
f 795/793/793 793/794/794 794/795/795
f 798/796/796 796/797/797 797/798/798
f 801/799/799 799/800/800 800/801/801
f 803/802/802 802/803/803 623/624/624
f 806/804/804 804/805/805 805/806/806
f 807/807/807 343/344/344 345/343/343
f 809/808/808 585/586/586 808/809/809
f 812/810/810 810/811/811 811/812/812
f 814/813/813 813/814/814 85/86/86
f 817/815/815 815/816/816 816/817/817
f 820/818/818 818/819/819 819/820/820
f 823/821/821 821/822/822 822/823/823
f 826/824/824 824/825/825 825/826/826
f 829/827/827 827/828/828 828/829/829
f 831/830/830 830/831/831 811/812/812
f 497/498/498 832/832/832 833/833/833
f 836/834/834 834/835/835 835/836/836
f 839/837/837 837/838/838 838/839/839
f 495/494/494 840/840/840 491/492/492
f 843/841/841 841/842/842 842/843/843
f 846/844/844 844/845/845 845/846/846
f 849/847/847 847/848/848 848/849/849
f 852/850/850 850/851/851 851/852/852
f 855/853/853 853/854/854 854/855/855
f 858/856/856 856/857/857 857/858/858
f 861/859/859 859/860/860 860/861/861
f 864/862/862 862/863/863 863/864/864
f 867/865/865 865/866/866 866/867/867
f 869/868/868 658/656/656 868/869/869
f 872/870/870 870/871/871 871/872/872
f 874/873/873 12/874/10 873/875/874
f 877/876/875 875/877/876 876/878/877
f 880/879/878 878/880/879 879/881/880
f 883/882/881 881/883/882 882/884/883
f 885/885/884 883/882/881 884/886/885
f 888/887/886 886/888/887 887/889/888
f 734/735/735 736/734/734 889/890/889
f 892/891/890 890/892/891 891/893/892
f 895/894/893 893/895/894 894/896/895
f 157/155/155 896/897/896 155/156/156
f 899/898/897 897/899/898 898/900/899
f 902/901/900 900/902/901 901/903/902
f 905/904/903 903/905/904 904/906/905
f 908/907/906 906/908/907 907/909/908
f 887/889/888 909/910/909 910/911/910
f 912/912/911 483/481/481 911/913/912
f 915/914/913 913/915/914 914/916/915
f 917/917/916 881/883/882 916/918/917
f 897/899/898 918/919/918 919/920/919
f 922/921/920 920/922/921 921/923/922
f 925/924/923 923/925/924 924/926/925
f 928/927/926 926/928/927 927/929/928
f 931/930/929 929/931/930 930/932/931
f 916/918/917 932/933/932 933/934/933
f 296/297/297 934/935/934 935/936/935
f 938/937/936 936/938/937 937/939/938
f 941/940/939 939/941/940 940/942/941
f 944/943/942 942/944/943 943/945/944
f 947/946/945 945/947/946 946/948/947
f 948/949/948 767/950/768 758/951/759
f 951/952/949 949/953/950 950/954/951
f 954/955/952 952/956/953 953/957/954
f 956/958/955 318/316/316 955/959/956
f 959/960/957 957/961/958 958/962/959
f 962/963/960 960/964/961 961/965/962
f 965/966/963 963/967/964 964/968/965
f 671/669/669 966/969/966 967/970/967
f 969/971/968 531/531/531 968/972/969
f 972/973/970 970/974/971 971/975/972
f 975/976/973 973/977/974 974/978/975
f 885/885/884 976/979/976 977/980/977
f 978/981/978 883/882/881 977/980/977
f 981/982/979 979/983/980 980/984/981
f 984/985/982 982/986/983 983/987/984
f 987/988/985 985/989/986 986/990/987
f 990/991/988 988/992/989 989/993/990
f 221/222/222 991/994/991 222/220/220
f 992/995/992 990/991/988 989/993/990
f 149/996/150 993/997/993 994/998/994
f 997/999/995 995/1000/996 996/1001/997
f 996/1001/997 998/1002/998 999/1003/999
f 50/51/51 1000/1004/1000 51/49/49
f 1002/1005/1001 1001/1006/1002 473/474/474
f 1005/1007/1003 1003/1008/1004 1004/1009/1005
f 1008/1010/1006 1006/1011/1007 1007/1012/1008
f 1011/1013/1009 1009/1014/1010 1010/1015/1011
f 27/25/25 1012/1016/1012 1013/1017/1013
f 1016/1018/1014 1014/1019/1015 1015/1020/1016
f 1019/1021/1017 1017/1022/1018 1018/1023/1019
f 1021/1024/1020 276/277/277 1020/1025/1021
f 496/497/497 1022/1026/1022 832/832/832
f 1025/1027/1023 1023/1028/1024 1024/1029/1025
f 1027/1030/1026 248/247/247 1026/1031/1027
f 1028/1032/1028 169/167/167 377/375/375
f 1029/1033/1029 275/276/276 423/423/423
f 1032/1034/1030 1030/1035/1031 1031/1036/1032
f 1035/1037/1033 1033/1038/1034 1034/1039/1035
f 1038/1040/1036 1036/1041/1037 1037/1042/1038
f 1041/1043/1039 1039/1044/1040 1040/1045/1041
f 570/571/571 300/301/301 1042/1046/1042
f 192/1047/191 1043/1048/1043 191/1049/192
f 1046/1050/1044 1044/1051/1045 1045/1052/1046
f 1049/1053/1047 1047/1054/1048 1048/1055/1049
f 1007/1056/1008 1050/1057/1050 1051/1058/1051
f 272/270/270 1052/1059/1052 1053/1060/1053
f 1056/1061/1054 1054/1062/1055 1055/1063/1056
f 1059/1064/1057 1057/1065/1058 1058/1066/1059
f 1061/1067/1060 209/210/210 1060/1068/1061
f 1064/1069/1062 1062/1070/1063 1063/1071/1064
f 1066/1072/1065 159/160/160 1065/1073/1066
f 1069/1074/1067 1067/1075/1068 1068/1076/1069
f 1070/1077/1070 84/82/82 83/84/84
f 1071/1078/1071 1058/1066/1059 1057/1065/1058
f 209/210/210 1057/1065/1058 1060/1068/1061
f 1074/1079/1072 1072/1080/1073 1073/1081/1074
f 1075/1082/1075 619/619/619 457/458/458
f 1077/1083/1076 459/457/457 1076/1084/1077
f 1080/1085/1078 1078/1086/1079 1079/1087/1080
f 186/187/187 709/709/709 1081/1088/1081
f 1084/1089/1082 1082/1090/1083 1083/1091/1084
f 1086/1092/1085 1085/1093/1086 706/707/707
f 1088/1094/1087 1087/1095/1088 983/987/984
f 1091/1096/1089 1089/1097/1090 1090/1098/1091
f 1093/1099/1092 1092/1100/1093 3/1/1
f 1096/1101/1094 1094/1102/1095 1095/1103/1096
f 1095/1103/1096 1097/1104/1097 1098/1105/1098
f 1101/1106/1099 1099/1107/1100 1100/1108/1101
f 1104/1109/1102 1102/1110/1103 1103/1111/1104
f 1107/1112/1105 1105/1113/1106 1106/1114/1107
f 79/80/80 660/660/660 659/659/659
f 1109/1115/1108 1108/1116/1109 1001/1006/1002
f 1111/1117/1110 721/719/719 1110/1118/1111
f 1114/1119/1112 1112/1120/1113 1113/1121/1114
f 306/307/307 1115/1122/1115 1116/1123/1116
f 1119/1124/1117 1117/1125/1118 1118/1126/1119
f 1122/1127/1120 1120/1128/1121 1121/1129/1122
f 1123/1130/1123 231/229/229 230/231/231
f 1126/1131/1124 1124/1132/1125 1125/1133/1126
f 1129/1134/1127 1127/1135/1128 1128/1136/1129
f 1132/1137/1130 1130/1138/1131 1131/1139/1132
f 1135/1140/1133 1133/1141/1134 1134/1142/1135
f 1138/1143/1136 1136/1144/1137 1137/1145/1138
f 1141/1146/1139 1139/1147/1140 1140/1148/1141
f 1144/1149/1142 1142/1150/1143 1143/1151/1144
f 1147/1152/1145 1145/1153/1146 1146/1154/1147
f 1149/1155/1148 874/873/873 1148/1156/1149
f 1150/1157/1150 204/202/202 203/204/204
f 1151/1158/1151 211/212/212 213/211/211
f 122/123/123 1152/1159/1152 1153/1160/1153
f 1156/1161/1154 1154/1162/1155 1155/1163/1156
f 1159/1164/1157 1157/1165/1158 1158/1166/1159
f 1161/1167/1160 999/1003/999 1160/1168/1161
f 1162/1169/1162 753/754/754 767/768/768
f 1098/1105/1098 1163/1170/1163 1164/1171/1164
f 1167/1172/1165 1165/1173/1166 1166/1174/1167
f 1170/1175/1168 1168/1176/1169 1169/1177/1170
f 1172/1178/1171 696/694/694 1171/1179/1172
f 1175/1180/1173 1173/1181/1174 1174/1182/1175
f 733/732/732 444/442/442 1176/1183/1176
f 1179/1184/1177 1177/1185/1178 1178/1186/1179
f 1182/1187/1180 1180/1188/1181 1181/1189/1182
f 1185/1190/1183 1183/1191/1184 1184/1192/1185
f 239/240/240 238/239/239 1186/1193/1186
f 1189/1194/1187 1187/1195/1188 1188/1196/1189
f 1191/1197/1190 1180/1188/1181 1190/1198/1191
f 1194/1199/1192 1192/1200/1193 1193/1201/1194
f 1197/1202/1195 1195/1203/1196 1196/1204/1197
f 1200/1205/1198 1198/1206/1199 1199/1207/1200
f 1202/1208/1201 806/804/804 1201/1209/1202
f 1204/1210/1203 805/1211/806 1203/1212/1204
f 687/688/688 665/664/664 664/665/665
f 246/244/244 1205/1213/1205 244/245/245
f 1207/1214/1206 688/689/689 1206/1215/1207
f 1208/1216/1208 150/151/151 994/1217/994
f 1211/1218/1209 1209/1219/1210 1210/1220/1211
f 1212/1221/1212 402/403/403 404/402/402
f 976/979/976 1213/1222/1213 1214/1223/1214
f 1041/1043/1039 1040/1045/1041 1215/1224/1215
f 678/679/679 1216/1225/1216 1217/1226/1217
f 1219/1227/1218 1218/1228/1219 891/893/892
f 621/622/622 620/621/621 1220/1229/1220
f 1223/1230/1221 1221/1231/1222 1222/1232/1223
f 1225/1233/1224 700/701/701 1224/1234/1225
f 1228/1235/1226 1226/1236/1227 1227/1237/1228
f 1231/1238/1229 1229/1239/1230 1230/1240/1231
f 1234/1241/1232 1232/1242/1233 1233/1243/1234
f 1237/1244/1235 1235/1245/1236 1236/1246/1237
f 1240/1247/1238 1238/1248/1239 1239/1249/1240
f 357/1250/358 1241/1251/1241 1242/1252/1242
f 357/358/358 359/357/357 1241/1253/1241
f 1245/1254/1243 1243/1255/1244 1244/1256/1245
f 1248/1257/1246 1246/1258/1247 1247/1259/1248
f 1251/1260/1249 1249/1261/1250 1250/1262/1251
f 285/286/286 1252/1263/1252 286/284/284
f 244/245/245 1253/1264/1253 1254/1265/1254
f 735/736/736 734/735/735 1255/1266/1255
f 1258/1267/1256 1256/1268/1257 1257/1269/1258
f 1261/1270/1259 1259/1271/1260 1260/1272/1261
f 1263/1273/1262 1262/1274/1263 1225/1233/1224
f 1266/1275/1264 1264/1276/1265 1265/1277/1266
f 1269/1278/1267 1267/1279/1268 1268/1280/1269
f 551/552/552 1270/1281/1270 1089/1097/1090
f 194/195/195 1271/1282/1271 1272/1283/1272
f 1105/1113/1106 1273/1284/1273 1274/1285/1274
f 1225/1233/1224 1262/1274/1263 1275/1286/1275
f 924/926/925 1276/1287/1276 1277/1288/1277
f 1279/1289/1278 1278/1290/1279 854/1291/855
f 1280/1292/1280 322/323/323 665/664/664
f 1280/1292/1280 1281/1293/1281 1282/1294/1282
f 1284/1295/1283 1283/1296/1284 440/1297/441
f 1285/1298/1285 265/263/263 264/265/265
f 1288/1299/1286 1286/1300/1287 1287/1301/1288
f 322/323/323 765/765/765 323/324/324
f 1291/1302/1289 1289/1303/1290 1290/1304/1291
f 133/134/134 530/530/530 1292/1305/1292
f 724/722/722 1293/1306/1293 1294/1307/1294
f 1297/1308/1295 1295/1309/1296 1296/1310/1297
f 1300/1311/1298 1298/1312/1299 1299/1313/1300
f 1303/1314/1301 1301/1315/1302 1302/1316/1303
f 1304/1317/1304 280/278/278 745/743/743
f 933/934/933 1305/1318/1305 1306/1319/1306
f 1309/1320/1307 1307/1321/1308 1308/1322/1309
f 1312/1323/1310 1310/1324/1311 1311/1325/1312
f 1315/1326/1313 1313/1327/1314 1314/1328/1315
f 125/1329/126 1316/1330/1316 1317/1331/1317
f 1320/1332/1318 1318/1333/1319 1319/1334/1320
f 1319/1334/1320 1321/1335/1321 1322/1336/1322
f 1325/1337/1323 1323/1338/1324 1324/1339/1325
f 334/335/335 1104/1109/1102 594/595/595
f 1328/1340/1326 1326/1341/1327 1327/1342/1328
f 1330/1343/1329 1329/1344/1330 215/216/216
f 1333/1345/1331 1331/1346/1332 1332/1347/1333
f 1334/1348/1334 407/405/405 749/750/750
f 1337/1349/1335 1335/1350/1336 1336/1351/1337
f 1338/1352/1338 1337/1349/1335 1336/1351/1337
f 1340/1353/1339 834/835/835 1339/1354/1340
f 1343/1355/1341 1341/1356/1342 1342/1357/1343
f 1344/1358/1344 820/818/818 819/820/820
f 1347/1359/1345 1345/1360/1346 1346/1361/1347
f 1349/1362/1348 743/744/744 1348/1363/1349
f 532/532/532 1350/1364/1350 281/282/282
f 1222/1232/1223 1351/1365/1351 1352/1366/1352
f 1354/1367/1353 1353/1368/1354 170/171/171
f 4/5/5 1355/1369/1355 5/6/6
f 1357/1370/1356 1199/1207/1200 1356/1371/1357
f 1358/1372/1358 1331/1346/1332 1333/1345/1331
f 1359/1373/1359 266/267/267 268/266/266
f 1362/1374/1360 1360/1375/1361 1361/1376/1362
f 1364/1377/1363 395/393/393 1363/1378/1364
f 1362/1374/1360 1361/1376/1362 337/338/338
f 1367/1379/1365 1365/1380/1366 1366/1381/1367
f 1366/1381/1367 1368/1382/1368 1369/1383/1369
f 1372/1384/1370 1370/1385/1371 1371/1386/1372
f 1375/1387/1373 1373/1388/1374 1374/1389/1375
f 1378/1390/1376 1376/1391/1377 1377/1392/1378
f 1381/1393/1379 1379/1394/1380 1380/1395/1381
f 1384/1396/1382 1382/1397/1383 1383/1398/1384
f 560/558/558 1385/1399/1385 1386/1400/1386
f 1388/1401/1387 1387/1402/1388 1384/1396/1382
f 1088/1094/1087 1389/1403/1389 1087/1095/1088
f 617/618/618 1390/1404/1390 1391/1405/1391
f 1394/1406/1392 1392/1407/1393 1393/1408/1394
f 1397/1409/1395 1395/1410/1396 1396/1411/1397
f 1400/1412/1398 1398/1413/1399 1399/1414/1400
f 1403/1415/1401 1401/1416/1402 1402/1417/1403
f 1247/1418/1248 81/79/79 1404/1419/1404
f 1407/1420/1405 1405/1421/1406 1406/1422/1407
f 1407/1420/1405 1408/1423/1408 1409/1424/1409
f 84/82/82 1410/1425/1410 1411/1426/1411
f 1413/1427/1412 668/668/668 1412/1428/1413
f 38/39/39 37/38/38 1414/1429/1414
f 1417/1430/1415 1415/1431/1416 1416/1432/1417
f 1418/1433/1418 1417/1430/1415 1416/1432/1417
f 1420/1434/1419 1419/1435/1420 417/418/418
f 1410/1425/1410 1421/1436/1421 1422/1437/1422
f 1425/1438/1423 1423/1439/1424 1424/1440/1425
f 1428/1441/1426 1426/1442/1427 1427/1443/1428
f 1431/1444/1429 1429/1445/1430 1430/1446/1431
f 1430/1446/1431 1432/1447/1432 1431/1444/1429
f 1435/1448/1433 1433/1449/1434 1434/1450/1435
f 1438/1451/1436 1436/1452/1437 1437/1453/1438
f 1440/1454/1439 1201/1209/1202 1439/1455/1440
f 500/501/501 1441/1456/1441 1442/1457/1442
f 1444/1458/1443 1443/1459/1444 1179/1184/1177
f 1447/1460/1445 1445/1461/1446 1446/1462/1447
f 1450/1463/1448 1448/1464/1449 1449/1465/1450
f 1453/1466/1451 1451/1467/1452 1452/1468/1453
f 937/939/938 936/938/937 1454/1469/1454
f 1457/1470/1455 1455/1471/1456 1456/1472/1457
f 1460/1473/1458 1458/1474/1459 1459/1475/1460
f 1463/1476/1461 1461/1477/1462 1462/1478/1463
f 870/871/871 872/870/870 1464/1479/1464
f 904/906/905 903/905/904 1465/1480/1465
f 1468/1481/1466 1466/1482/1467 1467/1483/1468
f 173/174/174 175/173/173 1469/1484/1469
f 1471/1485/1470 1470/1486/1471 49/50/50
f 1474/1487/1472 1472/1488/1473 1473/1489/1474
f 1477/1490/1475 1475/1491/1476 1476/1492/1477
f 1479/1493/1478 1148/1156/1149 1478/1494/1479
f 1480/1495/1480 1478/1494/1479 873/875/874
f 1481/1496/1481 1102/1110/1103 1104/1109/1102
f 1483/1497/1482 1482/1498/1483 1481/1496/1481
f 1486/1499/1484 1484/1500/1485 1485/1501/1486
f 580/578/578 1487/1502/1487 1488/1503/1488
f 1490/1504/1489 853/1505/854 1489/1506/1490
f 1493/1507/1491 1491/1508/1492 1492/1509/1493
f 170/171/171 1494/1510/1494 171/172/172
f 1497/1511/1495 1495/1512/1496 1496/1513/1497
f 1500/1514/1498 1498/1515/1499 1499/1516/1500
f 1059/1064/1057 1060/1068/1061 1057/1065/1058
f 218/219/219 1060/1068/1061 1501/1517/1501
f 1450/1463/1448 1449/1465/1450 1502/1518/1502
f 1484/1500/1485 1503/1519/1503 1485/1501/1486
f 779/780/780 1504/1520/1504 1505/1521/1505
f 1508/1522/1506 1506/1523/1507 1507/1524/1508
f 1510/1525/1509 1377/1526/1378 1509/1527/1510
f 1513/1528/1511 1511/1529/1512 1512/1530/1513
f 412/413/413 285/286/286 413/411/411
f 463/464/464 678/679/679 680/678/678
f 1516/1531/1514 1514/1532/1515 1515/1533/1516
f 1519/1534/1517 1517/1535/1518 1518/1536/1519
f 1521/1537/1520 1519/1534/1517 1520/1538/1521
f 1524/1539/1522 1522/1540/1523 1523/1541/1524
f 1471/1485/1470 49/50/50 51/49/49
f 1527/1542/1525 1525/1543/1526 1526/1544/1527
f 1530/1545/1528 1528/1546/1529 1529/1547/1530
f 492/493/493 1531/1548/1531 228/1549/226
f 1533/1550/1532 1532/1551/1533 146/147/147
f 1532/1551/1533 1534/1552/1534 1535/1553/1535
f 934/935/934 1536/1554/1536 1537/1555/1537
f 1540/1556/1538 1538/1557/1539 1539/1558/1540
f 1543/1559/1541 1541/1560/1542 1542/1561/1543
f 1546/1562/1544 1544/1563/1545 1545/1564/1546
f 1548/1565/1547 1547/1566/1548 152/153/153
f 1549/1567/1549 1541/1560/1542 1543/1559/1541
f 1552/1568/1550 1550/1569/1551 1551/1570/1552
f 1555/1571/1553 1553/1572/1554 1554/1573/1555
f 1557/1574/1556 1556/1575/1557 689/687/687
f 1560/1576/1558 1558/1577/1559 1559/1578/1560
f 1562/1579/1561 105/103/103 1561/1580/1562
f 1277/1288/1277 1491/1508/1492 1563/1581/1563
f 1566/1582/1564 1564/1583/1565 1565/1584/1566
f 1569/1585/1567 1567/1586/1568 1568/1587/1569
f 1572/1588/1570 1570/1589/1571 1571/1590/1572
f 1574/1591/1573 1573/1592/1574 70/71/71
f 1577/1593/1575 1575/1594/1576 1576/1595/1577
f 1578/1596/1578 1566/1582/1564 1565/1584/1566
f 1581/1597/1579 1579/1598/1580 1580/1599/1581
f 1583/1600/1582 1582/1601/1583 790/791/791
f 1083/1091/1084 1584/1602/1584 1585/1603/1585
f 1587/1604/1586 1519/1534/1517 1586/1605/1587
f 1590/1606/1588 1588/1607/1589 1589/1608/1590
f 1592/1609/1591 1591/1610/1592 355/356/356
f 1594/1611/1593 1593/1612/1594 599/600/600
f 1597/1613/1595 1595/1614/1596 1596/1615/1597
f 1600/1616/1598 1598/1617/1599 1599/1618/1600
f 1603/1619/1601 1601/1620/1602 1602/1621/1603
f 1190/1198/1191 1187/1195/1188 1189/1194/1187
f 1605/1622/1604 1604/1623/1605 320/321/321
f 320/321/321 1606/1624/1606 1607/1625/1607
f 1610/1626/1608 1608/1627/1609 1609/1628/1610
f 1601/1620/1602 1611/1629/1611 1602/1621/1603
f 1614/1630/1612 1612/1631/1613 1613/1632/1614
f 1616/1633/1615 101/102/102 1615/1634/1616
f 1051/1058/1051 1617/1635/1617 1008/1636/1006
f 1619/1637/1618 1559/1578/1560 1618/1638/1619
f 1621/1639/1620 1620/1640/1621 262/260/260
f 1624/1641/1622 1622/1642/1623 1623/1643/1624
f 1352/1366/1352 1351/1365/1351 1625/1644/1625
f 1628/1645/1626 1626/1646/1627 1627/1647/1628
f 581/582/582 1629/1648/1629 582/583/583
f 690/690/690 1630/1649/1630 561/562/562
f 1633/1650/1631 1631/1651/1632 1632/1652/1633
f 524/525/525 1634/1653/1634 525/526/526
f 1637/1654/1635 1635/1655/1636 1636/1656/1637
f 640/638/638 1638/1657/1638 1639/1658/1639
f 1639/1658/1639 1640/1659/1640 640/638/638
f 1643/1660/1641 1641/1661/1642 1642/1662/1643
f 1646/1663/1644 1644/1664/1645 1645/1665/1646
f 857/858/858 1647/1666/1647 1648/1667/1648
f 1650/1668/1649 1649/1669/1650 902/901/900
f 1651/1670/1651 1035/1037/1033 1034/1039/1035
f 1653/1671/1652 720/721/721 1652/1672/1653
f 1655/1673/1654 1357/1674/1356 1654/1675/1655
f 1657/1676/1656 762/763/763 1656/1677/1657
f 1660/1678/1658 1658/1679/1659 1659/1680/1660
f 1662/1681/1661 1415/1431/1416 1661/1682/1662
f 1664/1683/1663 1652/1672/1653 1663/1684/1664
f 1407/1685/1405 1665/1686/1665 1666/1687/1666
f 1094/1102/1095 1097/1104/1097 1095/1103/1096
f 1668/1688/1667 1667/1689/1668 1145/1153/1146
f 1670/1690/1669 880/879/878 1669/1691/1670
f 1671/1692/1671 1061/1067/1060 1060/1068/1061
f 506/506/506 1672/1693/1672 13/14/14
f 1674/1694/1673 742/740/740 1673/1695/1674
f 1676/1696/1675 367/368/368 1675/1697/1676
f 1679/1698/1677 1677/1699/1678 1678/1700/1679
f 795/1701/793 794/1702/795 1678/1700/1679
f 1681/1703/1680 1680/1704/1681 1614/1630/1612
f 1684/1705/1682 1682/1706/1683 1683/1707/1684
f 1687/1708/1685 1685/1709/1686 1686/1710/1687
f 1203/1212/1204 1688/1711/1688 1689/1712/1689
f 1062/1070/1063 1066/1072/1065 1690/1713/1690
f 1693/1714/1691 1691/1715/1692 1692/1716/1693
f 1695/1717/1694 1694/1718/1695 1423/1439/1424
f 1698/1719/1696 1696/1720/1697 1697/1721/1698
f 1035/1037/1033 1699/1722/1699 1700/1723/1700
f 1035/1037/1033 788/789/789 1701/1724/1701
f 1703/1725/1702 684/685/685 1702/1726/1703
f 48/46/46 1704/1727/1704 1705/1728/1705
f 1606/1624/1606 326/327/327 1706/1729/1706
f 1669/1691/1670 880/879/878 879/881/880
f 874/873/873 1707/1730/1707 1708/1731/1708
f 1711/1732/1709 1709/1733/1710 1710/1734/1711
f 195/193/193 194/195/195 1712/1735/1712
f 1715/1736/1713 1713/1737/1714 1714/1738/1715
f 1718/1739/1716 1716/1740/1717 1717/1741/1718
f 1720/1742/1719 1654/1675/1655 1719/1743/1720
f 1722/1744/1721 180/181/181 1721/1745/1722
f 1725/1746/1723 1723/1747/1724 1724/1748/1725
f 1728/1749/1726 1726/1750/1727 1727/1751/1728
f 1253/1264/1253 1729/1752/1729 1730/1753/1730
f 1733/1754/1731 1731/1755/1732 1732/1756/1733
f 1474/1487/1472 1734/1757/1734 1735/1758/1735
f 661/662/662 663/661/661 1736/1759/1736
f 1739/1760/1737 1737/1761/1738 1738/1762/1739
f 1742/1763/1740 1740/1764/1741 1741/1765/1742
f 1745/1766/1743 1743/1767/1744 1744/1768/1745
f 1748/1769/1746 1746/1770/1747 1747/1771/1748
f 1751/1772/1749 1749/1773/1750 1750/1774/1751
f 1753/1775/1752 1746/1770/1747 1752/1776/1753
f 1221/1231/1222 1754/1777/1754 1755/1778/1755
f 1758/1779/1756 1756/1780/1757 1757/1781/1758
f 1761/1782/1759 1759/1783/1760 1760/1784/1761
f 1764/1785/1762 1762/1786/1763 1763/1787/1764
f 1766/1788/1765 1765/1789/1766 1759/1783/1760
f 1768/1790/1767 839/837/837 1767/1791/1768
f 1771/1792/1769 1769/1793/1770 1770/1794/1771
f 1774/1795/1772 1772/1796/1773 1773/1797/1774
f 1776/1798/1775 1284/1295/1283 1775/1799/1776
f 1777/1800/1777 284/285/285 1564/1583/1565
f 203/204/204 202/203/203 1778/1801/1778
f 1780/1802/1779 1779/1803/1780 156/157/157
f 1783/1804/1781 1781/1805/1782 1782/1806/1783
f 1784/1807/1784 224/225/225 223/224/224
f 1785/1808/1785 1782/1806/1783 1781/1805/1782
f 1788/1809/1786 1786/1810/1787 1787/1811/1788
f 1791/1812/1789 1789/1813/1790 1790/1814/1791
f 1288/1299/1286 1792/1815/1792 1286/1300/1287
f 1794/1816/1793 76/77/77 1793/1817/1794
f 937/939/938 1795/1818/1795 1796/1819/1796
f 1799/1820/1797 1797/1821/1798 1798/1822/1799
f 1800/1823/1800 204/202/202 1150/1157/1150
f 1803/1824/1801 1801/1825/1802 1802/1826/1803
f 1800/1823/1800 105/103/103 204/202/202
f 1098/1105/1098 1097/1104/1097 1163/1170/1163
f 1804/1827/1804 1788/1809/1786 1787/1811/1788
f 1807/1828/1805 1805/1829/1806 1806/1830/1807
f 1094/1102/1095 1096/1101/1094 1518/1536/1519
f 1126/1131/1124 1808/1831/1808 1124/1132/1125
f 1558/1577/1559 1560/1576/1558 1809/1832/1809
f 1812/1833/1810 1810/1834/1811 1811/1835/1812
f 1814/1836/1813 80/81/81 1813/1837/1814
f 884/886/885 883/882/881 882/884/883
f 1815/1838/1815 884/886/885 882/884/883
f 89/90/90 1816/1839/1816 1817/1840/1817
f 1819/1841/1818 1818/1842/1819 1620/1640/1621
f 1821/1843/1820 1820/1844/1821 1023/1028/1024
f 1824/1845/1822 1822/1846/1823 1823/1847/1824
f 1827/1848/1825 1825/1849/1826 1826/1850/1827
f 1829/1851/1828 1828/1852/1829 1827/1848/1825
f 1832/1853/1830 1830/1854/1831 1831/1855/1832
f 895/894/893 894/896/895 543/541/541
f 1835/1856/1833 1833/1857/1834 1834/1858/1835
f 1837/1859/1836 1070/1077/1070 1836/1860/1837
f 1838/1861/1838 964/1862/965 974/978/975
f 1838/1861/1838 974/978/975 973/977/974
f 1840/1863/1839 1839/1864/1840 1168/1865/1169
f 1843/1866/1841 1841/1867/1842 1842/1868/1843
f 1843/1866/1841 1844/1869/1844 1845/1870/1845
f 717/718/718 716/717/717 647/645/645
f 1847/1871/1846 1843/1866/1841 1846/1872/1847
f 1382/1397/1383 1848/1873/1848 1849/1874/1849
f 1852/1875/1850 1850/1876/1851 1851/1877/1852
f 1855/1878/1853 1853/1879/1854 1854/1880/1855
f 1686/1710/1687 484/484/484 481/482/482
f 93/91/91 1856/1881/1856 1857/1882/1857
f 1859/1883/1858 1858/1884/1859 129/127/127
f 1862/1885/1860 1860/1886/1861 1861/1887/1862
f 392/390/390 1863/1888/1863 1864/1889/1864
f 1867/1890/1865 1865/1891/1866 1866/1892/1867
f 1870/1893/1868 1868/1894/1869 1869/1895/1870
f 1873/1896/1871 1871/1897/1872 1872/1898/1873
f 1875/1899/1874 1874/1900/1875 516/517/517
f 1878/1901/1876 1876/1902/1877 1877/1903/1878
f 1881/1904/1879 1879/1905/1880 1880/1906/1881
f 1883/1907/1882 573/574/574 1882/1908/1883
f 1884/1909/1884 643/641/641 642/643/643
f 1886/1910/1885 501/499/499 1885/1911/1886
f 1888/1912/1887 1800/1823/1800 1887/1913/1888
f 573/574/574 1889/1914/1889 1882/1908/1883
f 1892/1915/1890 1890/1916/1891 1891/1917/1892
f 1893/1918/1893 1163/1170/1163 1097/1104/1097
f 1896/1919/1894 1894/1920/1895 1895/1921/1896
f 1898/1922/1897 1303/1923/1301 1897/1924/1898
f 1897/1924/1898 1899/1925/1899 413/411/411
f 1829/1851/1828 1900/1926/1900 1828/1852/1829
f 373/374/374 1139/1147/1140 1901/1927/1901
f 224/225/225 1709/1733/1710 225/223/223
f 497/498/498 833/833/833 1902/1928/1902
f 234/232/232 233/234/234 1077/1083/1076
f 1905/1929/1903 1903/1930/1904 1904/1931/1905
f 691/692/692 693/691/691 1906/1932/1906
f 1255/1266/1255 1907/1933/1907 1908/1934/1908
f 1911/1935/1909 1909/1936/1910 1910/1937/1911
f 1548/1938/1547 877/876/875 1912/1939/1912
f 359/357/357 98/99/99 1913/1940/1913
f 999/1003/999 1161/1167/1160 997/999/995
f 1915/1941/1914 1384/1396/1382 1914/1942/1915
f 1917/1943/1916 1916/1944/1917 30/28/28
f 42/40/40 1918/1945/1918 40/41/41
f 1507/1524/1508 1919/1946/1919 1508/1522/1506
f 1919/1946/1919 1920/1947/1920 1921/1948/1921
f 766/766/766 1922/1949/1922 1923/1950/1923
f 1926/1951/1924 1924/1952/1925 1925/1953/1926
f 40/41/41 1918/1945/1918 1119/1124/1117
f 244/245/245 1205/1213/1205 1253/1264/1253
f 1928/1954/1927 212/213/213 1927/1955/1928
f 1931/1956/1929 1929/1957/1930 1930/1958/1931
f 122/123/123 1153/1160/1153 1932/1959/1932
f 40/41/41 1006/1011/1007 41/42/42
f 1935/1960/1933 1933/1961/1934 1934/1962/1935
f 1938/1963/1936 1936/1964/1937 1937/1965/1938
f 1940/1966/1939 1939/1967/1940 1937/1965/1938
f 1943/1968/1941 1941/1969/1942 1942/1970/1943
f 1944/1971/1944 1790/1814/1791 1789/1813/1790
f 1946/1972/1945 908/907/906 1945/1973/1946
f 1947/1974/1947 1513/1528/1511 1512/1530/1513
f 146/147/147 1535/1553/1535 142/143/143
f 1026/1031/1027 1948/1975/1948 1949/1976/1949
f 1950/1977/1950 653/654/654 655/653/653
f 1951/1978/1951 621/622/622 945/947/946
f 1953/1979/1952 1952/1980/1953 1654/1675/1655
f 558/559/559 196/197/197 1954/1981/1954
f 1956/1982/1955 969/971/968 1955/1983/1956
f 544/545/545 1261/1270/1259 545/546/546
f 545/546/546 1261/1270/1259 1260/1272/1261
f 553/554/554 1957/1984/1957 1958/1985/1958
f 1961/1986/1959 1959/1987/1960 1960/1988/1961
f 1962/1989/1962 302/302/302 667/666/666
f 1964/1990/1963 1963/1991/1964 242/243/243
f 792/790/790 1965/1992/1965 1966/1993/1966
f 1969/1994/1967 1967/1995/1968 1968/1996/1969
f 1971/1997/1970 1290/1304/1291 1970/1998/1971
f 1031/1036/1032 1972/1999/1972 1032/1034/1030
f 346/347/347 592/590/590 1973/2000/1973
f 1025/1027/1023 1024/1029/1025 1974/2001/1974
f 1977/2002/1975 1975/2003/1976 1976/2004/1977
f 1980/2005/1978 1978/2006/1979 1979/2007/1980
f 1853/1879/1854 1981/2008/1981 1854/1880/1855
f 1984/2009/1982 1982/2010/1983 1983/2011/1984
f 1986/2012/1985 1985/2013/1986 1047/1054/1048
f 1989/2014/1987 1987/2015/1988 1988/2016/1989
f 1028/1032/1028 1990/2017/1990 1991/2018/1991
f 1992/2019/1992 1608/1627/1609 1610/1626/1608
f 859/2020/860 1993/2021/1993 1553/1572/1554
f 1358/1372/1358 1994/2022/1994 1331/1346/1332
f 1997/2023/1995 1995/2024/1996 1996/2025/1997
f 615/613/613 1998/2026/1998 1999/2027/1999
f 2000/2028/2000 1358/1372/1358 598/599/599
f 989/993/990 988/992/989 482/483/483
f 482/483/483 2001/2029/2001 513/514/514
f 481/482/482 485/485/485 482/483/483
f 485/485/485 2001/2029/2001 482/483/483
f 1136/1144/1137 2002/2030/2002 967/970/967
f 2005/2031/2003 2003/2032/2004 2004/2033/2005
f 2007/2034/2006 1220/1229/1220 2006/2035/2007
f 2008/2036/2008 576/577/577 575/576/576
f 1994/2022/1994 2009/2037/2009 1331/1346/1332
f 1324/1339/1325 1661/1682/1662 2010/2038/2010
f 1323/1338/1324 1661/1682/1662 1324/1339/1325
f 2013/2039/2011 2011/2040/2012 2012/2041/2013
f 2015/2042/2014 35/36/36 2014/2043/2015
f 988/992/989 2016/2044/2016 482/483/483
f 2019/2045/2017 2017/2046/2018 2018/2047/2019
f 2022/2048/2020 2020/2049/2021 2021/2050/2022
f 70/71/71 148/148/148 2023/2051/2023
f 2026/2052/2024 2024/2053/2025 2025/2054/2026
f 2028/2055/2027 447/445/445 2027/2056/2028
f 35/36/36 34/35/35 2029/2057/2029
f 772/2058/770 471/469/469 2030/2059/2030
f 2032/2060/2031 640/638/638 2031/2061/2032
f 2033/2062/2033 1147/1152/1145 1146/1154/1147
f 2030/2059/2030 2034/2063/2034 2035/2064/2035
f 1960/1988/1961 1959/1987/1960 2036/2065/2036
f 2038/2066/2037 56/57/57 2037/2067/2038
f 2041/2068/2039 2039/2069/2040 2040/2070/2041
f 2043/2071/2042 412/413/413 2042/2072/2043
f 2042/2073/2043 658/656/656 2043/2074/2042
f 2046/2075/2044 2044/2076/2045 2045/2077/2046
f 2049/2078/2047 2047/2079/2048 2048/2080/2049
f 55/56/56 2050/2081/2050 2051/2082/2051
f 2054/2083/2052 2052/2084/2053 2053/2085/2054
f 451/452/452 466/467/467 468/466/466
f 517/515/515 2055/2086/2055 2056/2087/2056
f 2058/2088/2057 118/119/119 2057/2089/2058
f 1458/1474/1459 1460/1473/1458 2059/2090/2059
f 2060/2091/2060 321/319/319 1092/1100/1093
f 2062/2092/2061 2061/2093/2062 875/877/876
f 2064/2094/2063 2063/2095/2064 1820/1844/1821
f 2066/2096/2065 2065/2097/2066 310/311/311
f 2068/2098/2067 2057/2089/2058 2067/2099/2068
f 2070/2100/2069 2069/2101/2070 1820/1844/1821
f 2073/2102/2071 2071/2103/2072 2072/2104/2073
f 288/289/289 2073/2102/2071 2072/2104/2073
f 980/984/981 2074/2105/2074 2075/2106/2075
f 2076/2107/2076 1998/2026/1998 614/615/615
f 2078/2108/2077 2077/2109/2078 871/872/872
f 2080/2110/2079 344/345/345 2079/2111/2080
f 2083/2112/2081 2081/2113/2082 2082/2114/2083
f 2085/2115/2084 387/388/388 2084/2116/2085
f 2088/2117/2086 2086/2118/2087 2087/2119/2088
f 2088/2117/2086 2087/2119/2088 2089/2120/2089
f 2091/2121/2090 2089/2120/2089 2090/2122/2091
f 886/888/887 2092/2123/2092 2093/2124/2093
f 2095/2125/2094 1388/2126/1387 2094/2127/2095
f 1693/1714/1691 2096/2128/2096 1691/1715/1692
f 2099/2129/2097 2097/2130/2098 2098/2131/2099
f 2098/2131/2099 2097/2130/2098 1463/1476/1461
f 484/484/484 1344/1358/1344 2001/2029/2001
f 2101/2132/2100 756/755/755 2100/2133/2101
f 2104/2134/2102 2102/2135/2103 2103/2136/2104
f 2107/2137/2105 2105/2138/2106 2106/2139/2107
f 2108/2140/2108 917/917/916 1306/1319/1306
f 2109/2141/2109 1129/1134/1127 1128/1136/1129
f 2112/2142/2110 2110/2143/2111 2111/2144/2112
f 2114/2145/2113 2113/2146/2114 872/870/870
f 219/217/217 2115/2147/2115 2116/2148/2116
f 1865/1891/1866 1599/1618/1600 2117/2149/2117
f 652/650/650 785/786/786 784/785/785
f 806/804/804 435/433/433 434/435/435
f 2120/2150/2118 2118/2151/2119 2119/2152/2120
f 399/400/400 1480/1495/1480 2120/2150/2118
f 2123/2153/2121 2121/2154/2122 2122/2155/2123
f 1270/1281/1270 2124/2156/2124 2125/2157/2125
f 2128/2158/2126 2126/2159/2127 2127/2160/2128
f 2131/2161/2129 2129/2162/2130 2130/2163/2131
f 2134/2164/2132 2132/2165/2133 2133/2166/2134
f 769/767/767 768/769/769 844/845/845
f 1627/1647/1628 2135/2167/2135 2136/2168/2136
f 2033/2062/2033 2137/2169/2137 2138/2170/2138
f 2139/2171/2139 237/235/235 1451/1467/1452
f 611/612/612 2140/2172/2140 2141/2173/2141
f 2144/2174/2142 2142/2175/2143 2143/2176/2144
f 2145/2177/2145 1608/1627/1609 1992/2019/1992
f 1341/1356/1342 2146/2178/2146 1342/1357/1343
f 2147/2179/2147 1092/1100/1093 321/319/319
f 1430/1446/1431 1940/1966/1939 2148/2180/2148
f 523/521/521 2/3/3 2144/2174/2142
f 2151/2181/2149 2149/2182/2150 2150/2183/2151
f 2153/2184/2152 2152/2185/2153 435/433/433
f 1493/1507/1491 2154/2186/2154 480/478/478
f 1533/1550/1532 38/39/39 1532/1551/1533
f 2156/2187/2155 675/676/676 2155/2188/2156
f 2158/2189/2157 2157/2190/2158 311/309/309
f 2160/2191/2159 2159/2192/2160 2125/2157/2125
f 549/547/547 1762/1786/1763 2155/2188/2156
f 888/887/886 2092/2123/2092 886/888/887
f 2163/2193/2161 2161/2194/2162 2162/2195/2163
f 2164/2196/2164 868/869/869 660/660/660
f 2167/2197/2165 2165/2198/2166 2166/2199/2167
f 1517/1535/1518 1519/1534/1517 1521/1537/1520
f 2167/2200/2165 1853/1879/1854 2168/2201/2168
f 2170/2202/2169 1370/1385/1371 2169/2203/2170
f 223/224/224 2171/2204/2171 1784/1807/1784
f 901/903/902 900/902/901 2172/2205/2172
f 2174/2206/2173 2173/2207/2174 1105/1113/1106
f 2176/2208/2175 258/259/259 2175/2209/2176
f 2178/2210/2177 50/51/51 2177/2211/2178
f 2181/2212/2179 2179/2213/2180 2180/2214/2181
f 2184/2215/2182 2182/2216/2183 2183/2217/2184
f 2049/2078/2047 2048/2080/2049 2185/2218/2185
f 2188/2219/2186 2186/2220/2187 2187/2221/2188
f 2082/2114/2083 1285/1298/1285 264/265/265
f 1665/1686/1665 2189/2222/2189 1905/1929/1903
f 2192/2223/2190 2190/2224/2191 2191/2225/2192
f 2195/2226/2193 2193/2227/2194 2194/2228/2195
f 2197/2229/2196 2196/2230/2197 1851/1877/1852
f 2076/2107/2076 614/615/615 2198/2231/2198
f 505/505/505 2199/2232/2199 2200/2233/2200
f 2203/2234/2201 2201/2235/2202 2202/2236/2203
f 944/943/942 1274/1285/1274 2204/2237/2204
f 2207/2238/2205 2205/2239/2206 2206/2240/2207
f 2188/2219/2186 2208/2241/2208 1046/1050/1044
f 2210/2242/2209 2209/2243/2210 1681/1703/1680
f 2212/2244/2211 2211/2245/2212 1091/2246/1089
f 2214/2247/2213 811/812/812 2213/2248/2214
f 1429/1445/1430 554/553/553 1633/1650/1631
f 2217/2249/2215 2215/2250/2216 2216/2251/2217
f 2127/2160/2128 2218/2252/2218 2128/2158/2126
f 2221/2253/2219 2219/2254/2220 2220/2255/2221
f 2224/2256/2222 2222/2257/2223 2223/2258/2224
f 2225/2259/2225 1724/2260/1725 1723/2261/1724
f 2227/2262/2226 1334/1348/1334 2226/2263/2227
f 2230/2264/2228 2228/2265/2229 2229/2266/2230
f 2233/2267/2231 2231/2268/2232 2232/2269/2233
f 2236/2270/2234 2234/2271/2235 2235/2272/2236
f 2237/2273/2237 2236/2274/2234 2235/2275/2236
f 2240/2276/2238 2238/2277/2239 2239/2278/2240
f 1527/1542/1525 2241/2279/2241 1525/1543/1526
f 1933/1961/1934 1935/1960/1933 2242/2280/2242
f 588/589/589 2243/2281/2243 2244/2282/2244
f 1572/1588/1570 1571/1590/1572 2245/2283/2245
f 1571/1590/1572 2246/2284/2246 2247/2285/2247
f 2248/2286/2248 700/701/701 1225/1233/1224
f 2250/2287/2249 2249/2288/2250 1360/1375/1361
f 2252/2289/2251 1757/1781/1758 2251/2290/2252
f 831/830/830 811/812/812 810/811/811
f 2253/2291/2253 831/830/830 810/811/811
f 797/798/798 2171/2204/2171 2254/2292/2254
f 2256/2293/2255 2255/2294/2256 585/586/586
f 1109/1115/1108 584/585/585 2257/2295/2257
f 609/2296/608 2258/2297/2258 2259/2298/2259
f 1811/1835/1812 2260/2299/2260 1539/1558/1540
f 1489/1506/1490 2261/2300/2261 1490/1504/1489
f 1490/1504/1489 2262/2301/2262 1255/1266/1255
f 1490/1504/1489 1255/1266/1255 734/735/735
f 1490/1504/1489 734/735/735 853/1505/854
f 1994/2022/1994 2263/2302/2263 2009/2037/2009
f 944/943/942 46/47/47 942/944/943
f 2265/2303/2264 2022/2304/2020 2264/2305/2265
f 2268/2306/2266 2266/2307/2267 2267/2308/2268
f 2270/2309/2269 152/153/153 2269/2310/2270
f 2272/2311/2271 2271/2312/2272 1876/1902/1877
f 328/329/329 2273/2313/2273 329/330/330
f 1991/2018/1991 167/168/168 169/167/167
f 2275/2314/2274 351/352/352 2274/2315/2275
f 2277/2316/2276 1233/1243/1234 2276/2317/2277
f 2279/2318/2278 2278/2319/2279 649/649/649
f 2280/2320/2280 667/666/666 666/667/667
f 856/857/857 2281/2321/2281 2282/2322/2282
f 1962/1989/1962 2283/2323/2283 302/302/302
f 2285/2324/2284 112/113/113 2284/2325/2285
f 2287/2326/2286 2144/2174/2142 2286/2327/2287
f 2290/2328/2288 2288/2329/2289 2289/2330/2290
f 2293/2331/2291 2291/2332/2292 2292/2333/2293
f 97/98/98 2294/2334/2294 2295/2335/2295
f 2296/2336/2296 915/914/913 1418/1433/1418
f 2298/2337/2297 324/322/322 2297/2338/2298
f 2300/2339/2299 324/322/322 2299/2340/2300
f 2303/2341/2301 2301/2342/2302 2302/2343/2303
f 449/450/450 2304/2344/2304 2305/2345/2305
f 2308/2346/2306 2306/2347/2307 2307/2348/2308
f 580/578/578 2309/2349/2309 581/582/582
f 1190/1198/1191 1180/1188/1181 1182/1187/1180
f 2311/2350/2310 2101/2132/2100 2310/2351/2311
f 2101/2132/2100 2311/2350/2310 2312/2352/2312
f 1223/1230/1221 1635/1655/1636 2313/2353/2313
f 1260/1272/1261 2314/2354/2314 2315/2355/2315
f 602/603/603 1539/1558/1540 2316/2356/2316
f 2317/2357/2317 998/1002/998 383/381/381
f 996/1001/997 2318/2358/2318 998/1002/998
f 2166/2199/2167 2319/2359/2319 2320/2360/2320
f 2321/2361/2321 623/624/624 625/623/623
f 1223/1230/1221 2322/2362/2322 2323/2363/2323
f 2326/2364/2324 2324/2365/2325 2325/2366/2326
f 572/573/573 187/185/185 2327/2367/2327
f 189/190/190 1043/2368/1043 2328/2369/2328
f 188/189/189 191/192/192 189/190/190
f 139/140/140 2329/2370/2329 2330/2371/2330
f 578/579/579 583/581/581 139/140/140
f 2332/2372/2331 41/42/42 2331/2373/2332
f 2334/2374/2333 2333/2375/2334 729/730/730
f 2337/2376/2335 2335/2377/2336 2336/2378/2337
f 584/585/585 2338/2379/2338 808/809/809
f 584/585/585 808/809/809 585/586/586
f 1794/1816/1793 1793/1817/1794 2339/2380/2339
f 2342/2381/2340 2340/2382/2341 2341/2383/2342
f 1165/1173/1166 2343/2384/2343 1969/1994/1967
f 2345/2385/2344 2344/2386/2345 420/421/421
f 1082/1090/1083 1584/1602/1584 1083/1091/1084
f 480/478/478 2154/2186/2154 2346/2387/2346
f 253/254/254 2347/2388/2347 2348/2389/2348
f 918/919/918 2349/2390/2349 701/699/699
f 2350/2391/2350 1800/1823/1800 1150/1157/1150
f 2353/2392/2351 2351/2393/2352 2352/2394/2353
f 2356/2395/2354 2354/2396/2355 2355/2397/2356
f 1268/1280/1269 2207/2398/2205 2206/2399/2207
f 1518/1536/1519 1096/1101/1094 1807/1828/1805
f 2359/2400/2357 2357/2401/2358 2358/2402/2359
f 2360/2403/2360 429/427/427 1263/1273/1262
f 2361/2404/2361 2176/2208/2175 2272/2311/2271
f 1823/1847/1824 2362/2405/2362 2363/2406/2363
f 2366/2407/2364 2364/2408/2365 2365/2409/2366
f 2369/2410/2367 2367/2411/2368 2368/2412/2369
f 2371/2413/2370 888/887/886 2370/2414/2371
f 2368/2412/2369 2367/2411/2368 2372/2415/2372
f 539/540/540 2373/2416/2373 2374/2417/2374
f 574/572/572 2375/2418/2375 572/573/573
f 2378/2419/2376 2376/2420/2377 2377/2421/2378
f 2381/2422/2379 2379/2423/2380 2380/2424/2381
f 1609/1628/1610 2382/2425/2382 2383/2426/2383
f 2385/2427/2384 2384/2428/2385 714/715/715
f 854/1291/855 853/1505/854 1279/1289/1278
f 1760/1784/1761 2386/2429/2386 2387/2430/2387
f 2389/2431/2388 501/499/499 2388/2432/2389
f 2392/2433/2390 2390/2434/2391 2391/2435/2392
f 1772/1796/1773 2393/2436/2393 1752/1776/1753
f 510/510/510 2394/2437/2394 512/513/513
f 1408/1423/1408 1407/1420/1405 1406/1422/1407
f 979/983/980 2395/2438/2395 388/389/389
f 2392/2433/2390 25/26/26 2390/2434/2391
f 389/387/387 388/389/389 2396/2439/2396
f 1839/1864/1840 177/178/178 2397/2440/2397
f 505/505/505 2200/2233/2200 2398/2441/2398
f 371/369/369 370/371/371 840/840/840
f 1163/1170/1163 625/623/623 1164/1171/1164
f 2401/2442/2399 2399/2443/2400 2400/2444/2401
f 1212/2445/1212 2402/2446/2402 402/2447/403
f 2404/2448/2403 54/52/52 2403/2449/2404
f 2406/2450/2405 2405/2451/2406 1698/1719/1696
f 2407/2452/2407 1125/1133/1126 1296/1310/1297
f 1213/1222/1213 2408/2453/2408 281/282/282
f 1305/1318/1305 933/934/933 932/933/932
f 1234/1241/1232 1233/1243/1234 239/240/240
f 2411/2454/2409 2409/2455/2410 2410/2456/2411
f 649/649/649 2278/2319/2279 2412/2457/2412
f 2415/2458/2413 2413/2459/2414 2414/2460/2415
f 460/461/461 2416/2461/2416 461/462/462
f 2114/2145/2113 871/872/872 2417/2462/2417
f 2419/2463/2418 2418/2464/2419 673/674/674
f 2422/2465/2420 2420/2466/2421 2421/2467/2422
f 2425/2468/2423 2423/2469/2424 2424/2470/2425
f 2427/2471/2426 1151/1158/1151 2426/2472/2427
f 2430/2473/2428 2428/2474/2429 2429/2475/2430
f 2431/2476/2431 1030/1035/1031 2343/2384/2343
f 1486/1499/1484 2432/2477/2432 1484/1500/1485
f 2435/2478/2433 2433/2479/2434 2434/2480/2435
f 1751/1772/1749 1423/1439/1424 2436/2481/2436
f 2323/2482/2323 2322/2483/2322 2437/2484/2437
f 817/815/815 453/451/451 815/816/816
f 2440/2485/2438 2438/2486/2439 2439/2487/2440
f 2441/2488/2441 2440/2485/2438 2439/2487/2440
f 880/879/878 2442/2489/2442 878/880/879
f 2445/2490/2443 2443/2491/2444 2444/2492/2445
f 2448/2493/2446 2446/2494/2447 2447/2495/2448
f 2451/2496/2449 2449/2497/2450 2450/2498/2451
f 336/334/334 2452/2499/2452 1104/1109/1102
f 2454/2500/2453 2453/2501/2454 1517/1535/1518
f 2457/2502/2455 2455/2503/2456 2456/2504/2457
f 2460/2505/2458 2458/2506/2459 2459/2507/2460
f 227/228/228 2461/2508/2461 1785/1808/1785
f 2463/2509/2462 392/390/390 2462/2510/2463
f 2465/2511/2464 1644/1664/1645 2464/2512/2465
f 36/34/34 2466/2513/2466 2345/2385/2344
f 2468/2514/2467 2467/2515/2468 1504/1520/1504
f 2470/2516/2469 2469/2517/2470 1921/1948/1921
f 2472/2518/2471 2471/2519/2472 439/440/440
f 2473/2520/2473 1444/1458/1443 1179/1184/1177
f 2474/2521/2474 1556/1575/1557 1557/1574/1556
f 2476/2522/2475 2019/2045/2017 2475/2523/2476
f 2478/2524/2477 2477/2525/2478 251/249/249
f 2479/2526/2479 1998/2026/1998 2076/2107/2076
f 2479/2526/2479 2076/2107/2076 2480/2527/2480
f 2483/2528/2481 2481/2529/2482 2482/2530/2483
f 1417/1430/1415 1661/1682/1662 1415/1431/1416
f 2485/2531/2484 2484/2532/2485 297/298/298
f 2486/2533/2486 1417/1430/1415 1418/1433/1418
f 2489/2534/2487 2487/2535/2488 2488/2536/2489
f 2492/2537/2490 2490/2538/2491 2491/2539/2492
f 629/630/630 2493/2540/2493 350/348/348
f 2407/2452/2407 1296/1310/1297 1295/1309/1296
f 153/154/154 2494/2541/2494 2495/2542/2495
f 2498/2543/2496 2496/2544/2497 2497/2545/2498
f 2500/2546/2499 2499/2547/2500 1084/1089/1082
f 2501/2548/2501 2080/2110/2079 2079/2111/2080
f 1827/1848/1825 2502/2549/2502 1829/1851/1828
f 1928/1954/1927 2503/2550/2503 212/213/213
f 2505/2551/2504 1726/1750/1727 2504/2552/2505
f 2507/2553/2506 1321/1335/1321 2506/2554/2507
f 2509/2555/2508 2508/2556/2509 645/646/646
f 800/801/801 2510/2557/2510 2511/2558/2511
f 1193/1201/1194 2512/2559/2512 2513/2560/2513
f 1817/1840/1817 2514/2561/2514 2515/2562/2515
f 2229/2266/2230 2516/2563/2516 2517/2564/2517
f 2519/2565/2518 2022/2304/2020 2518/2566/2519
f 2520/2567/2520 1689/1712/1689 1/2/2
f 469/470/470 471/469/469 2521/2568/2521
f 2523/2569/2522 2522/2570/2523 1735/1758/1735
f 1392/1407/1393 1792/1815/1792 2524/2571/2524
f 1435/1448/1433 1434/1450/1435 1395/1410/1396
f 2525/2572/2525 347/346/346 98/99/99
f 2526/2573/2526 177/178/178 676/677/677
f 676/677/677 177/178/178 1839/1864/1840
f 2529/2574/2527 2527/2575/2528 2528/2576/2529
f 2200/2577/2200 2530/2578/2530 2531/2579/2531
f 2533/2580/2532 2532/2581/2533 398/396/396
f 49/50/50 2534/2582/2534 632/632/632
f 2249/2288/2250 2535/2583/2535 2536/2584/2536
f 2538/2585/2537 2537/2586/2538 145/146/146
f 1264/1276/1265 2539/2587/2539 2540/2588/2540
f 2542/2589/2541 1987/2015/1988 2541/2590/2542
f 2543/2591/2543 1328/1340/1326 387/388/388
f 1558/1577/1559 2544/2592/2544 1559/1578/1560
f 756/755/755 755/756/756 393/394/394
f 2546/2593/2545 2545/2594/2546 2379/2423/2380
f 611/612/612 2547/2595/2547 2140/2172/2140
f 1317/1331/1317 1316/1330/1316 2548/2596/2548
f 2549/2597/2549 2429/2475/2430 2428/2474/2429
f 2552/2598/2550 2550/2599/2551 2551/2600/2552
f 2181/2212/2179 2553/2601/2553 2554/2602/2554
f 1300/1311/1298 416/414/414 2555/2603/2555
f 2558/2604/2556 2556/2605/2557 2557/2606/2558
f 2560/2607/2559 2559/2608/2560 23/2609/24
f 377/375/375 168/169/169 2561/2610/2561
f 2562/2611/2562 923/925/924 1774/1795/1772
f 49/50/50 2563/2612/2563 2564/2613/2564
f 472/473/473 2565/2614/2565 2566/2615/2566
f 2569/2616/2567 2567/2617/2568 2568/2618/2569
f 2570/2619/2570 2091/2121/2090 2382/2425/2382
f 1485/1501/1486 2571/2620/2571 446/447/447
f 2574/2621/2572 2572/2622/2573 2573/2623/2574
f 2577/2624/2575 2575/2625/2576 2576/2626/2577
f 2580/2627/2578 2578/2628/2579 2579/2629/2580
f 2581/2630/2581 2186/2631/2187 1578/1596/1578
f 2582/2632/2582 2417/2462/2417 175/173/173
f 953/957/954 952/956/953 2583/2633/2583
f 2586/2634/2584 2584/2635/2585 2585/2636/2586
f 2587/2637/2587 639/640/640 638/639/639
f 819/820/820 818/819/819 513/514/514
f 1040/1045/1041 1039/1044/1040 2588/2638/2588
f 2591/2639/2589 2589/2640/2590 2590/2641/2591
f 1105/1113/1106 1274/1285/1274 1106/1114/1107
f 2592/2642/2592 1231/1238/1229 1230/1240/1231
f 2189/2222/2189 1845/1870/1845 1844/1869/1844
f 1449/1465/1450 1230/1240/1231 1667/1689/1668
f 2336/2378/2337 2593/2643/2593 2594/2644/2594
f 2597/2645/2595 2595/2646/2596 2596/2647/2597
f 1013/1017/1013 2598/2648/2598 27/25/25
f 1043/1048/1043 192/1047/191 2599/2649/2599
f 2600/2650/2600 1232/1242/1233 1234/1241/1232
f 1232/1242/1233 2341/2383/2342 2276/2317/2277
f 2603/2651/2601 2601/2652/2602 2602/2653/2603
f 1229/1239/1230 1232/1242/1233 2600/2650/2600
f 2606/2654/2604 2604/2655/2605 2605/2656/2606
f 2608/2657/2607 2607/2658/2608 1214/1223/1214
f 2609/2659/2609 2341/2383/2342 1229/1239/1230
f 2612/2660/2610 2610/2661/2611 2611/2662/2612
f 955/959/956 2613/2663/2613 2614/2664/2614
f 2617/2665/2615 2615/2666/2616 2616/2667/2617
f 2620/2668/2618 2618/2669/2619 2619/2670/2620
f 1910/1937/1911 1909/1936/1910 419/417/417
f 2623/2671/2621 2621/2672/2622 2622/2673/2623
f 2625/2674/2624 96/94/94 2624/2675/2625
f 1804/1827/1804 2626/2676/2626 1788/1809/1786
f 563/561/561 2627/2677/2627 2628/2678/2628
f 2630/2679/2629 2629/2680/2630 10/11/11
f 562/563/563 2631/2681/2631 2627/2677/2627
f 1235/1245/1236 1237/1244/1235 2632/2682/2632
f 2503/2550/2503 1928/1954/1927 688/689/689
f 937/939/938 2633/2683/2633 2634/2684/2634
f 149/996/150 2635/2685/2635 993/997/993
f 168/169/169 167/168/168 256/255/255
f 2638/2686/2636 2636/2687/2637 2637/2688/2638
f 2639/2689/2639 444/442/442 733/732/732
f 2640/2690/2640 1359/1373/1359 1953/1979/1952
f 2641/2691/2641 1692/1716/1693 2504/2552/2505
f 2644/2692/2642 2642/2693/2643 2643/2694/2644
f 2647/2695/2645 2645/2696/2646 2646/2697/2647
f 671/669/669 670/671/671 2648/2698/2648
f 86/87/87 2649/2699/2649 2650/2700/2650
f 2652/2701/2651 2651/2702/2652 2120/2150/2118
f 2653/2703/2653 843/2704/841 842/2705/843
f 14/15/15 2654/2706/2654 2655/2707/2655
f 2070/2100/2069 1820/1844/1821 1821/1843/1820
f 2658/2708/2656 2656/2709/2657 2657/2710/2658
f 2660/2711/2659 2659/2712/2660 1003/1008/1004
f 2300/2339/2299 2661/2713/2661 2662/2714/2662
f 2665/2715/2663 2663/2716/2664 2664/2717/2665
f 838/839/839 2619/2670/2620 1767/1791/1768
f 2420/2466/2421 2666/2718/2666 2421/2467/2422
f 644/644/644 2667/2719/2667 2668/2720/2668
f 1197/1202/1195 2669/2721/2669 2670/2722/2670
f 1798/1822/1799 1020/2723/1021 2671/2724/2671
f 1430/1446/1431 2672/2725/2672 2673/2726/2673
f 2674/2727/2674 1563/1581/1563 1491/1508/1492
f 1244/1256/1245 1249/1261/1250 1245/1254/1243
f 2676/2728/2675 2675/2729/2676 870/871/871
f 2677/2730/2677 1236/1246/1237 1235/1245/1236
f 127/128/128 2678/2731/2678 128/129/129
f 1991/2018/1991 1419/1435/1420 167/168/168
f 1443/1459/1444 1444/1458/1443 1590/1606/1588
f 1492/1509/1493 2679/2732/2679 2680/2733/2680
f 55/56/56 2051/2082/2051 2681/2734/2681
f 1622/1642/1623 2682/2735/2682 2683/2736/2683
f 2684/2737/2684 2390/2434/2391 86/87/87
f 2196/2738/2197 2685/2739/2685 2237/2273/2237
f 193/194/194 2686/2740/2686 194/195/195
f 2683/2736/2683 2687/2741/2687 1622/1642/1623
f 1583/1600/1582 792/790/790 2688/2742/2688
f 2691/2743/2689 2689/2744/2690 2690/2745/2691
f 2694/2746/2692 2692/2747/2693 2693/2748/2694
f 2696/2749/2695 2695/2750/2696 253/254/254
f 1181/1189/1182 17/18/18 1809/1832/1809
f 2697/2751/2697 1165/1173/1166 1969/1994/1967
f 1405/2752/1406 1665/1686/1665 2698/2753/2698
f 2700/2754/2699 1552/1568/1550 2699/2755/2700
f 2702/2756/2701 2699/2755/2700 2701/2757/2702
f 2542/2589/2541 2541/2590/2542 2703/2758/2703
f 2705/2759/2704 2704/2760/2705 709/709/709
f 1122/1127/1120 2706/2761/2706 2707/2762/2707
f 2710/2763/2708 2708/2764/2709 2709/2765/2710
f 2701/2757/2702 1551/1570/1552 2711/2766/2711
f 62/63/63 2712/2767/2712 2713/2768/2713
f 2701/2757/2702 2711/2766/2711 2714/2769/2714
f 2716/2770/2715 2715/2771/2716 1628/1645/1626
f 1628/1645/1626 1352/2772/1352 2716/2770/2715
f 349/350/350 630/631/631 629/630/630
f 1415/1431/1416 2717/2773/2717 2296/2336/2296
f 2719/2774/2718 2718/2775/2719 629/630/630
f 2720/2776/2720 1356/1371/1357 1198/1206/1199
f 2722/2777/2721 2721/2778/2722 1169/1177/1170
f 196/197/197 998/1002/998 2723/2779/2723
f 2726/2780/2724 2724/2781/2725 2725/2782/2726
f 1675/2783/1676 367/2784/368 2727/2785/2727
f 588/589/589 587/588/588 2728/2786/2728
f 2731/2787/2729 2729/2788/2730 2730/2789/2731
f 2734/2790/2732 2732/2791/2733 2733/2792/2734
f 2736/2793/2735 2540/2588/2540 2735/2794/2736
f 2739/2795/2737 2737/2796/2738 2738/2797/2739
f 2741/2798/2740 2740/2799/2741 2400/2444/2401
f 2743/2800/2742 2742/2801/2743 1042/1046/1042
f 2741/2798/2740 2744/2802/2744 2745/2803/2745
f 1640/1659/1640 2746/2804/2746 2031/2061/2032
f 2738/2797/2739 2737/2796/2738 2747/2805/2747
f 2750/2806/2748 2748/2807/2749 2749/2808/2750
f 2031/2061/2032 2746/2804/2746 2751/2809/2751
f 1409/2810/1409 1845/1870/1845 1665/1686/1665
f 364/365/365 2752/2811/2752 1197/1202/1195
f 2754/2812/2753 2753/2813/2754 298/296/296
f 298/296/296 2753/2813/2754 934/935/934
f 1540/1556/1538 1539/1558/1540 2755/2814/2755
f 2758/2815/2756 2756/2816/2757 2757/2817/2758
f 2526/2573/2526 1864/1889/1864 2759/2818/2759
f 1715/1736/1713 2760/2819/2760 2761/2820/2761
f 2763/2821/2762 1728/1749/1726 2762/2822/2763
f 2650/2700/2650 2764/2823/2764 2765/2824/2765
f 1298/1312/1299 2555/2603/2555 2766/2825/2766
f 1146/1154/1147 2767/2826/2767 2137/2169/2137
f 2768/2827/2768 454/455/455 456/454/454
f 2770/2828/2769 2769/2829/2770 2139/2171/2139
f 726/727/727 725/726/726 2771/2830/2771
f 2773/2831/2772 2772/2832/2773 1610/1626/1608
f 2774/2833/2774 1236/1246/1237 2677/2730/2677
f 2776/2834/2775 1172/1178/1171 2775/2835/2776
f 264/265/265 929/931/930 2083/2112/2081
f 1160/1168/1161 198/196/196 2777/2836/2777
f 2216/2251/2217 1160/1168/1161 2777/2836/2777
f 214/215/215 2778/2837/2778 215/216/216
f 2216/2251/2217 2777/2836/2777 2217/2249/2215
f 2779/2838/2779 456/454/454 455/456/456
f 413/411/411 2780/2839/2780 411/412/412
f 2783/2840/2781 2781/2841/2782 2782/2842/2783
f 2785/2843/2784 692/693/693 2784/2844/2785
f 2786/2845/2786 2312/2352/2312 2311/2350/2310
f 2789/2846/2787 2787/2847/2788 2788/2848/2789
f 1777/1800/1777 2790/2849/2790 2791/2850/2791
f 1566/1582/1564 1578/1596/1578 2186/2631/2187
f 244/245/245 1254/1265/1254 2792/2851/2792
f 2792/2851/2792 1254/1265/1254 2793/2852/2793
f 2794/2853/2794 1334/1348/1334 2227/2262/2226
f 2796/2854/2795 2795/2855/2796 1754/1777/1754
f 2795/2855/2796 1888/1912/1887 1754/1777/1754
f 1400/1412/1398 2797/2856/2797 1398/1413/1399
f 2800/2857/2798 2798/2858/2799 2799/2859/2800
f 2803/2860/2801 2801/2861/2802 2802/2862/2803
f 355/356/356 2804/2863/2804 1592/1609/1591
f 2805/2864/2805 1110/1118/1111 790/791/791
f 640/638/638 2806/2865/2806 638/639/639
f 2808/2866/2807 995/1000/996 2807/2867/2808
f 2810/2868/2809 2809/2869/2810 1569/1585/1567
f 2812/2870/2811 2811/2871/2812 1176/1183/1176
f 2813/2872/2813 1603/1619/1601 1602/1621/1603
f 960/2873/961 1776/1798/1775 1775/1799/1776
f 2815/2874/2814 2814/2875/2815 737/738/738
f 2362/2405/2362 1904/1931/1905 1903/1930/1904
f 99/97/97 1973/2000/1973 2816/2876/2816
f 1669/1691/1670 2817/2877/2817 2818/2878/2818
f 2820/2879/2819 1694/1718/1695 2819/2880/2820
f 2821/2881/2821 1805/1829/1806 1096/1101/1094
f 2824/2882/2822 2822/2883/2823 2823/2884/2824
f 2822/2883/2823 2824/2882/2822 2825/2885/2825
f 2289/2330/2290 2288/2329/2289 2826/2886/2826
f 2828/2887/2827 2827/2888/2828 317/318/318
f 850/851/851 2829/2889/2829 851/852/852
f 1896/1919/1894 2830/2890/2830 1894/1920/1895
f 1950/1977/1950 785/786/786 653/654/654
f 2833/2891/2831 2831/2892/2832 2832/2893/2833
f 2835/2894/2834 2834/2895/2835 2113/2146/2114
f 2837/2896/2836 2836/2897/2837 1793/1817/1794
f 2272/2311/2271 2838/2898/2838 2271/2312/2272
f 1548/1938/1547 2839/2899/2839 2840/2900/2840
f 2842/2901/2841 2841/2902/2842 394/395/395
f 761/760/760 1813/1837/1814 2843/2903/2843
f 1771/1792/1769 2844/2904/2844 1468/1481/1466
f 2254/2292/2254 2845/2905/2845 797/798/798
f 2848/2906/2846 2846/2907/2847 2847/2908/2848
f 218/219/219 1335/1350/1336 219/217/217
f 951/952/949 2849/2909/2849 949/953/950
f 602/603/603 774/774/774 1539/1558/1540
f 579/580/580 2850/2910/2850 580/578/578
f 2118/2151/2119 2120/2150/2118 1480/1495/1480
f 10/11/11 2851/2911/2851 2852/2912/2852
f 2855/2913/2853 2853/2914/2854 2854/2915/2855
f 2858/2916/2856 2856/2917/2857 2857/2918/2858
f 2859/2919/2859 1133/1141/1134 738/739/739
f 2861/2920/2860 1868/1894/1869 2860/2921/2861
f 2864/2922/2862 2862/2923/2863 2863/2924/2864
f 2867/2925/2865 2865/2926/2866 2866/2927/2867
f 2869/2928/2868 2868/2929/2869 2368/2412/2369
f 2277/2316/2276 889/890/889 2870/2930/2870
f 2857/2918/2858 2871/2931/2871 2872/2932/2872
f 2873/2933/2873 2193/2227/2194 2195/2226/2193
f 2875/2934/2874 2874/2935/2875 1202/1208/1201
f 2876/2936/2876 2634/2937/2634 2633/2938/2633
f 2877/2939/2877 1727/1751/1728 2505/2551/2504
f 2880/2940/2878 2878/2941/2879 2879/2942/2880
f 2881/2943/2881 2000/2028/2000 600/598/598
f 816/817/817 2882/2944/2882 817/815/815
f 2339/2380/2339 1793/1817/1794 1997/2023/1995
f 2884/2945/2883 1874/1900/1875 2883/2946/2884
f 2886/2947/2885 2885/2948/2886 1801/1825/1802
f 867/865/865 613/614/614 2887/2949/2887
f 2889/2950/2888 2888/2951/2889 1130/1138/1131
f 2889/2950/2888 2185/2218/2185 2888/2951/2889
f 2891/2952/2890 2890/2953/2891 2073/2102/2071
f 2868/2929/2869 2892/2954/2892 2893/2955/2893
f 2349/2390/2349 2894/2956/2894 2895/2957/2895
f 2898/2958/2896 2896/2959/2897 2897/2960/2898
f 2899/2961/2899 2626/2676/2626 1804/1827/1804
f 1614/1630/1612 2900/2962/2900 1612/1631/1613
f 2902/2963/2901 52/53/53 2901/2964/2902
f 1948/1975/1948 849/847/847 848/849/849
f 1886/2965/1885 677/675/675 499/2966/500
f 2903/2967/2903 27/25/25 2598/2648/2598
f 2904/2968/2904 957/2969/958 1283/2970/1284
f 576/577/577 2008/2036/2008 1320/1332/1318
f 2906/2971/2905 2530/2578/2530 2905/2972/2906
f 2909/2973/2907 2907/2974/2908 2908/2975/2909
f 2911/2976/2910 48/2977/46 2910/2978/2911
f 138/136/136 2912/2979/2912 2913/2980/2913
f 2916/2981/2914 2914/2982/2915 2915/2983/2916
f 2918/2984/2917 2917/2985/2918 103/104/104
f 459/457/457 1077/1083/1076 457/458/458
f 1932/1959/1932 2919/2986/2919 1629/1648/1629
f 2921/2987/2920 2920/2988/2921 1177/1185/1178
f 1437/2989/1438 2482/2530/2483 2922/2990/2922
f 515/516/516 2556/2605/2557 2558/2604/2556
f 2924/2991/2923 1984/2009/1982 2923/2992/2924
f 2925/2993/2925 361/362/362 360/361/361
f 2835/2894/2834 2926/2994/2926 2834/2895/2835
f 150/151/151 313/314/314 151/149/149
f 1378/1390/1376 2927/2995/2927 1376/1391/1377
f 2929/2996/2928 1832/1853/1830 2928/2997/2929
f 1750/1774/1751 739/737/737 1424/1440/1425
f 2546/2593/2545 2379/2423/2380 2930/2998/2930
f 2604/2655/2605 161/162/162 163/161/161
f 2933/2999/2931 2931/3000/2932 2932/3001/2933
f 2693/2748/2694 2692/2747/2693 1895/1921/1896
f 2935/3002/2934 843/2704/841 2934/3003/2935
f 2577/3004/2575 325/326/326 2936/3005/2936
f 1706/3006/1706 325/3007/326 2937/3008/2937
f 1988/2016/1989 2938/3009/2938 1989/2014/1987
f 2940/3010/2939 2939/3011/2940 272/270/270
f 2943/3012/2941 2941/3013/2942 2942/3014/2943
f 2944/3015/2944 776/777/777 775/776/776
f 2327/2367/2327 2945/3016/2945 2946/3017/2946
f 2930/2998/2930 2413/2459/2414 2947/3018/2947
f 2144/2174/2142 2125/2157/2125 2286/2327/2287
f 2948/3019/2948 2016/2044/2016 990/991/988
f 1169/1177/1170 2069/2101/2070 1170/1175/1168
f 938/937/936 2949/3020/2949 2950/3021/2950
f 2256/2293/2255 809/808/808 683/681/681
f 2218/2252/2218 557/555/555 2128/2158/2126
f 164/165/165 1295/1309/1296 2951/3022/2951
f 2952/3023/2952 164/165/165 2951/3022/2951
f 2953/3024/2953 2756/2816/2757 372/373/373
f 2954/3025/2954 2794/2853/2794 1413/1427/1412
f 2957/3026/2955 2955/3027/2956 2956/3028/2957
f 1327/1342/1328 2958/3029/2958 2959/3030/2959
f 1954/1981/1954 196/197/197 2723/2779/2723
f 692/693/693 115/3031/116 690/690/690
f 2961/3032/2960 1523/1541/1524 2960/3033/2961
f 2734/2790/2732 1458/1474/1459 2059/2090/2059
f 2962/3034/2962 1458/1474/1459 2734/2790/2732
f 2964/3035/2963 2963/3036/2964 556/557/557
f 1277/1288/1277 1276/1287/1276 2965/3037/2965
f 2967/3038/2966 1658/1679/1659 2966/3039/2967
f 555/556/556 2968/3040/2968 556/557/557
f 1399/1414/1400 1398/1413/1399 2969/3041/2969
f 2971/3042/2970 2970/3043/2971 2730/3044/2731
f 2973/3045/2972 2972/3046/2973 100/101/101
f 537/535/535 448/3047/449 2690/2745/2691
f 2195/2226/2193 2194/2228/2195 2082/2114/2083
f 2195/2226/2193 2082/2114/2083 2974/3048/2974
f 2976/3049/2975 2975/3050/2976 2298/2337/2297
f 2977/3051/2977 1558/1577/1559 17/18/18
f 1070/1077/1070 2978/3052/2978 1836/1860/1837
f 2980/3053/2979 2979/3054/2980 121/122/122
f 2981/3055/2981 2058/2088/2057 2603/2651/2601
f 2983/3056/2982 2982/3057/2983 395/393/393
f 2984/3058/2984 2018/2047/2019 135/133/133
f 2985/3059/2985 1088/1094/1087 258/259/259
f 349/3060/350 2642/2693/2643 2986/3061/2986
f 2033/2062/2033 2138/2170/2138 2987/3062/2987
f 2774/2833/2774 2988/3063/2988 2989/3064/2989
f 2907/2974/2908 2590/2641/2591 2990/3065/2990
f 1725/1746/1723 2991/3066/2991 2992/3067/2992
f 2994/3068/2993 2993/3069/2994 2306/2347/2307
f 2996/3070/2995 2845/2905/2845 2995/3071/2996
f 2999/3072/2997 2997/3073/2998 2998/3074/2999
f 559/560/560 2992/3067/2992 2223/2258/2224
f 3000/3075/3000 1055/3076/1056 2145/2177/2145
f 3001/3077/3001 872/870/870 2113/2146/2114
f 475/3078/476 3002/3079/3002 3003/3080/3003
f 1123/1130/1123 3004/3081/3004 3005/3082/3005
f 245/246/246 2792/2851/2792 783/781/781
f 3006/3083/3006 992/995/992 989/993/990
f 3006/3083/3006 513/514/514 2394/2437/2394
f 1565/1584/1566 637/637/637 3007/3084/3007
f 1808/1831/1808 2734/2790/2732 2733/2792/2734
f 1788/1809/1786 3008/3085/3008 1786/1810/1787
f 2552/2598/2550 2551/2600/2552 3009/3086/3009
f 3011/3087/3010 1013/1017/1013 3010/3088/3011
f 3012/3089/3012 2326/2364/2324 2325/2366/2326
f 2156/2187/2155 2526/2573/2526 676/677/677
f 3013/3090/3013 1048/1055/1049 2871/2931/2871
f 1125/1133/1126 3014/3091/3014 3015/3092/3015
f 218/219/219 217/218/218 1060/1068/1061
f 3018/3093/3016 3016/3094/3017 3017/3095/3018
f 2169/2203/2170 3019/3096/3019 3020/3097/3020
f 3022/3098/3021 277/275/275 3021/3099/3022
f 3021/3099/3022 277/275/275 3023/3100/3023
f 3026/3101/3024 3024/3102/3025 3025/3103/3026
f 3028/3104/3027 3027/3105/3028 3025/3103/3026
f 319/320/320 2213/2248/2214 327/325/325
f 2318/2358/2318 3029/3106/3029 3030/3107/3030
f 242/243/243 3031/3108/3031 1964/1990/1963
f 16/17/17 3032/3109/3032 2977/3051/2977
f 2371/2413/2370 3033/3110/3033 3034/3111/3034
f 1226/1236/1227 3035/3112/3035 1242/1252/1242
f 658/656/656 2042/2073/2043 656/657/657
f 3038/3113/3036 3036/3114/3037 3037/3115/3038
f 3041/3116/3039 3039/3117/3040 3040/3118/3041
f 2213/2248/2214 3042/3119/3042 327/325/325
f 3043/3120/3043 24/22/22 23/24/24
f 1513/1528/1511 3044/3121/3044 3045/3122/3045
f 3047/3123/3046 3046/3124/3047 1739/3125/1737
f 166/164/164 3048/3126/3048 2183/2217/2184
f 1905/1929/1903 2189/2222/2189 1903/1930/1904
f 3049/3127/3049 1277/1288/1277 2965/3037/2965
f 3051/3128/3050 1452/1468/1453 3050/3129/3051
f 3053/3130/3052 3052/3131/3053 2428/3132/2429
f 3055/3133/3054 3054/3134/3055 643/641/641
f 244/245/245 2792/2851/2792 245/246/246
f 3057/3135/3056 3056/3136/3057 2554/2602/2554
f 3059/3137/3058 1154/1162/1155 3058/3138/3059
f 2564/2613/2564 1650/1668/1649 3060/3139/3060
f 1572/1588/1570 3061/3140/3061 1937/1965/1938
f 3063/3141/3062 2470/2516/2469 3062/3142/3063
f 3066/3143/3064 3064/3144/3065 3065/3145/3066
f 895/894/893 542/543/543 3067/3146/3067
f 1243/1255/1244 3068/3147/3068 3069/3148/3069
f 3070/3149/3070 1617/1635/1617 2560/2607/2559
f 3073/3150/3071 3071/3151/3072 3072/3152/3073
f 1316/1330/1316 3074/3153/3074 3075/3154/3075
f 2380/2424/2381 1079/1087/1080 2381/2422/2379
f 1404/3155/1404 1248/1257/1246 1247/1259/1248
f 3077/3156/3076 2254/2292/2254 3076/3157/3077
f 1412/1428/1413 3077/3156/3076 2954/3025/2954
f 3079/3158/3078 2532/2581/2533 3078/3159/3079
f 1779/1803/1780 3080/3160/3080 156/157/157
f 2439/2487/2440 1765/1789/1766 3081/3161/3081
f 3084/3162/3082 3082/3163/3083 3083/3164/3084
f 2981/3055/2981 3085/3165/3085 1362/1374/1360
f 1924/1952/1925 3086/3166/3086 1925/1953/1926
f 2129/2162/2130 3087/3167/3087 2130/2163/2131
f 3088/3168/3088 3087/3167/3087 2129/2162/2130
f 439/440/440 2471/2519/2472 245/246/246
f 294/295/295 3089/3169/3089 295/293/293
f 171/172/172 956/958/955 172/170/170
f 956/958/955 955/959/956 172/170/170
f 3091/3170/3090 2462/2510/2463 3090/3171/3091
f 1810/1834/1811 3092/3172/3092 3093/3173/3093
f 3095/3174/3094 1554/1573/1555 3094/3175/3095
f 459/457/457 3096/3176/3096 2315/2355/2315
f 3097/3177/3097 1770/1794/1771 1769/1793/1770
f 2178/2210/2177 2177/2211/2178 3098/3178/3098
f 546/544/544 2849/2909/2849 3099/3179/3099
f 2801/2861/2802 3100/3180/3100 2802/2862/2803
f 3103/3181/3101 3101/3182/3102 3102/3183/3103
f 1521/1537/1520 1520/1538/1521 2433/2479/2434
f 2446/2494/2447 3104/3184/3104 3105/3185/3105
f 831/830/830 2677/2730/2677 830/831/831
f 3106/3186/3106 293/294/294 295/293/293
f 2178/2210/2177 796/3187/797 798/3188/796
f 432/430/430 431/432/432 3107/3189/3107
f 3110/3190/3108 3108/3191/3109 3109/3192/3110
f 3110/3190/3108 2429/2475/2430 3108/3191/3109
f 2178/2210/2177 3098/3178/3098 796/3187/797
f 3112/3193/3111 3111/3194/3112 1073/1081/1074
f 2099/2129/2097 3113/3195/3113 2097/2130/2098
f 2237/2273/2237 494/495/495 493/491/491
f 257/258/258 1389/1403/1389 1088/1094/1087
f 3114/3196/3114 1935/1960/1933 2953/3024/2953
f 3115/3197/3115 147/145/145 142/143/143
f 3118/3198/3116 3116/3199/3117 3117/3200/3118
f 3119/3201/3119 1044/1051/1045 2208/2241/2208
f 431/432/432 2677/2730/2677 831/830/830
f 2114/2145/2113 3120/3202/3120 2113/2146/2114
f 3037/3115/3038 3036/3114/3037 849/847/847
f 1046/1050/1044 2208/2241/2208 1044/1051/1045
f 3122/3203/3121 1846/1872/1847 3121/3204/3122
f 3124/3205/3123 3007/3084/3007 3123/3206/3124
f 3127/3207/3125 3125/3208/3126 3126/3209/3127
f 2287/3210/2286 3128/3211/3128 3129/3212/3129
f 2778/2837/2778 2543/2591/2543 215/216/216
f 2883/2946/2884 3130/3213/3130 3131/3214/3131
f 3132/3215/3132 2928/2997/2929 1832/1853/1830
f 3133/3216/3133 703/3217/704 708/708/708
f 3134/3218/3134 354/355/355 356/354/354
f 3135/3219/3135 778/779/779 780/778/778
f 995/1000/996 997/999/995 2807/2867/2808
f 3137/3220/3136 3136/3221/3137 1664/1683/1663
f 3138/3222/3138 1288/1299/1286 1067/1075/1068
f 3138/3222/3138 1067/1075/1068 1069/1074/1067
f 654/655/655 3139/3223/3139 2899/2961/2899
f 1275/1286/1275 1982/2010/1983 3140/3224/3140
f 3143/3225/3141 3141/3226/3142 3142/3227/3143
f 3145/3228/3144 345/343/343 3144/3229/3145
f 2757/2817/2758 2756/2816/2757 2953/3024/2953
f 3141/3226/3142 60/3230/58 3142/3227/3143
f 2641/2691/2641 2504/2552/2505 1438/1451/1436
f 3147/3231/3146 2709/2765/2710 3146/3232/3147
f 3150/3233/3148 3148/3234/3149 3149/3235/3150
f 1020/1025/1021 1799/3236/1797 2671/3237/2671
f 3153/3238/3151 3151/3239/3152 3152/3240/3153
f 3152/3240/3153 3154/3241/3154 3153/3238/3151
f 276/277/277 275/276/276 1799/3236/1797
f 3155/3242/3155 1757/1781/1758 1756/1780/1757
f 2055/2086/2055 517/515/515 3131/3214/3131
f 2906/2971/2905 3156/3243/3156 3157/3244/3157
f 195/193/193 1712/1735/1712 1086/1092/1085
f 1066/1072/1065 1065/1073/1066 1690/1713/1690
f 1293/3245/1293 66/64/64 65/66/66
f 818/819/819 514/512/512 513/514/514
f 607/605/605 3158/3246/3158 3159/3247/3159
f 1223/1230/1221 2323/2363/2323 3160/3248/3160
f 345/343/343 344/345/345 2865/2926/2866
f 2227/2262/2226 3161/3249/3161 2794/2853/2794
f 2059/2090/2059 3162/3250/3162 3163/3251/3163
f 1127/1135/1128 1129/1134/1127 3164/3252/3164
f 3166/3253/3165 1990/2017/1990 3165/3254/3166
f 3168/3255/3167 1749/1773/1750 3167/3256/3168
f 2650/2700/2650 2765/2824/2765 3169/3257/3169
f 433/434/434 435/433/433 3170/3258/3170
f 1458/1474/1459 3171/3259/3171 1459/1475/1460
f 3123/3206/3124 3172/3260/3172 3173/3261/3173
f 3124/3205/3123 1819/1841/1818 3174/3262/3174
f 72/70/70 2476/2522/2475 148/148/148
f 3123/3206/3124 1818/1842/1819 1819/1841/1818
f 3175/3263/3175 2986/3061/2986 442/443/443
f 3177/3264/3176 3176/3265/3177 1198/1206/1199
f 3176/3265/3177 1464/1479/1464 3001/3077/3001
f 502/503/503 2814/3266/2815 503/504/504
f 257/258/258 3178/3267/3178 1732/1756/1733
f 2350/3268/2350 3179/3269/3179 1626/1646/1627
f 3181/3270/3180 2914/2982/2915 3180/3271/3181
f 3180/3271/3181 2914/2982/2915 2916/2981/2914
f 1734/1757/1734 3182/3272/3182 3183/3273/3183
f 1850/1876/1851 1852/1875/1850 3184/3274/3184
f 2448/2493/2446 2447/2495/2448 3185/3275/3185
f 1280/1292/1280 1282/1294/1282 765/765/765
f 1114/3276/1112 3186/3277/3186 3187/3278/3187
f 496/497/497 1943/1968/1941 1022/1026/1022
f 3189/3279/3188 3188/3280/3189 3133/3216/3133
f 2797/2856/2797 1696/1720/1697 1398/1413/1399
f 3192/3281/3190 3190/3282/3191 3191/3283/3192
f 1499/1516/1500 3193/3284/3193 1951/1978/1951
f 3163/3251/3163 3194/3285/3194 19/20/20
f 906/908/907 3195/3286/3195 3196/3287/3196
f 3199/3288/3197 3197/3289/3198 3198/3290/3199
f 1218/1228/1219 3200/3291/3200 1682/3292/1683
f 1614/1630/1612 1680/1704/1681 1454/1469/1454
f 716/717/717 718/716/716 462/460/460
f 3202/3293/3201 3010/3294/3011 3201/3295/3202
f 2712/2767/2712 2339/2380/2339 1996/2025/1997
f 3204/3296/3203 2245/3297/2245 3203/3298/3204
f 1936/3299/1937 1938/3300/1936 3204/3296/3203
f 3205/3301/3205 1999/2027/1999 1998/2026/1998
f 747/748/748 746/747/747 3206/3302/3206
f 1400/1412/1398 3207/3303/3207 2576/2626/2577
f 2109/2141/2109 1128/1136/1129 1397/1409/1395
f 3210/3304/3208 3208/3305/3209 3209/3306/3210
f 324/322/322 323/324/324 2299/2340/2300
f 1418/1433/1418 915/914/913 3211/3307/3211
f 550/551/551 552/550/550 3212/3308/3212
f 3214/3309/3213 3213/3310/3214 236/3311/237
f 3217/3312/3215 3215/3313/3216 3216/3314/3217
f 488/486/486 2028/2055/2027 486/487/487
f 3219/3315/3218 1118/1126/1119 3218/3316/3219
f 537/535/535 2689/2744/2690 487/488/488
f 237/235/235 236/237/237 3220/3317/3220
f 3221/3318/3221 1725/1746/1723 1724/1748/1725
f 1650/1668/1649 3222/3319/3222 3223/3320/3223
f 3226/3321/3224 3224/3322/3225 3225/3323/3226
f 1391/1405/1391 1390/1404/1390 1929/1957/1930
f 968/3324/969 2292/2333/2293 3227/3325/3227
f 1955/1983/1956 969/971/968 3227/3326/3227
f 751/749/749 750/751/751 406/407/407
f 3229/3327/3228 3228/3328/3229 2694/2746/2692
f 3232/3329/3230 3230/3330/3231 3231/3331/3232
f 2311/2350/2310 3233/3332/3233 2786/2845/2786
f 3236/3333/3234 3234/3334/3235 3235/3335/3236
f 3238/3336/3237 2660/2711/2659 3237/3337/3238
f 1012/3338/1012 27/3339/25 3228/3328/3229
f 3239/3340/3239 952/956/953 371/369/369
f 2494/2541/2494 153/154/154 2858/2916/2856
f 3242/3341/3240 3240/3342/3241 3241/3343/3242
f 1144/3344/1142 1143/3345/1144 770/771/771
f 3244/3346/3243 1459/1475/1460 3243/3347/3244
f 291/292/292 290/291/291 1257/1269/1258
f 613/614/614 370/371/371 2887/2949/2887
f 3005/3082/3005 231/229/229 1123/1130/1123
f 3247/3348/3245 3245/3349/3246 3246/3350/3247
f 3248/3351/3248 1390/1404/1390 617/618/618
f 1866/1892/1867 3249/3352/3249 2783/2840/2781
f 2584/2635/2585 2586/2634/2584 3250/3353/3250
f 3252/3354/3251 2864/2922/2862 3251/3355/3252
f 327/325/325 326/327/327 1606/1624/1606
f 137/3356/138 3253/3357/3253 3254/3358/3254
f 3256/3359/3255 1085/1093/1086 3255/3360/3256
f 1085/1093/1086 3256/3359/3255 3257/3361/3257
f 3258/3362/3258 2826/2886/2826 2288/2329/2289
f 3261/3363/3259 3259/3364/3260 3260/3365/3261
f 939/941/940 662/663/663 661/662/662
f 500/501/501 1442/1457/1442 2075/2106/2075
f 3263/3366/3262 573/574/574 3262/3367/3263
f 3265/3368/3264 1970/1998/1971 3264/3369/3265
f 1336/1351/1337 1058/1066/1059 1338/1352/1338
f 3267/3370/3266 538/539/539 3266/3371/3267
f 3270/3372/3268 3268/3373/3269 3269/3374/3270
f 2395/2438/2395 979/983/980 981/982/979
f 2331/2373/2332 2202/2236/2203 2201/2235/2202
f 3271/3375/3271 2435/2478/2433 1056/1061/1054
f 2128/2158/2126 3272/3376/3272 2126/2159/2127
f 2703/2758/2703 3273/3377/3273 3274/3378/3274
f 3084/3162/3082 67/68/68 3082/3163/3083
f 714/715/715 713/714/714 2385/2427/2384
f 1612/1631/1613 2900/2962/2900 3275/3379/3275
f 3276/3380/3276 2753/2813/2754 2368/2412/2369
f 870/871/871 1464/1479/1464 3177/3264/3176
f 3278/3381/3277 3277/3382/3278 2880/2940/2878
f 120/118/118 3279/3383/3279 3280/3384/3280
f 3282/3385/3281 555/556/556 3281/3386/3282
f 30/28/28 1388/2126/1387 2095/2125/2094
f 2258/2297/2258 2547/2595/2547 611/612/612
f 3083/3164/3084 3283/3387/3283 2234/2271/2235
f 2095/2125/2094 3282/3385/3281 3284/3388/3284
f 3286/3389/3285 3285/3390/3286 2547/2595/2547
f 3286/3389/3285 2547/2595/2547 2258/2297/2258
f 3288/3391/3287 2544/2592/2544 3287/3392/3288
f 3290/3393/3289 3289/3394/3290 3287/3392/3288
f 1832/1853/1830 2929/2996/2928 1830/1854/1831
f 2988/3063/2988 1615/1634/1616 3291/3395/3291
f 3292/3396/3292 2371/2413/2370 3034/3111/3034
f 3292/3396/3292 2093/2124/2093 2092/2123/2092
f 3294/3397/3293 3293/3398/3294 3016/3094/3017
f 518/519/519 2017/2046/2018 519/520/520
f 3295/3399/3295 2972/3046/2973 2444/2492/2445
f 2972/3046/2973 3295/3399/3295 3296/3400/3296
f 3297/3401/3297 740/741/741 742/740/740
f 334/335/335 594/595/595 3298/3402/3298
f 3299/3403/3299 2922/2990/2922 2482/2530/2483
f 3302/3404/3300 3300/3405/3301 3301/3406/3302
f 3303/3407/3303 1297/1308/1295 3015/3092/3015
f 3305/3408/3304 2683/2736/2683 3304/3409/3305
f 1245/1254/1243 3306/3410/3306 3307/3411/3307
f 3308/3412/3308 1592/1609/1591 3299/3403/3299
f 3310/3413/3309 2026/2052/2024 3309/3414/3310
f 53/54/54 3311/3415/3311 2233/2267/2231
f 3313/3416/3312 3312/3417/3313 479/480/480
f 2881/2943/2881 3314/3418/3314 2000/2028/2000
f 271/272/272 3315/3419/3315 3316/3420/3316
f 3319/3421/3317 3317/3422/3318 3318/3423/3319
f 3321/3424/3320 3320/3425/3321 2802/3426/2803
f 2328/2369/2328 2369/2410/2367 3322/3427/3322
f 2096/2128/2096 3323/3428/3323 3324/3429/3324
f 2668/2720/2668 1140/1148/1141 1139/1147/1140
f 1671/1692/1671 3325/3430/3325 1371/1386/1372
f 2736/2793/2735 3282/3385/3281 3281/3386/3282
f 3326/3431/3326 2667/2719/2667 274/273/273
f 3327/3432/3327 1600/1616/1598 624/625/625
f 3329/3433/3328 2565/2614/2565 3328/3434/3329
f 467/468/468 846/844/844 468/466/466
f 1658/1679/1659 2787/2847/2788 2966/3039/2967
f 259/257/257 258/259/259 2176/2208/2175
f 3332/3435/3330 3330/3436/3331 3331/3437/3332
f 3333/3438/3333 1731/1755/1732 1733/1754/1731
f 1689/1712/1689 2160/2191/2159 1/2/2
f 3334/3439/3334 2826/2886/2826 1477/1490/1475
f 3336/3440/3335 2512/2559/2512 3335/3441/3336
f 1689/1712/1689 1439/3442/1440 1201/3443/1202
f 3338/3444/3337 1815/1838/1815 3337/3445/3338
f 1734/1757/1734 3183/3273/3183 3339/3446/3339
f 54/52/52 3340/3447/3340 1730/1753/1730
f 65/66/66 1431/1444/1429 3341/3448/3341
f 1342/1357/1343 3342/3449/3342 1343/1355/1341
f 3345/3450/3343 3343/3451/3344 3344/3452/3345
f 2139/2171/2139 235/236/236 237/235/235
f 1692/1716/1693 3346/3453/3346 3347/3454/3347
f 595/593/593 566/3455/564 565/3456/566
f 3271/3375/3271 3000/3457/3000 2145/3458/2145
f 3067/3146/3067 893/895/894 895/894/893
f 2832/2893/2833 3348/3459/3348 2833/2891/2831
f 1131/1139/1132 1130/1138/1131 3349/3460/3349
f 2173/2207/2174 1764/1785/1762 3350/3461/3350
f 1599/1618/1600 1865/1891/1866 1867/1890/1865
f 706/707/707 1085/1093/1086 3257/3361/3257
f 3351/3462/3351 1764/1785/1762 2173/2207/2174
f 1153/1160/1153 954/955/952 1932/1959/1932
f 526/524/524 3167/3256/3168 524/525/525
f 1558/1577/1559 1809/1832/1809 17/18/18
f 1932/1959/1932 953/957/954 2919/2986/2919
f 2152/2185/2153 3352/3463/3352 3170/3258/3170
f 3354/3464/3353 382/383/383 3353/3465/3354
f 3353/3465/3354 382/383/383 3355/3466/3355
f 2799/2859/2800 2798/2858/2799 3356/3467/3356
f 3357/3468/3357 660/660/660 81/79/79
f 800/801/801 2511/2558/2511 628/626/626
f 1141/1146/1139 3358/3469/3358 3359/3470/3359
f 3360/3471/3360 2454/2500/2453 1517/1535/1518
f 3361/3472/3361 879/881/880 288/289/289
f 3362/3473/3362 1643/1660/1641 1568/1587/1569
f 2835/2894/2834 3363/3474/3363 2926/2994/2926
f 2979/3054/2980 1882/1908/1883 121/122/122
f 3364/3475/3364 3076/3157/3077 407/405/405
f 3367/3476/3365 3365/3477/3366 3366/3478/3367
f 3370/3479/3368 3368/3480/3369 3369/3481/3370
f 3372/3482/3371 3371/3483/3372 2629/2680/2630
f 3369/3481/3370 3368/3480/3369 3373/3484/3373
f 2212/2244/2211 2351/2393/2352 2353/2392/2351
f 3376/3485/3374 3374/3486/3375 3375/3487/3376
f 1570/1589/1571 1939/1967/1940 3377/3488/3377
f 522/523/523 1983/2011/1984 3378/3489/3378
f 1481/1496/1481 9/3490/7 1102/1110/1103
f 2696/2749/2695 3379/3491/3379 3380/3492/3380
f 3094/3175/3095 976/979/976 3095/3174/3094
f 2993/3069/2994 3095/3174/3094 3381/3493/3381
f 2319/2359/2319 2233/2267/2231 1657/1676/1656
f 1518/1536/1519 1586/1605/1587 1519/1534/1517
f 291/292/292 1257/1269/1258 3382/3494/3382
f 3382/3494/3382 3383/3495/3383 291/292/292
f 3318/3496/3319 3384/3497/3384 3385/3498/3385
f 3386/3499/3386 884/886/885 1815/1838/1815
f 3225/3323/3226 3387/3500/3387 6/4/4
f 2028/2055/2027 148/148/148 445/446/446
f 2443/2491/2444 2445/2490/2443 3388/3501/3388
f 3389/3502/3389 1716/1740/1717 1718/1739/1716
f 3390/3503/3390 3389/3502/3389 2891/2952/2890
f 3391/3504/3391 2310/2351/2311 1364/1377/1363
f 1173/1181/1174 2684/3505/2684 3242/3341/3240
f 2392/3506/2390 2391/3507/2392 1173/1181/1174
f 2848/2906/2846 1639/1658/1639 2846/2907/2847
f 3393/3508/3392 354/3509/355 3392/3510/3393
f 3394/3511/3394 2596/3512/2597 3377/3488/3377
f 3359/3470/3359 3358/3469/3358 3395/3513/3395
f 3396/3514/3396 2891/2952/2890 1718/1739/1716
f 3147/3231/3146 2050/2081/2050 619/619/619
f 371/369/369 952/956/953 3397/3515/3397
f 3400/3516/3398 3398/3517/3399 3399/3518/3400
f 1045/1052/1046 2791/3519/2791 2790/3520/2790
f 264/265/265 3401/3521/3401 929/931/930
f 3402/3522/3402 1437/2989/1438 1436/3523/1437
f 3404/3524/3403 3403/3525/3404 2745/2803/2745
f 1556/1575/1557 1280/1292/1280 665/664/664
f 3407/3526/3405 3405/3527/3406 3406/3528/3407
f 1071/1078/1071 208/209/209 2493/2540/2493
f 1650/1668/1649 3223/3320/3223 3408/3529/3408
f 1144/1149/1142 3409/3530/3409 1142/1150/1143
f 1237/1244/1235 1236/1246/1237 3410/3531/3410
f 3411/3532/3411 266/267/267 2720/3533/2720
f 2760/2819/2760 940/942/941 939/941/940
f 1622/1642/1623 3412/3534/3412 2682/2735/2682
f 113/114/114 899/898/897 1738/1762/1739
f 3414/3535/3413 3413/3536/3414 2845/2905/2845
f 208/209/209 210/208/208 3415/3537/3415
f 902/901/900 901/903/902 3416/3538/3416
f 2307/2348/2308 3338/3444/3337 3417/3539/3417
f 3419/3540/3418 3418/3541/3419 548/549/549
f 1635/1655/1636 527/528/528 2313/2353/2313
f 1029/1033/1029 423/423/423 1950/1977/1950
f 2821/2881/2821 1095/1103/1096 3420/3542/3420
f 3422/3543/3421 2065/2097/2066 3421/3544/3422
f 110/111/111 2807/2867/2808 3326/3431/3326
f 3424/3545/3423 3423/3546/3424 1242/1252/1242
f 1788/1809/1786 3425/3547/3425 3426/3548/3426
f 1883/1907/1882 2241/2279/2241 601/601/601
f 3428/3549/3427 3427/3550/3428 1765/1789/1766
f 2546/2593/2545 3429/3551/3429 3430/3552/3430
f 3432/3553/3431 3223/3320/3223 3431/3554/3432
f 3433/3555/3433 2422/2465/2420 2421/2467/2422
f 1353/1368/1354 1441/1456/1441 1170/1175/1168
f 1410/1425/1410 3434/3556/3434 1411/1426/1411
f 2200/2577/2200 2531/2579/2531 2398/3557/2398
f 2394/2437/2394 1422/1437/1422 3435/3558/3435
f 3438/3559/3436 3436/3560/3437 3437/3561/3438
f 3441/3562/3439 3439/3563/3440 3440/3564/3441
f 495/494/494 491/492/492 493/491/491
f 3442/3565/3442 3374/3566/3375 3376/3567/3374
f 3443/3568/3443 1684/1705/1682 3319/3421/3317
f 3446/3569/3444 3444/3570/3445 3445/3571/3446
f 3449/3572/3447 3447/3573/3448 3448/3574/3449
f 2102/3575/2103 2228/2265/2229 3450/3576/3450
f 1018/1023/1019 3451/3577/3451 3452/3578/3452
f 3451/3579/3451 3453/3580/3453 3452/3581/3452
f 806/804/804 3454/3582/3454 1201/1209/1202
f 980/984/981 2075/2106/2075 2422/2465/2420
f 45/43/43 44/45/45 3455/3583/3455
f 1575/1594/1576 1577/1593/1575 3456/3584/3456
f 3457/3585/3457 2818/2878/2818 2817/2877/2817
f 2215/2250/2216 1160/1168/1161 2216/2251/2217
f 3458/3586/3458 25/3587/26 2392/3506/2390
f 924/926/925 1563/1581/1563 925/924/923
f 1763/1787/1764 1762/1786/1763 549/547/547
f 3460/3588/3459 2512/2559/2512 3459/3589/3460
f 1359/1373/1359 3461/3590/3461 1953/1979/1952
f 3464/3591/3462 3462/3592/3463 3463/3593/3464
f 3465/3594/3465 827/3595/828 829/3596/827
f 2140/3597/2140 3466/3598/3466 3465/3594/3465
f 3467/3599/3467 1531/1548/1531 3205/3301/3205
f 228/1549/226 1531/1548/1531 226/3600/227
f 3254/3358/3254 1343/1355/1341 1309/1320/1307
f 971/975/972 970/974/971 3024/3601/3025
f 1963/1991/1964 1024/1029/1025 3468/3602/3468
f 2974/3048/2974 2081/2113/2082 3158/3246/3158
f 3470/3603/3469 1902/1928/1902 3469/3604/3470
f 141/3605/139 3471/3606/3471 3472/3607/3472
f 2928/2997/2929 3473/3608/3473 2929/2996/2928
f 140/141/141 3474/3609/3474 3475/3610/3475
f 140/141/141 3475/3610/3475 3471/3611/3471
f 1251/1260/1249 3476/3612/3476 3306/3410/3306
f 1499/1516/1500 2255/2294/2256 3193/3284/3193
f 2549/2597/2549 1316/3613/1316 2429/2475/2430
f 2549/2597/2549 3477/3614/3477 2548/3615/2548
f 3478/3616/3478 638/639/639 2806/2865/2806
f 3480/3617/3479 3048/3126/3048 3479/3618/3480
f 1378/3619/1376 1377/1526/1378 1510/1525/1509
f 3481/3620/3481 1502/3621/1502 1668/3622/1667
f 2430/2473/2428 2429/2475/2430 3110/3190/3108
f 3484/3623/3482 3482/3624/3483 3483/3625/3484
f 3403/3525/3404 3485/3626/3485 3486/3627/3486
f 1772/1796/1773 3487/3628/3487 2393/2436/2393
f 1571/3629/1572 3488/3630/3488 3489/3631/3489
f 3490/3632/3490 1332/1347/1333 1601/1620/1602
f 2452/2499/2452 336/334/334 1483/1497/1482
f 3095/3174/3094 3491/3633/3491 1554/1573/1555
f 3493/3634/3492 3203/3298/3204 3492/3635/3493
f 2257/2295/2257 586/584/584 3494/3636/3494
f 749/750/750 751/749/749 250/251/251
f 3495/3637/3495 97/98/98 2295/2335/2295
f 2848/2906/2846 2847/2908/2848 3496/3638/3496
f 3499/3639/3497 3497/3640/3498 3498/3641/3499
f 3496/3638/3496 2847/2908/2848 2705/3642/2704
f 3501/3643/3500 2909/2973/2907 3500/3644/3501
f 465/463/463 3502/3645/3502 463/464/464
f 162/3646/163 3503/3647/3503 246/244/244
f 3434/3556/3434 510/510/510 3504/3648/3504
f 849/847/847 3036/3114/3037 847/848/848
f 3507/3649/3505 3505/3650/3506 3506/3651/3507
f 3509/3652/3508 3508/3653/3509 2373/2416/2373
f 3512/3654/3510 3510/3655/3511 3511/3656/3512
f 3513/3657/3513 1652/1672/1653 720/721/721
f 1733/1754/1731 1732/1756/1733 3178/3267/3178
f 2471/2519/2472 3514/3658/3514 245/246/246
f 3516/3659/3515 2803/2860/2801 3515/3660/3516
f 509/507/507 508/509/509 1113/1121/1114
f 3517/3661/3517 3337/3445/3338 3312/3417/3313
f 3518/3662/3518 2192/2223/2190 2135/2167/2135
f 1113/1121/1114 508/509/509 3519/3663/3519
f 1113/1121/1114 3519/3663/3519 3520/3664/3520
f 1217/1226/1217 3521/3665/3521 679/680/680
f 445/446/446 447/445/445 2028/2055/2027
f 168/169/169 377/375/375 169/167/167
f 3523/3666/3522 2776/2834/2775 3522/3667/3523
f 2148/2180/2148 3524/3668/3524 1430/1446/1431
f 121/122/122 3067/3146/3067 542/543/543
f 3526/3669/3525 1978/2006/1979 3525/3670/3526
f 3526/3669/3525 525/526/526 1978/2006/1979
f 1981/2008/1981 2320/3671/2320 3527/3672/3527
f 3529/3673/3528 1479/1493/1478 3528/3674/3529
f 3528/3674/3529 3530/3675/3530 2458/2506/2459
f 838/839/839 1767/1791/1768 839/837/837
f 3532/3676/3531 2945/3016/2945 3531/3677/3532
f 3096/3176/3096 3533/3678/3533 743/744/744
f 1767/1791/1768 2619/2670/2620 3534/3679/3534
f 772/2058/770 2035/2064/2035 3535/3680/3535
f 2171/2204/2171 3076/3157/3077 2254/2292/2254
f 3536/3681/3536 1178/1186/1179 2920/2988/2921
f 2331/2373/2332 2789/2846/2787 2788/2848/2789
f 1064/1069/1062 3537/3682/3537 3538/3683/3538
f 3409/3684/3409 3539/3685/3539 3540/3686/3540
f 1116/1123/1116 1115/1122/1115 3541/3687/3541
f 3543/3688/3542 3344/3452/3345 3542/3689/3543
f 852/850/850 3544/3690/3544 3545/3691/3545
f 755/756/756 3257/3361/3257 3256/3359/3255
f 738/739/739 1133/1141/1134 3546/3692/3546
f 3544/3690/3544 2810/2868/2809 1569/1585/1567
f 404/402/402 29/30/30 3547/3693/3547
f 3146/3232/3147 3215/3313/3216 3217/3312/3215
f 1381/1393/1379 360/361/361 3548/3694/3548
f 3549/3695/3549 2552/2598/2550 3009/3086/3009
f 3551/3696/3550 2274/2315/2275 3550/3697/3551
f 3287/3392/3288 780/778/778 1862/1885/1860
f 3552/3698/3552 1907/1933/1907 1255/1266/1255
f 2188/2219/2186 3553/3699/3553 2185/2218/2185
f 1795/3700/1795 2880/2940/2878 3554/3701/3554
f 634/635/635 154/152/152 3555/3702/3555
f 3556/3703/3556 724/722/722 826/824/824
f 3213/3310/3214 3009/3086/3009 2062/2092/2061
f 3558/3704/3557 2849/2909/2849 3557/3705/3558
f 3560/3706/3559 1488/1503/1488 3559/3707/3560
f 3563/3708/3561 3561/3709/3562 3562/3710/3563
f 67/68/68 69/67/67 3564/3711/3564
f 1134/1142/1135 1133/1141/1134 2859/2919/2859
f 2809/2869/2810 2324/2365/2325 2326/2364/2324
f 3566/3712/3565 3301/3406/3302 3565/3713/3566
f 914/3714/915 3301/3406/3302 3566/3712/3565
f 3568/3715/3567 1797/3716/1798 3567/3717/3568
f 439/440/440 3569/3718/3569 3002/3079/3002
f 2201/2235/2202 3570/3719/3570 2789/2846/2787
f 3571/3720/3571 1383/3721/1384 2094/2127/2095
f 2111/2144/2112 3572/3722/3572 339/337/337
f 3574/3723/3573 3573/3724/3574 3091/3170/3090
f 3575/3725/3575 3183/3726/3183 1637/3727/1635
f 1514/1532/1515 3576/3728/3576 2818/2878/2818
f 1549/1567/1549 1543/1559/1541 3577/3729/3577
f 2598/2648/2598 3578/3730/3578 2903/2967/2903
f 2772/2832/2773 2773/2831/2772 3579/3731/3579
f 461/462/462 2090/2122/2091 3018/3093/3016
f 3349/3460/3349 1130/1138/1131 3580/3732/3580
f 1130/1138/1131 3581/3733/3581 3580/3732/3580
f 3584/3734/3582 3582/3735/3583 3583/3736/3584
f 3586/3737/3585 3585/3738/3586 2425/2468/2423
f 2425/2468/2423 3587/3739/3587 3586/3737/3585
f 3588/3740/3588 3587/3739/3587 2425/2468/2423
f 2963/3036/2964 3589/3741/3589 556/557/557
f 724/722/722 3556/3703/3556 1293/1306/1293
f 66/64/64 1293/3245/1293 3590/3742/3590
f 3591/3743/3591 2342/3744/2340 3406/3528/3407
f 858/3745/856 1648/3746/1648 3087/3167/3087
f 3151/3239/3152 957/961/958 269/3747/269
f 3358/3469/3358 3592/3748/3592 1161/1167/1160
f 3358/3469/3358 1140/1148/1141 3592/3748/3592
f 928/927/926 3593/3749/3593 39/3750/37
f 1287/1301/1288 3594/3751/3594 2473/2520/2473
f 3060/3139/3060 1650/1668/1649 3416/3538/3416
f 3596/3752/3595 3595/3753/3596 4/5/5
f 1170/1175/1168 1976/2004/1977 1168/1176/1169
f 1975/2003/1976 1840/3754/1839 1976/2004/1977
f 3035/3112/3035 357/1250/358 1242/1252/1242
f 2964/3035/2963 3597/3755/3597 3598/3756/3598
f 3600/3757/3599 837/838/838 3599/3758/3600
f 3600/3757/3599 2825/2885/2825 837/838/838
f 837/838/838 2825/2885/2825 3601/3759/3601
f 3153/3238/3151 3602/3760/3602 3151/3239/3152
f 3604/3761/3603 2482/2530/2483 3603/3762/3604
f 1726/1750/1727 3605/3763/3605 3606/3764/3606
f 1726/1750/1727 2763/2821/2762 3605/3763/3605
f 2763/3765/2762 3607/3766/3607 2482/2530/2483
f 684/685/685 1206/1215/1207 685/686/686
f 3610/3767/3608 3608/3768/3609 3609/3769/3610
f 448/3047/449 537/535/535 536/537/537
f 2343/2384/2343 1030/1035/1031 1032/1034/1030
f 2352/2394/2353 2351/2393/2352 2132/2165/2133
f 1926/3770/1924 1925/3771/1926 3611/3772/3611
f 3/1/1 1092/1100/1093 2147/2179/2147
f 2992/3067/2992 2224/2256/2222 2223/2258/2224
f 3613/3773/3612 669/670/670 3612/3774/3613
f 1636/1656/1637 2427/3775/2426 3614/3776/3614
f 116/117/117 2785/3777/2784 247/248/248
f 117/115/115 116/117/117 247/248/248
f 1749/1773/1750 1694/1718/1695 2820/2879/2819
f 1966/1993/1966 3615/3778/3615 2046/2075/2044
f 2044/2076/2045 3616/3779/3616 3617/3780/3617
f 3619/3781/3618 3618/3782/3619 2765/2824/2765
f 3621/3783/3620 3498/3641/3499 3620/3784/3621
f 3499/3639/3497 3498/3641/3499 3621/3783/3620
f 309/310/310 1742/1763/1740 3622/3785/3622
f 3623/3786/3623 1872/1898/1873 1871/1897/1872
f 3625/3787/3624 3624/3788/3625 1453/1466/1451
f 3628/3789/3626 3626/3790/3627 3627/3791/3628
f 3630/3792/3629 3629/3793/3630 1642/1662/1643
f 232/233/233 2961/3032/2960 2960/3033/2961
f 783/781/781 2792/2851/2792 2793/2852/2793
f 2894/2956/2894 1227/1237/1228 2895/2957/2895
f 839/837/837 3631/3794/3631 3632/3795/3632
f 3633/3796/3633 1604/1623/1605 1605/1622/1604
f 2878/2941/2879 507/3797/508 2879/2942/2880
f 650/651/651 1959/1987/1960 1961/1986/1959
f 802/803/803 1600/1616/1598 3327/3432/3327
f 238/239/239 2881/2943/2881 600/598/598
f 903/905/904 74/3798/75 3634/3799/3634
f 3636/3800/3635 3635/3801/3636 636/634/634
f 3167/3256/3168 3637/3802/3637 524/525/525
f 2893/3803/2893 3638/3804/3638 1546/1562/1544
f 3641/3805/3639 3639/3806/3640 3640/3807/3641
f 131/132/132 2410/2456/2411 2096/2128/2096
f 3643/3808/3642 1545/1564/1546 3642/3809/3643
f 220/221/221 1979/2007/1980 221/222/222
f 2457/2502/2455 2612/2660/2610 3644/3810/3644
f 2612/2660/2610 2611/2662/2612 3644/3810/3644
f 774/774/774 771/772/772 770/771/771
f 3646/3811/3645 106/107/107 3645/3812/3646
f 2775/3813/2776 3647/3814/3647 2384/2428/2385
f 763/764/764 762/763/763 3648/3815/3648
f 362/360/360 3494/3636/3494 360/361/361
f 1386/1400/1386 196/197/197 558/559/559
f 3650/3816/3649 3649/3817/3650 3278/3381/3277
f 3651/3818/3651 1174/1182/1175 2844/2904/2844
f 2857/2918/2858 2872/2932/2872 3652/3819/3652
f 2004/2033/2005 3653/3820/3653 2907/2974/2908
f 3324/3429/3324 220/221/221 1691/1715/1692
f 3324/3429/3324 1980/2005/1978 1979/2007/1980
f 3656/3821/3654 3654/3822/3655 3655/3823/3656
f 3657/3824/3657 3655/3823/3656 3654/3822/3655
f 3658/3825/3658 3243/3347/3244 3171/3259/3171
f 3658/3825/3658 3171/3259/3171 2962/3034/2962
f 3659/3826/3659 2366/2407/2364 2365/2409/2366
f 644/644/644 1139/1147/1140 373/374/374
f 3660/3827/3660 1802/1826/1803 2959/3030/2959
f 2361/2404/2361 2272/2311/2271 3466/3598/3466
f 746/747/747 2624/2675/2625 216/214/214
f 2149/2182/2150 2151/2181/2149 3073/3150/3071
f 3662/3828/3661 657/658/658 3661/3829/3662
f 3663/3830/3663 2148/2180/2148 1940/1966/1939
f 3666/3831/3664 3664/3832/3665 3665/3833/3666
f 802/803/803 1324/3834/1325 3667/3835/3667
f 3669/3836/3668 1537/3837/1537 3668/3838/3669
f 3668/3838/3669 3670/3839/3670 3671/3840/3671
f 3573/3724/3574 2462/2510/2463 3091/3170/3090
f 2987/3062/2987 3672/3841/3672 1147/1152/1145
f 344/345/345 2992/3067/2992 2865/2926/2866
f 2131/2161/2129 3673/3842/3673 3674/3843/3674
f 2658/2708/2656 3675/3844/3675 3621/3783/3620
f 2220/2255/2221 1111/1117/1110 1110/1118/1111
f 300/301/301 3676/3845/3676 3677/3846/3677
f 3459/3589/3460 1193/1201/1194 3678/3847/3678
f 607/605/605 2974/3048/2974 3158/3246/3158
f 607/605/605 606/607/607 2974/3048/2974
f 1040/1045/1041 3600/3757/3599 3599/3758/3600
f 683/681/681 3679/3848/3679 681/682/682
f 3681/3849/3680 3680/3850/3681 2926/2994/2926
f 3684/3851/3682 3682/3852/3683 3683/3853/3684
f 343/344/344 2079/2111/2080 344/345/345
f 2438/2486/2439 3428/3549/3427 2439/2487/2440
f 3683/3853/3684 3685/3854/3685 1916/3855/1917
f 3687/3856/3686 2679/2732/2679 3686/3857/3687
f 3689/3858/3688 3688/3859/3689 3283/3860/3283
f 3691/3861/3690 3667/3835/3667 3690/3862/3691
f 2930/2998/2930 2381/2422/2379 1078/1086/1079
f 3692/3863/3692 1771/1792/1769 1468/1481/1466
f 3693/3864/3693 1769/1793/1770 1771/1792/1769
f 3695/3865/3694 2875/2934/2874 3694/3866/3695
f 3696/3867/3696 1825/1849/1826 2110/2143/2111
f 2176/2208/2175 255/256/256 3697/3868/3697
f 2613/2663/2613 955/959/956 318/316/316
f 3698/3869/3698 2111/2144/2112 1825/1849/1826
f 101/102/102 100/101/101 1615/1634/1616
f 1615/1634/1616 100/101/101 3699/3870/3699
f 2890/2953/2891 3396/3514/3396 3700/3871/3700
f 3126/3209/3127 354/355/355 3134/3218/3134
f 3701/3872/3701 397/398/398 597/596/596
f 1845/1870/1845 1409/2810/1409 1846/1872/1847
f 2962/3034/2962 3171/3259/3171 1458/1474/1459
f 2107/2137/2105 1055/1063/1056 1054/1062/1055
f 3703/3873/3702 1055/3076/1056 3702/3874/3703
f 2238/2277/2239 3704/3875/3704 2935/3002/2934
f 38/39/39 1414/1429/1414 1532/1551/1533
f 3704/3876/3704 1004/1009/1005 3705/3877/3705
f 3706/3878/3706 2101/2132/2100 2312/2352/2312
f 3708/3879/3707 3707/3880/3708 1184/1192/1185
f 3201/3295/3202 3709/3881/3709 3710/3882/3710
f 1327/1342/1328 2959/3030/2959 1328/1340/1326
f 3304/3409/3305 2683/2736/2683 2682/2735/2682
f 1542/1561/1543 1206/1215/1207 684/685/685
f 1206/1215/1207 1542/1561/1543 1541/1560/1542
f 3188/3883/3189 1172/1178/1171 1171/1179/1172
f 3713/3884/3711 3711/3885/3712 3712/3886/3713
f 1611/1629/1611 1332/1347/1333 3714/3887/3714
f 436/3888/437 438/3889/436 3201/3295/3202
f 85/86/86 2649/2699/2649 86/87/87
f 1422/1437/1422 2394/2437/2394 510/510/510
f 3440/3564/3441 1893/1918/1893 1094/1102/1095
f 3716/3890/3715 1094/1102/1095 3715/3891/3716
f 3699/3870/3699 2972/3046/2973 3296/3400/3296
f 3665/3833/3666 1879/1905/1880 1881/1904/1879
f 3708/3879/3707 3717/3892/3717 3707/3880/3708
f 2864/2922/2862 3718/3893/3718 2862/2923/2863
f 3721/3894/3719 3719/3895/3720 3720/3896/3721
f 2180/2214/2181 2637/2688/2638 2553/2601/2553
f 3723/3897/3722 2249/2288/2250 3722/3898/3723
f 1861/1887/1862 1860/1886/1861 3724/3899/3724
f 2971/3900/2970 1683/3901/1684 1268/1280/1269
f 3725/3902/3725 339/337/337 1389/1403/1389
f 3673/3842/3673 3726/3903/3726 903/905/904
f 2704/2760/2705 860/3904/861 3727/3905/3727
f 3729/3906/3728 3455/3583/3455 3728/3907/3729
f 605/606/606 607/605/605 2508/2556/2509
f 1922/1949/1922 588/589/589 2244/2282/2244
f 2507/2553/2506 3730/3908/3730 3388/3501/3388
f 603/604/604 822/823/823 604/602/602
f 2648/2698/2648 651/652/652 966/969/966
f 3732/3909/3731 3731/3910/3732 2487/2535/2488
f 3733/3911/3733 1391/1405/1391 3519/3912/3519
f 3736/3913/3734 3734/3914/3735 3735/3915/3736
f 3572/3722/3572 118/119/119 2058/2088/2057
f 670/671/671 3737/3916/3737 651/652/652
f 2851/2911/2851 3371/3483/3372 3738/3917/3738
f 508/509/509 3733/3918/3733 3519/3663/3519
f 3739/3919/3739 1391/1405/1391 3733/3911/3733
f 3740/3920/3740 607/605/605 2519/2565/2518
f 14/15/15 188/189/189 190/188/188
f 3739/3921/3739 3733/3918/3733 508/509/509
f 242/243/243 3741/3922/3741 3742/3923/3742
f 3743/3924/3743 1403/1415/1401 1402/1417/1403
f 2398/2441/2398 2531/3925/2531 3744/3926/3744
f 1665/1686/1665 1905/1929/1903 1904/1931/1905
f 3745/3927/3745 3355/3466/3355 2717/2773/2717
f 3746/3928/3746 938/937/936 2950/3021/2950
f 1033/3929/1034 3747/3930/3747 112/113/113
f 3364/3475/3364 407/405/405 3748/3931/3748
f 1478/1494/1479 399/400/400 401/399/399
f 1478/1494/1479 1480/1495/1480 399/400/400
f 3146/3232/3147 3217/3312/3215 2050/2081/2050
f 2614/2664/2614 2613/2663/2613 2587/2637/2587
f 3749/3932/3749 3317/3422/3318 3384/3933/3384
f 3749/3934/3749 3384/3497/3384 3318/3496/3319
f 3750/3935/3750 3317/3422/3318 3749/3932/3749
f 2647/2695/2645 3680/3850/3681 3751/3936/3751
f 3751/3936/3751 3752/3937/3752 3753/3938/3753
f 818/819/819 824/825/825 3754/3939/3754
f 3757/3940/3755 3755/3941/3756 3756/3942/3757
f 3760/3943/3758 3758/3944/3759 3759/3945/3760
f 2666/2718/2666 3761/3946/3761 3433/3555/3433
f 292/290/290 3762/3947/3762 3272/3376/3272
f 2321/2361/2321 2999/3072/2997 2998/3074/2999
f 3763/3948/3763 3627/3791/3628 3626/3790/3627
f 3764/3949/3764 2199/2232/2199 505/505/505
f 1098/1105/1098 1164/1171/1164 3765/3950/3765
f 1176/1183/1176 2811/2871/2812 3336/3440/3335
f 1494/1510/1494 170/171/171 3766/3951/3766
f 2447/2495/2448 927/929/928 3767/3952/3767
f 2447/2495/2448 2446/2494/2447 927/929/928
f 2493/2540/2493 3415/3537/3415 350/348/348
f 208/209/209 3415/3537/3415 2493/2540/2493
f 78/76/76 3768/3953/3768 2837/2896/2836
f 78/76/76 2837/2896/2836 76/77/77
f 3771/3954/3769 3769/3955/3770 3770/3956/3771
f 173/174/174 2836/2897/2837 2837/2896/2836
f 639/640/640 3772/3957/3772 1638/1657/1638
f 1442/1457/1442 3773/3958/3773 2075/2106/2075
f 3296/3400/3296 3295/3399/3295 384/385/385
f 1870/1893/1868 1869/1895/1870 3774/3959/3774
f 2108/2140/2108 1306/1319/1306 2674/2727/2674
f 3113/3195/3113 3309/3414/3310 2025/2054/2026
f 2243/2281/2243 2218/2252/2218 2127/2160/2128
f 1758/1779/1756 2252/2289/2251 3775/3960/3775
f 1304/1317/1304 1561/1580/1562 2796/2854/2795
f 3213/3310/3214 3549/3695/3549 3009/3086/3009
f 68/69/69 67/68/68 3084/3162/3082
f 1374/1389/1375 3549/3695/3549 3213/3310/3214
f 492/493/493 2237/2273/2237 493/491/491
f 1975/3961/1976 1839/1864/1840 1840/1863/1839
f 1646/1663/1644 2464/2512/2465 1644/1664/1645
f 3776/3962/3776 2709/2765/2710 3147/3231/3146
f 1384/1396/1382 1387/1402/1388 1914/1942/1915
f 2462/2510/2463 1864/1889/1864 2526/2573/2526
f 3685/3854/3685 1915/1941/1914 1914/1942/1915
f 535/536/536 948/949/948 3777/3963/3777
f 2896/2959/2897 3778/3964/3778 3779/3965/3779
f 2702/2756/2701 2896/2959/2897 2699/2755/2700
f 937/939/938 1796/1819/1796 2949/3020/2949
f 3780/3966/3780 2078/2108/2077 871/872/872
f 1277/1288/1277 1563/1581/1563 924/926/925
f 3782/3967/3781 3781/3968/3782 1528/1546/1529
f 3784/3969/3783 1778/1801/1778 3783/3970/3784
f 3072/3152/3073 3071/3151/3072 2365/2409/2366
f 983/987/984 1087/1095/1088 338/339/339
f 2785/3777/2784 3785/3971/3785 1026/1031/1027
f 3787/3972/3786 1955/1983/1956 3786/3973/3787
f 3688/3859/3689 495/494/494 494/495/495
f 2263/2302/2263 2947/3018/2947 2413/2459/2414
f 3790/3974/3788 3788/3975/3789 3789/3976/3790
f 2968/3040/2968 3064/3144/3065 3066/3143/3064
f 2166/2199/2167 3791/3977/3791 2319/2359/2319
f 1093/1099/1092 2/3/3 523/521/521
f 1179/1184/1177 1443/1459/1444 1574/1591/1573
f 1171/1179/1172 3792/3978/3792 3793/3979/3793
f 3793/3979/3793 3792/3978/3792 2032/2060/2031
f 2458/2506/2459 3530/3675/3530 2435/2478/2433
f 2440/2485/2438 2297/2338/2298 2438/2486/2439
f 3796/3980/3794 3794/3981/3795 3795/3982/3796
f 859/2020/860 1555/1571/1553 860/3904/861
f 3798/3983/3797 3797/3984/3798 3796/3980/3794
f 1369/1383/1369 3799/3985/3799 2808/2866/2807
f 3800/3986/3800 1251/1260/1249 1250/1262/1251
f 2692/2747/2693 3458/3586/3458 3801/3987/3801
f 3803/3988/3802 2835/2894/2834 3802/3989/3803
f 431/432/432 2774/2833/2774 2677/2730/2677
f 3805/3990/3804 3804/3991/3805 3597/3755/3597
f 1851/1877/1852 3806/3992/3806 69/67/67
f 3808/3993/3807 1923/1950/1923 3807/3994/3808
f 2061/2093/2062 3809/3995/3809 876/878/877
f 1824/1845/1822 1823/1847/1824 3810/3996/3810
f 3810/3996/3810 1823/1847/1824 3788/3997/3789
f 1338/1352/1338 2493/2540/2493 2718/2775/2719
f 2468/2514/2467 3811/3998/3811 2467/2515/2468
f 2846/2907/2847 1073/1081/1074 1072/1080/1073
f 2831/2892/2832 3014/3091/3014 2832/2893/2833
f 1460/1473/1458 3162/3250/3162 2059/2090/2059
f 1182/1187/1180 1188/1196/1189 1187/1195/1188
f 2516/2563/2516 3812/3999/3812 309/310/310
f 1891/1917/1892 2924/2991/2923 2923/2992/2924
f 1110/1118/1111 1120/1128/1121 791/792/792
f 3814/4000/3813 3473/3608/3473 3813/4001/3814
f 3814/4000/3813 3815/4002/3815 3473/3608/3473
f 3816/4003/3816 1217/1226/1217 1216/1225/1216
f 2357/2401/2358 3817/4004/3817 3818/4005/3818
f 3820/4006/3819 3819/4007/3820 3027/3105/3028
f 1479/1493/1478 400/401/401 3528/3674/3529
f 76/77/77 2837/2896/2836 1793/1817/1794
f 523/521/521 522/523/523 3378/3489/3378
f 1064/1069/1062 160/158/158 159/160/160
f 1188/1196/1189 3821/4008/3821 474/472/472
f 645/646/646 607/605/605 3740/3920/3740
f 2508/2556/2509 607/605/605 645/646/646
f 2/3/3 1/2/2 2160/2191/2159
f 886/888/887 3822/4009/3822 1329/1344/1330
f 1679/1698/1677 3121/4010/3122 1677/1699/1678
f 1677/4011/1678 3121/3204/3122 1846/1872/1847
f 713/714/714 3823/4012/3823 3824/4013/3824
f 2056/2087/2056 2055/2086/2055 3825/4014/3825
f 1904/1931/1905 1822/1846/1823 3826/4015/3826
f 943/945/944 3827/4016/3827 3828/4017/3828
f 2557/2606/2558 517/515/515 2056/2087/2056
f 711/712/712 3829/4018/3829 712/710/710
f 712/4019/710 3830/4020/3830 710/4021/711
f 3832/4022/3831 1084/1089/1082 3831/4023/3832
f 1255/1266/1255 1908/1934/1908 2545/2594/2546
f 870/871/871 3780/3966/3780 871/872/872
f 3623/3786/3623 3833/4024/3833 1872/1898/1873
f 907/909/908 3834/4025/3834 3446/3569/3444
f 3837/4026/3835 3835/4027/3836 3836/4028/3837
f 2087/2119/2088 2086/2118/2087 3838/4029/3838
f 95/96/96 2543/2591/2543 2778/2837/2778
f 3840/4030/3839 3839/4031/3840 1102/1110/1103
f 520/518/518 71/72/72 907/909/908
f 3841/4032/3841 1361/1376/1362 1038/1040/1036
f 697/697/697 335/336/336 3842/4033/3842
f 3757/3940/3755 2998/3074/2999 3755/3941/3756
f 912/912/911 3843/4034/3843 3712/3886/3713
f 3844/4035/3844 3824/4036/3824 3823/4037/3823
f 1882/1908/1883 3067/3146/3067 121/122/122
f 132/130/130 161/162/162 2604/2655/2605
f 3667/3835/3667 3845/4038/3845 3846/4039/3846
f 2522/2570/2523 1472/1488/1473 1474/1487/1472
f 3847/4040/3847 2944/3015/2944 1473/1489/1474
f 3352/3463/3352 3848/4041/3848 3170/3258/3170
f 3849/4042/3849 3208/3305/3209 1345/1360/1346
f 3850/4043/3850 174/175/175 1116/1123/1116
f 364/365/365 3525/3670/3526 2752/2811/2752
f 3851/4044/3851 3525/3670/3526 364/365/365
f 2852/2912/2852 2122/2155/2123 2205/2239/2206
f 3852/4045/3852 3509/3652/3508 2373/2416/2373
f 557/555/555 3281/3386/3282 555/556/556
f 1531/1548/1531 1999/2027/1999 3205/3301/3205
f 3853/4046/3853 2614/2664/2614 2587/2637/2587
f 551/552/552 550/551/551 2287/2326/2286
f 1339/1354/1340 3854/4047/3854 3855/4048/3855
f 3857/4049/3856 3562/3710/3563 3856/4050/3857
f 2347/4051/2347 1734/1757/1734 2348/4052/2348
f 2347/4051/2347 1735/1758/1735 1734/1757/1734
f 3858/4053/3858 1352/2772/1352 1628/1645/1626
f 1766/1788/1765 3859/4054/3859 3860/4055/3860
f 2124/2156/2124 2287/2326/2286 2286/2327/2287
f 3858/4053/3858 1628/1645/1626 3861/4056/3861
f 3330/3436/3331 2656/2709/2657 3862/4057/3862
f 3864/4058/3863 3863/4059/3864 2006/2035/2007
f 961/965/962 960/964/961 1775/4060/1776
f 354/355/355 3865/4061/3865 355/356/356
f 1259/1271/1260 234/232/232 1076/1084/1077
f 3143/3225/3141 2133/4062/2134 3141/3226/3142
f 2131/2161/2129 2130/2163/2131 3087/3167/3087
f 961/965/962 3866/4063/3866 962/963/960
f 1833/1857/1834 2209/2243/2210 3867/4064/3867
f 961/965/962 3868/4065/3868 3866/4063/3866
f 2602/2653/2603 2601/2652/2602 3062/3142/3063
f 2882/2944/2882 2305/2345/2305 466/467/467
f 2830/2890/2830 1972/1999/1972 1031/1036/1032
f 3870/4066/3869 3869/4067/3870 802/803/803
f 2971/3900/2970 1268/1280/1269 1267/1279/1268
f 3872/4068/3871 3871/4069/3872 3718/3893/3718
f 993/997/993 3873/4070/3873 3874/4071/3874
f 2171/2204/2171 2177/4072/2178 1784/1807/1784
f 2572/2622/2573 3578/3730/3578 1208/1216/1208
f 2263/2302/2263 3314/3418/3314 3430/3552/3430
f 880/879/878 3875/4073/3875 1881/1904/1879
f 3877/4074/3876 3876/4075/3877 3093/3173/3093
f 3877/4074/3876 3878/4076/3878 3876/4075/3877
f 751/749/749 3879/4077/3879 3343/3451/3344
f 406/407/407 3879/4077/3879 751/749/749
f 3880/4078/3880 3480/3617/3479 3479/3618/3480
f 1476/1492/1477 3480/3617/3479 3880/4078/3880
f 2498/2543/2496 3772/3957/3772 2496/2544/2497
f 1896/1919/1894 1971/1997/1970 2830/2890/2830
f 2582/2632/2582 3881/4079/3881 3802/3989/3803
f 269/3747/269 3882/4080/3882 37/4081/38
f 2612/2660/2610 2456/2504/2457 252/253/253
f 2847/2908/2848 861/859/859 3883/4082/3883
f 3865/4083/3865 1438/1451/1436 2804/4084/2804
f 3191/3283/3192 3190/3282/3191 2876/4085/2876
f 3884/4086/3884 936/938/937 3746/3928/3746
f 2654/4087/2654 3885/4088/3885 3886/4089/3886
f 1082/1090/1083 3611/3772/3611 1871/1897/1872
f 1667/1689/1668 2600/2650/2600 1234/1241/1232
f 3888/4090/3887 418/419/419 3887/4091/3888
f 1183/1191/1184 1586/1605/1587 1184/1192/1185
f 1123/1130/1123 230/231/231 3053/3130/3052
f 3735/3915/3736 2150/2183/2151 3889/4092/3889
f 2515/2562/2515 2514/2561/2514 3890/4093/3890
f 3892/4094/3891 3890/4095/3890 3891/4096/3892
f 3893/4097/3893 3266/3371/3267 3555/3702/3555
f 3889/4092/3889 2150/2183/2151 1945/1973/1946
f 3053/3130/3052 230/231/231 3052/3131/3053
f 3540/3686/3540 1142/4098/1143 3409/3684/3409
f 2967/3038/2966 2149/2182/2150 3073/3150/3071
f 1662/1681/1661 3894/4099/3894 1415/1431/1416
f 3675/3844/3675 3895/4100/3895 3499/3639/3497
f 2585/2636/2586 3896/4101/3896 3106/3186/3106
f 2585/2636/2586 3106/3186/3106 3897/4102/3897
f 2323/2482/2323 2437/2484/2437 3160/4103/3160
f 3898/4104/3898 1635/4105/1636 2437/2484/2437
f 3901/4106/3899 3899/4107/3900 3900/4108/3901
f 133/134/134 3902/4109/3902 2238/2277/2239
f 3903/4110/3903 117/115/115 248/247/247
f 699/700/700 1224/1234/1225 700/701/701
f 2897/4111/2898 1148/1156/1149 1479/1493/1478
f 1116/1123/1116 3768/3953/3768 78/76/76
f 3905/4112/3904 3904/4113/3905 1777/1800/1777
f 10/11/11 3906/4114/3906 1314/4115/1315
f 136/137/137 138/136/136 821/822/822
f 2480/2527/2480 2076/2107/2076 3595/3753/3596
f 1215/1224/1215 1040/1045/1041 3907/4116/3907
f 3910/4117/3908 3908/4118/3909 3909/4119/3910
f 3911/4120/3911 3712/3886/3713 3910/4121/3908
f 2881/2943/2881 2870/2930/2870 3314/3418/3314
f 3030/3107/3030 3029/3106/3029 2346/2387/2346
f 3291/3395/3291 3699/3870/3699 3296/3400/3296
f 1500/1514/1498 1499/1516/1500 3912/4122/3912
f 3912/4122/3912 1499/1516/1500 1951/1978/1951
f 2628/2678/2628 3279/3383/3279 3913/4123/3913
f 2662/2714/2662 2661/2713/2661 3914/4124/3914
f 3915/4125/3915 3341/3448/3341 1431/1444/1429
f 1432/1447/1432 3915/4125/3915 1431/1444/1429
f 3917/4126/3916 3916/4127/3917 3035/3112/3035
f 205/206/206 358/359/359 3918/4128/3918
f 1377/1526/1378 1376/4129/1377 1509/1527/1510
f 985/989/986 987/988/985 32/33/33
f 3920/4130/3919 3919/4131/3920 1000/1004/1000
f 2434/2480/2435 1056/1061/1054 2435/2478/2433
f 3921/4132/3921 3252/3354/3251 3251/3355/3252
f 3923/4133/3922 3300/4134/3301 3922/4135/3923
f 3924/4136/3924 3369/3481/3370 3639/3806/3640
f 2542/2589/2541 1988/2016/1989 1987/2015/1988
f 3925/4137/3925 1988/2016/1989 2542/2589/2541
f 2340/2382/2341 3926/4138/3926 2341/2383/2342
f 2905/4139/2906 3927/4140/3927 3823/4037/3823
f 3844/4035/3844 3823/4037/3823 3927/4140/3927
f 3389/3502/3389 1718/1739/1716 2891/2952/2890
f 379/380/380 2468/2514/2467 3135/3219/3135
f 3928/4141/3928 3612/3774/3613 2002/2030/2002
f 3930/4142/3929 1036/1041/1037 3929/4143/3930
f 3481/3620/3481 1947/4144/1947 2264/2305/2265
f 852/850/850 851/852/852 2810/2868/2809
f 851/852/852 3931/4145/3931 2810/2868/2809
f 591/592/592 3932/4146/3932 3933/4147/3933
f 3933/4147/3933 3932/4146/3932 3934/4148/3934
f 3165/3254/3166 1744/1768/1745 1743/1767/1744
f 3936/4149/3935 1723/1747/1724 3935/4150/3936
f 1997/2023/1995 2078/2108/2077 1995/2024/1996
f 1388/2126/1387 3571/3720/3571 2094/2127/2095
f 3321/3424/3320 3672/3841/3672 3937/4151/3937
f 1929/1957/1930 3938/4152/3938 3939/4153/3939
f 3939/4153/3939 3938/4152/3938 3940/4154/3940
f 3942/4155/3941 3456/3584/3456 3941/4156/3942
f 2157/2190/2158 2516/2563/2516 311/309/309
f 1850/1876/1851 2685/4157/2685 1851/1877/1852
f 384/385/385 3295/3399/3295 2443/2491/2444
f 3406/3528/3407 3943/4158/3943 1231/4159/1229
f 2403/2449/2404 3944/4160/3944 3945/4161/3945
f 3945/4161/3945 3946/4162/3946 2404/2448/2403
f 3943/4163/3943 2609/2659/2609 1229/1239/1230
f 576/577/577 1320/1332/1318 1322/1336/1322
f 3947/4164/3947 691/692/692 1050/1057/1050
f 3578/3730/3578 814/813/813 2903/2967/2903
f 3948/4165/3948 178/176/176 2759/2818/2759
f 1984/2009/1982 521/522/522 3143/3225/3141
f 2383/2426/2383 1550/1569/1551 3949/4166/3949
f 3952/4167/3950 3950/4168/3951 3951/4169/3952
f 3953/4170/3953 3057/3135/3056 2554/2602/2554
f 2643/2694/2644 2642/2693/2643 3954/4171/3954
f 1715/1736/1713 1714/1738/1715 3524/4172/3524
f 1964/1990/1963 3031/3108/3031 956/958/955
f 1831/1855/1832 1109/1115/1108 3955/4173/3955
f 2828/2887/2827 3956/4174/3956 3022/3098/3021
f 631/629/629 2719/2774/2718 629/630/630
f 1654/1675/1655 1720/1742/1719 3957/4175/3957
f 813/814/814 2853/2914/2854 2855/2913/2853
f 897/899/898 3958/4176/3958 918/919/918
f 312/312/312 1968/1996/1969 1209/1219/1210
f 2751/2809/2751 2746/2804/2746 3793/3979/3793
f 1851/1877/1852 68/69/69 1852/1875/1850
f 3961/4177/3959 3959/4178/3960 3960/4179/3961
f 618/616/616 3277/3382/3278 616/617/617
f 701/699/699 3962/4180/3962 918/919/918
f 3604/3761/3603 3605/4181/3605 2482/2530/2483
f 3605/4181/3605 2763/3765/2762 2482/2530/2483
f 3963/4182/3963 2279/2318/2278 649/649/649
f 2483/2528/2481 3607/3766/3607 193/194/194
f 3966/4183/3964 3964/4184/3965 3965/4185/3966
f 14/15/15 305/4186/303 2654/2706/2654
f 3348/3459/3348 3967/4187/3967 2833/2891/2831
f 2945/3016/2945 3968/4188/3968 2946/3017/2946
f 3386/3499/3386 2306/2347/2307 3381/3493/3381
f 3858/4053/3858 211/212/212 2437/2484/2437
f 3744/4189/3744 2531/2579/2531 3442/3565/3442
f 3970/4190/3969 1605/4191/1604 3969/4192/3970
f 320/321/321 1607/1625/1607 1605/1622/1604
f 3971/4193/3971 1364/1377/1363 568/569/569
f 799/4194/800 3972/4195/3972 207/205/205
f 3973/4196/3973 801/799/799 800/801/801
f 1583/1600/1582 790/791/791 792/790/790
f 2988/3063/2988 3291/3395/3291 2989/3064/2989
f 2099/2129/2097 2098/2131/2099 511/511/511
f 2425/2468/2423 3974/4197/3974 3588/3740/3588
f 1467/4198/1468 1466/4199/1467 3804/3991/3805
f 1152/1159/1152 122/123/123 121/122/122
f 153/154/154 2495/2542/2495 154/152/152
f 3977/4200/3975 3975/4201/3976 3976/4202/3977
f 2901/2964/2902 3978/4203/3978 2902/2963/2901
f 2627/2677/2627 3280/3384/3280 3279/3383/3279
f 2691/2743/2689 2690/2745/2691 3979/4204/3979
f 2176/2208/2175 2175/2209/2176 2272/2311/2271
f 3980/4205/3980 3362/3473/3362 1568/1587/1569
f 289/287/287 3981/4206/3981 287/288/288
f 3200/3291/3200 1268/1280/1269 1683/3901/1684
f 2754/2812/2753 729/730/730 189/190/190
f 3982/4207/3982 1597/1613/1595 699/700/700
f 978/981/978 977/980/977 3487/3628/3487
f 310/311/311 3622/3785/3622 2066/2096/2065
f 3622/3785/3622 310/311/311 309/310/310
f 1871/1897/1872 1873/1896/1871 1138/1143/1136
f 1623/1643/1624 1858/1884/1859 1859/1883/1858
f 1921/1948/1921 2469/2517/2470 1508/1522/1506
f 3740/3920/3740 3516/3659/3515 3983/4208/3983
f 3583/3736/3584 739/737/737 1750/1774/1751
f 489/489/489 3984/4209/3984 3985/4210/3985
f 3259/3364/3260 1115/1122/1115 3329/3433/3328
f 278/279/279 545/546/546 1260/1272/1261
f 1684/1705/1682 3986/4211/3986 2358/4212/2359
f 2282/2322/2282 857/858/858 856/857/857
f 1300/1311/1298 3187/3278/3187 416/414/414
f 3987/4213/3987 2480/2527/2480 3595/3753/3596
f 1393/1408/1394 3889/4092/3889 3594/3751/3594
f 1394/1406/1392 1393/1408/1394 3594/3751/3594
f 3975/4201/3976 3988/4214/3988 1507/1524/1508
f 2903/2967/2903 2390/2434/2391 25/26/26
f 3259/3364/3260 3989/4215/3989 3260/3365/3261
f 2405/2451/2406 3990/4216/3990 3991/4217/3991
f 3991/4217/3991 3990/4216/3990 3992/4218/3992
f 3187/3278/3187 3186/3277/3186 416/414/414
f 3993/4219/3993 1931/4220/1929 1930/4221/1931
f 1118/1126/1119 1117/1125/1118 3947/4222/3947
f 3994/4223/3994 2656/2709/2657 293/294/294
f 434/4224/435 3148/3234/3149 3150/3233/3148
f 275/276/276 3567/3717/3568 1799/3236/1797
f 393/394/394 2100/2133/2101 756/755/755
f 3996/4225/3995 1903/1930/1904 3995/4226/3996
f 2820/2879/2819 991/994/991 221/222/222
f 3832/4227/3831 3831/4228/3832 2189/2222/2189
f 3998/4229/3997 3997/4230/3998 1485/1501/1486
f 3999/4231/3999 929/931/930 931/930/929
f 2812/2870/2811 443/444/444 2513/2560/2513
f 4000/4232/4000 1194/1199/1192 2513/2560/2513
f 3251/3355/3252 2863/2924/2864 4001/4233/4001
f 4004/4234/4002 4002/4235/4003 4003/4236/4004
f 372/373/373 2756/2816/2757 4005/4237/4005
f 4008/4238/4006 4006/4239/4007 4007/4240/4008
f 4010/4241/4009 4009/4242/4010 1786/4243/1787
f 2154/2186/2154 1493/1507/1491 1492/1509/1493
f 4011/4244/4011 1226/1236/1227 1228/1235/1226
f 4013/4245/4012 4012/4246/4013 2597/2645/2595
f 242/243/243 1963/1991/1964 3741/3922/3741
f 2501/2548/2501 4014/4247/4014 2080/2110/2079
f 1051/1058/1051 1050/1057/1050 3913/4123/3913
f 4016/4248/4015 4015/4249/4016 1486/1499/1484
f 4019/4250/4017 4017/4251/4018 4018/4252/4019
f 2619/2670/2620 4020/4253/4020 3534/3679/3534
f 126/124/124 4021/4254/4021 124/125/125
f 753/754/754 752/753/753 4022/4255/4022
f 4023/4256/4023 1045/4257/1046 2790/2849/2790
f 4025/4258/4024 4024/4259/4025 1772/1796/1773
f 416/414/414 415/416/416 2279/4260/2278
f 857/858/858 4026/4261/4026 75/73/73
f 3043/4262/3043 4027/4263/4027 2039/2069/2040
f 1943/1968/1941 1768/1790/1767 1022/1026/1022
f 1767/1791/1768 1022/1026/1022 1768/1790/1767
f 1053/1060/1053 4028/4264/4028 270/271/271
f 4029/4265/4029 1876/1902/1877 1878/1901/1876
f 2350/2391/2350 1625/1644/1625 1800/1823/1800
f 4030/4266/4030 3504/3648/3504 3063/3141/3062
f 2925/2993/2925 360/361/361 3294/3397/3293
f 4031/4267/4031 4028/4264/4028 760/761/761
f 1446/1462/1447 4032/4268/4032 3635/3801/3636
f 16/17/17 18/16/16 4033/4269/4033
f 4035/4270/4034 3437/4271/3438 4034/4272/4035
f 290/291/291 3981/4206/3981 289/287/287
f 2312/2352/2312 4036/4273/4036 3706/3878/3706
f 3652/3819/3652 4037/4274/4037 4038/4275/4038
f 3149/3235/3150 2639/2689/2639 3150/3233/3148
f 1674/1694/1673 1673/1695/1674 1425/1438/1423
f 1098/1105/1098 3420/3542/3420 1095/1103/1096
f 4039/4276/4039 2686/4277/2686 3607/4278/3607
f 2686/2740/2686 4039/4279/4039 194/195/195
f 2848/2906/2846 2746/2804/2746 1640/1659/1640
f 4041/4280/4040 2856/2917/2857 4040/4281/4041
f 4042/4282/4042 2477/2525/2478 2478/2524/2477
f 4043/4283/4043 1827/1848/1825 3899/4107/3900
f 3721/3894/3719 3191/3283/3192 4044/4284/4044
f 824/825/825 4045/4285/4045 4046/4286/4046
f 908/907/906 4047/4287/4047 1945/1973/1946
f 3120/3202/3120 2835/2894/2834 2113/2146/2114
f 3802/3989/3803 2835/2894/2834 3120/3202/3120
f 2896/2959/2897 3779/3965/3779 2897/2960/2898
f 2406/2450/2405 262/260/260 261/262/262
f 2069/2101/2070 2064/2094/2063 1820/1844/1821
f 1071/1078/1071 209/210/210 208/209/209
f 1057/1065/1058 209/210/210 1071/1078/1071
f 4049/4288/4048 1258/1267/1256 4048/4289/4049
f 288/289/289 878/880/879 2073/2102/2071
f 4050/4290/4050 3427/3550/3428 3428/3549/3427
f 972/973/970 3933/4147/3933 970/974/971
f 2586/2634/2584 3897/4102/3897 855/853/853
f 3812/3999/3812 2229/2266/2230 2228/2265/2229
f 4051/4291/4051 3683/3853/3684 1917/4292/1916
f 3039/3117/3040 4052/4293/4052 4053/4294/4053
f 4055/4295/4054 3407/3526/3405 4054/4296/4055
f 680/678/678 679/680/680 3521/3665/3521
f 4056/4297/4056 595/593/593 1103/1111/1104
f 1419/1435/1420 1420/1434/1419 167/168/168
f 4057/4298/4057 2892/4299/2892 2869/4300/2868
f 4058/4301/4058 3673/3842/3673 2747/2805/2747
f 2813/2872/2813 4059/4302/4059 3871/4069/3872
f 719/720/720 4060/4303/4060 1641/1661/1642
f 4058/4301/4058 4061/4304/4061 3674/3843/3674
f 2305/2345/2305 4062/4305/4062 467/468/468
f 4063/4306/4063 368/366/366 367/368/368
f 1130/1138/1131 2632/2682/2632 2185/2218/2185
f 3387/3500/3387 3987/4213/3987 3596/3752/3595
f 3224/3322/3225 4064/4307/4064 3387/3500/3387
f 1445/4308/1446 1453/1466/1451 4065/4309/4065
f 4067/4310/4066 3545/3691/3545 4066/4311/4067
f 4070/4312/4068 4068/4313/4069 4069/4314/4070
f 4072/4315/4071 4071/4316/4072 4069/4314/4070
f 3527/3672/3527 763/4317/764 824/825/825
f 3309/3414/3310 2026/2052/2024 2025/2054/2026
f 365/4318/363 4073/4319/4073 673/674/674
f 1398/1413/1399 1696/1720/1697 1698/1719/1696
f 4075/4320/4074 4074/4321/4075 3491/3633/3491
f 4076/4322/4076 3482/4323/3483 3122/4324/3121
f 2155/2188/2156 1762/1786/1763 2156/2187/2155
f 3806/3992/3806 2638/2686/2636 69/67/67
f 2638/2686/2636 4077/4325/4077 69/67/67
f 4078/4326/4078 102/100/100 2251/2290/2252
f 1256/1268/1257 3807/3994/3808 3382/3494/3382
f 429/427/427 1262/1274/1263 1263/1273/1262
f 4079/4327/4079 264/265/265 2083/2112/2081
f 3925/4137/3925 4080/4328/4080 4081/4329/4081
f 4082/4330/4082 1678/1700/1679 1408/1423/1408
f 2612/2660/2610 4083/4331/4083 2610/2661/2611
f 2560/2607/2559 4084/4332/4084 3070/3149/3070
f 4086/4333/4085 4085/4334/4086 3858/4053/3858
f 4007/4240/4008 4087/4335/4087 3729/3906/3728
f 2446/2494/2447 3152/3240/3153 928/927/926
f 2369/4336/2367 2599/2649/2599 4088/4337/4088
f 4090/4338/4089 4089/4339/4090 2511/2558/2511
f 4090/4338/4089 4091/4340/4091 4089/4339/4090
f 4092/4341/4092 3967/4187/3967 1524/1539/1522
f 207/205/205 4093/4342/4093 4094/4343/4094
f 4090/4344/4089 207/205/205 4091/4345/4091
f 2538/2585/2537 4095/4346/4095 2537/2586/2538
f 111/109/109 4096/4347/4096 1369/1383/1369
f 4098/4348/4097 2290/4349/2288 4097/4350/4098
f 552/4351/550 2353/2392/2351 3212/4352/3212
f 153/154/154 1547/1566/1548 4099/4353/4099
f 4101/4354/4100 2898/2958/2896 4100/4355/4101
f 366/4356/367 368/4357/366 4102/4358/4102
f 366/367/367 4103/4359/4103 367/368/368
f 518/519/519 920/922/921 4004/4234/4002
f 920/922/921 922/921/920 1311/1325/1312
f 2/3/3 2160/2191/2159 2125/2157/2125
f 4104/4360/4104 366/4356/367 3519/3663/3519
f 713/714/714 3644/3810/3644 3156/3243/3156
f 76/77/77 1794/1816/1793 4105/4361/4105
f 4106/4362/4106 3027/4363/3028 3028/4364/3027
f 1311/1325/1312 922/921/920 1312/1323/1310
f 34/35/35 2387/2430/2387 4107/4365/4107
f 2247/2285/2247 2245/2283/2245 1571/1590/1572
f 2498/2543/2496 2497/2545/2498 4108/4366/4108
f 1173/1181/1174 2391/3507/2392 2684/3505/2684
f 1303/1314/1301 1302/1316/1303 1899/4367/1899
f 3066/3143/3064 3597/3755/3597 2964/3035/2963
f 2705/3642/2704 4109/4368/4109 3496/3638/3496
f 406/407/407 225/223/223 4033/4269/4033
f 3180/3271/3181 4110/4369/4110 3181/3270/3180
f 577/575/575 576/577/577 3891/4096/3892
f 962/963/960 2003/2032/2004 2005/2031/2003
f 4111/4370/4111 422/4371/420 2927/2995/2927
f 4112/4372/4112 2633/2683/2633 937/939/938
f 2512/2559/2512 1193/1201/1194 3459/3589/3460
f 701/699/699 700/701/701 3962/4180/3962
f 1770/1794/1771 4113/4373/4113 2844/2904/2844
f 4115/4374/4114 4114/4375/4115 3862/4057/3862
f 4116/4376/4116 2676/2728/2675 3177/3264/3176
f 1752/1776/1753 1746/1770/1747 1748/1769/1746
f 4026/4261/4026 4117/4377/4117 75/73/73
f 4120/4378/4118 4118/4379/4119 4119/4380/4120
f 3931/4145/3931 851/852/852 4121/4381/4121
f 4124/4382/4122 4122/4383/4123 4123/4384/4124
f 3404/3524/3403 2745/2803/2745 4125/4385/4125
f 567/568/568 3971/4193/3971 568/569/569
f 864/862/862 3543/3688/3542 862/863/863
f 3956/4174/3956 2828/2887/2827 4126/4386/4126
f 4129/4387/4127 4127/4388/4128 4128/4389/4129
f 1877/4390/1878 3448/3574/3449 1879/1905/1880
f 4130/4391/4130 2739/2795/2737 2738/2797/2739
f 4132/4392/4131 4131/4393/4132 3214/4394/3213
f 3074/3153/3074 4133/4395/4133 3710/3882/3710
f 4136/4396/4134 4134/4397/4135 4135/4398/4136
f 3439/3563/3440 3756/3942/3757 2998/3074/2999
f 1216/1225/1216 2965/3037/2965 3816/4003/3816
f 2577/3004/2575 2937/4399/2937 325/326/326
f 3259/3364/3260 4137/4400/4137 4138/4401/4138
f 3259/3364/3260 1861/1887/1862 4137/4400/4137
f 4139/4402/4139 1694/1718/1695 2877/2939/2877
f 1694/1718/1695 4140/4403/4140 2877/2939/2877
f 4141/4404/4141 267/268/268 3830/4020/3830
f 1968/1996/1969 267/268/268 4141/4404/4141
f 1132/1137/1130 2632/2682/2632 1130/1138/1131
f 3985/4405/3985 3984/4406/3984 3155/3242/3155
f 3136/3221/3137 1393/1408/1394 1392/1407/1393
f 3004/3081/3004 4142/4407/4142 4143/4408/4143
f 2531/2579/2531 3374/3566/3375 3442/3565/3442
f 2851/2911/2851 2123/2153/2121 2122/2155/2123
f 930/932/931 351/352/352 4144/4409/4144
f 2076/2107/2076 2198/2231/2198 3595/3753/3596
f 4147/4410/4145 4145/4411/4146 4146/4412/4147
f 746/747/747 216/214/214 3292/3396/3292
f 4150/4413/4148 4148/4414/4149 4149/4415/4150
f 802/803/803 3869/4067/3870 4151/4416/4151
f 1651/1670/1651 788/789/789 1035/1037/1033
f 2936/3005/2936 325/326/326 3042/3119/3042
f 4152/4417/4152 1398/1413/1399 1698/1719/1696
f 4154/4418/4153 3632/3795/3632 4153/4419/4154
f 839/837/837 3632/3795/3632 837/838/838
f 1733/1754/1731 3178/3267/3178 3900/4108/3901
f 2115/2147/2115 4152/4417/4152 2405/2451/2406
f 1462/1478/1463 661/662/662 2354/2396/2355
f 638/639/639 3478/3616/3478 2587/2637/2587
f 4155/4420/4155 1756/1780/1757 1597/1613/1595
f 3411/3532/3411 710/4021/711 266/267/267
f 4156/4421/4156 2062/2092/2061 875/877/876
f 2805/2864/2805 2220/2255/2221 1110/1118/1111
f 4033/4269/4033 225/223/223 4157/4422/4157
f 236/3311/237 2062/2092/2061 4158/4423/4158
f 2400/2444/2401 4159/4424/4159 4160/4425/4160
f 3220/4426/3220 236/3311/237 4158/4423/4158
f 4156/4421/4156 4158/4423/4158 2062/2092/2061
f 2400/2444/2401 4160/4425/4160 2744/2802/2744
f 2744/2802/2744 4160/4425/4160 1790/1814/1791
f 17/18/18 16/17/17 2977/3051/2977
f 2064/2094/2063 3088/3168/3088 2129/2162/2130
f 4161/4427/4161 1122/1127/1120 2578/2628/2579
f 3880/4078/3880 4162/4428/4162 3818/4005/3818
f 4164/4429/4163 4163/4430/4164 1307/4431/1308
f 4165/4432/4165 3142/3227/3143 60/3230/58
f 3766/3951/3766 170/171/171 1353/1368/1354
f 349/3060/350 4166/4433/4166 2642/2693/2643
f 1895/1921/1896 4167/4434/4167 1289/1303/1290
f 1289/1303/1290 1291/1302/1289 1895/1921/1896
f 4169/4435/4168 4168/4436/4169 1345/1360/1346
f 3306/3410/3306 4170/4437/4170 3307/3411/3307
f 3144/3229/3145 2865/2926/2866 2867/2925/2865
f 2249/2288/2250 4171/4438/4171 4172/4439/4172
f 3319/3421/3317 3318/3423/3319 4173/4440/4173
f 3084/3162/3082 3083/3164/3084 2234/2271/2235
f 4175/4441/4174 1848/1873/1848 4174/4442/4175
f 1848/1873/1848 4175/4441/4174 3657/4443/3657
f 3367/3476/3365 165/166/166 4176/4444/4176
f 3367/3476/3365 3479/3618/3480 165/166/166
f 2236/2270/2234 3084/3162/3082 2234/2271/2235
f 704/702/702 3496/3638/3496 702/703/703
f 146/147/147 1532/1551/1533 1535/1553/1535
f 2736/2793/2735 3281/3386/3282 2243/2281/2243
f 4179/4445/4177 4177/4446/4178 4178/4447/4179
f 3854/4047/3854 4180/4448/4180 4179/4445/4177
f 4181/4449/4181 3570/3719/3570 2203/2234/2201
f 4181/4449/4181 2789/2846/2787 3570/3719/3570
f 947/946/945 4182/4450/4182 3912/4122/3912
f 3912/4122/3912 945/947/946 947/946/945
f 4183/4451/4183 346/347/347 347/346/346
f 3910/4121/3908 3909/4452/3910 3911/4120/3911
f 3911/4453/3911 3909/4119/3910 2590/2641/2591
f 210/208/208 2769/2829/2770 3415/3537/3415
f 2590/2641/2591 3909/4119/3910 3908/4118/3909
f 3415/3537/3415 2769/2829/2770 2770/2828/2769
f 2984/3058/2984 2935/3002/2934 2934/3003/2935
f 4185/4454/4184 4184/4455/4185 3782/3967/3781
f 4187/4456/4186 3393/3508/3392 4186/4457/4187
f 724/722/722 1294/1307/1294 722/723/723
f 3139/3223/3139 653/654/654 785/786/786
f 3803/3988/3802 452/453/453 3363/3474/3363
f 4190/4458/4188 4188/4459/4189 4189/4460/4190
f 767/768/768 753/754/754 768/769/769
f 4192/4461/4191 2697/2751/2697 4191/4462/4192
f 895/894/893 543/541/541 542/543/543
f 261/262/262 260/261/261 2742/4463/2743
f 4193/4464/4193 261/262/262 1134/4465/1135
f 3127/3207/3125 3134/3218/3134 4194/4466/4194
f 2444/2492/2445 1576/1595/1577 4195/4467/4195
f 4196/4468/4196 1576/1595/1577 2444/2492/2445
f 1785/1808/1785 4197/4469/4197 1782/1806/1783
f 3130/3213/3130 363/364/364 4198/4470/4198
f 2670/4471/2670 2669/4472/2669 4199/4473/4199
f 1667/1689/1668 2767/2826/2767 1145/1153/1146
f 2733/2792/2734 2732/2791/2733 2748/2807/2749
f 316/317/317 318/316/316 956/958/955
f 2379/2423/2380 2545/2594/2546 2380/2424/2381
f 4201/4474/4200 1954/1981/1954 4200/4475/4201
f 4202/4476/4202 2841/2902/2842 2463/2509/2462
f 133/134/134 4203/4477/4203 1910/4478/1911
f 2788/2848/2789 2332/2372/2331 2331/2373/2332
f 347/346/346 99/97/97 98/99/99
f 98/99/99 3423/4479/3424 1913/1940/1913
f 3001/3077/3001 1464/1479/1464 872/870/870
f 4204/4480/4204 462/460/460 461/462/462
f 1306/1319/1306 916/918/917 933/934/933
f 4207/4481/4205 4205/4482/4206 4206/4483/4207
f 4208/4484/4208 1831/1855/1832 3955/4173/3955
f 3107/3189/3107 4209/4485/4209 432/430/430
f 2790/2849/2790 1777/1800/1777 1564/1583/1565
f 1326/1341/1327 2958/3029/2958 1327/1342/1328
f 2544/2592/2544 3290/3393/3289 3287/3392/3288
f 385/386/386 4210/4486/4210 2047/2079/2048
f 4211/4487/4211 2094/2127/2095 1849/4488/1849
f 4214/4489/4212 4212/4490/4213 4213/4491/4214
f 1632/1652/1633 1884/1909/1884 1429/1445/1430
f 478/479/479 2346/2387/2346 3029/3106/3029
f 4215/4492/4215 2942/3014/2943 3069/3148/3069
f 2289/4493/2290 4216/4494/4216 4097/4350/4098
f 695/696/696 1347/1359/1345 4217/4495/4217
f 90/88/88 4218/4496/4218 4219/4497/4219
f 2876/2936/2876 4220/4498/4220 3649/3817/3650
f 2634/2937/2634 3649/3817/3650 3650/3816/3649
f 714/715/715 2384/2428/2385 4221/4499/4221
f 2934/3003/2935 4015/4249/4016 2984/3058/2984
f 973/977/974 3026/3101/3024 3025/3103/3026
f 3600/3757/3599 2588/2638/2588 4222/4500/4222
f 2065/2097/2066 3422/3543/3421 941/4501/939
f 889/890/889 736/734/734 4223/4502/4223
f 3959/4178/3960 3639/3806/3640 4224/4503/4224
f 281/282/282 4225/4504/4225 531/531/531
f 3319/3421/3317 6/4/4 343/344/344
f 236/3311/237 3213/3310/3214 2062/2092/2061
f 1556/1575/1557 2474/2521/2474 1281/1293/1281
f 2362/2405/2362 1823/1847/1824 1904/1931/1905
f 3640/3807/3641 3639/3806/3640 3959/4178/3960
f 4227/4505/4226 3756/3942/3757 4226/4506/4227
f 1304/1317/1304 4228/4507/4228 280/278/278
f 4020/4253/4020 3771/3954/3769 1426/1442/1427
f 2222/2257/2223 1385/1399/1385 560/558/558
f 516/517/517 3809/3995/3809 1875/1899/1874
f 891/893/892 4229/4508/4229 2651/2702/2652
f 360/361/361 1381/1393/1379 3294/3397/3293
f 4230/4509/4230 3189/3279/3188 185/186/186
f 3304/3409/3305 3046/3124/3047 2280/2320/2280
f 237/235/235 4156/4510/4156 4231/4511/4231
f 4232/4512/4232 470/471/471 469/470/470
f 1679/4513/1677 1676/4514/1675 4233/4515/4233
f 536/4516/537 4234/4517/4234 2304/2344/2304
f 1875/1899/1874 2061/2093/2062 3009/3086/3009
f 4034/4272/4035 3618/4518/3619 1468/1481/1466
f 793/794/794 1676/4514/1675 4235/4519/4235
f 2632/2682/2632 2047/2079/2048 2049/2078/2047
f 2067/2099/2068 2057/2089/2058 4236/4520/4236
f 4236/4520/4236 1411/1426/1411 4237/4521/4237
f 2334/2374/2333 190/188/188 2333/2375/2334
f 3433/3555/3433 2421/2467/2422 2666/2718/2666
f 4240/4522/4238 4238/4523/4239 4239/4524/4240
f 3528/3674/3529 2458/2506/2459 3529/3673/3528
f 527/528/528 4241/4525/4241 528/529/529
f 2306/2347/2307 3386/3499/3386 1815/1838/1815
f 1573/1592/1574 71/72/72 70/71/71
f 2883/2946/2884 3851/4044/3851 3130/3213/3130
f 3506/3651/3507 2557/4526/2558 4040/4281/4041
f 2557/4526/2558 4242/4527/4242 4040/4281/4041
f 3709/3881/3709 2693/2748/2694 4243/4528/4243
f 2693/2748/2694 1894/1920/1895 4243/4528/4243
f 2901/2964/2902 4244/4529/4244 3351/3462/3351
f 894/896/895 4245/4530/4245 1933/1961/1934
f 4246/4531/4246 2473/2520/2473 1179/1184/1177
f 2587/2637/2587 2613/2663/2613 3772/3957/3772
f 2399/2443/2400 4247/4532/4247 4248/4533/4248
f 698/698/698 4249/4534/4249 2351/2393/2352
f 2977/3051/2977 1062/1070/1063 1558/1577/1559
f 2142/2175/2143 2134/4535/2132 2143/2176/2144
f 1877/4390/1878 4250/4536/4250 3448/3574/3449
f 4251/4537/4251 3842/4033/3842 3161/3249/3161
f 295/293/293 1907/4538/1907 3552/4539/3552
f 3129/4540/3129 2142/2175/2143 2287/2326/2286
f 1749/1773/1750 2436/2481/2436 1694/1718/1695
f 2497/2545/2498 2827/2888/2828 2828/2887/2827
f 1889/1914/1889 4252/4541/4252 3067/3146/3067
f 453/451/451 452/453/453 3881/4079/3881
f 2924/2991/2923 4253/4542/4253 1984/2009/1982
f 2765/2824/2765 2764/2823/2764 4254/4543/4254
f 4255/4544/4255 1520/1538/1521 1587/1604/1586
f 1176/1183/1176 4256/4545/4256 31/32/32
f 2715/2771/2716 1626/1646/1627 1628/1645/1626
f 2971/3042/2970 4257/4546/4257 1684/1705/1682
f 1427/1443/1428 3770/3956/3771 1791/1812/1789
f 4258/4547/4258 31/32/32 33/31/31
f 4259/4548/4259 675/676/676 677/675/675
f 4261/4549/4260 3784/3969/3783 4260/4550/4261
f 1778/1801/1778 3784/3969/3783 4261/4549/4260
f 1790/1814/1791 1427/1443/1428 1791/1812/1789
f 518/519/519 530/530/530 135/133/133
f 157/155/155 4262/4551/4262 181/179/179
f 4258/4552/4258 33/4553/31 4263/4554/4263
f 322/323/323 1280/1292/1280 765/765/765
f 4221/4499/4221 4230/4509/4230 185/186/186
f 3723/3897/3722 3722/3898/3723 1036/1041/1037
f 1121/1129/1122 4264/4555/4264 1122/1127/1120
f 3884/4086/3884 1454/1469/1454 936/938/937
f 108/106/106 3645/3812/3646 106/107/107
f 3796/4556/3794 3254/3358/3254 3794/4557/3795
f 2174/2206/2173 1105/1113/1106 1107/1112/1105
f 1214/1223/1214 1213/1222/1213 1350/1364/1350
f 1169/1177/1170 3763/3948/3763 3626/3790/3627
f 3349/3460/3349 2335/4558/2336 1131/1139/1132
f 4265/4559/4265 3395/3513/3395 2215/2250/2216
f 3018/3093/3016 3017/3095/3018 4204/4480/4204
f 3070/4560/3070 22/23/23 1617/4561/1617
f 4268/4562/4266 4266/4563/4267 4267/4564/4268
f 2104/4565/2102 4267/4564/4268 4266/4563/4267
f 3221/3318/3221 4269/4566/4269 4270/4567/4270
f 4270/4567/4270 2991/3066/2991 3221/3318/3221
f 3060/3139/3060 3416/3538/3416 158/4568/159
f 2948/3019/2948 4271/4569/4271 911/913/912
f 4272/4570/4272 2511/2558/2511 2510/2557/2510
f 1206/1215/1207 2975/3050/2976 685/686/686
f 4227/4571/4226 4270/4567/4270 4273/4572/4273
f 3756/3942/3757 4227/4505/4226 4269/4573/4269
f 4273/4574/4273 4269/4573/4269 4227/4505/4226
f 1711/1732/1709 3032/3109/3032 4157/4422/4157
f 1711/1732/1709 4157/4422/4157 1709/1733/1710
f 4274/4575/4274 1118/1126/1119 3219/3315/3218
f 4274/4576/4274 3219/4577/3218 1050/1057/1050
f 3706/3878/3706 756/755/755 2101/2132/2100
f 2794/2853/2794 2954/3025/2954 4275/4578/4275
f 3934/4148/3934 3932/4146/3932 2799/2859/2800
f 1994/2022/1994 1358/1372/1358 3314/3418/3314
f 1574/1591/1573 2023/2051/2023 4276/4579/4276
f 2103/2136/2104 4277/4580/4277 4278/4581/4278
f 3876/4075/3877 2316/2356/2316 2260/2299/2260
f 1932/1959/1932 1629/1648/1629 122/123/123
f 960/964/961 962/963/960 4279/4582/4279
f 2843/2903/2843 4031/4267/4031 4280/4583/4280
f 4033/4269/4033 4157/4422/4157 16/17/17
f 3643/3808/3642 1546/1562/1544 1545/1564/1546
f 1532/1551/1533 2005/2031/2003 1534/1552/1534
f 44/45/45 773/773/773 602/603/603
f 914/916/915 913/915/914 3922/4135/3923
f 43/44/44 773/773/773 44/45/45
f 4281/4584/4281 2458/2506/2459 2435/2478/2433
f 2435/2478/2433 4282/4585/4282 4281/4584/4281
f 2854/2915/2855 612/610/610 2855/2913/2853
f 4283/4586/4283 4120/4378/4118 544/545/545
f 4284/4587/4284 2823/2884/2824 2822/2883/2823
f 2264/2305/2265 1947/4144/1947 2265/2303/2264
f 1160/1168/1161 999/1003/999 198/196/196
f 4285/4588/4285 4220/4498/4220 2876/2936/2876
f 1256/1268/1257 4127/4388/4128 3807/3994/3808
f 2116/2148/2116 502/503/503 504/502/502
f 3355/3466/3355 3687/3856/3686 2623/2671/2621
f 3714/3887/3714 1041/1043/1039 1215/1224/1215
f 998/1002/998 2317/2357/2317 2723/2779/2723
f 814/813/813 85/86/86 87/85/85
f 668/668/668 4263/4554/4263 3077/3156/3076
f 583/581/581 582/583/583 139/140/140
f 1971/1997/1970 1721/1745/1722 4286/4589/4286
f 1970/1998/1971 1721/1745/1722 1971/1997/1970
f 3341/3448/3341 4287/4590/4287 65/66/66
f 1503/1519/1503 3998/4229/3997 1485/1501/1486
f 774/774/774 2755/2814/2755 1539/1558/1540
f 119/120/120 3279/3383/3279 120/118/118
f 847/848/848 3036/3114/3037 1660/1678/1658
f 3768/3953/3768 174/175/175 173/174/174
f 3561/3709/3562 3563/3708/3561 3652/3819/3652
f 4248/4533/4248 4288/4591/4288 4289/4592/4289
f 2562/2611/2562 1774/1795/1772 1773/1797/1774
f 1716/4593/1717 1037/1042/1038 1036/1041/1037
f 780/778/778 779/780/780 1860/1886/1861
f 780/778/778 1860/1886/1861 1862/1885/1860
f 129/127/127 3964/4184/3965 1859/1883/1858
f 4291/4594/4290 1773/1797/1774 4290/4595/4291
f 421/422/422 420/421/421 1509/1527/1510
f 1376/4129/1377 421/422/422 1509/1527/1510
f 4034/4272/4035 3436/4596/3437 4292/4597/4292
f 3953/4170/3953 2553/2601/2553 2637/2688/2638
f 4293/4598/4293 983/987/984 982/986/983
f 1144/1149/1142 770/4599/771 772/2058/770
f 2597/2645/2595 4294/4600/4294 4295/4601/4295
f 2052/2084/2053 3741/3922/3741 2053/2085/2054
f 2052/2084/2053 3742/3923/3742 3741/3922/3741
f 580/578/578 2850/2910/2850 1487/1502/1487
f 3037/3115/3038 3785/3971/3785 3038/3113/3036
f 2319/2359/2319 1657/1676/1656 1656/1677/1657
f 779/780/780 2882/2944/2882 1860/1886/1861
f 762/763/763 4296/4602/4296 3648/3815/3648
f 2241/2279/2241 91/92/92 1525/1543/1526
f 2850/2910/2850 579/580/580 4297/4603/4297
f 184/182/182 4262/4551/4262 157/155/155
f 1366/1381/1367 1369/1383/1369 4096/4347/4096
f 2434/2480/2435 1054/1062/1055 1056/1061/1054
f 4114/4375/4115 2007/2034/2006 3331/3437/3332
f 2653/2703/2653 842/2705/843 4142/4407/4142
f 2515/2562/2515 3890/4093/3890 3820/4604/3819
f 3275/3379/3275 2900/2962/2900 2515/2562/2515
f 518/519/519 1292/1305/1292 530/530/530
f 2181/2212/2179 2554/2602/2554 4298/4605/4298
f 3833/4024/3833 1955/4606/1956 2291/2332/2292
f 2689/2744/2690 537/535/535 2690/2745/2691
f 3693/3864/3693 4299/4607/4299 1769/1793/1770
f 2955/3027/2956 4300/4608/4300 4268/4609/4266
f 4301/4610/4301 1959/1987/1960 243/241/241
f 642/643/643 641/642/642 1939/1967/1940
f 2896/2959/2897 2898/2958/2896 4101/4354/4100
f 2806/2865/2806 3033/3110/3033 2371/2413/2370
f 4303/4611/4302 4249/4534/4249 4302/4612/4303
f 4304/4613/4304 1362/1374/1360 337/338/338
f 4305/4614/4305 951/952/949 3847/4040/3847
f 3677/3846/3677 4306/4615/4306 3546/3692/3546
f 1688/1711/1688 1270/1281/1270 2125/2157/2125
f 3551/3696/3550 4307/4616/4307 4308/4617/4308
f 4309/4618/4309 3935/4150/3936 1323/1338/1324
f 835/836/836 1340/1353/1339 2620/2668/2618
f 4310/4619/4310 341/342/342 1506/4620/1507
f 4186/4457/4187 1438/1451/1436 4187/4456/4186
f 400/401/401 3360/3471/3360 3528/3674/3529
f 2700/2754/2699 2699/2755/2700 2896/2959/2897
f 4274/4576/4274 1050/1057/1050 1007/1056/1008
f 4312/4621/4311 3147/3231/3146 4311/4622/4312
f 1403/1415/1401 2646/2697/2647 4313/4623/4313
f 4315/4624/4314 4314/4625/4315 404/402/402
f 1637/1654/1635 3182/3272/3182 527/528/528
f 2549/2597/2549 2548/3615/2548 1316/3613/1316
f 751/749/749 3345/3450/3343 4316/4626/4316
f 250/251/251 751/749/749 4316/4626/4316
f 4317/4627/4317 2890/2953/2891 1528/1546/1529
f 1552/1568/1550 3949/4166/3949 1550/1569/1551
f 2225/4628/2225 4318/4629/4318 1724/1748/1725
f 2484/2532/2485 298/296/296 297/298/298
f 2819/2880/2820 1694/1718/1695 4139/4402/4139
f 1463/1476/1461 2097/2130/2098 1461/1477/1462
f 946/948/947 621/622/622 4319/4630/4319
f 1286/1300/1287 1392/1407/1393 1394/1406/1392
f 3280/3384/3280 83/84/84 120/118/118
f 3231/3331/3232 3656/4631/3654 3232/3329/3230
f 4322/4632/4320 4320/4633/4321 4321/4634/4322
f 2191/2225/2192 2190/2224/2191 1266/1275/1264
f 1686/1710/1687 4207/4481/4205 484/484/484
f 3413/4635/3414 4323/4636/4323 4324/4637/4324
f 4327/4638/4325 4325/4639/4326 4326/4640/4327
f 1492/1509/1493 3049/3127/3049 4328/4641/4328
f 4329/4642/4329 3107/3189/3107 2253/2291/2253
f 1394/1406/1392 3594/3751/3594 1287/1301/1288
f 4263/4554/4263 4330/4643/4330 4331/4644/4331
f 668/668/668 4330/4643/4330 4263/4554/4263
f 99/97/97 2816/2876/2816 97/98/98
f 2628/2678/2628 1906/1932/1906 693/691/691
f 4333/4645/4332 2334/2374/2333 4332/4646/4333
f 4334/4647/4334 213/211/211 212/213/213
f 3878/4076/3878 822/823/823 603/604/604
f 1074/1079/1072 3023/3100/3023 277/275/275
f 2084/2116/2085 4335/4648/4335 2085/2115/2084
f 2309/2349/2309 580/578/578 92/93/93
f 2020/2049/2021 4336/4649/4336 3321/3424/3320
f 3715/3891/3716 1094/1102/1095 1518/1536/1519
f 1082/1090/1083 1871/1897/1872 1584/1602/1584
f 2722/2777/2721 1169/1177/1170 1168/1176/1169
f 641/642/642 4337/4650/4337 943/945/944
f 459/457/457 458/459/459 55/56/56
f 1333/1345/1331 1332/1347/1333 4338/4651/4338
f 2092/2123/2092 2371/2413/2370 3292/3396/3292
f 123/121/121 92/93/93 2980/3053/2979
f 634/635/635 2269/2310/2270 154/152/152
f 1302/1316/1303 2542/2589/2541 2703/2758/2703
f 886/888/887 1329/1344/1330 887/889/888
f 4205/4482/4206 1853/1879/1854 4339/4652/4339
f 557/555/555 556/557/557 3589/3741/3589
f 4340/4653/4340 3391/3504/3391 3971/4193/3971
f 1009/1014/1010 4341/4654/4341 2562/2611/2562
f 1254/1265/1254 1253/1264/1253 2617/2665/2615
f 4342/4655/4342 1251/1260/1249 2779/2838/2779
f 4114/4375/4115 3331/3437/3332 3862/4057/3862
f 3876/4075/3877 2260/2299/2260 1811/1835/1812
f 1290/1304/1291 1289/1303/1290 4343/4656/4343
f 1110/1118/1111 720/721/721 1653/1671/1652
f 2317/2357/2317 383/381/381 3354/3464/3353
f 4344/4657/4344 3493/4658/3492 3492/4659/3493
f 1611/1629/1611 1215/1224/1215 4059/4302/4059
f 4345/4660/4345 2205/2239/2206 1269/4661/1267
f 2205/2239/2206 4346/4662/4346 1269/4661/1267
f 1346/1361/1347 1345/1360/1346 3210/3304/3208
f 4349/4663/4347 4347/4664/4348 4348/4665/4349
f 2419/2463/2418 673/674/674 1985/2013/1986
f 2419/2463/2418 1985/2013/1986 4350/4666/4350
f 1063/1071/1064 1062/1070/1063 3032/3109/3032
f 2278/2319/2279 4063/4667/4063 793/794/794
f 4351/4668/4351 4068/4313/4069 913/915/914
f 1613/1632/1614 1612/1631/1613 3934/4148/3934
f 1205/1213/1205 4194/4466/4194 356/354/354
f 1329/1344/1330 4352/4669/4352 887/889/888
f 2177/4072/2178 4353/4670/4353 3098/4671/3098
f 120/118/118 83/84/84 2057/2089/2058
f 3940/4672/3940 4354/4673/4354 3939/4674/3939
f 2983/3056/2982 2100/2133/2101 2982/3057/2983
f 3155/3242/3155 4078/4326/4078 1757/1781/1758
f 514/512/512 2771/2830/2771 4355/4675/4355
f 1594/1611/1593 599/600/600 596/597/597
f 4038/4275/4038 4066/4311/4067 4356/4676/4356
f 2165/2198/2166 4357/4677/4357 2166/2199/2167
f 4357/4677/4357 3791/3977/3791 2166/2199/2167
f 430/431/431 2988/3063/2988 2774/2833/2774
f 4359/4678/4358 1018/1023/1019 4358/4679/4359
f 1750/1774/1751 3584/3734/3582 3583/3736/3584
f 3970/4190/3969 4360/4680/4360 3695/3865/3694
f 2823/2884/2824 3732/3909/3731 834/835/835
f 809/808/808 808/809/809 2566/2615/2566
f 1053/1060/1053 760/761/761 4028/4264/4028
f 47/4681/48 4361/4682/4361 2074/2105/2074
f 46/47/47 2388/4683/2389 4362/4684/4362
f 4363/4685/4363 2074/2105/2074 1704/4686/1704
f 4363/4685/4363 47/4681/48 2074/2105/2074
f 585/586/586 809/808/808 2256/2293/2255
f 47/48/48 4363/4687/4363 48/46/46
f 3025/4688/3026 4106/4362/4106 3028/4364/3027
f 3425/3547/3425 4364/4689/4364 4365/4690/4365
f 2090/2122/2091 2087/2119/2088 3838/4029/3838
f 618/616/616 2878/2941/2879 2880/2940/2878
f 1058/1066/1059 1336/1351/1337 1059/1064/1057
f 1710/1734/1711 1063/1071/1064 1711/1732/1709
f 3500/3644/3501 4366/4691/4366 2809/2869/2810
f 876/878/877 4367/4692/4367 1912/1939/1912
f 4367/4692/4367 876/878/877 4368/4693/4368
f 1710/1734/1711 1064/1069/1062 1063/1071/1064
f 3132/3215/3132 4369/4694/4369 2928/2997/2929
f 4369/4694/4369 3473/3608/3473 2928/2997/2929
f 1912/4695/1912 4367/4696/4367 1547/1566/1548
f 3238/4697/3237 314/315/315 4021/4254/4021
f 3237/4698/3238 315/313/313 314/315/315
f 3266/3371/3267 3563/3708/3561 3267/3370/3266
f 1987/2015/1988 1299/1313/1300 2703/2758/2703
f 9/7/7 1090/1098/1091 7/8/8
f 3840/4699/3839 4370/4700/4370 434/4224/435
f 2055/4701/2055 4371/4702/4371 3825/4703/3825
f 520/518/518 906/908/907 921/923/922
f 3426/4704/3426 4010/4241/4009 3008/4705/3008
f 4372/4706/4372 2834/2895/2835 1403/1415/1401
f 3083/3164/3084 3474/4707/3474 4373/4708/4373
f 2343/2384/2343 4374/4709/4374 2431/2476/2431
f 2590/2641/2591 3908/4118/3909 248/247/247
f 1356/4710/1357 4375/4711/4375 2640/2690/2640
f 1015/1020/1016 3837/4026/3835 4376/4712/4376
f 4377/4713/4377 3947/4222/3947 1117/1125/1118
f 3100/3180/3100 2518/2566/2519 4378/4714/4378
f 299/300/300 4379/4715/4379 4380/4716/4380
f 410/408/408 2783/2840/2781 408/409/409
f 1374/1389/1375 2815/2874/2814 4381/4717/4381
f 4382/4718/4382 3145/4719/3144 4229/4508/4229
f 670/671/671 651/652/652 2648/2698/2648
f 1571/1590/1572 1570/1589/1571 3488/4720/3488
f 4083/4331/4083 253/254/254 2348/2389/2348
f 430/431/431 2774/2833/2774 431/432/432
f 3900/4108/3901 3899/4107/3900 4383/4721/4383
f 1733/1754/1731 3900/4108/3901 4383/4721/4383
f 541/542/542 1152/1159/1152 542/543/543
f 4384/4722/4384 373/374/374 1901/1927/1901
f 1259/1271/1260 1076/1084/1077 2314/2354/2314
f 4385/4723/4385 3948/4165/3948 391/392/392
f 2561/2610/2561 2361/2404/2361 4386/4724/4386
f 4387/4725/4387 2179/2213/2180 2181/2212/2179
f 9/3490/7 1482/1498/1483 1090/4726/1091
f 2152/2185/2153 4388/4727/4388 3352/3463/3352
f 4389/4728/4389 4388/4727/4388 2152/2185/2153
f 4141/4404/4141 2697/2751/2697 1969/1994/1967
f 3499/3639/3497 1655/4729/1654 3497/3640/3498
f 935/936/935 2957/3026/2955 4390/4730/4390
f 4391/4731/4391 3633/4732/3633 3970/4190/3969
f 4394/4733/4392 4392/4734/4393 4393/4735/4394
f 4396/4736/4395 4395/4737/4396 2698/4738/2698
f 1649/1669/1650 1650/1668/1649 3408/3529/3408
f 3995/4739/3996 4397/4740/4397 4398/4741/4398
f 2993/3069/2994 2994/3068/2993 4075/4320/4074
f 706/707/707 756/755/755 707/705/705
f 1952/1980/1953 1953/1979/1952 1080/1085/1078
f 4399/4742/4399 4074/4321/4075 2994/3068/2993
f 3244/3346/3243 398/396/396 1459/1475/1460
f 4063/4306/4063 367/368/368 793/4743/794
f 3211/3307/3211 3845/4744/3845 1418/1433/1418
f 1761/1782/1759 1741/1765/1742 3859/4054/3859
f 1766/1788/1765 1761/1782/1759 3859/4054/3859
f 4401/4745/4400 4400/4746/4401 3804/3991/3805
f 3676/3845/3676 299/300/300 4380/4716/4380
f 1883/1907/1882 601/601/601 573/574/574
f 3072/3152/3073 2364/2408/2365 1659/1680/1660
f 9/3490/7 1481/1496/1481 1482/1498/1483
f 1807/1828/1805 1806/1830/1807 3708/3879/3707
f 4402/4747/4402 3170/3258/3170 3848/4041/3848
f 4404/4748/4403 661/662/662 4403/4749/4404
f 4253/4542/4253 1982/2010/1983 1984/2009/1982
f 2680/2733/2680 3687/3856/3686 4405/4750/4405
f 4406/4751/4406 3508/3653/3509 3509/3652/3508
f 897/899/898 628/626/626 3958/4176/3958
f 3356/3467/3356 1614/1630/1612 1613/1632/1614
f 4407/4752/4407 2363/2406/2363 4087/4335/4087
f 1494/1510/1494 3766/3951/3766 1821/1843/1820
f 1748/1769/1746 4291/4594/4290 4290/4595/4291
f 747/748/748 297/298/298 748/746/746
f 3992/4753/3992 3990/4754/3990 2859/2919/2859
f 4410/4755/4408 4408/4756/4409 4409/4757/4410
f 1448/4758/1449 3405/3527/3406 4055/4295/4054
f 253/254/254 2523/4759/2522 1735/4760/1735
f 1713/1737/1714 722/723/723 3915/4761/3915
f 774/774/774 773/773/773 771/772/772
f 390/391/391 3255/3360/3256 3092/3172/3092
f 4411/4762/4411 2244/2282/2244 2127/2160/2128
f 207/205/205 4094/4343/4094 4272/4763/4272
f 458/459/459 619/619/619 2050/2081/2050
f 1055/3076/1056 3703/3873/3702 4412/4764/4412
f 3852/4045/3852 538/539/539 4413/4765/4413
f 4012/4246/4013 2595/2646/2596 2597/2645/2595
f 2237/2273/2237 2685/2739/2685 1850/4766/1851
f 4415/4767/4414 3169/3257/3169 4414/4768/4415
f 2613/2663/2613 318/316/316 4416/4769/4416
f 1176/1183/1176 3336/3440/3335 4256/4545/4256
f 2907/2974/2908 2990/3065/2990 2908/2975/2909
f 4060/4303/4060 1642/1662/1643 1641/1661/1642
f 1169/1177/1170 3626/3790/3627 2069/2101/2070
f 495/494/494 3239/3340/3239 840/840/840
f 1173/1181/1174 4035/4270/4034 4034/4272/4035
f 4038/4275/4038 4356/4676/4356 4417/4770/4417
f 3607/3766/3607 2483/2528/2481 2482/2530/2483
f 1221/1231/1222 1223/1230/1221 2313/2353/2313
f 1425/1438/1423 1424/1440/1425 1674/1694/1673
f 4419/4771/4418 4418/4772/4419 2385/2427/2384
f 4421/4773/4420 4420/4774/4421 2231/2268/2232
f 2804/2863/2804 4422/4775/4422 2922/2990/2922
f 22/23/23 4084/4776/4084 23/24/24
f 3754/3939/3754 725/726/726 727/725/725
f 61/62/62 63/61/61 3675/3844/3675
f 2019/2045/2017 2476/2522/2475 72/70/70
f 3912/4122/3912 4423/4777/4423 1500/1514/1498
f 600/598/598 2000/2028/2000 598/599/599
f 4425/4778/4424 4097/4350/4098 4424/4779/4425
f 2224/2256/2222 2777/2836/2777 2222/2257/2223
f 2477/2525/2478 749/750/750 249/250/250
f 2635/2685/2635 1005/1007/1003 1004/1009/1005
f 2475/2523/2476 2984/3058/2984 4015/4249/4016
f 2475/2523/2476 2018/2047/2019 2984/3058/2984
f 210/208/208 209/210/210 1061/1067/1060
f 4427/4780/4426 1313/1327/1314 4426/4781/4427
f 1109/1115/1108 1001/1006/1002 2338/2379/2338
f 4429/4782/4428 4428/4783/4429 2108/2140/2108
f 713/714/714 4419/4771/4418 2385/2427/2384
f 2264/2305/2265 2519/2565/2518 4430/4784/4430
f 777/775/775 2796/2854/2795 1754/1777/1754
f 2578/2628/2579 1069/1074/1067 2579/2629/2580
f 1072/1080/1073 861/859/859 2847/2908/2848
f 1227/1237/1228 4431/4785/4431 2895/2957/2895
f 3085/3165/3085 2602/2653/2603 2250/2287/2249
f 273/274/274 274/273/273 4432/4786/4432
f 3612/3774/3613 669/670/670 671/669/669
f 1667/1689/1668 1668/1688/1667 1449/1465/1450
f 3373/3484/3373 1834/1858/1835 1833/1857/1834
f 1310/1324/1311 2203/2234/2201 2202/2236/2203
f 4434/4787/4433 3798/3983/3797 4433/4788/4434
f 2668/2720/2668 2667/2719/2667 3592/3748/3592
f 864/862/862 863/864/864 1830/1854/1831
f 2961/3032/2960 4298/4605/4298 4092/4341/4092
f 382/383/383 4405/4750/4405 3355/3466/3355
f 4435/4789/4435 55/56/56 3533/3678/3533
f 1217/1226/1217 3816/4003/3816 3277/3382/3278
f 1385/1399/1385 197/198/198 1386/1400/1386
f 2453/2501/2454 400/401/401 3715/3891/3716
f 2830/2890/2830 1971/1997/1970 4436/4790/4436
f 1835/1856/1833 4044/4284/4044 4112/4372/4112
f 1715/1736/1713 3524/4172/3524 940/942/941
f 4438/4791/4437 1348/1363/1349 4437/4792/4438
f 3649/3817/3650 4220/4498/4220 3521/3665/3521
f 3342/4793/3342 3729/3906/3728 2912/2979/2912
f 293/294/294 3106/3186/3106 3994/4223/3994
f 4440/4794/4439 2106/2139/2107 4439/4795/4440
f 3778/3964/3778 2896/2959/2897 2702/2756/2701
f 2728/2786/2728 2243/2281/2243 588/589/589
f 370/371/371 369/370/370 374/372/372
f 216/214/214 215/216/216 3822/4009/3822
f 2373/2416/2373 539/540/540 3852/4045/3852
f 1643/1660/1641 3629/3793/3630 1568/1587/1569
f 295/293/293 3089/3169/3089 1908/4796/1908
f 4441/4797/4441 3917/4126/3916 4089/4339/4090
f 3886/4089/3886 304/305/305 4442/4798/4442
f 2151/2181/2149 2150/2183/2151 3734/3914/3735
f 2956/3028/2957 2103/2136/2104 2958/3029/2958
f 4443/4799/4443 3173/4800/3173 301/299/299
f 1742/1763/1740 4444/4801/4444 3622/3785/3622
f 3680/3850/3681 2646/2697/2647 2926/2994/2926
f 1332/1347/1333 1331/1346/1332 3714/3887/3714
f 4003/4236/4004 4002/4235/4003 4203/4477/4203
f 2407/2452/2407 4215/4492/4215 1125/1133/1126
f 4421/4773/4420 4445/4802/4445 4446/4803/4446
f 2012/2041/2013 3079/3158/3078 2013/2039/2011
f 257/258/258 1088/1094/1087 2985/3059/2985
f 1075/1082/1075 4311/4622/4312 619/619/619
f 2889/2950/2888 1130/1138/1131 2185/2218/2185
f 4403/4749/4404 661/662/662 1736/1759/1736
f 1130/1138/1131 2888/2951/2889 3581/3733/3581
f 4448/4804/4447 3999/4231/3999 4447/4805/4448
f 4266/4563/4267 2228/2265/2229 2104/4565/2102
f 4449/4806/4449 2967/3038/2966 3073/3150/3071
f 4379/4715/4379 1404/1419/1404 1814/1836/1813
f 4448/4804/4447 2081/2113/2082 2083/2112/2081
f 4450/4807/4450 1637/1654/1635 3646/3811/3645
f 855/853/853 854/855/855 1278/4808/1279
f 855/853/853 1278/4808/1279 3926/4809/3926
f 2885/2948/2886 2085/2115/2084 4335/4648/4335
f 2302/2343/2303 2085/2115/2084 2885/2948/2886
f 3667/3835/3667 1324/3834/1325 4451/4810/4451
f 1555/1571/1553 1554/1573/1555 4452/4811/4452
f 3682/3852/3683 1915/1941/1914 3683/3853/3684
f 3834/4025/3834 907/909/908 1573/1592/1574
f 1635/1655/1636 1223/1230/1221 3160/3248/3160
f 4453/4812/4453 1685/1709/1686 1284/1295/1283
f 1544/1563/1545 3638/3804/3638 1239/1249/1240
f 1408/1423/1408 1678/1700/1679 1677/1699/1678
f 3278/3381/3277 3521/3665/3521 3277/3382/3278
f 1738/1762/1739 2490/2538/2491 113/114/114
f 1890/1916/1891 4454/4813/4454 1891/1917/1892
f 2249/2288/2250 2536/2584/2536 3722/3898/3723
f 471/469/469 2034/2063/2034 2030/2059/2030
f 446/447/447 445/446/446 4016/4248/4015
f 2995/3071/2996 4263/4554/4263 4455/4814/4455
f 1981/2008/1981 1853/1879/1854 2167/2200/2165
f 3511/3656/3512 3813/4001/3814 4369/4694/4369
f 739/737/737 4456/4815/4456 1424/1440/1425
f 3395/3513/3395 1160/1168/1161 2215/2250/2216
f 4006/4816/4007 4457/4817/4457 4322/4632/4320
f 4006/4239/4007 4407/4752/4407 4087/4335/4087
f 1204/1210/1203 1203/1212/1204 1689/1712/1689
f 1815/1838/1815 4428/4783/4429 3312/3417/3313
f 4458/4818/4458 39/37/37 3593/4819/3593
f 928/927/926 3151/3239/3152 269/3747/269
f 3679/3848/3679 308/306/306 4459/4820/4459
f 4460/4821/4460 2376/2420/2377 2378/2419/2376
f 1946/1972/1945 3195/3286/3195 906/908/907
f 4462/4822/4461 126/124/124 4461/4823/4462
f 922/921/920 3196/3287/3196 1312/1323/1310
f 2591/4824/2589 3711/3885/3712 2589/4825/2590
f 4464/4826/4463 4463/4827/4464 2301/2342/2302
f 1332/1347/1333 1611/1629/1611 1601/1620/1602
f 1363/1378/1364 2841/2902/2842 4202/4476/4202
f 4465/4828/4465 3444/3570/3445 1589/1608/1590
f 3444/3570/3445 4465/4828/4465 3445/3571/3446
f 1257/1269/1258 4466/4829/4466 1258/1267/1256
f 4142/4407/4142 842/2705/843 1003/4830/1004
f 3118/3198/3116 3522/3667/3523 4467/4831/4467
f 2213/2248/2214 811/812/812 3042/3119/3042
f 4175/4441/4174 4174/4442/4175 4177/4446/4178
f 897/899/898 800/801/801 628/626/626
f 4468/4832/4468 114/112/112 2490/2538/2491
f 1010/1015/1011 1009/1014/1010 4469/4833/4469
f 2259/4834/2259 4470/4835/4470 4471/4836/4471
f 2387/2430/2387 2386/2429/2386 4107/4365/4107
f 1440/1454/1439 1202/1208/1201 1201/1209/1202
f 4002/4235/4003 1310/1324/1311 4359/4678/4358
f 2865/2926/2866 2992/3067/2992 2991/3066/2991
f 2519/2565/2518 2518/2566/2519 3100/3180/3100
f 4472/4837/4472 2898/4838/2896 2897/4111/2898
f 4473/4839/4473 3992/4753/3992 737/738/738
f 2540/2588/2540 2736/2793/2735 2728/2786/2728
f 2728/2786/2728 2736/2793/2735 2243/2281/2243
f 4149/4415/4150 4148/4414/4149 4474/4840/4474
f 4475/4841/4475 304/305/305 3885/4088/3885
f 3885/4088/3885 304/305/305 3886/4089/3886
f 1123/1130/1123 4142/4407/4142 3004/3081/3004
f 1691/1715/1692 222/220/220 3346/3453/3346
f 2038/2066/2037 2037/2067/2038 4248/4533/4248
f 4068/4313/4069 4476/4842/4476 465/463/463
f 4477/4843/4477 801/799/799 3973/4196/3973
f 2105/2138/2106 3973/4844/3973 4478/4845/4478
f 2232/2269/2233 2231/2268/2232 1657/1676/1656
f 4296/4602/4296 1657/1676/1656 2231/2268/2232
f 102/100/100 1616/1633/1615 427/428/428
f 4045/4846/4045 3648/3815/3648 4410/4755/4408
f 4434/4847/4433 270/271/271 3797/4848/3798
f 4479/4849/4479 3470/3603/3469 2037/2067/2038
f 4163/4430/4164 138/136/136 1307/4431/1308
f 95/96/96 2778/2837/2778 96/94/94
f 1515/1533/1516 1514/1532/1515 3457/3585/3457
f 4327/4638/4325 4392/4734/4393 2740/2799/2741
f 1498/1515/1499 586/584/584 585/586/586
f 2905/2972/2906 2530/2578/2530 2200/2577/2200
f 668/668/668 3077/3156/3076 1412/1428/1413
f 1586/1605/1587 3708/3879/3707 1184/1192/1185
f 3413/4635/3414 4324/4637/4324 4480/4850/4480
f 2845/2905/2845 3413/3536/3414 4480/4851/4480
f 2408/2453/2408 1213/1222/1213 4010/4241/4009
f 1253/1264/1253 3233/3332/3233 1729/1752/1729
f 1195/1203/1196 3323/3428/3323 2410/2456/2411
f 1403/1415/1401 4313/4623/4313 4191/4852/4192
f 4043/4283/4043 3899/4107/3900 4481/4853/4481
f 250/251/251 864/862/862 251/249/249
f 3600/3757/3599 1040/1045/1041 2588/2638/2588
f 4482/4854/4482 4081/4329/4081 575/576/576
f 3925/4137/3925 4081/4329/4081 4482/4854/4482
f 3030/3107/3030 381/382/382 383/381/381
f 3844/4035/3844 3116/3199/3117 3118/3198/3116
f 2042/2073/2043 4483/4855/4483 656/657/657
f 4485/4856/4484 3661/3829/3662 4484/4857/4485
f 4486/4858/4486 418/419/419 1743/1767/1744
f 4487/4859/4487 359/357/357 358/359/359
f 2812/2870/2811 2513/2560/2513 2811/2871/2812
f 4488/4860/4488 3860/4055/3860 3859/4054/3859
f 2698/2753/2698 1665/1686/1665 1904/1931/1905
f 4489/4861/4489 4387/4725/4387 4283/4586/4283
f 1751/1772/1749 2436/2481/2436 1749/1773/1750
f 394/395/395 393/394/394 755/756/756
f 4490/4862/4490 775/776/776 528/529/529
f 1674/1694/1673 4306/4615/4306 3297/3401/3297
f 1674/1694/1673 3297/3401/3297 742/740/740
f 2324/2365/2325 1027/1030/1026 1949/1976/1949
f 2324/2365/2325 4366/4691/4366 4491/4863/4491
f 2800/2857/2798 2799/2859/2800 4492/4864/4492
f 4493/4865/4493 2575/2625/2576 3462/4866/3463
f 2915/2983/2916 4494/4867/4494 1983/2011/1984
f 3061/4868/3061 1572/4869/1570 3204/3296/3203
f 1829/1851/1828 4495/4870/4495 1900/1926/1900
f 1829/1851/1828 1051/1058/1051 4495/4870/4495
f 4328/4641/4328 2679/2732/2679 1492/1509/1493
f 4371/4702/4371 4496/4871/4496 1986/2012/1985
f 743/744/744 3533/3678/3533 1348/1363/1349
f 1940/1966/1939 1884/1909/1884 642/643/643
f 1026/1031/1027 3037/3115/3038 1948/1975/1948
f 3240/4872/3241 4415/4767/4414 3241/4873/3242
f 1806/1830/1807 4183/4451/4183 3717/3892/3717
f 1321/1335/1321 3102/3183/3103 1322/1336/1322
f 3007/3084/3007 3124/3205/3123 1565/1584/1566
f 4497/4874/4497 805/806/806 804/805/805
f 2420/2466/2421 4352/4669/4352 1330/1343/1329
f 1329/1344/1330 1330/1343/1329 4352/4669/4352
f 3708/3879/3707 1806/1830/1807 3717/3892/3717
f 1929/1957/1930 3248/3351/3248 3938/4152/3938
f 2205/2239/2206 1268/4875/1269 2206/2240/2207
f 662/663/663 941/940/939 4498/4876/4498
f 4499/4877/4499 3817/4004/3817 2731/2787/2729
f 4499/4877/4499 2527/2575/2528 3817/4004/3817
f 4501/4878/4500 2849/2909/2849 4500/4879/4501
f 3861/4056/3861 1628/1645/1626 1627/1647/1628
f 2909/2973/2907 3501/3643/3500 1535/1553/1535
f 1535/1553/1535 3501/3643/3500 143/144/144
f 319/320/320 327/325/325 1606/1624/1606
f 2902/2963/2901 4502/4880/4502 4445/4802/4445
f 680/678/678 464/465/465 463/464/464
f 4185/4881/4184 4503/4882/4503 2249/2288/2250
f 4504/4883/4504 1038/1040/1036 1037/1042/1038
f 4505/4884/4505 1470/1486/1471 2579/2629/2580
f 4147/4410/4145 4506/4885/4506 4145/4411/4146
f 3574/3723/3573 3091/3170/3090 4507/4886/4507
f 3066/3143/3064 3065/3145/3066 3805/3990/3804
f 2499/2547/2500 1082/1090/1083 1084/1089/1082
f 1599/1618/1600 3565/3713/3566 2117/2149/2117
f 1598/1617/1599 3565/3713/3566 1599/1618/1600
f 1875/1899/1874 3009/3086/3009 4150/4413/4148
f 1875/1899/1874 4150/4413/4148 1874/1900/1875
f 732/733/733 1176/1183/1176 31/32/32
f 2053/2085/2054 3468/3602/3468 4061/4304/4061
f 111/109/109 1369/1383/1369 2808/2866/2807
f 1265/1277/1266 1264/1276/1265 2540/2588/2540
f 3371/3483/3372 717/718/718 3738/3917/3738
f 4083/4331/4083 2612/2660/2610 254/252/252
f 129/127/127 4508/4887/4508 3964/4184/3965
f 4253/4542/4253 2248/2286/2248 3140/3224/3140
f 492/493/493 491/492/492 1999/2027/1999
f 2730/2789/2731 4509/4888/4509 4346/4889/4346
f 4111/4890/4111 4510/4891/4510 420/421/421
f 1261/1270/1259 4119/4380/4120 1259/1271/1260
f 2394/2437/2394 513/514/514 512/513/513
f 1124/1132/1125 1808/1831/1808 4511/4892/4511
f 4246/4531/4246 1178/1186/1179 3536/3681/3536
f 4181/4449/4181 2967/3038/2966 2789/2846/2787
f 3574/3723/3573 4202/4476/4202 3573/3724/3574
f 4512/4893/4512 4080/4328/4080 1898/4894/1897
f 2888/4895/2889 2581/2630/2581 2593/2643/2593
f 2133/2166/2134 4513/4896/4513 58/59/59
f 1576/1595/1577 1575/1594/1576 4195/4467/4195
f 3103/3181/3101 4195/4467/4195 1575/1594/1576
f 1289/1303/1290 4167/4434/4167 3651/3818/3651
f 4019/4897/4017 4018/4898/4019 1684/1705/1682
f 1248/1257/1246 286/284/284 1252/1263/1252
f 2858/2916/2856 3506/3651/3507 4514/4899/4514
f 3672/3841/3672 2987/3062/2987 4515/4900/4515
f 4517/4901/4516 477/475/475 4516/4902/4517
f 4518/4903/4518 3173/3261/3173 1404/3155/1404
f 844/845/845 3363/3474/3363 845/846/846
f 2330/2371/2330 578/579/579 139/140/140
f 579/4904/580 4519/4905/4519 4297/4906/4297
f 2069/2101/2070 3626/3790/3627 2064/2094/2063
f 583/581/581 578/579/579 580/578/578
f 964/1862/965 3456/3584/3456 3942/4155/3941
f 2707/2762/2707 3138/3222/3138 1069/1074/1067
f 4411/4762/4411 2126/2159/2127 3383/3495/3383
f 2636/2687/2637 4520/4907/4520 2831/2892/2832
f 925/924/923 1774/1795/1772 923/925/924
f 4017/4908/4018 3366/4909/3367 3226/3321/3224
f 2220/2255/2221 2219/2254/2220 1111/1117/1110
f 612/610/610 4521/4910/4521 4522/4911/4522
f 4523/4912/4523 4116/4376/4116 3895/4100/3895
f 4336/4649/4336 1512/1530/1513 1145/1153/1146
f 2233/2267/2231 3311/3415/3311 2231/2268/2232
f 1531/1548/1531 492/493/493 1999/2027/1999
f 4138/4401/4138 3724/3899/3724 1115/1122/1115
f 829/3596/827 2140/3597/2140 3465/3594/3465
f 947/946/945 4524/4913/4524 4525/4914/4525
f 1530/1545/1528 4317/4627/4317 1528/1546/1529
f 2403/2449/2404 53/54/54 4526/4915/4526
f 1294/1307/1294 4287/4916/4287 722/723/723
f 4287/4916/4287 3915/4761/3915 722/723/723
f 768/769/769 3110/3190/3108 3680/3850/3681
f 4528/4917/4527 4527/4918/4528 2933/2999/2931
f 4527/4918/4528 2931/3000/2932 2933/2999/2931
f 4529/4919/4529 1123/1130/1123 3053/3130/3052
f 3237/3337/3238 3234/3334/3235 315/4920/313
f 313/314/314 3234/4921/3235 3236/4922/3234
f 1051/1058/1051 2560/2607/2559 1617/1635/1617
f 3275/3379/3275 3027/4363/3028 4106/4362/4106
f 4530/4923/4530 577/575/575 1816/4924/1816
f 449/450/450 536/4516/537 2304/2344/2304
f 492/493/493 228/1549/226 2196/2738/2197
f 3401/3521/3401 353/351/351 352/353/353
f 2688/2742/2688 792/790/790 2046/2075/2044
f 2413/2459/2414 1078/1086/1079 2414/2460/2415
f 2606/2654/2604 3514/4925/3514 2471/4926/2472
f 4194/4466/4194 1205/1213/1205 246/244/244
f 1168/1176/1169 4531/4927/4531 2722/2777/2721
f 4533/4928/4532 4532/4929/4533 172/170/170
f 354/3509/355 3393/3508/3392 4187/4456/4186
f 2297/2338/2298 4050/4290/4050 2438/2486/2439
f 10/11/11 1708/4930/1708 2630/2679/2629
f 1743/1767/1744 3166/3253/3165 3165/3254/3166
f 3678/3847/3678 3508/3653/3509 3459/3589/3460
f 3396/3514/3396 4534/4931/4534 2536/4932/2536
f 1410/1425/1410 4535/4933/4535 1421/1436/1421
f 3343/3451/3344 18/16/16 4536/4934/4536
f 1584/1602/1584 1137/1145/1138 1585/1603/1585
f 4537/4935/4537 3226/3321/3224 3225/3323/3226
f 2963/3036/2964 2964/3035/2963 4538/4936/4538
f 1067/1075/1068 1288/1299/1286 1287/1301/1288
f 3927/4140/3927 3764/3949/3764 4539/4937/4539
f 3077/3156/3076 3076/3157/3077 2954/3025/2954
f 1318/1333/1319 575/576/576 4081/4329/4081
f 4540/4938/4540 3029/3106/3029 3799/3985/3799
f 3621/3783/3620 4541/4939/4541 3089/3169/3089
f 451/452/452 468/466/466 452/453/453
f 851/852/852 2829/2889/2829 144/142/142
f 2603/2651/2601 2058/2088/2057 2068/2098/2067
f 4542/4940/4542 4386/4724/4386 2140/3597/2140
f 3481/3620/3481 1668/3622/1667 4543/4941/4543
f 1902/1928/1902 498/496/496 497/498/498
f 498/496/496 1902/1928/1902 3470/3603/3469
f 1940/1966/1939 1430/1446/1431 1884/1909/1884
f 3307/3411/3307 3243/3347/3244 1243/1255/1244
f 3478/3616/3478 3853/4046/3853 2587/2637/2587
f 4545/4942/4544 4544/4943/4545 367/2784/368
f 2747/2805/2747 2053/2085/2054 4058/4301/4058
f 2655/4944/2655 3886/4089/3886 3268/3373/3269
f 4256/4545/4256 1581/1597/1579 32/33/33
f 573/574/574 572/573/573 3262/3367/3263
f 3256/3359/3255 390/391/391 4546/4945/4546
f 2592/2642/2592 1449/1465/1450 4055/4946/4054
f 4466/4829/4466 4048/4289/4049 1258/1267/1256
f 2923/2992/2924 3142/3227/3143 4165/4432/4165
f 1284/1295/1283 1685/1709/1686 1775/1799/1776
f 2640/2690/2640 1953/1979/1952 1654/1675/1655
f 4106/4362/4106 3025/4688/3026 3024/3601/3025
f 970/974/971 4106/4362/4106 3024/3601/3025
f 155/156/156 4547/4947/4547 4222/4500/4222
f 3149/3235/3150 4548/4948/4548 2719/4949/2718
f 4549/4950/4549 1777/1800/1777 2791/2850/2791
f 2221/2253/2219 2220/2255/2221 2805/2864/2805
f 3852/4045/3852 2221/2253/2219 2805/2864/2805
f 1248/1257/1246 1252/1263/1252 4550/4951/4550
f 4551/4952/4551 1013/1017/1013 1012/1016/1012
f 413/411/411 284/285/285 1897/1924/1898
f 1785/1808/1785 1781/1805/1782 3806/3992/3806
f 1675/4953/1676 3483/3625/3484 4552/4954/4552
f 817/815/815 2882/2944/2882 466/467/467
f 3483/4955/3484 3482/4323/3483 4076/4322/4076
f 2646/2697/2647 4192/4956/4191 4313/4623/4313
f 2650/2700/2650 3169/3257/3169 86/87/87
f 4553/4957/4553 105/103/103 104/105/105
f 4219/4958/4219 1988/2016/1989 4554/4959/4554
f 4390/4730/4390 94/95/95 4555/4960/4555
f 3652/3819/3652 2872/2932/2872 4556/4961/4556
f 528/529/529 4241/4525/4241 4490/4862/4490
f 3928/4141/3928 2291/2332/2292 3612/3774/3613
f 3505/3650/3506 2558/4962/2556 3506/3651/3507
f 994/1217/994 2573/2623/2574 2572/2622/2573
f 1569/1585/1567 2809/2869/2810 3012/3089/3012
f 1859/1883/1858 4557/4963/4557 1623/1643/1624
f 3709/3881/3709 4558/4964/4558 2693/2748/2694
f 2917/2985/2918 4393/4735/4394 4559/4965/4559
f 2917/2985/2918 4394/4733/4392 4393/4735/4394
f 4438/4791/4437 2399/2443/2400 4145/4411/4146
f 2543/2591/2543 95/96/96 1328/1340/1326
f 4560/4966/4560 600/598/598 1593/1612/1594
f 599/600/600 1593/1612/1594 600/598/598
f 3709/3881/3709 3201/3295/3202 4561/4967/4561
f 4563/4968/4562 1042/1046/1042 4562/4969/4563
f 731/729/729 730/731/731 3849/4042/3849
f 699/700/700 701/699/699 3982/4207/3982
f 4565/4970/4564 905/904/903 4564/4971/4565
f 1846/1872/1847 3122/3203/3121 3993/4972/3993
f 3993/4972/3993 1847/1871/1846 1846/1872/1847
f 4566/4973/4566 1440/4974/1439 1439/3442/1440
f 2160/2191/2159 1688/1711/1688 2159/2192/2160
f 2814/2875/2815 4567/4975/4567 4473/4839/4473
f 4568/4976/4568 4565/4977/4564 4564/4978/4565
f 254/252/252 253/254/254 4083/4331/4083
f 1272/1283/1272 823/821/821 3877/4074/3876
f 3113/3195/3113 4355/4675/4355 4569/4979/4569
f 4566/4973/4566 4570/4980/4570 4571/4981/4571
f 2020/2049/2021 1512/1530/1513 4336/4649/4336
f 4572/4982/4572 3553/3699/3553 2187/2221/2188
f 1685/1709/1686 1687/1708/1685 1497/1511/1495
f 2007/2034/2006 3332/3435/3330 3331/3437/3332
f 2503/2550/2503 688/689/689 1207/1214/1206
f 4215/4492/4215 2407/2452/2407 4573/4983/4573
f 4574/4984/4574 95/96/96 94/95/95
f 4097/4350/4098 4216/4494/4216 4575/4985/4575
f 4576/4986/4576 1451/1467/1452 4231/4511/4231
f 4575/4987/4575 2826/2886/2826 4424/4988/4425
f 1801/1825/1802 4335/4648/4335 2959/3030/2959
f 3438/3559/3436 4577/4989/4577 4292/4990/4292
f 4098/4348/4097 4578/4991/4578 4579/4992/4579
f 2360/2403/2360 2251/2290/2252 427/428/428
f 4581/4993/4580 4580/4994/4581 3938/4152/3938
f 3513/3657/3513 720/721/721 4582/4995/4582
f 2929/2996/2928 3966/4183/3964 1830/1854/1831
f 2250/2287/2249 2602/2653/2603 3988/4214/3988
f 498/496/496 4583/4996/4583 496/497/497
f 777/775/775 776/777/777 1304/1317/1304
f 2796/2854/2795 777/775/775 1304/1317/1304
f 4585/4997/4584 3199/3288/3197 4584/4998/4585
f 2713/2768/2713 1996/2025/1997 1995/2024/1996
f 2713/2768/2713 2712/2767/2712 1996/2025/1997
f 3566/3712/3565 3565/3713/3566 3846/4039/3846
f 1598/1617/1599 3846/4039/3846 3565/3713/3566
f 745/743/743 744/745/745 4586/4999/4586
f 571/5000/570 570/5001/571 260/261/261
f 4483/5002/4483 649/649/649 4485/5003/4484
f 403/5004/404 3684/3851/3682 4051/4291/4051
f 4049/4288/4048 2029/2057/2029 1258/1267/1256
f 1550/1569/1551 460/461/461 1551/1570/1552
f 3816/4003/3816 1276/1287/1276 4341/4654/4341
f 1635/1655/1636 3898/5005/3898 1636/1656/1637
f 91/92/92 2241/2279/2241 2979/3054/2980
f 1883/1907/1882 1882/1908/1883 2979/3054/2980
f 4587/5006/4587 1623/1643/1624 3609/3769/3610
f 3630/3792/3629 1642/1662/1643 4588/5007/4588
f 312/312/312 1209/1219/1210 183/184/184
f 2229/2266/2230 3812/3999/3812 2516/2563/2516
f 2205/2239/2206 1315/5008/1313 3906/4114/3906
f 981/982/979 980/984/981 2422/2465/2420
f 3031/3108/3031 242/243/243 241/242/242
f 4589/5009/4589 4068/4313/4069 3370/5010/3368
f 2271/2312/2272 2838/2898/2838 982/986/983
f 2838/2898/2838 4293/4598/4293 982/986/983
f 1300/1311/1298 2555/2603/2555 1298/1312/1299
f 305/303/303 304/305/305 4475/4841/4475
f 1271/1282/1271 823/821/821 1272/1283/1272
f 3163/3251/3163 4590/5011/4590 3194/3285/3194
f 2827/2888/2828 2497/2545/2498 2496/2544/2497
f 568/569/569 1363/1378/1364 569/567/567
f 1924/1952/1925 4291/4594/4290 3086/3166/3086
f 3301/3406/3302 3924/4136/3924 3639/3806/3640
f 4533/4928/4532 4591/5012/4591 4532/4929/4533
f 274/273/273 110/111/111 3326/3431/3326
f 3536/3681/3536 2920/2988/2921 4592/5013/4592
f 1651/1670/1651 1034/1039/1035 3412/3534/3412
f 2044/2076/2045 2046/2075/2044 1471/1485/1470
f 1602/1621/1603 1611/1629/1611 4059/4302/4059
f 1203/1212/1204 1089/1097/1090 1688/1711/1688
f 4593/5014/4593 1404/3155/1404 3172/3260/3172
f 4594/5015/4594 4245/4530/4245 2931/3000/2932
f 1195/1203/1196 2410/2456/2411 2409/2455/2410
f 1154/1162/1155 3059/3137/3058 4595/5016/4595
f 1488/1503/1488 93/91/91 580/578/578
f 2011/2040/2012 1186/1193/1186 4560/4966/4560
f 4169/4435/4168 1345/1360/1346 1347/1359/1345
f 3242/3341/3240 4035/4270/4034 1173/1181/1174
f 3135/3219/3135 1504/1520/1504 778/779/779
f 1888/1912/1887 105/103/103 1800/1823/1800
f 4573/4983/4573 2942/3014/2943 4215/4492/4215
f 554/553/553 1429/1445/1430 65/66/66
f 2468/2514/2467 1504/1520/1504 3135/3219/3135
f 3443/5017/3443 3385/3498/3385 1218/1228/1219
f 2953/3024/2953 1934/1962/1935 2757/2817/2758
f 4598/5018/4596 4596/5019/4597 4597/5020/4598
f 3305/3408/3304 666/667/667 2678/2731/2678
f 3757/3940/3755 623/624/624 2321/2361/2321
f 543/541/541 894/896/895 1933/1961/1934
f 4521/4910/4521 611/612/612 4599/5021/4599
f 4382/4718/4382 4600/5022/4600 3145/4719/3144
f 2082/2114/2083 264/265/265 4079/4327/4079
f 986/5023/987 3414/3535/3413 2845/2905/2845
f 3116/3199/3117 3844/4035/3844 3927/4140/3927
f 1359/1373/1359 268/266/266 3461/3590/3461
f 4037/4274/4037 3652/3819/3652 4556/4961/4556
f 648/648/648 4601/5024/4601 649/649/649
f 4602/5025/4602 3636/3800/3635 636/634/634
f 758/759/759 767/768/768 4603/5026/4603
f 2410/2456/2411 131/132/132 130/131/131
f 2563/2612/2563 1650/1668/1649 2564/2613/2564
f 2486/2533/2486 1418/1433/1418 3845/4744/3845
f 3174/3262/3174 1819/1841/1818 1621/1639/1620
f 3022/3098/3021 3021/3099/3022 2497/2545/2498
f 474/472/472 3328/3434/3329 472/473/473
f 3328/3434/3329 2565/2614/2565 472/473/473
f 2363/2406/2363 3789/5027/3790 1823/1847/1824
f 2505/2551/2504 1727/1751/1728 1726/1750/1727
f 2068/2098/2067 4030/4266/4030 2601/2652/2602
f 2570/2619/2570 1609/1628/1610 3510/3655/3511
f 1773/1797/1774 1772/1796/1773 4290/4595/4291
f 3975/4201/3976 4184/5028/4185 4172/4439/4172
f 3442/5029/3442 3376/3485/3374 3744/3926/3744
f 3367/3476/3365 4064/5030/4064 4604/5031/4604
f 3367/3476/3365 4176/4444/4176 4064/5030/4064
f 2739/2795/2737 4130/4391/4130 3535/3680/3535
f 3367/3476/3365 4604/5031/4604 3365/3477/3366
f 4604/5032/4604 3224/3322/3225 3365/5033/3366
f 878/880/879 288/289/289 879/881/880
f 1638/1657/1638 2498/2543/2496 4108/4366/4108
f 4605/5034/4605 1192/1200/1193 1194/1199/1192
f 3434/3556/3434 1422/1437/1422 510/510/510
f 766/766/766 4606/5035/4606 3808/3993/3807
f 4389/4728/4389 2718/2775/2719 4388/4727/4388
f 4220/4498/4220 680/678/678 3521/3665/3521
f 1574/1591/1573 70/71/71 2023/2051/2023
f 4308/4617/4308 4307/4616/4307 4423/4777/4423
f 4308/4617/4308 4423/4777/4423 3912/4122/3912
f 2369/4336/2367 4088/4337/4088 4607/5036/4607
f 3787/3972/3786 3623/5037/3623 1956/1982/1955
f 2529/2574/2527 3334/3439/3334 1476/1492/1477
f 698/698/698 4608/5038/4608 336/334/334
f 2021/2050/2022 2020/2049/2021 3321/3424/3320
f 1699/5039/1699 1033/3929/1034 1700/5040/1700
f 1699/5039/1699 4609/5041/4609 1033/3929/1034
f 3821/4008/3821 1188/1196/1189 3260/3365/3261
f 1039/1044/1040 155/156/156 2588/2638/2588
f 1260/1272/1261 2315/2355/2315 279/280/280
f 2252/2289/2251 2251/2290/2252 2360/2403/2360
f 1433/1449/1434 1127/1135/1128 4399/4742/4399
f 919/920/919 918/919/918 3962/4180/3962
f 3171/3259/3171 3243/3347/3244 1459/1475/1460
f 342/340/340 1510/1525/1509 1509/1527/1510
f 3547/3693/3547 29/30/30 28/29/29
f 3374/3566/3375 4610/5042/4610 3375/5043/3376
f 2676/2728/2675 870/871/871 3177/3264/3176
f 2423/2469/2424 3375/3487/3376 108/5044/106
f 2365/2409/2366 3071/3151/3072 3659/3826/3659
f 4234/4517/4234 3777/5045/3777 759/757/757
f 827/3595/828 4029/4265/4029 3666/5046/3664
f 4399/4742/4399 2994/3068/2993 1433/1449/1434
f 2703/2758/2703 1299/1313/1300 3273/3377/3273
f 3922/4135/3923 3302/5047/3300 914/916/915
f 2119/2152/2120 2652/2701/2651 2120/2150/2118
f 1305/1318/1305 2674/2727/2674 1306/1319/1306
f 3515/3660/3516 4578/4991/4578 3516/3659/3515
f 641/642/642 1457/1470/1455 1456/1472/1457
f 4612/5048/4611 4611/5049/4612 2853/2914/2854
f 1656/5050/1657 764/5051/762 3527/3672/3527
f 4051/5052/4051 4613/5053/4613 30/28/28
f 92/93/93 123/121/121 581/582/582
f 278/279/279 280/278/278 950/954/951
f 2839/5054/2839 152/153/153 4614/5055/4614
f 3528/3674/3529 3360/3471/3360 3530/3675/3530
f 119/120/120 3698/3869/3698 3913/4123/3913
f 392/390/390 3948/4165/3948 1863/1888/1863
f 4616/5056/4615 561/562/562 4615/5057/4616
f 3222/3319/3222 2563/2612/2563 3431/3554/3432
f 452/453/453 468/466/466 3363/3474/3363
f 4376/4712/4376 1696/1720/1697 1015/1020/1016
f 718/716/716 4617/5058/4617 460/461/461
f 2723/2779/2723 4188/4459/4189 4190/4458/4188
f 2937/3008/2937 2577/2624/2575 3207/3303/3207
f 2576/2626/2577 3207/3303/3207 2577/2624/2575
f 4582/4995/4582 719/720/720 1641/1661/1642
f 3663/5059/3663 940/942/941 2148/5060/2148
f 3259/3364/3260 4138/4401/4138 1115/1122/1115
f 12/874/10 11/5061/12 4618/5062/4618
f 361/362/362 4619/5063/4619 362/360/360
f 3127/3207/3125 3126/3209/3127 3134/3218/3134
f 1896/1919/1894 1895/1921/1896 1291/1302/1289
f 541/542/542 1933/1961/1934 2242/2280/2242
f 2711/2766/2711 718/716/716 2714/2769/2714
f 4621/5064/4620 4620/5065/4621 3837/4026/3835
f 4054/4296/4055 3407/3526/3405 1231/4159/1229
f 2717/2773/2717 3894/4099/3894 3745/3927/3745
f 2158/2189/2157 311/309/309 310/311/311
f 2572/2622/2573 2574/2621/2572 3578/3730/3578
f 4440/5066/4439 789/787/787 788/789/789
f 4623/5067/4622 4213/5068/4214 4622/5069/4623
f 4624/5070/4624 4623/5067/4622 4622/5069/4623
f 4510/4891/4510 2345/2385/2344 420/421/421
f 2246/5071/2246 1571/3629/1572 3489/3631/3489
f 4625/5072/4625 905/904/903 904/906/905
f 3729/3906/3728 4087/4335/4087 3455/3583/3455
f 1338/1352/1338 4389/4728/4389 2874/2935/2875
f 4626/5073/4626 515/516/516 2558/2604/2556
f 1568/1587/1569 1567/1586/1568 3980/4205/3980
f 3732/3909/3731 4627/5074/4627 3731/3910/3732
f 3546/3692/3546 4306/4615/4306 4456/4815/4456
f 4628/5075/4628 4525/4914/4525 2585/2636/2586
f 2165/5076/2166 2168/2201/2168 4629/5077/4629
f 394/395/395 755/756/756 2842/2901/2841
f 2481/2529/2482 4630/5078/4630 2482/2530/2483
f 1657/1676/1656 4296/4602/4296 762/763/763
f 4495/4870/4495 3913/4123/3913 1828/1852/1829
f 1900/1926/1900 4495/4870/4495 1828/1852/1829
f 2593/2643/2593 3174/3262/3174 2594/2644/2594
f 4156/4510/4156 237/235/235 4158/5079/4158
f 4631/5080/4631 816/817/817 815/816/816
f 3787/3972/3786 1956/1982/1955 1955/1983/1956
f 3208/3305/3209 2485/2531/2484 3206/3302/3206
f 3208/3305/3209 4632/5081/4632 2485/2531/2484
f 1669/1691/1670 3576/3728/3576 1670/1690/1669
f 3446/3569/3444 3445/3571/3446 908/907/906
f 386/384/384 3296/3400/3296 384/385/385
f 3026/3101/3024 973/977/974 4633/5082/4633
f 1838/1861/1838 1575/1594/1576 3456/3584/3456
f 3922/4135/3923 3300/4134/3301 3302/5047/3300
f 4634/5083/4634 290/291/291 289/287/287
f 4635/5084/4635 2345/2385/2344 4510/4891/4510
f 1293/3245/1293 3556/5085/3556 3590/3742/3590
f 3590/5086/3590 3556/3703/3556 826/824/824
f 1559/1578/1560 2544/2592/2544 4636/5087/4636
f 3834/4025/3834 1590/1606/1588 1589/1608/1590
f 2893/2955/2893 3643/5088/3642 2868/2929/2869
f 1590/1606/1588 3834/4025/3834 1573/1592/1574
f 4637/5089/4637 4043/4283/4043 4481/4853/4481
f 3252/3354/3251 4638/5090/4638 2864/2922/2862
f 1500/1514/1498 1379/1394/1380 4639/5091/4639
f 4165/4432/4165 60/3230/58 59/5092/60
f 3112/3193/3111 1639/1658/1639 4108/4366/4108
f 4383/4721/4383 1826/1850/1827 3696/3867/3696
f 3504/3648/3504 331/332/332 4640/5093/4640
f 2789/2846/2787 2967/3038/2966 2966/3039/2967
f 552/550/550 551/552/552 2353/5094/2351
f 3687/3856/3686 4351/4668/4351 2623/2671/2621
f 2480/2527/2480 4641/5095/4641 2479/2526/2479
f 813/814/814 2855/2913/2853 4642/5096/4642
f 1877/1903/1878 4643/5097/4643 4504/4883/4504
f 4643/5097/4643 1038/1040/1036 4504/4883/4504
f 4453/4812/4453 4644/5098/4644 477/475/475
f 550/551/551 3128/5099/3128 2287/2326/2286
f 941/940/939 3663/5059/3663 3203/3298/3204
f 940/942/941 3663/5059/3663 941/940/939
f 4645/5100/4645 2103/2136/2104 3450/5101/3450
f 3408/3529/3408 4122/4383/4123 900/902/901
f 1384/1396/1382 2860/2921/2861 1870/1893/1868
f 3118/3198/3116 3117/3200/3118 4646/5102/4646
f 3730/3908/3730 2507/2553/2506 2506/2554/2507
f 652/650/650 784/785/785 243/241/241
f 2288/2329/2289 454/455/455 3258/3362/3258
f 1720/1742/1719 1719/1743/1720 2545/2594/2546
f 2545/2594/2546 3620/5103/3621 1720/1742/1719
f 2261/2300/2261 2262/2301/2262 1490/1504/1489
f 4647/5104/4647 980/984/981 979/983/980
f 1048/1055/1049 4460/4821/4460 3115/3197/3115
f 3568/3715/3567 1787/1811/1788 1797/3716/1798
f 1548/1938/1547 1912/1939/1912 1547/5105/1548
f 3310/3413/3309 3754/3939/3754 826/824/824
f 724/722/722 3310/3413/3309 826/824/824
f 1049/1053/1047 1048/1055/1049 3013/3090/3013
f 4648/5106/4648 3406/3528/3407 2342/3744/2340
f 4649/5107/4649 3623/3786/3623 1871/1897/1872
f 1354/1367/1353 4650/5108/4650 909/910/909
f 862/863/863 3543/3688/3542 1191/1197/1190
f 677/675/675 676/677/677 1839/1864/1840
f 681/682/682 3863/4059/3864 620/621/621
f 1090/1098/1091 1089/1097/1090 7/8/8
f 499/500/500 4651/5109/4651 1976/2004/1977
f 3431/3554/3432 3223/3320/3223 3222/3319/3222
f 3015/3092/3015 3014/3091/3014 2831/2892/2832
f 4220/4498/4220 3192/5110/3190 464/465/465
f 3361/3472/3361 2268/2306/2266 329/330/330
f 4652/5111/4652 2455/2503/2456 715/713/713
f 478/479/479 480/478/478 2346/2387/2346
f 3705/3877/3705 1004/1009/1005 841/842/842
f 841/5112/842 843/2704/841 2935/3002/2934
f 3218/3316/3219 1118/1126/1119 3947/4222/3947
f 3947/4164/3947 1050/1057/1050 3218/5113/3219
f 3261/3363/3259 1861/1887/1862 3259/3364/3260
f 3848/5114/3848 3148/3234/3149 4402/5115/4402
f 797/798/798 2845/2905/2845 798/796/796
f 1315/1326/1313 2207/2398/2205 1313/1327/1314
f 1722/1744/1721 181/179/179 180/181/181
f 2105/2138/2106 4477/5116/4477 3973/4844/3973
f 16/17/17 4157/4422/4157 3032/3109/3032
f 916/918/917 1306/1319/1306 917/917/916
f 2616/2667/2617 3944/4160/3944 4526/4915/4526
f 4654/5117/4653 4653/5118/4654 2840/5119/2840
f 1579/1598/1580 3617/3780/3617 1580/1599/1581
f 1579/1598/1580 2044/2076/2045 3617/3780/3617
f 4628/5075/4628 2585/2636/2586 2275/2314/2274
f 1452/1468/1453 4653/5118/4654 3050/3129/3051
f 3050/3129/3051 4653/5118/4654 4654/5117/4653
f 606/607/607 2195/2226/2193 2974/3048/2974
f 1908/1934/1908 4655/5120/4655 2545/2594/2546
f 2376/2420/2377 2538/2585/2537 2377/2421/2378
f 873/875/874 2118/2151/2119 1480/1495/1480
f 2789/2846/2787 2331/2373/2332 2201/2235/2202
f 2123/2153/2121 2527/5121/2528 4499/5122/4499
f 2986/3061/2986 2642/2693/2643 2644/2692/2642
f 4656/5123/4656 888/887/886 887/889/888
f 3794/4557/3795 3254/3358/3254 3253/3357/3253
f 1371/1386/1372 1370/1385/1371 1373/5124/1374
f 4657/5125/4657 3090/3171/3091 2462/2510/2463
f 730/731/731 3208/3305/3209 3849/4042/3849
f 1826/1850/1827 1825/1849/1826 3696/3867/3696
f 46/47/47 48/46/46 942/944/943
f 1944/1971/1944 2745/2803/2745 1790/1814/1791
f 4159/4424/4159 4289/4592/4289 4160/4425/4160
f 4148/4414/4149 2551/2600/2552 2550/2599/2551
f 4658/5126/4658 4263/4554/4263 4331/4644/4331
f 4659/5127/4659 3217/3312/3215 4479/4849/4479
f 1852/1875/1850 3084/3162/3082 2236/2270/2234
f 4660/5128/4660 2240/5129/2238 418/419/419
f 1122/1127/1120 1069/1074/1067 2578/2628/2579
f 2066/2096/2065 4635/5084/4635 2065/2097/2066
f 1604/1623/1605 4570/4980/4570 2147/2179/2147
f 4661/5130/4661 2978/3052/2978 2631/2681/2631
f 924/926/925 923/925/924 1276/1287/1276
f 1151/1158/1151 2437/2484/2437 211/212/212
f 2803/5131/2801 2802/3426/2803 3320/3425/3321
f 4488/4860/4488 3859/4054/3859 4662/5132/4662
f 1857/1882/1857 1526/1544/1527 1525/1543/1526
f 1591/1610/1592 356/354/354 355/356/356
f 2059/2090/2059 4663/5133/4663 2732/2791/2733
f 682/683/683 2256/2293/2255 683/681/681
f 2560/2607/2559 1051/1058/1051 1829/1851/1828
f 3644/3810/3644 3157/3244/3157 3156/3243/3156
f 525/526/526 1634/1653/1634 1979/2007/1980
f 1445/1461/1446 4065/5134/4065 1446/1462/1447
f 1065/1073/1066 4664/5135/4664 4665/5136/4665
f 3416/3538/3416 4622/5137/4623 4665/5138/4665
f 1074/1079/1072 277/275/275 276/277/277
f 1074/1079/1072 276/277/277 1072/1080/1073
f 4164/5139/4163 3342/3449/3342 4163/5140/4164
f 3765/3950/3765 592/590/590 346/347/347
f 409/410/410 592/590/590 3765/3950/3765
f 1159/5141/1157 3779/3965/3779 1157/5142/1158
f 3123/3206/3124 3007/3084/3007 3172/3260/3172
f 3523/3666/3522 4168/4436/4169 4169/4435/4168
f 1126/1131/1124 1125/1133/1126 4215/4492/4215
f 4660/5128/4660 418/419/419 4486/4858/4486
f 4244/4529/4244 569/567/567 3574/3723/3573
f 306/307/307 308/306/306 2565/2614/2565
f 1941/1969/1942 4001/4233/4001 2863/2924/2864
f 4001/4233/4001 1941/1969/1942 4583/4996/4583
f 969/971/968 1747/1771/1748 532/532/532
f 4666/5143/4666 2234/2271/2235 3283/3387/3283
f 3042/3119/3042 3463/3593/3464 3462/3592/3463
f 3597/3755/3597 3398/3517/3399 3400/3516/3398
f 1755/1778/1755 1888/1912/1887 1887/1913/1888
f 2112/2142/2110 339/337/337 3725/3902/3725
f 2072/2104/2073 2071/2103/2072 4317/4627/4317
f 4605/5034/4605 4000/4232/4000 3954/4171/3954
f 1273/1284/1273 3350/3461/3350 4667/5144/4667
f 4559/4965/4559 4326/4640/4327 3783/3970/3784
f 3868/5145/3868 1775/1799/1776 1497/1511/1495
f 1775/1799/1776 1685/1709/1686 1497/1511/1495
f 111/109/109 110/111/111 273/274/274
f 1361/1376/1362 3723/3897/3722 1036/1041/1037
f 4062/4305/4062 759/757/757 846/844/844
f 3067/3146/3067 4252/4541/4252 893/895/894
f 1326/1341/1327 95/96/96 4574/4984/4574
f 110/111/111 109/110/110 2807/2867/2808
f 2668/2720/2668 3592/3748/3592 1140/1148/1141
f 1982/2010/1983 1262/1274/1263 4110/4369/4110
f 1713/1737/1714 3915/4761/3915 1432/5146/1432
f 1714/1738/1715 1713/1737/1714 2673/5147/2673
f 3976/5148/3977 341/342/342 3977/5149/3975
f 513/514/514 3006/3083/3006 989/993/990
f 338/339/339 337/338/338 3841/4032/3841
f 4668/5150/4668 1488/1503/1488 3379/3491/3379
f 4215/4492/4215 3069/3148/3069 3068/3147/3068
f 1615/1634/1616 2988/3063/2988 1616/1633/1615
f 4644/5098/4644 4516/4902/4517 477/475/475
f 86/87/87 3240/4872/3241 2684/2737/2684
f 3087/3167/3087 3726/3903/3726 2131/2161/2129
f 3954/4171/3954 1446/1462/1447 3636/3800/3635
f 717/718/718 646/647/647 3738/3917/3738
f 4474/4840/4474 4148/4414/4149 526/524/524
f 3398/3517/3399 3597/3755/3597 4254/4543/4254
f 1529/1547/1530 1528/1546/1529 4048/4289/4049
f 3639/3806/3640 3369/3481/3370 3373/3484/3373
f 1461/1477/1462 2024/2053/2025 723/724/724
f 364/365/365 2670/2722/2670 672/5151/673
f 4151/5152/4151 1323/1338/1324 4669/5153/4669
f 3761/3946/3761 387/388/388 389/387/387
f 2512/2559/2512 4670/5154/4670 4671/5155/4671
f 2512/2559/2512 3460/3588/3459 4670/5154/4670
f 4212/5156/4213 4672/5157/4672 379/380/380
f 2905/2972/2906 3823/4012/3823 3156/3243/3156
f 4110/4369/4110 4209/4485/4209 3181/3270/3180
f 2973/3045/2972 100/101/101 4196/4468/4196
f 4196/4468/4196 2444/2492/2445 2973/3045/2972
f 934/935/934 1537/1555/1537 935/936/935
f 759/757/757 769/767/767 846/844/844
f 3116/3199/3117 4539/4937/4539 534/533/533
f 3956/4174/3956 277/275/275 3022/3098/3021
f 3521/3665/3521 3278/3381/3277 3649/3817/3650
f 4014/4247/4014 2569/2616/2567 2568/2618/2569
f 3384/3933/3384 345/343/343 4600/5158/4600
f 4095/4346/4095 4673/5159/4673 1533/1550/1532
f 4095/4346/4095 926/5160/927 4673/5159/4673
f 4180/4448/4180 4299/4607/4299 3693/3864/3693
f 3874/4071/3874 4471/4836/4471 4611/5161/4612
f 4180/4448/4180 3693/3864/3693 4177/4446/4178
f 4674/5162/4674 2397/2440/2397 3763/5163/3763
f 1510/5164/1509 4310/5165/4310 1508/1522/1506
f 1642/1662/1643 3629/3793/3630 1643/1660/1641
f 1582/1601/1583 2805/2864/2805 790/791/791
f 2098/2131/2099 2354/2396/2355 332/333/333
f 2750/2806/2748 2749/2808/2750 4675/5166/4675
f 2273/2313/2273 879/881/880 3361/3472/3361
f 304/305/305 213/211/211 4676/5167/4676
f 3387/3500/3387 4064/4307/4064 3987/4213/3987
f 4483/5002/4483 2042/2072/2043 412/413/413
f 4053/4294/4053 4052/4293/4052 2921/2987/2920
f 4549/4950/4549 4677/5168/4677 1777/1800/1777
f 1005/1007/1003 149/996/150 3235/3335/3236
f 4007/4240/4008 3729/3906/3728 2146/5169/2146
f 2704/2760/2705 3727/3905/3727 709/709/709
f 709/709/709 3727/3905/3727 1081/1088/1081
f 3041/3116/3039 901/903/902 2172/2205/2172
f 4678/5170/4678 1773/1797/1774 4291/4594/4290
f 4291/4594/4290 4649/5171/4649 3086/3166/3086
f 4055/4295/4054 4054/4296/4055 2592/5172/2592
f 3948/4165/3948 4679/5173/4679 178/176/176
f 2910/2978/2911 4647/5104/4647 4464/4826/4463
f 4680/5174/4680 4445/4802/4445 4502/4880/4502
f 365/363/363 364/365/365 4073/5175/4073
f 4683/5176/4681 4681/5177/4682 4682/5178/4683
f 2202/2236/2203 24/22/22 4684/5179/4684
f 4073/4319/4073 674/672/672 673/674/674
f 2606/5180/2604 4685/5181/4685 245/246/246
f 4687/5182/4686 4685/5181/4685 4686/5183/4687
f 822/823/823 821/822/822 2913/2980/2913
f 2573/2623/2574 4611/5049/4612 4612/5048/4611
f 745/743/743 2315/2355/2315 4688/5184/4688
f 3961/4177/3959 2800/2857/2798 2449/2497/2450
f 2442/2489/2442 880/879/878 1881/1904/1879
f 1214/1223/1214 2607/2658/2608 976/979/976
f 2384/2428/2385 2385/2427/2384 4689/5185/4689
f 4690/5186/4690 3097/3177/3097 2488/2536/2489
f 1267/5187/1268 4509/5188/4509 2730/3044/2731
f 814/813/813 87/85/85 2903/2967/2903
f 4691/5189/4691 219/217/217 1335/1350/1336
f 3826/5190/3826 1822/5191/1823 4692/5192/4692
f 559/560/560 3935/4150/3936 1723/1747/1724
f 353/351/351 3550/3697/3551 351/352/352
f 3292/3396/3292 216/214/214 2093/2124/2093
f 4117/4377/4117 1538/1557/1539 4564/4978/4565
f 3094/3175/3095 4693/5193/4693 1798/1822/1799
f 3504/3648/3504 510/510/510 331/332/332
f 1971/1997/1970 1896/1919/1894 1291/1302/1289
f 1600/1616/1598 3667/3835/3667 1598/1617/1599
f 1942/1970/1943 2862/2923/2863 3631/3794/3631
f 434/4224/435 4370/4700/4370 804/5194/805
f 4365/4690/4365 4364/4689/4364 4694/5195/4694
f 3126/5196/3127 3392/3510/3393 354/3509/355
f 656/657/657 3661/3829/3662 657/658/658
f 606/607/607 605/606/606 4597/5020/4598
f 2793/2852/2793 781/782/782 783/781/781
f 926/928/927 928/927/926 4673/5197/4673
f 1942/1970/1943 3631/3794/3631 1768/1790/1767
f 2177/4072/2178 2171/2204/2171 4353/4670/4353
f 177/178/178 3763/5163/3763 2397/2440/2397
f 262/260/260 1620/1640/1621 260/261/261
f 2063/2095/2064 3674/3843/3674 4061/4304/4061
f 1321/1335/1321 2445/2490/2443 4695/5198/4695
f 646/647/647 4097/4350/4098 4425/4778/4424
f 408/409/409 2783/2840/2781 2782/2842/2783
f 3799/3985/3799 995/1000/996 2808/2866/2807
f 983/987/984 338/339/339 984/985/982
f 4334/4647/4334 2503/2550/2503 4676/5167/4676
f 3644/3810/3644 713/714/714 4696/5199/4696
f 2305/2345/2305 2882/2944/2882 779/780/780
f 1981/2008/1981 2166/5200/2167 2320/3671/2320
f 4151/4416/4151 1325/5201/1323 802/803/803
f 1655/4729/1654 1199/1207/1200 1357/1370/1356
f 1034/1039/1035 1033/1038/1034 4697/5202/4697
f 255/256/256 4698/5203/4698 3697/3868/3697
f 4698/5203/4698 3178/3267/3178 3697/3868/3697
f 2765/2824/2765 3438/3559/3436 3169/3257/3169
f 2879/2942/2880 1796/5204/1796 3554/3701/3554
f 2734/2790/2732 2059/2090/2059 2732/2791/2733
f 3780/3966/3780 870/871/871 2675/2729/2676
f 4116/4376/4116 1198/1206/1199 1200/1205/1198
f 1427/1443/1428 3771/3954/3769 3770/3956/3771
f 2004/2033/2005 4699/5205/4699 3653/3820/3653
f 2251/2290/2252 102/100/100 427/428/428
f 1126/1131/1124 3658/3825/3658 2962/3034/2962
f 2341/2383/2342 1279/1289/1278 2276/2317/2277
f 4700/5206/4700 1495/1512/1496 4699/5207/4699
f 2298/2337/2297 322/323/323 324/322/322
f 4211/4487/4211 1849/4488/1849 1848/5208/1848
f 2504/2552/2505 1692/1716/1693 3347/3454/3347
f 4197/4469/4197 1154/1162/1155 2951/3022/2951
f 1564/1583/1565 284/285/285 637/637/637
f 3107/3189/3107 431/432/432 831/830/830
f 2253/2291/2253 3107/3189/3107 831/830/830
f 4302/4612/4303 3842/4033/3842 4251/4537/4251
f 4701/5209/4701 4359/4678/4358 4684/5179/4684
f 2363/2406/2363 45/43/43 4087/4335/4087
f 2048/2080/2049 2188/2219/2186 2185/2218/2185
f 1384/1396/1382 3774/3959/3774 1382/1397/1383
f 1849/4488/1849 2094/2127/2095 1383/3721/1384
f 4323/4636/4323 2178/2210/2177 4324/4637/4324
f 798/3188/796 4324/4637/4324 2178/2210/2177
f 659/659/659 657/658/658 4395/4737/4396
f 3185/5210/3185 3767/5211/3767 4095/4346/4095
f 3314/3418/3314 1358/1372/1358 2000/2028/2000
f 4678/5170/4678 2562/2611/2562 1773/1797/1774
f 3751/3936/3751 4702/5212/4702 2647/2695/2645
f 1010/1015/1011 4469/4833/4469 4678/5170/4678
f 4545/5213/4544 3484/3623/3482 4544/5214/4545
f 4703/5215/4703 126/124/124 125/126/126
f 2638/2686/2636 1783/1804/1781 2636/2687/2637
f 1783/1804/1781 4520/4907/4520 2636/2687/2637
f 4703/5216/4703 125/1329/126 1317/1331/1317
f 3504/3648/3504 4640/5093/4640 3063/3141/3062
f 4704/5217/4704 353/351/351 3401/3521/3401
f 1049/1053/1047 1986/2012/1985 1047/1054/1048
f 1874/1900/1875 2884/2945/2883 516/517/517
f 4606/5035/4606 1923/1950/1923 3808/3993/3807
f 1114/1119/1112 1113/1121/1114 3186/5218/3186
f 3073/3150/3071 3072/3152/3073 1659/1680/1660
f 2938/5219/2938 1112/1120/1113 1989/5220/1987
f 2325/2366/2326 1948/1975/1948 848/849/849
f 2656/2709/2657 2658/2708/2656 293/294/294
f 3399/3518/3400 4705/5221/4705 330/328/328
f 2292/2333/2293 4225/5222/4225 4694/5195/4694
f 1538/1557/1539 1540/1556/1538 3540/3686/3540
f 3827/5223/3827 2911/2976/2910 2910/2978/2911
f 2096/2128/2096 3324/3429/3324 1691/1715/1692
f 4105/4361/4105 77/78/78 76/77/77
f 2869/4300/2868 1240/1247/1238 4057/4298/4057
f 2043/2074/2042 658/656/656 869/868/868
f 2043/2074/2042 869/868/868 4706/5224/4706
f 1973/2000/1973 4707/5225/4707 97/98/98
f 1965/1992/1965 792/790/790 4161/4427/4161
f 944/943/942 943/945/944 4337/4650/4337
f 4708/5226/4708 2491/5227/2492 2682/2735/2682
f 2491/5227/2492 3304/3409/3305 2682/2735/2682
f 3299/3403/3299 2482/2530/2483 4630/5078/4630
f 4677/5228/4677 4512/4893/4512 3905/5229/3904
f 4512/4893/4512 3904/5230/3905 3905/5229/3904
f 3563/3708/3561 3562/3710/3563 4709/5231/4709
f 1438/1451/1436 3865/4083/3865 4187/4456/4186
f 2969/3041/2969 1398/1413/1399 4152/4417/4152
f 4584/4998/4585 3199/3288/3197 4710/5232/4710
f 627/628/628 2349/2390/2349 3958/4176/3958
f 2511/2558/2511 4089/4339/4090 4011/4244/4011
f 2536/2584/2536 4534/5233/4534 3722/3898/3723
f 2283/2323/2283 199/200/200 302/302/302
f 2917/2985/2918 4559/4965/4559 103/104/104
f 4571/5234/4571 4391/4731/4391 3694/3866/3695
f 3481/3620/3481 4543/4941/4543 3044/5235/3044
f 2906/2971/2905 3157/3244/3157 2611/2662/2612
f 840/840/840 615/613/613 491/492/492
f 1237/1244/1235 2047/2079/2048 2632/2682/2632
f 2899/2961/2899 1804/1827/1804 654/655/655
f 1892/1915/1890 899/898/897 1890/1916/1891
f 3004/3081/3004 3246/5236/3247 3005/3082/3005
f 3627/3791/3628 2281/5237/2281 3628/3789/3626
f 2281/5237/2281 3088/3168/3088 3628/3789/3626
f 4712/5238/4711 4711/5239/4712 4305/4614/4305
f 2583/2633/2583 4713/5240/4713 953/957/954
f 1976/2004/1977 1840/3754/1839 1168/1176/1169
f 4714/5241/4714 4287/4916/4287 1294/1307/1294
f 2040/2070/2041 2559/2608/2560 2502/2549/2502
f 3162/3250/3162 4590/5011/4590 3163/3251/3163
f 233/234/234 2960/3033/2961 1077/1083/1076
f 3893/4097/3893 1100/1108/1101 3266/3371/3267
f 2261/5242/2261 295/293/293 2262/5243/2262
f 2642/2693/2643 1446/1462/1447 3954/4171/3954
f 4115/4374/4114 3896/4101/3896 4525/4914/4525
f 4115/4374/4114 4525/4914/4525 4524/4913/4524
f 3862/4057/3862 3331/3437/3332 3330/3436/3331
f 4001/4233/4001 3216/3314/3217 3215/3313/3216
f 498/496/496 4001/4233/4001 4583/4996/4583
f 3522/3667/3523 4646/5102/4646 4168/4436/4169
f 3667/3835/3667 4451/4810/4451 3690/3862/3691
f 2050/2081/2050 4659/5127/4659 2051/2082/2051
f 4676/5167/4676 2503/2550/2503 1207/1214/1206
f 1718/1739/1716 3722/5244/3723 3396/3514/3396
f 799/4194/800 801/5245/799 3972/4195/3972
f 840/840/840 613/614/614 615/613/613
f 3652/3819/3652 4038/4275/4038 3561/3709/3562
f 3854/4047/3854 4179/4445/4177 4178/4447/4179
f 349/350/350 629/630/630 350/348/348
f 1965/1992/1965 3615/3778/3615 1966/1993/1966
f 1865/1891/1866 2450/2498/2451 3249/3352/3249
f 4716/5246/4715 3790/3974/3788 4715/5247/4716
f 4371/4702/4371 4242/4527/4242 3825/4703/3825
f 3920/4130/3919 1580/1599/1581 3617/3780/3617
f 3576/3728/3576 1669/1691/1670 2818/2878/2818
f 4718/5248/4717 4717/5249/4718 1367/1379/1365
f 204/202/202 4553/4957/4553 202/203/203
f 1142/4098/1143 2755/2814/2755 1143/3345/1144
f 152/153/153 1547/1566/1548 153/154/154
f 1876/1902/1877 982/986/983 4643/5097/4643
f 97/98/98 3495/3637/3495 4719/5250/4719
f 1355/1369/1355 2501/2548/2501 5/6/6
f 2726/2780/2724 4344/4657/4344 3950/4168/3951
f 3110/3190/3108 3109/3192/3110 3751/3936/3751
f 4327/4638/4325 4326/4640/4327 4559/4965/4559
f 4124/4382/4122 4246/4531/4246 3536/3681/3536
f 2322/2483/2322 3858/4053/3858 2437/2484/2437
f 4559/4965/4559 4393/4735/4394 4327/4638/4325
f 699/700/700 1596/1615/1597 1224/1234/1225
f 1163/1170/1163 2999/3072/2997 625/623/623
f 670/671/671 669/670/670 3139/3223/3139
f 164/165/165 4573/4983/4573 1295/1309/1296
f 2804/4084/2804 1438/1451/1436 4422/5251/4422
f 3269/3374/3270 3577/3729/3577 2599/2649/2599
f 4338/4651/4338 3490/3632/3490 596/597/597
f 429/427/427 2360/2403/2360 427/428/428
f 4380/4716/4380 4720/5252/4720 741/742/742
f 2651/2702/2652 4229/4508/4229 3441/3562/3439
f 4423/4777/4423 4721/5253/4721 1500/1514/1498
f 1561/1580/1562 1304/1317/1304 4586/4999/4586
f 1852/1875/1850 68/69/69 3084/3162/3082
f 1943/1968/1941 1942/1970/1943 1768/1790/1767
f 3226/3321/3224 3366/4909/3367 3224/3322/3225
f 1225/1233/1224 1224/1234/1225 1263/1273/1262
f 3101/3182/3102 3819/4007/3820 3102/3183/3103
f 1909/1936/1910 1017/5254/1018 1019/5255/1017
f 1017/5254/1018 1909/1936/1910 1911/1935/1909
f 2420/2466/2421 909/910/909 4352/4669/4352
f 3067/3146/3067 1882/1908/1883 1889/1914/1889
f 3974/4197/3974 2425/2468/2423 2424/2470/2425
f 2723/2779/2723 4190/4458/4188 1954/1981/1954
f 1274/1285/1274 4337/4650/4337 1106/1114/1107
f 944/943/942 4337/4650/4337 1274/1285/1274
f 2105/2138/2106 4478/4845/4478 4439/4795/4440
f 4496/5256/4496 2055/2086/2055 4350/5257/4350
f 4722/5258/4722 4584/4998/4585 4710/5232/4710
f 27/25/25 2903/2967/2903 25/26/26
f 2584/2635/2585 4144/4409/4144 2275/2314/2274
f 1373/1388/1374 2815/2874/2814 1374/1389/1375
f 4683/5176/4681 4443/5259/4443 4681/5177/4682
f 4723/5260/4723 4142/4407/4142 1003/4830/1004
f 4723/5261/4723 2659/2712/2660 4724/5262/4724
f 2293/2331/2291 4725/5263/4725 3613/3773/3612
f 4686/5183/4687 163/5264/161 4687/5182/4686
f 163/161/161 4686/5265/4687 2604/2655/2605
f 571/570/570 4682/5266/4683 300/301/301
f 4681/5267/4682 4443/4799/4443 301/299/299
f 2731/2787/2729 2357/2401/2358 2359/2400/2357
f 2616/2667/2617 2615/2666/2616 3944/4160/3944
f 3602/5268/3602 2472/2518/2471 439/440/440
f 2662/2714/2662 3427/3550/3428 2297/2338/2298
f 2188/2219/2186 2187/2221/2188 3553/3699/3553
f 2226/2263/2227 1334/1348/1334 4726/5269/4726
f 4728/5270/4727 1778/1801/1778 4727/5271/4728
f 2393/2436/2393 1753/1775/1752 1752/1776/1753
f 853/854/854 295/293/293 1489/5272/1490
f 2433/2479/2434 4255/4544/4255 2434/2480/2435
f 3207/3303/3207 1400/1412/1398 4360/4680/4360
f 2464/5273/2465 1646/5274/1644 4397/4740/4397
f 1646/5274/1644 1645/5275/1646 4729/5276/4729
f 3355/3466/3355 3745/3927/3745 3353/3465/3354
f 2595/2646/2596 4012/4246/4013 4278/4581/4278
f 4307/4616/4307 1379/1394/1380 4721/5253/4721
f 3591/3743/3591 930/932/931 3250/3353/3250
f 2989/3064/2989 386/384/384 385/386/386
f 3359/3470/3359 4265/4559/4265 4730/5277/4730
f 1503/1519/1503 1484/1500/1485 2432/2477/2432
f 3362/3473/3362 3980/4205/3980 4238/4523/4239
f 1476/1492/1477 4731/5278/4731 3480/3617/3479
f 1969/1994/1967 1032/1034/1030 1967/1995/1968
f 2082/2114/2083 2081/2113/2082 2974/3048/2974
f 434/4224/435 433/5279/434 4402/5115/4402
f 418/419/419 417/418/418 3166/3253/3165
f 4198/4470/4198 363/364/364 2419/5280/2418
f 1337/1349/1335 4360/4680/4360 4732/5281/4732
f 1638/1657/1638 3772/3957/3772 2498/2543/2496
f 1403/1415/1401 4733/5282/4733 4372/4706/4372
f 4113/4373/4113 4734/5283/4734 3264/3369/3265
f 4690/5186/4690 4734/5283/4734 4113/4373/4113
f 3538/3683/3538 4735/5284/4735 1064/1069/1062
f 59/60/60 1962/1989/1962 667/666/666
f 339/337/337 3572/3722/3572 4304/4613/4304
f 3641/3805/3639 3301/3406/3302 3639/3806/3640
f 3583/3736/3584 2161/2194/2162 2163/2193/2161
f 3465/3594/3465 4029/4265/4029 827/3595/828
f 1527/1542/1525 601/601/601 2241/2279/2241
f 1820/1844/1821 2063/2095/2064 1023/1028/1024
f 2515/2562/2515 3746/3928/3746 1817/1840/1817
f 1485/1501/1486 3997/4230/3998 2571/2620/2571
f 2318/2358/2318 3030/3107/3030 383/381/381
f 2552/2598/2550 2163/2193/2161 2162/2195/2163
f 3175/3263/3175 442/443/443 3149/3235/3150
f 1297/1308/1295 1296/1310/1297 3015/3092/3015
f 4737/5285/4736 2045/2077/2046 4736/5286/4737
f 4070/5287/4068 4069/5288/4070 3373/3484/3373
f 1849/4488/1849 1383/3721/1384 1382/5289/1383
f 3368/3480/3369 4070/5287/4068 3373/3484/3373
f 1958/1985/1958 1957/1984/1957 1107/1112/1105
f 4042/4282/4042 2478/2524/2477 666/667/667
f 4738/5290/4738 3261/3363/3259 3260/3365/3261
f 2895/2957/2895 4431/4785/4431 3982/4207/3982
f 2168/2201/2168 2165/5076/2166 2167/2200/2165
f 3194/3285/3194 4739/5291/4739 19/20/20
f 2464/5273/2465 4397/4740/4397 4740/5292/4740
f 2664/2717/2665 2663/2716/2664 3770/3956/3771
f 735/736/736 3430/3552/3430 736/734/734
f 82/83/83 84/82/82 1411/1426/1411
f 1301/1315/1302 1303/1314/1301 1898/4894/1897
f 635/636/636 3555/3702/3555 540/538/538
f 2542/2589/2541 1301/1315/1302 3925/4137/3925
f 4373/5293/4373 140/141/141 3689/3858/3688
f 3283/3860/3283 4373/5293/4373 3689/3858/3688
f 635/636/636 540/538/538 539/540/540
f 1837/1859/1836 1836/1860/1837 2978/3052/2978
f 4741/5294/4741 1837/1859/1836 2978/3052/2978
f 2504/2552/2505 1726/1750/1727 1436/1452/1437
f 2589/2640/2590 4742/5295/4742 2590/2641/2591
f 1737/5296/1738 1739/3125/1737 2491/5227/2492
f 3421/3544/3422 2065/2097/2066 4510/4891/4510
f 4385/4723/4385 4743/5297/4743 3948/4165/3948
f 307/308/308 78/76/76 4459/4820/4459
f 1452/1468/1453 1451/1467/1452 4576/4986/4576
f 1526/1544/1527 4652/5111/4652 4744/5298/4744
f 3104/3184/3104 2669/2721/2669 1197/1202/1195
f 2537/2586/2538 4095/4346/4095 1533/1550/1532
f 4745/5299/4745 2335/2377/2336 3580/5300/3580
f 2074/2105/2074 4647/5104/4647 1704/4686/1704
f 828/829/829 827/828/828 3665/3833/3666
f 827/828/828 3666/3831/3664 3665/3833/3666
f 2761/2820/2761 2760/2819/2760 939/941/940
f 1811/1835/1812 1539/1558/1540 1538/1557/1539
f 3021/3099/3022 3111/3194/3112 3112/3193/3111
f 3178/3267/3178 257/258/258 259/257/257
f 3388/3501/3388 2445/2490/2443 2507/2553/2506
f 4634/5083/4634 4466/4829/4466 1257/1269/1258
f 4576/5301/4576 875/877/876 877/876/875
f 411/412/412 649/649/649 4483/5002/4483
f 412/413/413 2043/2071/2042 4706/5302/4706
f 529/527/527 1221/1231/1222 2313/2353/2313
f 4746/5303/4746 4555/4960/4555 748/746/746
f 904/5304/905 1465/5305/1465 73/74/74
f 1045/1052/1046 1044/1051/1045 2791/3519/2791
f 4039/4279/4039 4747/5306/4747 4433/4788/4434
f 3214/3309/3213 4748/5307/4748 3213/3310/3214
f 4748/5307/4748 1374/1389/1375 3213/3310/3214
f 800/801/801 897/899/898 112/113/113
f 518/519/519 135/133/133 2017/2046/2018
f 4131/5308/4132 4748/5307/4748 3214/3309/3213
f 238/239/239 600/598/598 4560/4966/4560
f 2583/2633/2583 3239/3340/3239 3688/3859/3689
f 4009/4242/4010 1798/1822/1799 1797/1821/1798
f 1797/1821/1798 1787/5309/1788 4009/4242/4010
f 2110/2143/2111 2112/2142/2110 3725/3902/3725
f 2620/2668/2618 1340/1353/1339 2618/2669/2619
f 995/1000/996 3799/3985/3799 2318/2358/2318
f 2612/2660/2610 252/253/253 254/252/252
f 4749/5310/4749 4580/5311/4581 2499/2547/2500
f 3371/3483/3372 3372/3482/3371 2714/2769/2714
f 3104/3184/3104 1196/1204/1197 2411/2454/2409
f 3000/3457/3000 3271/3375/3271 1056/1061/1054
f 1591/1610/1592 2312/2352/2312 2786/2845/2786
f 529/527/527 2313/2353/2313 527/528/528
f 3055/3133/3054 1631/1651/1632 1958/1985/1958
f 2074/2105/2074 500/501/501 2075/2106/2075
f 1354/1367/1353 909/910/909 3773/3958/3773
f 2766/5312/2766 4601/5024/4601 648/648/648
f 3672/3841/3672 4515/4900/4515 3937/4151/3937
f 174/175/175 2582/2632/2582 175/173/173
f 4041/4280/4040 1049/1053/1047 3013/3090/3013
f 3967/4187/3967 4750/5313/4750 1522/1540/1523
f 1626/1646/1627 203/5314/204 2192/2223/2190
f 4342/4655/4342 4515/4900/4515 2987/3062/2987
f 371/369/369 3114/3196/3114 369/370/370
f 3644/3810/3644 4696/5199/4696 2457/2502/2455
f 4752/5315/4751 4751/5316/4752 176/177/177
f 1551/1570/1552 4617/5058/4617 2711/2766/2711
f 1702/1726/1703 686/684/684 2976/3049/2975
f 2310/2351/2311 2101/2132/2100 2100/2133/2101
f 4753/5317/4753 2423/5318/2424 107/5319/108
f 1305/1318/1305 925/924/923 1563/1581/1563
f 2569/2616/2567 2198/2231/2198 2567/2617/2568
f 614/615/615 2567/2617/2568 2198/2231/2198
f 1906/1932/1906 2628/2678/2628 3913/4123/3913
f 50/51/51 49/50/50 632/632/632
f 3827/4016/3827 942/944/943 2911/5320/2910
f 4754/5321/4754 589/587/587 766/766/766
f 2782/2842/2783 2781/2841/2782 4492/4864/4492
f 3369/5322/3370 4589/5009/4589 3370/5010/3368
f 2843/2903/2843 4715/5247/4716 4031/4267/4031
f 2438/2486/2439 4050/4290/4050 3428/3549/3427
f 1286/1300/1287 1394/1406/1392 1287/1301/1288
f 3448/3574/3449 4250/4536/4250 3449/3572/3447
f 1877/1903/1878 4504/4883/4504 3449/5323/3447
f 425/426/426 2336/2378/2337 4621/5064/4620
f 4755/5324/4755 1356/1371/1357 2720/2776/2720
f 1027/1030/1026 1026/1031/1027 1949/1976/1949
f 1292/1305/1292 4004/4234/4002 4003/4236/4004
f 4351/4668/4351 4476/4842/4476 4068/4313/4069
f 3314/3418/3314 2870/2930/2870 4223/4502/4223
f 1461/1477/1462 723/724/724 1462/1478/1463
f 4649/5171/4649 4291/4594/4290 1956/1982/1955
f 1105/1113/1106 2173/2207/2174 3350/3461/3350
f 4757/5325/4756 4756/5326/4757 3205/3301/3205
f 4292/4597/4292 4577/5327/4577 4034/4272/4035
f 2777/2836/2777 1385/1399/1385 2222/2257/2223
f 4758/5328/4758 3293/3398/3294 1380/1395/1381
f 2477/2525/2478 4726/5269/4726 749/750/750
f 2584/2635/2585 2275/2314/2274 2585/2636/2586
f 4759/5329/4759 4032/4268/4032 1446/1462/1447
f 1500/1514/1498 4721/5253/4721 1379/1394/1380
f 3444/3570/3445 3446/3569/3444 1589/1608/1590
f 4733/5282/4733 3829/4018/3829 711/712/712
f 4065/5134/4065 4760/5330/4760 1446/1462/1447
f 2699/2755/2700 1551/1570/1552 2701/2757/2702
f 4709/5231/4709 3857/4049/3856 721/719/719
f 3153/3238/3151 3154/3241/3154 2471/4926/2472
f 1111/1117/1110 4709/5231/4709 721/719/719
f 4183/4451/4183 3765/3950/3765 346/347/347
f 3202/5331/3201 4761/5332/4761 3010/3088/3011
f 3010/3088/3011 1013/1017/1013 436/437/437
f 3839/5333/3840 3150/3233/3148 4762/5334/4762
f 2516/2563/2516 2157/2190/2158 3950/4168/3951
f 1283/1296/1284 1284/1295/1283 4763/5335/4763
f 4577/5327/4577 3618/4518/3619 4034/4272/4035
f 4724/5336/4724 4142/4407/4142 4723/5260/4723
f 3801/3987/3801 3458/3586/3458 1175/1180/1173
f 2665/2715/2663 1339/1354/1340 3855/4048/3855
f 1939/1967/1940 1456/1472/1457 3377/3488/3377
f 3890/4093/3890 3892/5337/3891 3820/4604/3819
f 2953/3024/2953 369/370/370 3114/3196/3114
f 4210/4486/4210 3388/3501/3388 3730/3908/3730
f 1497/1511/1495 4764/5338/4764 2003/5339/2004
f 765/765/765 4754/5321/4754 766/766/766
f 4759/5340/4759 4760/5341/4760 1453/1466/1451
f 382/383/383 381/382/382 4765/5342/4765
f 1271/1282/1271 136/137/137 821/822/822
f 2209/2243/2210 1833/1857/1834 1680/1704/1681
f 3836/4028/3837 3835/4027/3836 2406/2450/2405
f 1833/1857/1834 1835/1856/1833 1680/1704/1681
f 3683/3853/3684 1915/1941/1914 3685/3854/3685
f 698/698/698 697/697/697 4249/4534/4249
f 1218/1228/1219 3385/3498/3385 4382/4718/4382
f 2139/2171/2139 2769/2829/2770 235/236/236
f 3395/3513/3395 1161/1167/1160 1160/1168/1161
f 693/691/691 690/690/690 563/561/561
f 404/402/402 4051/5052/4051 29/30/30
f 484/484/484 4207/4481/4205 4206/4483/4207
f 1810/1834/1811 3948/4165/3948 4743/5297/4743
f 1810/1834/1811 1812/1833/1810 3948/4165/3948
f 4210/4486/4210 3730/3908/3730 2047/2079/2048
f 2337/5343/2335 4766/5344/4766 2335/4558/2336
f 2415/2458/2413 2414/2460/2415 1780/1802/1779
f 4314/4625/4315 1212/1221/1212 404/402/402
f 1067/1075/1068 1287/1301/1288 4767/5345/4767
f 1813/1837/1814 761/760/760 1814/1836/1813
f 401/399/399 400/401/401 1479/1493/1478
f 1898/4894/1897 4080/4328/4080 1301/1315/1302
f 4080/4328/4080 3925/4137/3925 1301/1315/1302
f 2947/3018/2947 2546/2593/2545 2930/2998/2930
f 2479/2526/2479 4757/5325/4756 1998/2026/1998
f 2154/2186/2154 4405/4750/4405 4765/5342/4765
f 2915/2983/2916 1092/1100/1093 4494/4867/4494
f 2070/2100/2069 3766/3951/3766 1353/1368/1354
f 4232/5346/4232 469/5347/470 2521/5348/2521
f 838/839/839 837/838/838 3601/3759/3601
f 4768/5349/4768 855/853/853 3926/4809/3926
f 3533/3678/3533 3096/3176/3096 4435/4789/4435
f 2342/3744/2340 3926/4809/3926 2340/5350/2341
f 3510/3655/3511 3610/3767/3608 3511/3656/3512
f 3660/3827/3660 1803/1824/1801 1802/1826/1803
f 1803/1824/1801 3660/3827/3660 4278/4581/4278
f 388/389/389 2395/2438/2395 2396/2439/2396
f 2616/2667/2617 781/782/782 2617/2665/2615
f 2315/2355/2315 1076/1084/1077 459/457/457
f 2315/2355/2315 2314/2354/2314 1076/1084/1077
f 913/915/914 4068/4313/4069 4589/5009/4589
f 3486/3627/3486 3485/3626/3485 3682/3852/3683
f 4555/4960/4555 4746/5303/4746 4390/4730/4390
f 1320/1332/1318 1319/1334/1320 1322/1336/1322
f 4769/5351/4769 42/40/40 2788/2848/2789
f 3877/4074/3876 822/823/823 3878/4076/3878
f 823/821/821 822/823/823 3877/4074/3876
f 4587/5006/4587 3609/3769/3610 788/789/789
f 4120/4378/4118 4119/4380/4120 1261/1270/1259
f 4371/5352/4371 2055/2086/2055 4496/5256/4496
f 1204/1210/1203 1689/1712/1689 1201/3443/1202
f 1365/1380/1366 1367/1379/1365 4717/5249/4718
f 3917/4126/3916 3918/5353/3918 3916/4127/3917
f 205/206/206 3918/4128/3918 3917/5354/3916
f 2450/2498/2451 2449/2497/2450 3249/3352/3249
f 2617/2665/2615 2793/2852/2793 1254/1265/1254
f 2249/2288/2250 4172/4439/4172 4185/4881/4184
f 4447/4805/4448 1450/5355/1448 4448/4804/4447
f 482/483/483 513/514/514 989/993/990
f 3463/3593/3464 4135/4398/4136 3464/3591/3462
f 4711/5239/4712 3557/3705/3558 951/952/949
f 985/989/986 32/33/33 1581/1597/1579
f 3535/3680/3535 2036/2065/2036 2737/2796/2738
f 867/865/865 4770/5356/4770 613/614/614
f 1755/1778/1755 1754/1777/1754 1888/1912/1887
f 4772/5357/4771 3952/5358/3950 4771/5359/4772
f 1858/1884/1859 2687/2741/2687 129/127/127
f 1793/1817/1794 2836/2897/2837 4773/5360/4773
f 4283/4586/4283 544/545/545 4774/5361/4774
f 3785/3971/3785 3037/3115/3038 1026/1031/1027
f 3295/3399/3295 2444/2492/2445 2443/2491/2444
f 150/151/151 3011/3087/3010 313/314/314
f 964/1862/965 3942/4155/3941 965/5362/963
f 850/851/851 852/850/850 3545/3691/3545
f 4755/5324/4755 4375/5363/4375 1356/1371/1357
f 669/670/670 2899/2961/2899 3139/3223/3139
f 1086/1092/1085 706/707/707 705/706/706
f 2297/2338/2298 324/322/322 2300/2339/2299
f 2238/2277/2239 4486/5364/4486 4775/5365/4775
f 3550/3697/3551 2274/2315/2275 351/352/352
f 1421/1436/1421 3435/3558/3435 1422/1437/1422
f 1831/1855/1832 1830/1854/1831 863/864/864
f 2214/2247/2213 812/810/810 811/812/812
f 4010/4241/4009 1213/1222/1213 4776/5366/4776
f 4778/5367/4777 3189/3279/3188 4777/5368/4778
f 2958/3029/2958 3660/3827/3660 2959/3030/2959
f 403/404/404 4051/5052/4051 404/402/402
f 3743/5369/3743 1402/5370/1403 4779/5371/4779
f 4780/5372/4780 3527/3672/3527 2320/3671/2320
f 4519/5373/4519 578/579/579 4781/5374/4781
f 4782/5375/4782 4340/4653/4340 567/568/568
f 4380/4716/4380 740/741/741 4306/4615/4306
f 3676/3845/3676 4380/4716/4380 4306/4615/4306
f 4783/5376/4783 3075/3154/3075 3751/5377/3751
f 3837/4026/3835 4620/5065/4621 3835/4027/3836
f 4493/4865/4493 1016/1018/1014 1015/1020/1016
f 2503/2550/2503 4334/4647/4334 212/213/213
f 4069/4314/4070 4071/4316/4072 4784/5378/4784
f 2324/2365/2325 4491/4863/4491 1027/1030/1026
f 4472/4837/4472 3579/5379/3579 4100/5380/4101
f 963/967/964 974/5381/975 964/968/965
f 3740/3920/3740 2519/2565/2518 4785/5382/4785
f 1137/1145/1138 1136/1144/1137 4786/5383/4786
f 882/884/883 881/883/882 1815/1838/1815
f 4089/4339/4090 3035/3112/3035 4011/4244/4011
f 1316/1330/1316 3075/3154/3075 4783/5376/4783
f 4203/4477/4203 4002/4235/4003 4358/4679/4359
f 2752/2811/2752 1978/2006/1979 1980/2005/1978
f 1185/1190/1183 3972/4195/3972 2105/2138/2106
f 1185/1190/1183 2105/2138/2106 4787/5384/4787
f 4166/4433/4166 4788/5385/4788 2642/2693/2643
f 4788/5386/4788 4166/5387/4166 348/349/349
f 1185/1190/1183 4787/5384/4787 1054/1062/1055
f 2121/5388/2122 4346/4889/4346 2122/5389/2123
f 2752/2811/2752 1980/2005/1978 3323/3428/3323
f 3149/3235/3150 442/443/443 2639/2689/2639
f 3078/3159/3079 4170/4437/4170 2138/2170/2138
f 1798/1822/1799 4009/4242/4010 3094/3175/3095
f 402/2447/403 3684/3851/3682 403/5004/404
f 2598/2648/2598 1013/1017/1013 3578/3730/3578
f 1068/1076/1069 4123/4384/4124 3408/3529/3408
f 4094/5390/4094 4093/5391/4093 2511/2558/2511
f 2618/2669/2619 3769/3955/3770 3771/3954/3769
f 4790/5392/4789 3537/3682/3537 4789/5393/4790
f 538/539/539 540/538/538 3555/3702/3555
f 3242/5394/3240 2684/2737/2684 3240/4872/3241
f 1206/1215/1207 687/688/688 2975/3050/2976
f 3741/3922/3741 3468/3602/3468 2053/2085/2054
f 818/819/819 1855/1878/1853 1854/1880/1855
f 818/819/819 820/818/818 1855/1878/1853
f 2865/2926/2866 2991/3066/2991 4270/4567/4270
f 4278/4581/4278 4277/4580/4277 2595/2646/2596
f 4610/5042/4610 4791/5395/4791 4792/5396/4792
f 4610/5397/4610 4792/5398/4792 4793/5399/4793
f 171/172/172 1974/2001/1974 956/958/955
f 4794/5400/4794 3389/3502/3389 1880/1906/1881
f 4168/4436/4169 4646/5102/4646 4795/5401/4795
f 1959/1987/1960 650/651/651 652/650/650
f 4568/4976/4568 3540/3686/3540 3539/3685/3539
f 768/769/769 3681/3849/3680 844/845/845
f 2351/2393/2352 4608/5038/4608 698/698/698
f 3605/4181/3605 3604/3761/3603 3606/5402/3606
f 1270/1281/1270 551/552/552 2124/2156/2124
f 3342/4793/3342 1342/5403/1343 3729/3906/3728
f 2980/3053/2979 92/93/93 91/92/92
f 1248/1257/1246 1404/3155/1404 4593/5014/4593
f 3177/3264/3176 1464/1479/1464 3176/3265/3177
f 4480/4851/4480 4324/5404/4324 2845/2905/2845
f 4531/5405/4531 1168/1865/1169 1839/1864/1840
f 2601/2652/2602 4796/5406/4796 3062/3142/3063
f 2429/2475/2430 1316/3613/1316 3108/3191/3109
f 4303/4611/4302 4302/4612/4303 2283/2323/2283
f 3402/3522/3402 2482/2530/2483 1437/2989/1438
f 3120/3202/3120 2582/2632/2582 3802/3989/3803
f 1990/2017/1990 1028/1032/1028 4797/5407/4797
f 1064/1069/1062 1710/1734/1711 1709/1733/1710
f 898/900/899 4798/5408/4798 4454/4813/4454
f 1951/1978/1951 682/683/683 622/620/620
f 557/555/555 3589/3741/3589 292/290/290
f 4624/5409/4624 4214/4489/4212 4623/5410/4622
f 1624/1641/1622 1623/1643/1624 4587/5006/4587
f 4352/4669/4352 909/910/909 887/889/888
f 3027/4363/3028 3275/3379/3275 3820/4604/3819
f 4799/5411/4799 1371/1386/1372 1373/5124/1374
f 3113/3195/3113 2025/2054/2026 2097/2130/2098
f 154/152/152 2495/2542/2495 3893/4097/3893
f 388/389/389 387/388/388 2085/2115/2084
f 2709/2765/2710 2708/2764/2709 3146/3232/3147
f 3054/3134/3055 3055/3133/3054 1106/1114/1107
f 899/898/897 113/114/114 897/899/898
f 3642/5412/3643 2868/2929/2869 3643/5088/3642
f 3154/3241/3154 2604/2655/2605 2471/4926/2472
f 2357/2401/2358 4162/4428/4162 4019/4250/4017
f 4801/5413/4800 4800/5414/4801 3848/4041/3848
f 1568/1587/1569 4802/5415/4802 1569/1585/1567
f 4803/5416/4803 4147/4410/4145 4394/4733/4392
f 4567/5417/4567 3991/4217/3991 4473/5418/4473
f 4804/5419/4804 3719/3895/3720 3721/3894/3719
f 4806/5420/4805 2184/2215/2182 4805/5421/4806
f 4807/5422/4807 3591/3743/3591 3406/3528/3407
f 3149/3235/3150 3148/3234/3149 4800/5423/4801
f 1453/1466/1451 1445/4308/1446 3625/3787/3624
f 4540/4938/4540 478/479/479 3029/3106/3029
f 4767/5345/4767 2473/2520/2473 4246/4531/4246
f 1359/1373/1359 4375/4711/4375 266/267/267
f 1520/1538/1521 4255/4544/4255 2433/2479/2434
f 4446/4803/4446 4410/4755/4408 4420/4774/4421
f 3744/3926/3744 1672/1693/1672 506/506/506
f 4533/4928/4532 2614/2664/2614 3853/4046/3853
f 4591/5012/4591 4533/4928/4532 3853/4046/3853
f 1172/1178/1171 3188/3883/3189 4778/5424/4777
f 3038/3113/3036 1117/1125/1118 1119/1124/1117
f 4597/5020/4598 4808/5425/4808 606/607/607
f 659/659/659 4716/5246/4715 79/80/80
f 1178/1186/1179 1177/1185/1178 2920/2988/2921
f 293/294/294 2658/2708/2656 294/295/295
f 4707/5225/4707 2294/2334/2294 97/98/98
f 555/556/556 3282/3385/3281 2968/3040/2968
f 4221/4499/4221 185/186/186 2375/2418/2375
f 2310/2351/2311 2100/2133/2101 2983/3056/2982
f 1037/5426/1038 1716/1740/1717 3389/3502/3389
f 423/423/423 785/786/786 1950/1977/1950
f 786/784/784 785/786/786 423/423/423
f 4809/5427/4809 4547/4947/4547 896/897/896
f 3673/3842/3673 903/905/904 2747/2805/2747
f 2241/2279/2241 1883/1907/1882 2979/3054/2980
f 4810/5428/4810 4803/5416/4803 2918/2984/2917
f 2654/2706/2654 3886/5429/3886 2655/2707/2655
f 2103/2136/2104 4645/5100/4645 4277/4580/4277
f 252/253/253 2696/2749/2695 253/254/254
f 4811/5430/4811 1191/1197/1190 1108/1116/1109
f 3618/4518/3619 3619/5431/3618 1468/1481/1466
f 4066/4311/4067 3545/3691/3545 4812/5432/4812
f 2926/2994/2926 2646/2697/2647 1403/1415/1401
f 3695/3865/3694 4391/4731/4391 3970/4190/3969
f 1817/1840/1817 2950/3021/2950 90/88/88
f 2592/2642/2592 1230/1240/1231 1449/1465/1450
f 1103/1111/1104 3839/4031/3840 4762/5433/4762
f 1191/1197/1190 1189/1194/1187 1108/1116/1109
f 3789/5027/3790 2363/2406/2363 4320/5434/4321
f 4813/5435/4813 3132/3215/3132 4208/4484/4208
f 3876/4075/3877 3878/4076/3878 603/604/604
f 2573/2623/2574 994/1217/994 4814/5436/4814
f 932/933/932 925/924/923 1305/1318/1305
f 237/235/235 4231/4511/4231 1451/1467/1452
f 2055/2086/2055 3130/3213/3130 4350/5257/4350
f 3131/3214/3131 3130/3213/3130 2055/2086/2055
f 1406/1422/1407 1405/1421/1406 3662/3828/3661
f 2162/2195/2163 2161/2194/2162 2550/2599/2551
f 4469/4833/4469 2562/2611/2562 4678/5170/4678
f 4815/5437/4815 3679/3848/3679 683/681/681
f 1148/1156/1149 3779/5438/3779 1159/1164/1157
f 2658/2708/2656 2657/2710/2658 61/62/62
f 342/340/340 2015/2042/2014 2014/2043/2015
f 2435/2478/2433 3271/3375/3271 4282/4585/4282
f 2929/2996/2928 4816/5439/4816 3966/4183/3964
f 4370/5440/4370 3840/4030/3839 1102/1110/1103
f 4817/5441/4817 4370/5442/4370 9/7/7
f 3081/3161/3081 1765/1789/1766 1766/1788/1765
f 4068/4313/4069 465/463/463 4072/4315/4071
f 3653/3820/3653 2590/2641/2591 2907/2974/2908
f 4668/5150/4668 3379/3491/3379 2696/2749/2695
f 3231/5443/3232 3804/3991/3805 3656/3821/3654
f 3678/3847/3678 728/728/728 2374/2417/2374
f 3038/3113/3036 1119/1124/1117 1918/1945/1918
f 4016/4248/4015 1486/1499/1484 446/447/447
f 4817/5441/4817 9/7/7 8/9/9
f 104/105/105 103/104/104 4553/4957/4553
f 1414/1429/1414 37/38/38 959/5444/957
f 1013/1017/1013 4561/5445/4561 437/438/438
f 3591/3743/3591 4807/5422/4807 930/932/931
f 1272/1283/1272 3255/3360/3256 1712/1735/1712
f 745/743/743 279/280/280 2315/2355/2315
f 3452/3581/3452 3453/3580/3453 1019/5255/1017
f 415/5446/416 4063/4667/4063 2278/2319/2279
f 2318/2358/2318 383/381/381 998/1002/998
f 179/180/180 1210/1220/1211 4436/4790/4436
f 2411/2454/2409 2604/2655/2605 3154/3241/3154
f 3175/3263/3175 3149/3235/3150 631/5447/629
f 3724/3899/3724 816/817/817 4631/5080/4631
f 1115/1122/1115 4631/5080/4631 3541/3687/3541
f 3248/3351/3248 1011/1013/1009 3938/4152/3938
f 3390/3503/3390 2442/2489/2442 1880/1906/1881
f 3919/4131/3920 2044/2076/2045 1471/1485/1470
f 2885/2948/2886 2886/2947/2885 2302/2343/2303
f 2109/2141/2109 4252/4541/4252 1889/1914/1889
f 4818/5448/4818 335/336/336 3298/3402/3298
f 1680/1704/1681 4112/4372/4112 1454/1469/1454
f 295/293/293 1908/4796/1908 1907/4538/1907
f 2177/4072/2178 4819/5449/4819 1784/1807/1784
f 164/165/165 166/164/164 2183/2217/2184
f 3370/5010/3368 4068/4313/4069 4070/4312/4068
f 3370/5010/3368 4070/4312/4068 3368/5450/3369
f 251/249/249 864/862/862 1830/1854/1831
f 445/446/446 2475/2523/2476 4016/4248/4015
f 4786/5383/4786 966/969/966 651/652/652
f 4204/4480/4204 3017/3095/3018 265/263/263
f 252/253/253 1856/1881/1856 4668/5150/4668
f 2796/2854/2795 1888/1912/1887 2795/2855/2796
f 2561/2610/2561 2176/2208/2175 2361/2404/2361
f 3274/5451/3274 411/412/412 2780/2839/2780
f 3509/3652/3508 2805/2864/2805 1582/1601/1583
f 4795/5401/4795 731/729/729 3849/4042/3849
f 880/879/878 1670/1690/1669 3875/4073/3875
f 1431/1444/1429 65/66/66 1429/1445/1430
f 384/385/385 4210/4486/4210 385/386/386
f 4558/4964/4558 2694/2746/2692 2693/2748/2694
f 3232/3329/3230 1468/1481/1466 3230/3330/3231
f 1684/1705/1682 4018/4898/4019 3226/3321/3224
f 81/79/79 660/660/660 79/80/80
f 1509/1527/1510 2344/2386/2345 4820/5452/4820
f 3874/4071/3874 3873/4070/3873 1028/1032/1028
f 131/132/132 4186/4457/4187 132/130/130
f 3462/4866/3463 2575/2625/2576 2936/5453/2936
f 3789/3976/3790 4320/4633/4321 3790/3974/3788
f 3457/3585/3457 1514/1532/1515 2818/2878/2818
f 2998/3074/2999 3756/3942/3757 3755/3941/3756
f 2135/2167/2135 1557/1574/1556 689/687/687
f 1614/1630/1612 1454/1469/1454 3884/4086/3884
f 1721/1745/1722 1970/1998/1971 3265/3368/3264
f 3173/4800/3173 4518/5454/4518 301/299/299
f 3935/4150/3936 4201/4474/4200 1323/1338/1324
f 2624/2675/2625 96/94/94 214/215/215
f 3355/3466/3355 4405/4750/4405 3687/3856/3686
f 201/199/199 2226/2263/2227 2477/2525/2478
f 444/442/442 2812/2870/2811 1176/1183/1176
f 2840/2900/2840 4653/5455/4654 1548/1938/1547
f 877/876/875 1548/1938/1547 4653/5455/4654
f 3937/4151/3937 3320/3425/3321 3321/3424/3320
f 1202/1208/1201 3694/3866/3695 2875/2934/2874
f 1768/1790/1767 3631/3794/3631 839/837/837
f 3505/3650/3506 4626/5456/4626 2558/4962/2556
f 4427/4780/4426 873/875/874 12/874/10
f 12/874/10 4618/5062/4618 4427/4780/4426
f 4566/5457/4566 1202/1208/1201 1440/1454/1439
f 2672/2725/2672 3524/3668/3524 1714/5458/1715
f 667/666/666 3047/3123/3046 59/60/60
f 1190/1198/1191 1182/1187/1180 1187/1195/1188
f 2646/2697/2647 2645/2696/2646 4192/4956/4191
f 4820/5452/4820 2015/2042/2014 342/340/340
f 731/729/729 2334/2374/2333 729/730/730
f 4525/4914/4525 3896/4101/3896 2585/2636/2586
f 4569/4979/4569 2771/2830/2771 725/726/726
f 4640/5093/4640 333/331/331 2469/2517/2470
f 4609/5041/4609 3973/4196/3973 3747/3930/3747
f 1121/1129/1122 1653/1671/1652 1652/1672/1653
f 335/336/336 4818/5448/4818 3842/4033/3842
f 1889/1914/1889 1129/1134/1127 2109/2141/2109
f 1957/1984/1957 2174/2206/2173 1107/1112/1105
f 1366/1381/1367 1365/1380/1366 1368/1382/1368
f 1676/4514/1675 1679/4513/1677 4235/4519/4235
f 3914/4124/3914 2661/2713/2661 3808/3993/3807
f 1249/1261/1250 1251/1260/1249 1245/1254/1243
f 2768/2827/2768 3800/3986/3800 1250/1262/1251
f 4109/5459/4109 709/709/709 3496/5460/3496
f 2605/2656/2606 2604/2655/2605 4686/5265/4687
f 3532/3676/3531 4452/4811/4452 3968/4188/3968
f 3968/4188/3968 2945/3016/2945 3532/3676/3531
f 2605/5461/2606 4686/5183/4687 4685/5181/4685
f 1356/4710/1357 2640/2690/2640 1654/1675/1655
f 2283/2323/2283 1962/1989/1962 58/59/59
f 96/94/94 2778/2837/2778 214/215/215
f 2461/5462/2461 3467/3599/3467 3205/3301/3205
f 1911/5463/1909 4203/4477/4203 1017/1022/1018
f 3593/3749/3593 928/927/926 4458/5464/4458
f 229/5465/230 3245/3349/3246 4462/5466/4461
f 4821/5467/4821 4462/5466/4461 4461/5468/4462
f 3326/3431/3326 1161/1167/1160 3592/3748/3592
f 1296/1310/1297 1125/1133/1126 3015/3092/3015
f 2105/2138/2106 801/5245/799 4477/5116/4477
f 2105/2138/2106 3972/4195/3972 801/5245/799
f 4592/5013/4592 4052/4293/4052 3039/3117/3040
f 2873/2933/2873 2195/2226/2193 606/607/607
f 2535/5469/2535 4503/5470/4503 3700/3871/3700
f 4223/4502/4223 3430/3552/3430 3314/3418/3314
f 1982/2010/1983 1275/1286/1275 1262/1274/1263
f 2793/2852/2793 2617/2665/2615 781/782/782
f 615/613/613 614/615/615 1998/2026/1998
f 3923/5471/3922 3924/4136/3924 3301/3406/3302
f 3300/3405/3301 3923/5471/3922 3301/3406/3302
f 3875/4073/3875 4599/5021/4599 3665/3833/3666
f 1100/1108/1101 2494/2541/2494 1101/1106/1099
f 4518/5454/4518 1404/1419/1404 4379/4715/4379
f 3173/3261/3173 3172/3260/3172 1404/3155/1404
f 1239/1249/1240 2441/2488/2441 3081/3161/3081
f 2669/2721/2669 3104/3184/3104 2448/2493/2446
f 889/890/889 2277/2316/2276 2276/2317/2277
f 732/733/733 31/32/32 4258/4547/4258
f 4822/5472/4822 3132/3215/3132 2086/2118/2087
f 4799/5473/4799 1375/1387/1373 1374/1389/1375
f 4645/5100/4645 4771/5359/4772 4277/4580/4277
f 4230/4509/4230 4823/5474/4823 4777/5368/4778
f 3482/3624/3483 1929/1957/1930 1931/1956/1929
f 3675/3844/3675 63/61/61 3895/4100/3895
f 2590/2641/2591 3653/3820/3653 2591/2639/2589
f 2292/2333/2293 4694/5195/4694 4725/5263/4725
f 3753/5475/3753 4347/4664/4348 4702/5476/4702
f 4349/5477/4347 4702/5212/4702 4347/5478/4348
f 2775/3813/2776 2384/2428/2385 4824/5479/4824
f 4699/5205/4699 4825/5480/4825 3653/3820/3653
f 4699/5207/4699 1495/1512/1496 4825/5481/4825
f 713/714/714 3844/5482/3844 4419/4771/4418
f 3799/3985/3799 3029/3106/3029 2318/2358/2318
f 3207/3303/3207 4360/4680/4360 3970/4190/3969
f 3207/3303/3207 3970/4190/3969 3969/4192/3970
f 1461/1477/1462 2025/2054/2026 2024/2053/2025
f 4826/5483/4826 1817/1840/1817 1816/1839/1816
f 4827/5484/4827 777/775/775 1221/1231/1222
f 4169/4435/4168 1347/1359/1345 695/696/696
f 3197/3289/3198 4271/4569/4271 2948/3019/2948
f 4829/5485/4828 4828/5486/4829 1663/1684/1664
f 3793/3979/3793 2848/2906/2846 3496/3638/3496
f 4830/5487/4830 1371/1386/1372 4132/4392/4131
f 621/622/622 1220/1229/1220 4319/4630/4319
f 1302/1316/1303 2703/2758/2703 2780/5488/2780
f 2678/2731/2678 2478/2524/2477 128/129/129
f 2364/2408/2365 1660/1678/1658 1659/1680/1660
f 3773/3958/3773 909/910/909 2422/2465/2420
f 659/659/659 4692/5192/4692 3790/3974/3788
f 1992/2019/1992 4281/5489/4281 3271/5490/3271
f 3366/3478/3367 3365/3477/3366 3224/5491/3225
f 4663/5133/4663 3163/3251/3163 2749/2808/2750
f 2708/2764/2709 4831/5492/4831 3921/4132/3921
f 720/721/721 719/720/720 4582/4995/4582
f 1607/5493/1607 3969/4192/3970 1605/4191/1604
f 4832/5494/4832 3950/4168/3951 2246/5495/2246
f 4319/4630/4319 1220/1229/1220 4114/4375/4115
f 4242/4527/4242 4371/4702/4371 1986/2012/1985
f 2079/2111/2080 5/6/6 2501/2548/2501
f 1171/1179/1172 3793/3979/3793 704/702/702
f 2273/2313/2273 3361/3472/3361 329/330/330
f 4795/5401/4795 4646/5102/4646 3117/3200/3118
f 3650/5496/3649 1795/1818/1795 937/939/938
f 4792/5398/4792 108/106/106 4793/5399/4793
f 4792/5398/4792 3645/3812/3646 108/106/106
f 2388/4683/2389 46/47/47 548/549/549
f 3540/3686/3540 4564/4978/4565 1538/1557/1539
f 614/615/615 4770/5356/4770 2567/2617/2568
f 1334/1348/1334 4275/4578/4275 3748/3931/3748
f 4754/5321/4754 1265/1277/1266 587/588/588
f 993/997/993 3874/4071/3874 4611/5161/4612
f 3894/4099/3894 4189/4460/4190 3745/3927/3745
f 4602/5025/4602 636/634/634 728/728/728
f 3222/3319/3222 1650/1668/1649 2563/2612/2563
f 375/376/376 2561/2610/2561 376/377/377
f 1473/1489/1474 2944/3015/2944 4490/4862/4490
f 3507/5497/3505 515/516/516 4833/5498/4833
f 515/516/516 4626/5073/4626 3505/5499/3506
f 622/620/620 682/683/683 681/682/682
f 719/720/720 3856/4050/3857 4060/4303/4060
f 3762/3947/3762 292/290/290 291/292/292
f 891/893/892 4382/4718/4382 4229/4508/4229
f 4834/5500/4834 605/606/606 2508/2556/2509
f 4568/5501/4568 3539/5502/3539 4130/4391/4130
f 3106/3186/3106 295/293/293 3897/4102/3897
f 2559/2608/2560 2040/2070/2041 2039/2069/2040
f 627/628/628 3958/4176/3958 628/626/626
f 340/341/341 4049/4288/4048 3781/3968/3782
f 4835/5503/4835 3888/5504/3887 3887/5505/3888
f 4128/4389/4129 4127/4388/4128 1256/1268/1257
f 3088/3168/3088 858/3745/856 3087/3167/3087
f 1946/1972/1945 906/908/907 908/907/906
f 3842/4033/3842 1413/1427/1412 3161/3249/3161
f 2018/2047/2019 2475/2523/2476 2019/2045/2017
f 4448/4804/4447 2083/2112/2081 3999/4231/3999
f 1731/1755/1732 3333/3438/3333 4836/5506/4836
f 4684/5179/4684 1310/1324/1311 2202/2236/2203
f 4126/4386/4126 2828/2887/2827 317/318/318
f 57/55/55 2038/2066/2037 4247/4532/4247
f 3356/3467/3356 1681/1703/1680 1614/1630/1612
f 3792/3978/3792 696/694/694 695/696/696
f 3244/3346/3243 2533/2580/2532 398/396/396
f 4459/4820/4459 78/76/76 77/78/78
f 4837/5507/4837 4450/5508/4450 3646/5509/3645
f 1371/1386/1372 3325/3430/3325 1372/1384/1370
f 1215/1224/1215 3907/4116/3907 4059/4302/4059
f 449/450/450 448/449/449 536/4516/537
f 207/205/205 206/207/207 4838/5510/4838
f 206/5511/207 4089/4339/4090 4838/5512/4838
f 4839/5513/4839 4133/4395/4133 3074/3153/3074
f 2908/2975/2909 2990/3065/2990 4491/4863/4491
f 710/711/711 3411/5514/3411 711/712/712
f 4840/5515/4840 3137/3220/3136 3736/3913/3734
f 2675/2729/2676 4841/5516/4841 4523/4912/4523
f 2999/3072/2997 2321/2361/2321 625/623/623
f 2923/2992/2924 3143/3225/3141 3142/3227/3143
f 2058/2088/2057 2057/2089/2058 2068/2098/2067
f 1298/1312/1299 2766/2825/2766 648/5517/648
f 3818/4005/3818 1476/1492/1477 3880/4078/3880
f 2557/4526/2558 2056/5518/2056 3825/4703/3825
f 4022/4255/4022 3110/3190/3108 753/754/754
f 3472/3607/3472 3475/5519/3475 4774/5361/4774
f 2352/2394/2353 550/5520/551 3212/4352/3212
f 748/746/746 2625/2674/2624 2624/2675/2625
f 4204/4480/4204 461/462/462 3018/3093/3016
f 971/975/972 4633/5521/4633 972/973/970
f 1363/1378/1364 394/395/395 2841/2902/2842
f 1157/5142/1158 3778/3964/3778 1158/5522/1159
f 176/177/177 2282/2322/2282 177/178/178
f 3244/3346/3243 3243/3347/3244 3307/3411/3307
f 3289/3394/3290 4842/5523/4842 3287/3392/3288
f 3185/5210/3185 4199/4473/4199 2448/5524/2446
f 690/690/690 115/3031/116 1630/1649/1630
f 4122/4383/4123 4124/4382/4122 4843/5525/4843
f 3315/3419/3315 271/272/272 4039/4276/4039
f 2674/2727/2674 4429/4782/4428 2108/2140/2108
f 948/949/948 1162/5526/1162 767/950/768
f 626/627/627 4011/4244/4011 1228/1235/1226
f 927/5527/928 4095/4346/4095 3767/5211/3767
f 3041/3116/3039 2172/2205/2172 3039/3117/3040
f 4026/4261/4026 857/858/858 4751/5316/4752
f 2982/3057/2983 2100/2133/2101 393/394/394
f 3456/3584/3456 4196/4468/4196 3941/4156/3942
f 3769/3955/3770 4844/5528/4844 2664/2717/2665
f 1339/1354/1340 2665/2715/2663 4844/5528/4844
f 3235/3335/3236 149/996/150 151/5529/149
f 521/522/522 4845/5530/4845 3143/3225/3141
f 4489/4861/4489 4283/4586/4283 3083/3164/3084
f 3001/3077/3001 711/712/712 3176/3265/3177
f 3937/4151/3937 455/456/456 3320/3425/3321
f 2673/5147/2673 2672/5531/2672 1714/1738/1715
f 2675/2729/2676 2676/2728/2675 4841/5516/4841
f 834/835/835 1340/1353/1339 835/836/836
f 1361/1376/1362 1360/1375/1361 3723/3897/3722
f 1153/1160/1153 2242/2280/2242 954/955/952
f 74/3798/75 903/905/904 3087/3167/3087
f 3087/3167/3087 1647/5532/1647 74/3798/75
f 2487/2535/2488 3265/3368/3264 4734/5283/4734
f 3737/3916/3737 785/786/786 652/650/650
f 2270/2309/2269 3635/3801/3636 4032/4268/4032
f 2459/5533/2460 1992/2019/1992 1610/1626/1608
f 3992/4753/3992 738/739/739 737/738/738
f 1072/1080/1073 276/277/277 859/860/860
f 2635/2685/2635 3873/4070/3873 993/997/993
f 2341/2383/2342 4648/5534/4648 2342/2381/2340
f 4846/5535/4846 4648/5534/4648 2341/2383/2342
f 1372/1384/1370 2116/2148/2116 504/502/502
f 3609/3769/3610 3814/4000/3813 3813/4001/3814
f 288/289/289 2072/2104/2073 1530/1545/1528
f 1735/1758/1735 2522/2570/2523 1474/1487/1472
f 2289/4493/2290 4097/4350/4098 2290/4349/2288
f 942/944/943 48/46/46 2911/5320/2910
f 2465/2511/2464 43/44/44 2362/2405/2362
f 2046/2075/2044 3615/3778/3615 1471/1485/1470
f 1477/1490/1475 454/455/455 1475/1491/1476
f 3404/3524/3403 4125/4385/4125 2861/2920/2860
f 1892/1915/1890 3047/5536/3046 1739/1760/1737
f 2293/2331/2291 2292/2333/2293 4725/5263/4725
f 1343/1355/1341 3342/3449/3342 4164/5139/4163
f 741/742/742 760/761/761 1053/1060/1053
f 2773/2831/2772 4101/4354/4100 3579/3731/3579
f 4616/5056/4615 4615/5057/4616 4741/5294/4741
f 4517/5537/4516 475/3078/476 477/5538/475
f 4517/5537/4516 3002/3079/3002 475/3078/476
f 4847/5539/4847 1391/1405/1391 3739/3919/3739
f 3739/3921/3739 508/509/509 4847/5540/4847
f 2291/2332/2292 2293/2331/2291 3613/3773/3612
f 3612/3774/3613 2291/2332/2292 3613/3773/3612
f 240/238/238 2277/2316/2276 2870/2930/2870
f 3281/3386/3282 557/555/555 2218/2252/2218
f 1338/1352/1338 3695/3865/3694 1337/1349/1335
f 1338/1352/1338 2875/2934/2874 3695/3865/3694
f 2415/2458/2413 1780/1802/1779 156/157/157
f 4521/4910/4521 4599/5021/4599 4522/4911/4522
f 2624/2675/2625 214/215/215 216/214/214
f 662/663/663 3422/5541/3421 663/661/661
f 4394/4733/4392 4147/4410/4145 4146/4412/4147
f 3236/3333/3234 151/5529/149 313/5542/314
f 2254/2292/2254 2995/3071/2996 2845/2905/2845
f 662/663/663 4498/4876/4498 3422/5541/3421
f 3315/3419/3315 2762/2822/2763 1728/1749/1726
f 1496/1513/1497 1495/1512/1496 4700/5206/4700
f 890/892/891 1219/1227/1218 891/893/892
f 139/140/140 582/583/583 4848/5543/4848
f 752/5544/753 2571/2620/2571 4022/5545/4022
f 496/497/497 832/832/832 497/498/498
f 1590/1606/1588 1573/1592/1574 1574/1591/1573
f 1590/1606/1588 1574/1591/1573 1443/1459/1444
f 1717/5546/1718 1036/1041/1037 3930/4142/3929
f 2099/2129/2097 4355/4675/4355 3113/3195/3113
f 2519/2565/2518 3100/3180/3100 4785/5382/4785
f 522/523/523 521/522/522 1984/2009/1982
f 1328/1340/1326 2084/2116/2085 387/388/388
f 915/5547/913 914/3714/915 3566/3712/3565
f 3228/3328/3229 27/3339/25 26/5548/27
f 68/69/69 1851/1877/1852 69/67/67
f 4849/5549/4849 1427/1443/1428 1790/1814/1791
f 4391/5550/4391 4571/4981/4571 4570/4980/4570
f 4570/4980/4570 3633/3796/3633 4391/5550/4391
f 241/242/242 243/241/241 784/785/785
f 4773/5360/4773 2078/2108/2077 1997/2023/1995
f 1110/1118/1111 721/719/719 720/721/721
f 3760/3943/3758 3759/3945/3760 1317/1331/1317
f 158/4568/159 3416/3538/3416 4664/5551/4664
f 4043/4283/4043 2041/2068/2039 2040/2070/2041
f 1795/3700/1795 3650/3816/3649 3278/3381/3277
f 1164/1171/1164 1867/1890/1865 4850/5552/4850
f 664/665/665 322/323/323 2298/2337/2297
f 3166/3253/3165 1419/1435/1420 1991/2018/1991
f 3166/3253/3165 1991/2018/1991 1990/2017/1990
f 4332/4646/4333 2334/2374/2333 731/729/729
f 781/782/782 2616/2667/2617 782/783/783
f 363/364/364 3851/4044/3851 364/365/365
f 316/317/317 786/784/784 4126/4386/4126
f 1145/1153/1146 2767/2826/2767 1146/1154/1147
f 3043/4262/3043 2039/2069/2040 4359/5553/4358
f 4062/4305/4062 846/844/844 467/468/468
f 4851/5554/4851 2897/2960/2898 3779/3965/3779
f 303/304/304 3585/5555/3586 304/305/305
f 2770/2828/2769 2139/2171/2139 3624/3788/3625
f 1315/5008/1313 2205/2239/2206 2207/2238/2205
f 1346/1361/1347 3210/3304/3208 3209/3306/3210
f 4083/4331/4083 3339/5556/3339 3575/3725/3575
f 993/997/993 4611/5161/4612 2573/5557/2574
f 4604/5032/4604 4064/4307/4064 3224/3322/3225
f 4602/5025/4602 1193/1201/1194 1192/1200/1193
f 2112/2142/2110 2111/2144/2112 339/337/337
f 1869/1895/1870 4177/4446/4178 4174/4442/4175
f 2305/2345/2305 2304/2344/2304 4062/4305/4062
f 4518/5454/4518 4379/4715/4379 301/299/299
f 65/66/66 64/65/65 554/553/553
f 3861/4056/3861 1627/1647/1628 2136/2168/2136
f 2748/2807/2749 4663/5133/4663 2749/2808/2750
f 1631/1651/1632 643/641/641 1884/1909/1884
f 1523/1541/1524 4312/4621/4311 4311/4622/4312
f 1546/1562/1544 3638/3804/3638 1544/1563/1545
f 3079/3158/3078 2138/2170/2138 2137/2169/2137
f 4853/5558/4852 1603/1619/1601 4852/5559/4853
f 3485/3626/3485 3404/3524/3403 1915/1941/1914
f 4214/4489/4212 3040/3118/3041 4212/4490/4213
f 3147/3231/3146 3146/3232/3147 2050/2081/2050
f 1961/1986/1959 2034/2063/2034 651/652/652
f 4854/5560/4854 1867/1890/1865 1164/1171/1164
f 2026/2052/2024 724/722/722 723/724/724
f 2593/2643/2593 1578/1596/1578 3124/3205/3123
f 2629/2680/2630 2630/2679/2629 3372/3482/3371
f 1337/1349/1335 3695/3865/3694 4360/4680/4360
f 3417/3539/3417 4855/5561/4855 1395/1410/1396
f 52/53/53 2902/2963/2901 3311/3415/3311
f 4392/4734/4393 4394/4733/4392 4146/4412/4147
f 391/392/392 390/391/391 4385/4723/4385
f 3423/3546/3424 4856/5562/4856 1242/1252/1242
f 1256/1268/1257 3382/3494/3382 1257/1269/1258
f 2333/2375/2334 190/188/188 189/190/190
f 2368/2412/2369 3322/3427/3322 2369/2410/2367
f 1331/1346/1332 1041/1043/1039 3714/3887/3714
f 519/520/520 72/70/70 71/72/72
f 4647/5104/4647 2074/2105/2074 980/984/981
f 833/833/833 1428/1441/1426 3469/3604/3470
f 2500/5563/2499 1084/5564/1082 3832/4227/3831
f 1844/1869/1844 2500/5563/2499 3832/4227/3831
f 2787/2847/2788 4769/5351/4769 2788/2848/2789
f 2294/5565/2294 3942/4155/3941 2295/5566/2295
f 4281/5489/4281 4282/5567/4282 3271/5490/3271
f 3629/3793/3630 3544/3690/3544 4802/5415/4802
f 2279/2318/2278 415/5446/416 2278/2319/2279
f 1278/1290/1279 1279/1289/1278 3926/4138/3926
f 2594/2644/2594 3174/3262/3174 4620/5065/4621
f 1416/1432/1417 2296/2336/2296 1418/1433/1418
f 189/190/190 191/192/192 1043/2368/1043
f 690/690/690 693/691/691 692/693/693
f 3131/3214/3131 2884/2945/2883 2883/2946/2884
f 4304/4613/4304 2981/3055/2981 1362/1374/1360
f 10/11/11 2852/2912/2852 3906/4114/3906
f 3465/3594/3465 3466/3598/3466 1876/1902/1877
f 3297/3401/3297 4306/4615/4306 740/741/741
f 4362/5568/4362 501/499/499 2074/2105/2074
f 3698/3869/3698 1825/1849/1826 1828/1852/1829
f 1828/1852/1829 1825/1849/1826 1827/1848/1825
f 2077/2109/2078 4857/5569/4857 871/872/872
f 3857/4049/3856 3856/4050/3857 719/720/720
f 362/360/360 2257/2295/2257 3494/3636/3494
f 2609/2659/2609 4858/5570/4858 4846/5535/4846
f 4343/4656/4343 3264/3369/3265 1290/1304/1291
f 4008/5571/4006 4007/5572/4008 4457/4817/4457
f 3530/3675/3530 2433/2479/2434 2435/2478/2433
f 2278/2319/2279 793/794/794 795/793/793
f 1415/1431/1416 3894/4099/3894 2717/2773/2717
f 3801/3987/3801 1175/1180/1173 4167/4434/4167
f 2376/2420/2377 1047/1054/1048 1985/2013/1986
f 1448/4758/1449 4447/4805/4448 3405/3527/3406
f 4680/5174/4680 553/554/554 66/64/64
f 3924/4136/3924 4589/5573/4589 3369/3481/3370
f 374/372/372 4859/5574/4859 370/371/371
f 3162/3250/3162 3701/3872/3701 597/596/596
f 4666/5575/4666 3283/3860/3283 3688/3859/3689
f 2414/2460/2415 1078/1086/1079 1780/1802/1779
f 715/713/713 4696/5199/4696 713/714/714
f 3512/3654/3510 4369/4694/4369 4822/5472/4822
f 3780/3966/3780 2675/2729/2676 1995/2024/1996
f 783/781/781 4357/4677/4357 3003/3080/3003
f 2971/3900/2970 1267/1279/1268 2970/5576/2971
f 3363/3474/3363 2835/2894/2834 3803/3988/3802
f 193/194/194 195/193/193 2483/2528/2481
f 4145/4411/4146 2401/2442/2399 4146/4412/4147
f 3099/3179/3099 544/545/545 546/544/544
f 2191/2225/2192 1266/1275/1264 4860/5577/4860
f 1281/1293/1281 2191/2225/2192 4860/5577/4860
f 1262/1274/1263 429/427/427 4209/4485/4209
f 748/746/746 4555/4960/4555 2625/2674/2624
f 107/108/108 106/107/107 3614/3776/3614
f 3328/3434/3329 3259/3364/3260 3329/3433/3328
f 4692/5192/4692 1822/5191/1823 1824/5578/1822
f 3974/5579/3974 2426/2472/2427 3588/5580/3588
f 2559/2608/2560 2560/2607/2559 1829/1851/1828
f 1265/1277/1266 2540/2588/2540 587/588/588
f 2601/2652/2602 4861/5581/4861 4796/5406/4796
f 2565/2614/2565 3329/3433/3328 306/307/307
f 1487/5582/1487 4500/4879/4501 2849/2909/2849
f 4828/5486/4829 3137/3220/3136 1664/1683/1663
f 4828/5486/4829 4829/5485/4828 3137/3220/3136
f 4829/5485/4828 4240/4522/4238 3137/3220/3136
f 3547/3693/3547 2539/2587/2539 1264/1276/1265
f 2597/2645/2595 4295/4601/4295 4862/5583/4862
f 2509/2555/2508 645/646/646 4834/5500/4834
f 3667/3835/3667 2486/5584/2486 3845/4038/3845
f 4757/5585/4756 4863/5586/4863 4864/5587/4864
f 1983/2011/1984 2916/2981/2914 2915/2983/2916
f 3726/3903/3726 3087/3167/3087 903/905/904
f 1239/1249/1240 3638/3804/3638 1240/1247/1238
f 3722/3898/3723 3929/4143/3930 1036/1041/1037
f 641/642/642 1456/1472/1457 1939/1967/1940
f 2266/2307/2267 2268/2306/2266 287/288/288
f 1304/1317/1304 776/777/777 4228/4507/4228
f 4134/4397/4135 4865/5588/4865 424/5589/425
f 1154/1162/1155 4595/5016/4595 1155/1163/1156
f 574/572/572 1527/1542/1525 4744/5298/4744
f 2189/2222/2189 3831/4228/3832 4866/5590/4866
f 4579/4992/4579 2290/4349/2288 4098/4348/4097
f 2125/2157/2125 2159/2192/2160 1688/1711/1688
f 2182/2216/2183 2184/2215/2182 2943/3012/2941
f 4212/4490/4213 3040/3118/3041 4672/5591/4672
f 4516/4902/4517 4644/5098/4644 1284/1295/1283
f 731/729/729 4795/5401/4795 4332/4646/4333
f 938/937/936 3746/3928/3746 936/938/937
f 2822/2883/2823 3600/3757/3599 4222/4500/4222
f 2532/2581/2533 396/397/397 398/396/396
f 414/5592/415 3520/3664/3520 4102/4358/4102
f 1325/5201/1323 1324/3834/1325 802/803/803
f 4364/4689/4364 3425/3547/3425 2626/2676/2626
f 3760/3943/3758 1317/1331/1317 3477/5593/3477
f 523/521/521 4845/5530/4845 521/522/522
f 75/73/73 74/75/75 1647/1666/1647
f 1772/1796/1773 1752/1776/1753 4025/4258/4024
f 4867/5594/4867 4227/4505/4226 4226/4506/4227
f 2867/5595/2865 4867/5594/4867 4226/4506/4227
f 2525/2572/2525 3717/3892/3717 347/346/346
f 2165/2198/2166 4629/5596/4629 3003/3080/3003
f 2933/2999/2931 4868/5597/4868 273/274/274
f 4537/4935/4537 6/4/4 3319/3421/3317
f 1627/1647/1628 3518/3662/3518 2135/2167/2135
f 852/850/850 2810/2868/2809 3544/3690/3544
f 4634/5083/4634 1257/1269/1258 290/291/291
f 4485/4856/4484 4869/5598/4869 3661/3829/3662
f 3654/3822/3655 4211/4487/4211 3657/3824/3657
f 2825/2885/2825 835/836/836 3601/3759/3601
f 3951/5599/3952 4870/5600/4870 4771/5359/4772
f 3648/3815/3648 4420/4774/4421 4410/4755/4408
f 1732/1756/1733 3725/3902/3725 257/258/258
f 4560/4966/4560 396/397/397 2011/2040/2012
f 1200/1205/1198 1199/1207/1200 3499/3639/3497
f 398/396/396 397/398/398 3701/3872/3701
f 1880/1906/1881 3448/3574/3449 4794/5400/4794
f 3448/3574/3449 3447/3573/3448 4794/5400/4794
f 4779/5371/4779 1402/5370/1403 4191/4462/4192
f 4779/5371/4779 4191/4462/4192 3830/4020/3830
f 4000/4232/4000 4605/5034/4605 1194/1199/1192
f 2405/2451/2406 2406/2450/2405 4193/4464/4193
f 3798/3983/3797 3796/3980/3794 3795/3982/3796
f 2367/5601/2368 2369/4336/2367 4607/5036/4607
f 3996/4225/3995 3995/4226/3996 4398/5602/4398
f 611/612/612 2141/2173/2141 828/829/829
f 3931/4145/3931 4871/5603/4871 3501/3643/3500
f 4534/4931/4534 3396/3514/3396 3722/5244/3723
f 4553/4957/4553 103/104/104 202/203/203
f 4266/4563/4267 4662/5132/4662 4872/5604/4872
f 2047/2079/2048 3730/3908/3730 2506/2554/2507
f 4578/5605/4578 3515/5606/3516 3320/3425/3321
f 4578/5605/4578 3320/3425/3321 2288/2329/2289
f 3042/3119/3042 811/812/812 3463/3593/3464
f 1489/5272/1490 295/293/293 2261/5242/2261
f 3968/4188/3968 4452/4811/4452 4399/4742/4399
f 2731/2787/2729 4346/4889/4346 2121/5388/2122
f 3545/3691/3545 3544/3690/3544 3630/3792/3629
f 4720/5252/4720 4379/4715/4379 1814/1836/1813
f 1804/1827/1804 3568/3715/3567 654/655/655
f 4720/5252/4720 1814/1836/1813 761/760/760
f 119/120/120 3913/4123/3913 3279/3383/3279
f 3630/3792/3629 4812/5432/4812 3545/3691/3545
f 748/746/746 2624/2675/2625 746/747/747
f 1979/2007/1980 1634/1653/1634 221/222/222
f 1042/1046/1042 1133/1141/1134 1135/1140/1133
f 1550/1569/1551 4873/5607/4873 460/461/461
f 883/882/881 978/981/978 881/883/882
f 3076/3157/3077 2171/2204/2171 405/406/406
f 4387/4725/4387 4298/4605/4298 232/233/233
f 631/5447/629 630/5608/631 349/3060/350
f 1499/1516/1500 1498/1515/1499 2255/2294/2256
f 1889/1914/1889 3262/3367/3263 4874/5609/4874
f 414/415/415 4102/5610/4102 368/366/366
f 1719/1743/1720 1079/1087/1080 2380/2424/2381
f 4203/4477/4203 4358/4679/4359 1018/1023/1019
f 3794/3981/3795 3253/5611/3253 3795/3982/3796
f 2021/2050/2022 3321/3424/3320 4378/5612/4378
f 2518/5613/2519 2021/2050/2022 4378/5612/4378
f 758/759/759 4603/5026/4603 759/757/757
f 2764/2823/2764 3399/3518/3400 3398/3517/3399
f 198/196/196 197/198/198 1385/1399/1385
f 2258/2297/2258 610/611/611 2853/2914/2854
f 985/989/986 3920/4130/3919 3413/4635/3414
f 165/166/166 164/165/165 2952/3023/2952
f 224/225/225 4789/5393/4790 1709/1733/1710
f 4789/5393/4790 1064/1069/1062 1709/1733/1710
f 1096/1101/1094 1805/1829/1806 1807/1828/1805
f 1494/1510/1494 1974/2001/1974 171/172/172
f 3050/5614/3051 4654/5615/4653 4614/5055/4614
f 2020/5616/2021 2022/2304/2020 2265/2303/2264
f 4715/5247/4716 4457/4817/4457 4031/4267/4031
f 4708/5226/4708 2682/2735/2682 4468/5617/4468
f 2490/2538/2491 4708/5618/4708 4468/4832/4468
f 2270/2309/2269 4614/5055/4614 152/153/153
f 2231/2268/2232 4420/4774/4421 4296/4602/4296
f 2308/2346/2306 2994/3068/2993 2306/2347/2307
f 3781/3968/3782 4049/4288/4048 4048/4289/4049
f 2586/2634/2584 855/853/853 4768/5349/4768
f 2831/2892/2832 3056/3136/3057 2637/2688/2638
f 133/134/134 2238/2277/2239 134/135/135
f 2142/2175/2143 2144/2174/2142 2287/2326/2286
f 1508/1522/1506 4310/5165/4310 1506/1523/1507
f 1910/4478/1911 419/5619/417 4835/5503/4835
f 3922/4135/3923 3924/5620/3924 3923/4133/3922
f 2655/2707/2655 3268/5621/3269 3270/5622/3268
f 2117/2149/2117 2451/2496/2449 2450/2498/2451
f 4350/5257/4350 3130/3213/3130 4198/4470/4198
f 2051/2082/2051 4659/5127/4659 2681/2734/2681
f 3310/3413/3309 724/722/722 2026/2052/2024
f 1933/1961/1934 4245/4530/4245 1934/1962/1935
f 1537/3837/1537 1545/1564/1546 3668/3838/3669
f 3944/4160/3944 2403/2449/2404 4526/4915/4526
f 1708/4930/1708 10/11/11 12/10/10
f 4326/4640/4327 3784/3969/3783 3783/3970/3784
f 3574/3723/3573 1363/1378/1364 4202/4476/4202
f 1976/2004/1977 4651/5109/4651 1977/2002/1975
f 3660/3827/3660 2103/2136/2104 4278/4581/4278
f 158/159/159 4664/5135/4664 1065/1073/1066
f 158/159/159 1065/1073/1066 159/160/160
f 2627/2677/2627 2631/2681/2631 3280/3384/3280
f 1020/2723/1021 1798/1822/1799 4693/5193/4693
f 2310/2351/2311 2983/3056/2982 395/393/393
f 4316/4626/4316 3344/3452/3345 3543/3688/3542
f 2230/5623/2228 4771/5359/4772 4645/5100/4645
f 1885/1911/1886 501/499/499 2389/2431/2388
f 184/182/182 183/184/184 1211/1218/1209
f 4510/4891/4510 4875/5624/4875 3421/3544/3422
f 2161/2194/2162 3168/3255/3167 2550/2599/2551
f 534/533/533 4332/4646/4333 3117/3200/3118
f 1831/1855/1832 4811/5430/4811 1109/1115/1108
f 4876/5625/4876 4424/4988/4425 2528/2576/2529
f 2227/2262/2226 201/199/199 200/201/201
f 201/199/199 2227/2262/2226 2226/2263/2227
f 1740/1764/1741 309/310/310 4872/5604/4872
f 1795/3700/1795 3278/3381/3277 2880/2940/2878
f 4586/4999/4586 1304/1317/1304 745/743/743
f 1681/1703/1680 2209/2243/2210 1680/1704/1681
f 2992/3067/2992 559/560/560 1725/1746/1723
f 4376/4712/4376 3837/4026/3835 3836/4028/3837
f 1739/3125/1737 3304/3409/3305 2491/5227/2492
f 1845/1870/1845 1846/1872/1847 1843/1866/1841
f 4009/5626/4010 1787/1811/1788 1786/1810/1787
f 258/259/259 257/258/258 2985/3059/2985
f 1675/4953/1676 2727/5627/2727 3483/3625/3484
f 4638/5090/4638 20/21/21 2864/2922/2862
f 1309/1320/1307 4164/5139/4163 1307/1321/1308
f 1309/1320/1307 1343/1355/1341 4164/5139/4163
f 671/669/669 2648/2698/2648 966/969/966
f 446/447/447 752/5544/753 948/949/948
f 4471/4836/4471 3874/4071/3874 2259/4834/2259
f 2259/2298/2259 2258/2297/2258 4470/5628/4470
f 3845/4744/3845 3211/3307/3211 3846/5629/3846
f 297/298/298 935/936/935 4746/5303/4746
f 1890/1916/1891 898/900/899 4454/4813/4454
f 4250/5630/4250 1877/1903/1878 3449/5323/3447
f 3472/3607/3472 4774/5361/4774 3099/3179/3099
f 797/798/798 796/797/797 4353/4670/4353
f 1119/1124/1117 1006/1011/1007 40/41/41
f 45/43/43 2363/2406/2363 2362/2405/2362
f 4103/5631/4103 366/4356/367 4545/4942/4544
f 2430/2473/2428 3053/5632/3052 2428/2474/2429
f 4732/5281/4732 1399/1414/1400 4691/5189/4691
f 1127/1135/1128 3164/3252/3164 2946/3017/2946
f 2580/2627/2578 3615/3778/3615 1965/1992/1965
f 1263/1273/1262 4877/5633/4877 2360/2403/2360
f 3603/5634/3604 1726/1750/1727 3606/3764/3606
f 1271/1282/1271 3795/3982/3796 136/137/137
f 3798/3983/3797 3795/3982/3796 1271/1282/1271
f 1515/1533/1516 2817/2877/2817 3399/3518/3400
f 3520/3664/3520 366/4356/367 4102/4358/4102
f 812/810/810 2253/2291/2253 810/811/811
f 1955/4606/1956 3227/3325/3227 2292/2333/2293
f 1604/1623/1605 3633/3796/3633 4570/4980/4570
f 1809/1832/1809 1559/1578/1560 1619/1637/1618
f 1432/5146/1432 2673/5147/2673 1713/1737/1714
f 1432/1447/1432 1430/1446/1431 2673/2726/2673
f 2333/2375/2334 189/190/190 729/730/730
f 4588/5007/4588 4812/5432/4812 3630/3792/3629
f 3212/4352/3212 2353/2392/2351 2352/2394/2353
f 1532/1551/1533 1414/1429/1414 2005/2031/2003
f 514/512/512 818/819/819 727/725/725
f 3758/3944/3759 4878/5635/4878 3759/3945/3760
f 4879/5636/4879 2428/3132/2429 3052/3131/3053
f 3405/3527/3406 4807/5422/4807 3406/3528/3407
f 3804/3991/3805 2765/2824/2765 4254/4543/4254
f 4112/4372/4112 3191/3283/3192 2633/2683/2633
f 2559/2608/2560 1829/1851/1828 2502/2549/2502
f 4695/5198/4695 3103/3181/3101 3102/3183/3103
f 4242/4527/4242 1986/2012/1985 1049/1053/1047
f 3742/3923/3742 2052/2084/2053 243/241/241
f 123/121/121 2980/3053/2979 121/122/122
f 3120/3202/3120 2417/2462/2417 2582/2632/2582
f 3920/4130/3919 1000/1004/1000 4323/4636/4323
f 3585/5555/3586 3586/5637/3585 304/305/305
f 3742/3923/3742 243/241/241 242/243/243
f 1839/1864/1840 2722/5638/2721 4531/5405/4531
f 3233/3332/3233 1591/1610/1592 2786/2845/2786
f 2621/2672/2622 2296/2336/2296 2622/2673/2623
f 2867/5595/2865 2866/5639/2867 4867/5594/4867
f 130/131/131 2411/2454/2409 2410/2456/2411
f 4005/4237/4005 644/644/644 372/373/373
f 1757/1781/1758 2252/2289/2251 1758/1779/1756
f 2873/2933/2873 4808/5425/4808 4204/4480/4204
f 1110/1118/1111 1653/1671/1652 1120/1128/1121
f 3351/3462/3351 4507/4886/4507 1764/1785/1762
f 2754/2812/2753 298/296/296 4880/5640/4880
f 1006/1011/1007 1118/1126/1119 1007/1012/1008
f 1165/1173/1166 4348/4665/4349 2343/2384/2343
f 2154/2186/2154 4765/5342/4765 381/382/382
f 2886/2947/2885 4013/4245/4012 2303/2341/2301
f 1314/1328/1315 3906/5641/3906 1315/1326/1313
f 2011/2040/2012 2013/2039/2011 1186/1193/1186
f 4882/5642/4881 4261/5643/4260 4881/5644/4882
f 1844/1869/1844 4883/5645/4883 2500/5563/2499
f 4437/4792/4438 2399/2443/2400 4438/4791/4437
f 4437/4792/4438 4247/4532/4247 2399/2443/2400
f 2942/3014/2943 2182/2216/2183 2943/3012/2941
f 641/642/642 943/945/944 1457/1470/1455
f 3464/5646/3462 4493/4865/4493 3462/4866/3463
f 3082/3163/3083 4489/4861/4489 3083/3164/3084
f 4884/5647/4884 3663/3830/3663 1940/1966/1939
f 4241/4525/4241 1734/1757/1734 1474/1487/1472
f 3784/3969/3783 4315/5648/4314 4260/4550/4261
f 3406/3528/3407 4648/5106/4648 3943/4158/3943
f 334/335/335 336/334/334 1104/1109/1102
f 1462/1478/1463 723/724/724 2761/2820/2761
f 4539/4937/4539 3764/3949/3764 505/505/505
f 3943/4158/3943 4648/5106/4648 4858/5649/4858
f 1205/1213/1205 3233/3332/3233 1253/1264/1253
f 450/5650/448 2467/5651/2468 448/3047/449
f 2467/5651/2468 2690/2745/2691 448/3047/449
f 3352/3463/3352 2718/2775/2719 2719/2774/2718
f 4412/4764/4412 3703/3873/3702 3608/3768/3609
f 3403/3525/3404 2740/2799/2741 2741/2798/2740
f 1272/1283/1272 3877/4074/3876 3255/3360/3256
f 535/536/536 486/487/487 2027/2056/2028
f 1436/1452/1437 1726/1750/1727 3402/5652/3402
f 198/196/196 999/1003/999 998/1002/998
f 3168/3255/3167 3584/3734/3582 1750/1774/1751
f 784/785/785 786/784/784 241/242/242
f 4085/5653/4086 4086/5654/4085 1222/1232/1223
f 2494/2541/2494 2858/2916/2856 1101/1106/1099
f 4687/5182/4686 245/246/246 4685/5181/4685
f 3347/3454/3347 4139/4402/4139 2877/2939/2877
f 4248/4533/4248 2037/2067/2038 4288/4591/4288
f 4657/5125/4657 4885/5655/4885 3090/3171/3091
f 1486/1499/1484 4015/4249/4016 2934/3003/2935
f 1090/1098/1091 1482/5656/1483 1091/1096/1089
f 1350/1364/1350 1746/1770/1747 1753/1775/1752
f 861/5657/859 2704/2760/2705 4886/5658/4886
f 4887/5659/4887 4886/5658/4886 2704/2760/2705
f 1260/1272/1261 1259/1271/1260 2314/2354/2314
f 2787/2847/2788 2789/2846/2787 2966/3039/2967
f 2357/2401/2358 4019/4250/4017 2358/2402/2359
f 596/597/597 3490/3632/3490 597/596/596
f 4888/5660/4888 2387/2430/2387 34/35/35
f 2424/5661/2425 4753/5317/4753 2426/2472/2427
f 1789/1813/1790 1791/1812/1789 3770/3956/3771
f 1011/1013/1009 1924/1952/1925 3938/4152/3938
f 1895/1921/1896 3801/3987/3801 4167/4434/4167
f 3561/3709/3562 4038/4275/4038 4417/4770/4417
f 3377/3488/3377 4889/5662/4889 1570/1589/1571
f 1570/1589/1571 4889/5662/4889 4890/5663/4890
f 188/189/189 3270/5622/3268 3269/5664/3270
f 2549/2597/2549 3760/5665/3758 3477/3614/3477
f 3760/5665/3758 2549/2597/2549 3758/5666/3759
f 3127/3207/3125 246/244/244 3503/3647/3503
f 2887/2949/2887 1901/1927/1901 865/866/866
f 502/503/503 4567/5417/4567 2814/3266/2815
f 3492/3635/3493 3203/3298/3204 4891/5667/4891
f 2245/3297/2245 2247/5668/2247 4891/5667/4891
f 1953/1979/1952 3461/3590/3461 1080/1085/1078
f 4892/5669/4892 687/688/688 664/665/665
f 976/979/976 2607/2658/2608 977/980/977
f 3562/3710/3563 4417/4770/4417 3856/4050/3857
f 2951/3022/2951 1295/1309/1296 1297/1308/1295
f 4085/5653/4086 1222/1232/1223 1352/1366/1352
f 3128/3211/3128 2352/2394/2353 3129/3212/3129
f 550/5520/551 2352/2394/2353 3128/3211/3128
f 2768/2827/2768 1250/1262/1251 4806/5420/4805
f 901/903/902 3041/3116/3039 4214/4489/4212
f 1241/1253/1241 359/357/357 1913/1940/1913
f 934/935/934 2753/2813/2754 3276/3380/3276
f 388/389/389 4464/4826/4463 979/983/980
f 121/122/122 542/543/543 1152/1159/1152
f 411/412/412 4483/5002/4483 412/413/413
f 1861/1887/1862 3724/3899/3724 4137/4400/4137
f 1319/1334/1320 4081/4329/4081 1044/1051/1045
f 2852/2912/2852 2851/2911/2851 2122/2155/2123
f 341/342/342 3976/5148/3977 1506/4620/1507
f 4893/5670/4893 4711/5239/4712 4712/5238/4711
f 1354/1367/1353 170/171/171 4532/4929/4533
f 1194/1199/1192 1193/1201/1194 2513/2560/2513
f 1639/1658/1639 1073/1081/1074 2846/2907/2847
f 3544/3690/3544 3629/3793/3630 3630/3792/3629
f 1790/1814/1791 2745/2803/2745 2744/2802/2744
f 1841/5671/1842 4354/4673/4354 1842/5672/1843
f 791/792/792 4161/4427/4161 792/790/790
f 4894/5673/4894 4865/5588/4865 4136/4396/4134
f 3217/3312/3215 3216/3314/3217 4479/4849/4479
f 1588/1607/1589 3889/4092/3889 4465/4828/4465
f 2416/2461/2416 2090/2122/2091 461/462/462
f 3889/4092/3889 4047/4287/4047 4465/4828/4465
f 4279/5674/4279 1776/1798/1775 960/2873/961
f 4763/5335/4763 1284/1295/1283 1776/1798/1775
f 958/5675/959 957/2969/958 2904/2968/2904
f 4400/4746/4401 1467/4198/1468 3804/3991/3805
f 4400/5676/4401 1468/1481/1466 1467/1483/1468
f 2871/2931/2871 2829/2889/2829 850/851/851
f 773/773/773 4895/5677/4895 771/772/772
f 471/469/469 772/2058/770 771/5678/772
f 4794/5400/4794 1037/5426/1038 3389/3502/3389
f 2091/2121/2090 2416/2461/2416 4873/5607/4873
f 3298/3402/3298 593/594/594 4818/5448/4818
f 1483/1497/1482 4608/5038/4608 1091/2246/1089
f 4147/4410/4145 4803/5416/4803 4896/5679/4896
f 4897/5680/4897 1156/5681/1154 3987/4213/3987
f 2914/2982/2915 2253/2291/2253 812/810/810
f 69/67/67 4077/4325/4077 3564/3711/3564
f 518/519/519 520/518/518 920/922/921
f 620/621/621 3863/4059/3864 3864/4058/3863
f 3975/4201/3976 1507/1524/1508 3976/4202/3977
f 3237/3337/3238 2660/2711/2659 3234/3334/3235
f 1749/1773/1750 3637/3802/3637 3167/3256/3168
f 1494/1510/1494 1025/1027/1023 1974/2001/1974
f 725/726/726 3309/3414/3310 4569/4979/4569
f 2961/3032/2960 1524/1539/1522 1523/1541/1524
f 3901/4106/3899 4698/5203/4698 256/255/255
f 1606/5682/1606 3969/4192/3970 1607/5493/1607
f 4055/4295/4054 3405/3527/3406 3407/3526/3405
f 2455/2503/2456 2457/2502/2455 4696/5199/4696
f 4342/4655/4342 2987/3062/2987 3476/3612/3476
f 3720/5683/3721 464/465/465 3192/5110/3190
f 4862/5583/4862 1455/5684/1456 4898/5685/4898
f 2300/2339/2299 2662/2714/2662 2297/2338/2298
f 2713/2768/2713 4899/5686/4899 62/63/63
f 2065/2097/2066 941/4501/939 2726/2780/2724
f 2629/2680/2630 3371/3483/3372 2851/2911/2851
f 1369/1383/1369 1368/1382/1368 4540/4938/4540
f 2802/3426/2803 3100/5687/3100 4378/5612/4378
f 4766/5688/4766 2336/2378/2337 425/426/426
f 280/278/278 279/280/280 745/743/743
f 4067/4310/4066 850/851/851 3545/3691/3545
f 428/429/429 430/431/431 432/430/430
f 1689/1712/1689 1688/1711/1688 2160/2191/2159
f 4417/4770/4417 4356/4676/4356 4812/5432/4812
f 141/139/139 140/141/141 4900/5689/4900
f 4652/5111/4652 715/713/713 4901/5690/4901
f 3881/4079/3881 3803/3988/3802 3802/3989/3803
f 3156/3243/3156 2906/2971/2905 2905/2972/2906
f 1729/1752/1729 3391/3504/3391 4340/4653/4340
f 4479/4849/4479 3216/3314/3217 498/496/496
f 1610/1626/1608 1609/1628/1610 2383/2426/2383
f 4322/5691/4320 4321/5692/4322 4407/4752/4407
f 4320/5434/4321 2363/2406/2363 4321/5692/4322
f 4798/5408/4798 3962/4180/3962 700/701/701
f 1152/1159/1152 541/542/542 1153/1160/1153
f 4321/5692/4322 2363/2406/2363 4407/4752/4407
f 1981/2008/1981 3527/3672/3527 1854/1880/1855
f 4902/5693/4902 4636/5087/4636 4738/5290/4738
f 1592/1609/1591 2804/2863/2804 2922/2990/2922
f 3319/3421/3317 807/807/807 3317/3422/3318
f 3989/4215/3989 3259/3364/3260 3328/3434/3329
f 4600/5158/4600 345/343/343 3145/3228/3144
f 2378/2419/2376 147/145/145 3115/3197/3115
f 4318/5694/4318 2225/2259/2225 3756/3942/3757
f 4269/4573/4269 4318/5694/4318 3756/3942/3757
f 3659/3826/3659 3734/3914/3735 3736/3913/3734
f 4860/5577/4860 1265/1277/1266 1281/1293/1281
f 2749/2808/2750 3163/3251/3163 21/19/19
f 4692/5192/4692 1824/5578/1822 3810/5695/3810
f 1018/1023/1019 4359/4678/4358 3451/3577/3451
f 2850/2910/2850 4501/5696/4500 4500/5697/4501
f 4369/4694/4369 3132/3215/3132 4822/5472/4822
f 4903/5698/4903 757/758/758 759/757/757
f 948/949/948 758/951/759 757/5699/758
f 3843/4034/3843 4584/4998/4585 4904/5700/4904
f 4034/4272/4035 1468/1481/1466 1174/1182/1175
f 1877/1903/1878 3664/5701/3665 1878/1901/1876
f 4325/4639/4326 4905/5702/4905 4326/4640/4327
f 3664/3832/3665 4029/5703/4029 1878/5704/1876
f 3998/4229/3997 4529/4919/4529 3997/4230/3998
f 56/57/57 2681/2734/2681 2037/2067/2038
f 2292/2333/2293 2291/2332/2292 1955/4606/1956
f 857/858/858 75/73/73 1647/1666/1647
f 4092/4341/4092 1524/1539/1522 2961/3032/2960
f 3045/3122/3045 4543/5705/4543 1668/1688/1667
f 1545/1564/1546 4488/4860/4488 3668/3838/3669
f 1091/2246/1089 4608/5038/4608 2212/2244/2211
f 3991/5706/3991 3992/4753/3992 4473/4839/4473
f 3895/4100/3895 4116/4376/4116 1200/1205/1198
f 4666/5575/4666 2237/2273/2237 2235/2275/2236
f 4176/4444/4176 4906/5707/4906 4897/5708/4897
f 332/333/333 2356/2395/2354 333/331/331
f 2376/2420/2377 1985/2013/1986 673/674/674
f 4650/5108/4650 4907/5709/4907 910/911/910
f 833/833/833 4020/4253/4020 1426/1442/1427
f 1108/1116/1109 1189/1194/1187 1001/1006/1002
f 3871/4069/3872 2862/2923/2863 3718/3893/3718
f 2054/2083/2052 2737/2796/2738 2036/2065/2036
f 2372/2415/2372 2869/2928/2868 2368/2412/2369
f 2372/5710/2372 4607/5036/4607 2869/4300/2868
f 3184/5711/3184 2237/2273/2237 1850/4766/1851
f 4908/5712/4908 138/136/136 137/138/138
f 3254/3358/3254 4908/5713/4908 137/3356/138
f 2661/2713/2661 766/766/766 3808/3993/3807
f 3523/3666/3522 3522/3667/3523 4168/4436/4169
f 4517/5537/4516 4516/5714/4517 440/441/441
f 793/4743/794 367/368/368 1676/1696/1675
f 4381/4717/4381 2815/2874/2814 3583/3736/3584
f 181/179/179 1722/1744/1721 4809/5427/4809
f 219/217/217 1671/1692/1671 217/218/218
f 580/578/578 581/582/582 583/581/581
f 4487/4859/4487 3707/3880/3708 359/357/357
f 2121/5388/2122 4499/4877/4499 2731/2787/2729
f 957/961/958 4909/5715/4909 441/5716/439
f 4796/5406/4796 3063/3141/3062 3062/3142/3063
f 4910/5717/4910 2780/2839/2780 413/411/411
f 1899/4367/1899 1302/1316/1303 4910/5718/4910
f 3844/5482/3844 713/714/714 3824/4013/3824
f 1625/1644/1625 2350/2391/2350 4911/5719/4911
f 2680/2733/2680 4405/4750/4405 2154/2186/2154
f 2716/5720/2715 1625/1644/1625 2715/5721/2716
f 2750/2806/2748 4511/4892/4511 2748/2807/2749
f 3613/3773/3612 4364/4689/4364 669/670/670
f 547/548/548 4259/4548/4259 1885/5722/1886
f 1885/5722/1886 4259/4548/4259 1886/2965/1885
f 4208/4484/4208 1832/1853/1830 1831/1855/1832
f 2389/5723/2388 547/548/548 1885/5722/1886
f 2791/3519/2791 4512/4893/4512 4677/5228/4677
f 4430/4784/4430 3159/3247/3159 2264/2305/2265
f 1092/1100/1093 2915/2983/2916 2914/2982/2915
f 4913/5724/4912 3653/3820/3653 4912/5725/4913
f 1813/1837/1814 4716/5246/4715 2843/2903/2843
f 2013/2039/2011 2767/2826/2767 1186/1193/1186
f 3716/3890/3715 3715/3891/3716 4914/5726/4914
f 3254/3358/3254 3797/4848/3798 4028/4264/4028
f 2059/2090/2059 3163/3251/3163 4663/5133/4663
f 400/401/401 2453/2501/2454 3360/3471/3360
f 4785/5382/4785 3100/3180/3100 2801/2861/2802
f 1181/1189/1182 1180/1188/1181 3542/3689/3543
f 4286/4589/4286 180/181/181 179/180/180
f 3188/3883/3189 1171/1179/1172 3133/5727/3133
f 156/157/157 3080/3160/3080 157/155/155
f 900/902/901 4843/5525/4843 2172/2205/2172
f 3468/3602/3468 1024/1029/1025 1023/1028/1024
f 3335/3441/3336 4671/5155/4671 1579/1598/1580
f 1266/1275/1264 1265/1277/1266 4860/5577/4860
f 4203/4477/4203 1911/5463/1909 1910/4478/1911
f 704/702/702 3793/3979/3793 3496/3638/3496
f 2830/2890/2830 1031/1036/1032 1894/1920/1895
f 1652/1672/1653 3513/3657/3513 1663/1684/1664
f 1937/1965/1938 1936/1964/1937 1940/1966/1939
f 1940/1966/1939 1936/1964/1937 4884/5647/4884
f 1231/1238/1229 3943/4163/3943 1229/1239/1230
f 4052/4293/4052 4592/5013/4592 2920/2988/2921
f 677/675/675 1975/3961/1976 1977/5728/1975
f 499/2966/500 677/675/675 4651/5729/4651
f 3397/3515/3397 954/955/952 2242/2280/2242
f 2645/5730/2646 1165/1173/1166 4192/4461/4191
f 2622/2673/2623 3355/3466/3355 2623/2671/2621
f 4533/4928/4532 955/959/956 2614/2664/2614
f 2135/2167/2135 2192/2223/2190 2191/2225/2192
f 4844/5528/4844 2618/2669/2619 1340/1353/1339
f 4915/5731/4915 4104/4360/4104 3519/3663/3519
f 3689/3858/3688 2583/2633/2583 3688/3859/3689
f 4692/5192/4692 4395/4737/4396 3826/5190/3826
f 4395/4737/4396 4396/4736/4395 3826/5190/3826
f 3925/4137/3925 4530/4923/4530 1988/2016/1989
f 124/5732/125 4916/5733/4916 4839/5513/4839
f 4917/5734/4917 3238/4697/3237 4021/4254/4021
f 2832/2893/2833 4511/4892/4511 3348/3459/3348
f 1099/1107/1100 1101/1106/1099 3652/3819/3652
f 2720/3533/2720 4375/4711/4375 4755/5735/4755
f 3740/3920/3740 3983/4208/3983 645/646/646
f 4671/5155/4671 4670/5154/4670 1579/1598/1580
f 71/72/72 520/518/518 519/520/520
f 178/176/176 177/178/178 2526/2573/2526
f 2691/2743/2689 3039/3117/3040 2689/2744/2690
f 3775/3960/3775 2252/2289/2251 2360/2403/2360
f 2607/2658/2608 2608/2657/2607 977/980/977
f 217/218/218 1671/1692/1671 1060/1068/1061
f 571/5000/570 4683/5176/4681 4682/5178/4683
f 3525/3670/3526 1978/2006/1979 2752/2811/2752
f 1637/1654/1635 527/528/528 1635/1655/1636
f 206/207/207 205/206/206 4441/5736/4441
f 205/206/206 3917/5354/3916 4441/5736/4441
f 3367/3476/3365 4017/4251/4018 4019/4250/4017
f 3367/3476/3365 3366/3478/3367 4017/4251/4018
f 2538/2585/2537 3185/5210/3185 4095/4346/4095
f 4918/5737/4918 4547/4947/4547 4809/5427/4809
f 4222/4500/4222 4547/4947/4547 4918/5737/4918
f 132/130/130 4186/4457/4187 161/162/162
f 413/411/411 285/286/286 284/285/285
f 3598/3756/3598 3597/3755/3597 3400/3516/3398
f 2423/2469/2424 4753/5738/4753 2424/2470/2425
f 861/859/859 1072/1080/1073 859/860/860
f 3978/4203/3978 2174/2206/2173 1957/1984/1957
f 161/162/162 3503/5739/3503 162/163/163
f 4745/5299/4745 2593/2643/2593 2336/2378/2337
f 1596/1615/1597 4877/5633/4877 1224/1234/1225
f 3198/3290/3199 3197/3289/3198 992/995/992
f 4919/5740/4919 3315/3419/3315 1727/1751/1728
f 2242/2280/2242 3114/3196/3114 3397/3515/3397
f 4306/4615/4306 3677/3846/3677 3676/3845/3676
f 817/815/815 451/452/452 453/451/451
f 4069/5288/4070 4784/5741/4784 3373/3484/3373
f 3740/3920/3740 2801/2861/2802 3516/3659/3515
f 2267/2308/2268 330/328/328 329/330/330
f 4784/5378/4784 4071/4316/4072 4804/5742/4804
f 167/168/168 1420/1434/1419 256/255/255
f 484/484/484 4206/4483/4207 4205/4482/4206
f 4659/5127/4659 4479/4849/4479 2037/2067/2038
f 1615/1634/1616 3699/3870/3699 3291/3395/3291
f 1209/1219/1210 1967/1995/1968 1032/1034/1030
f 1345/1360/1346 4168/4436/4169 3849/4042/3849
f 3104/3184/3104 2446/2494/2447 2448/2493/2446
f 4083/4331/4083 2348/2389/2348 3339/5556/3339
f 4071/4316/4072 3720/5683/3721 3719/5743/3720
f 4071/4316/4072 464/465/465 3720/5683/3721
f 1093/1099/1092 3378/3489/3378 4494/4867/4494
f 3588/5580/3588 1151/1158/1151 213/211/211
f 2219/2254/2220 4709/5231/4709 1111/1117/1110
f 1197/1202/1195 1196/1204/1197 3104/3184/3104
f 1562/1579/1561 2918/2984/2917 103/104/104
f 3830/4020/3830 2697/2751/2697 4141/4404/4141
f 4920/5744/4920 1529/1547/1530 4466/4829/4466
f 783/781/781 782/783/783 4357/4677/4357
f 4492/4864/4492 2781/2841/2782 2783/2840/2781
f 410/408/408 1866/1892/1867 2783/2840/2781
f 3141/5745/3142 58/59/59 60/58/58
f 657/658/658 3662/3828/3661 4395/4737/4396
f 1859/1883/1858 3815/4002/3815 4557/4963/4557
f 2415/2458/2413 156/157/157 1039/1044/1040
f 3033/3110/3033 1347/1359/1345 3034/3111/3034
f 1112/1120/1113 2938/5219/2938 4921/5746/4921
f 140/141/141 4373/5293/4373 3474/3609/3474
f 1511/1529/1512 4922/5747/4922 1512/1530/1513
f 4151/4416/4151 4669/5748/4669 1325/5201/1323
f 4669/5153/4669 1323/1338/1324 1325/1337/1323
f 4665/5136/4665 4622/5069/4623 1065/1073/1066
f 340/341/341 2014/2043/2015 4049/4288/4048
f 340/341/341 342/340/340 2014/2043/2015
f 4878/5749/4878 4821/5750/4821 3759/5751/3760
f 3529/5752/3528 2460/5753/2458 2772/2832/2773
f 3959/4178/3960 4224/4503/4224 3960/4179/3961
f 3079/3158/3078 2137/2169/2137 2013/2039/2011
f 2534/2582/2534 3060/3139/3060 3537/5754/3537
f 2564/2613/2564 3060/3139/3060 2534/2582/2534
f 1174/1182/1175 1468/1481/1466 2844/2904/2844
f 560/558/558 1386/1400/1386 558/559/559
f 3294/3397/3293 1381/1393/1379 1380/1395/1381
f 3502/3645/3502 3686/3857/3687 4923/5755/4923
f 2510/5756/2510 799/4194/800 4272/4763/4272
f 463/464/464 3502/3645/3502 4923/5755/4923
f 2650/2700/2650 2649/2699/2649 1515/1533/1516
f 4753/5317/4753 107/5319/108 3614/5757/3614
f 4010/4241/4009 3426/4704/3426 2408/2453/2408
f 1447/1460/1445 1446/1462/1447 2642/2693/2643
f 1935/1960/1933 3114/3196/3114 2242/2280/2242
f 4003/4236/4004 133/134/134 1292/1305/1292
f 2944/3015/2944 950/954/951 4228/4507/4228
f 4836/5506/4836 3725/3902/3725 1732/1756/1733
f 1935/1960/1933 1934/1962/1935 2953/3024/2953
f 2466/2513/2466 36/34/34 35/36/36
f 2626/2676/2626 2899/2961/2899 4364/4689/4364
f 3665/3833/3666 1881/1904/1879 3875/4073/3875
f 931/930/929 930/932/931 4807/5422/4807
f 4893/5670/4893 3379/5758/3379 4711/5239/4712
f 4231/5759/4231 875/877/876 4576/5301/4576
f 1428/1441/1426 1427/1443/1428 4849/5549/4849
f 4124/4382/4122 3536/3681/3536 4843/5525/4843
f 4439/5760/4440 4609/5041/4609 4924/5761/4924
f 4160/4425/4160 4289/4592/4289 4849/5549/4849
f 1428/1441/1426 4849/5549/4849 4289/4592/4289
f 4753/5317/4753 3614/5757/3614 2427/2471/2426
f 4330/4643/4330 4925/5762/4925 4331/4644/4331
f 2383/2426/2383 2382/2425/2382 1550/1569/1551
f 1224/1234/1225 4877/5633/4877 1263/1273/1262
f 94/95/95 4390/4730/4390 4574/4984/4574
f 4011/4244/4011 626/627/627 2511/2558/2511
f 841/842/842 1004/1009/1005 842/843/843
f 4314/5763/4315 4926/5764/4926 3784/3969/3783
f 2054/2083/2052 4301/4610/4301 2052/2084/2053
f 1089/1097/1090 1203/1212/1204 7/8/8
f 4926/5765/4926 4314/4625/4315 4315/4624/4314
f 3987/4213/3987 3595/3753/3596 3596/3752/3595
f 4856/5562/4856 3985/4405/3985 3155/3242/3155
f 2724/5766/2725 941/940/939 3203/3298/3204
f 3891/4096/3892 3819/4007/3820 3820/4006/3819
f 4451/5767/4451 2010/2038/2010 3690/5768/3691
f 948/949/948 752/5544/753 1162/5526/1162
f 4758/5328/4758 265/263/263 3017/3095/3018
f 2701/2757/2702 2714/2769/2714 3372/3482/3371
f 4862/5769/4862 1456/1472/1457 1455/1471/1456
f 2939/3011/2940 742/740/740 1052/1059/1052
f 4752/5315/4751 1811/1835/1812 1538/1557/1539
f 3103/3181/3101 4695/5198/4695 4195/4467/4195
f 3233/3332/3233 1205/1213/1205 1591/1610/1592
f 356/354/354 1591/1610/1592 1205/1213/1205
f 4902/5693/4902 4738/5290/4738 1188/1196/1189
f 3527/3672/3527 764/5051/762 763/4317/764
f 1618/1638/1619 4902/5693/4902 1188/1196/1189
f 3957/4175/3957 1720/1742/1719 3497/5770/3498
f 3097/3177/3097 1769/1793/1770 4299/4607/4299
f 3743/3924/3743 4733/5282/4733 1403/1415/1401
f 2947/3018/2947 3429/3551/3429 2546/2593/2545
f 1903/1930/1904 3996/4225/3995 2362/2405/2362
f 4845/5530/4845 2133/4062/2134 3143/3225/3141
f 3344/3452/3345 3343/3451/3344 3542/3689/3543
f 2171/2204/2171 225/223/223 405/406/406
f 4030/4266/4030 4861/5581/4861 2601/2652/2602
f 4382/4718/4382 3385/3498/3385 3384/3497/3384
f 439/440/440 245/246/246 3569/3718/3569
f 4418/5771/4419 4467/4831/4467 2385/5772/2384
f 4661/5130/4661 562/563/563 561/562/562
f 2211/2245/2212 1089/5773/1090 1091/2246/1089
f 4572/5774/4572 2186/2631/2187 2581/2630/2581
f 1235/1245/1236 2632/2682/2632 1132/1137/1130
f 2442/2489/2442 3390/3503/3390 878/880/879
f 925/924/923 932/933/932 1774/1795/1772
f 4488/4860/4488 1545/1564/1546 3860/4055/3860
f 3565/3713/3566 2451/2496/2449 2117/2149/2117
f 957/2969/958 440/441/441 1283/2970/1284
f 549/547/547 4259/4548/4259 547/548/548
f 2992/3067/2992 2080/2110/2079 2224/2256/2222
f 3460/3588/3459 4406/4751/4406 4736/5286/4737
f 3784/3969/3783 402/2447/403 2402/2446/2402
f 4314/4625/4315 2402/5775/2402 1212/1221/1212
f 595/593/593 565/3456/566 668/668/668
f 1035/1037/1033 1701/1724/1701 1699/1722/1699
f 4314/5763/4315 3784/3969/3783 2402/2446/2402
f 1033/1038/1034 1035/1037/1033 1700/1723/1700
f 1302/5776/1303 2780/2839/2780 4910/5717/4910
f 1358/1372/1358 1333/1345/1331 598/599/599
f 1806/1830/1807 2821/2881/2821 4183/4451/4183
f 4913/5777/4912 4912/5778/4913 3711/3885/3712
f 2634/2937/2634 2876/2936/2876 3649/3817/3650
f 3159/3247/3159 3158/3246/3158 2264/2305/2265
f 984/985/982 3841/4032/3841 1038/1040/1036
f 2317/2357/2317 4189/4460/4190 4188/4459/4189
f 4442/4798/4442 3577/3729/3577 3269/3374/3270
f 3901/4106/3899 4637/5089/4637 4481/4853/4481
f 4927/5779/4927 986/990/987 2996/5780/2995
f 2238/2277/2239 4660/5781/4660 4486/5364/4486
f 1857/1882/1857 1525/1543/1526 93/91/91
f 986/990/987 4927/5779/4927 987/988/985
f 1513/1528/1511 3045/3122/3045 1511/1529/1512
f 2713/2768/2713 2675/2729/2676 4899/5686/4899
f 1172/1178/1171 4778/5424/4777 4777/5782/4778
f 2049/2078/2047 2185/2218/2185 2632/2682/2632
f 2467/2515/2468 449/450/450 1505/1521/1505
f 1504/1520/1504 2467/2515/2468 1505/1521/1505
f 3972/4195/3972 1184/1192/1185 205/206/206
f 647/645/645 716/717/717 4834/5500/4834
f 2376/2420/2377 673/674/674 2538/2585/2537
f 1074/1079/1072 1073/1081/1074 3111/3194/3112
f 2756/2816/2757 2667/2719/2667 644/644/644
f 1028/1032/1028 3873/4070/3873 4797/5407/4797
f 732/733/733 565/566/566 564/565/565
f 564/565/565 566/564/564 4928/5783/4928
f 644/644/644 2668/2720/2668 1139/1147/1140
f 3433/3555/3433 2396/2439/2396 2395/2438/2395
f 1922/1949/1922 2244/2282/2244 1923/1950/1923
f 3122/4324/3121 3482/4323/3483 1931/4220/1929
f 2419/5280/2418 363/364/364 2418/5784/2419
f 3251/3355/3252 2864/2922/2862 2863/2924/2864
f 2532/2581/2533 3079/3158/3078 2012/2041/2013
f 876/878/877 4929/5785/4929 4368/4693/4368
f 2233/2267/2231 2232/2269/2233 1657/1676/1656
f 1092/1100/1093 812/810/810 2060/2091/2060
f 1459/1475/1460 398/396/396 3701/3872/3701
f 1459/1475/1460 3701/3872/3701 1460/1473/1458
f 4761/5332/4761 3011/3087/3010 3010/3088/3011
f 1639/1658/1639 3112/3193/3111 1073/1081/1074
f 4/5/5 3595/3753/3596 1355/1369/1355
f 4859/5574/4859 2887/2949/2887 370/371/371
f 1453/1466/1451 2270/5786/2269 4032/5787/4032
f 4361/5788/4361 46/47/47 4362/4684/4362
f 1591/1610/1592 4036/4273/4036 2312/2352/2312
f 2/3/3 2125/2157/2125 2144/2174/2142
f 2720/2776/2720 711/712/712 3411/5514/3411
f 2455/2503/2456 4696/5199/4696 715/713/713
f 4930/5789/4930 221/222/222 1634/1653/1634
f 3748/3931/3748 407/405/405 1334/1348/1334
f 916/918/917 3487/3628/3487 1774/1795/1772
f 3583/3736/3584 737/738/738 739/737/737
f 2930/2998/2930 1078/1086/1079 2413/2459/2414
f 402/2447/403 4931/5790/4931 3684/3851/3682
f 2171/2204/2171 223/224/224 225/223/223
f 3350/3461/3350 1763/1787/1764 3418/3541/3419
f 4429/4782/4428 480/478/478 4428/4783/4429
f 2126/2159/2127 3272/3376/3272 3383/3495/3383
f 930/932/931 4144/4409/4144 3250/3353/3250
f 4656/5123/4656 3853/4046/3853 888/887/886
f 3663/5059/3663 3204/3296/3203 3203/3298/3204
f 2987/3062/2987 2138/2170/2138 3476/3612/3476
f 3275/3379/3275 2515/2562/2515 3820/4604/3819
f 4740/5292/4740 1585/1603/1585 2034/2063/2034
f 3330/3436/3331 62/63/63 61/62/62
f 3082/3163/3083 2180/2214/2181 2179/2213/2180
f 173/174/174 1469/1484/1469 2836/2897/2837
f 3516/3659/3515 4098/4348/4097 3983/4208/3983
f 4622/5137/4623 3416/3538/3416 4624/5409/4624
f 2710/2763/2708 2749/2808/2750 21/19/19
f 3772/3957/3772 639/640/640 2587/2637/2587
f 1004/1009/1005 1003/1008/1004 842/843/843
f 1446/1462/1447 4760/5330/4760 4759/5329/4759
f 2/3/3 1093/1099/1092 3/1/1
f 4495/4870/4495 1051/1058/1051 3913/4123/3913
f 915/914/913 2621/2672/2622 913/915/914
f 2995/3071/2996 2254/2292/2254 3077/3156/3076
f 1821/1843/1820 1023/1028/1024 1025/1027/1023
f 1024/1029/1025 1964/1990/1963 1974/2001/1974
f 1503/1519/1503 4142/4407/4142 1123/1130/1123
f 1992/2019/1992 2459/5533/2460 4281/5489/4281
f 4417/4770/4417 4812/5432/4812 4588/5007/4588
f 1455/5684/1456 1457/5791/1455 4898/5685/4898
f 3828/5792/3828 3827/5223/3827 2910/2978/2911
f 436/437/437 1013/1017/1013 437/438/438
f 2702/2756/2701 3372/3482/3371 2630/2679/2629
f 4932/5793/4932 478/479/479 4540/4938/4540
f 2058/2088/2057 2981/3055/2981 3572/3722/3572
f 3460/3588/3459 3459/3589/3460 4406/4751/4406
f 1734/1757/1734 4241/4525/4241 3182/3272/3182
f 198/196/196 998/1002/998 196/197/197
f 115/3031/116 117/5794/115 1630/1649/1630
f 1630/1649/1630 117/5794/115 3903/5795/3903
f 911/913/912 4271/4569/4271 4585/4997/4584
f 203/5314/204 4882/5642/4881 2192/2223/2190
f 1128/1136/1129 1435/1448/1433 1397/1409/1395
f 905/904/903 2738/2797/2739 903/905/904
f 3183/3273/3183 3182/3272/3182 1637/1654/1635
f 2670/4471/2670 4199/4473/4199 2538/2585/2537
f 3341/5796/3341 3915/4761/3915 4287/4916/4287
f 1794/1816/1793 2339/2380/2339 2712/2767/2712
f 4379/4715/4379 4720/5252/4720 4380/4716/4380
f 2004/2033/2005 4700/5797/4700 4699/5205/4699
f 2777/2836/2777 198/196/196 1385/1399/1385
f 4446/4803/4446 4445/4802/4445 4680/5174/4680
f 2211/2245/2212 2212/2244/2211 2353/2392/2351
f 551/552/552 2211/5798/2212 2353/5094/2351
f 2734/2790/2732 1808/1831/1808 2962/3034/2962
f 1126/1131/1124 2962/3034/2962 1808/1831/1808
f 3412/3534/3412 2284/5799/2285 4468/5617/4468
f 4468/5617/4468 2682/2735/2682 3412/3534/3412
f 4255/4544/4255 1587/1604/1586 1185/1190/1183
f 1185/1190/1183 1587/1604/1586 1183/1191/1184
f 1014/1019/1015 4621/5064/4620 1015/1020/1016
f 2617/2665/2615 3946/4162/3946 3945/4161/3945
f 761/760/760 2843/2903/2843 4280/4583/4280
f 4739/5291/4739 20/21/21 19/20/20
f 4739/5291/4739 3872/4068/3871 20/21/21
f 2097/2130/2098 2025/2054/2026 1461/1477/1462
f 3433/3555/3433 389/387/387 2396/2439/2396
f 3944/4160/3944 2615/2666/2616 3945/4161/3945
f 4933/5800/4933 3941/4156/3942 100/101/101
f 917/917/916 4428/4783/4429 1815/1838/1815
f 4286/4589/4286 1721/1745/1722 180/181/181
f 1344/1358/1344 4339/4652/4339 820/818/818
f 4170/4437/4170 3078/3159/3079 2532/2581/2533
f 2384/2428/2385 3647/3814/3647 4230/4509/4230
f 3647/3814/3647 4934/5801/4934 4230/4509/4230
f 4934/5802/4934 4935/5803/4935 1172/1178/1171
f 3706/3878/3706 4036/4273/4036 3308/3412/3308
f 1756/1780/1757 4856/5562/4856 3155/3242/3155
f 4935/5803/4935 2775/2835/2776 1172/1178/1171
f 3647/5804/3647 2775/2835/2776 4935/5803/4935
f 2089/2120/2089 3512/3654/3510 2088/2117/2086
f 89/5805/90 4530/4923/4530 1816/4924/1816
f 3994/4223/3994 3106/3186/3106 3896/4101/3896
f 3896/4101/3896 3862/4057/3862 3994/4223/3994
f 408/409/409 2782/2842/2783 590/591/591
f 200/201/201 3161/3249/3161 2227/2262/2226
f 1944/1971/1944 1789/1813/1790 1868/1894/1869
f 2316/2356/2316 1539/1558/1540 2260/2299/2260
f 4212/5156/4213 379/380/380 3135/3219/3135
f 1029/1033/1029 1950/1977/1950 655/653/653
f 4064/5030/4064 4176/4444/4176 4936/5806/4936
f 4418/5771/4419 4419/5807/4418 3844/4035/3844
f 3953/4170/3953 2554/2602/2554 2553/2601/2553
f 2390/2434/2391 87/85/85 86/87/87
f 300/301/301 299/300/300 3676/3845/3676
f 3680/3850/3681 2647/2695/2645 2646/2697/2647
f 4186/4457/4187 2641/2691/2641 1438/1451/1436
f 2104/4565/2102 2228/2265/2229 2102/3575/2103
f 1255/1266/1255 2545/2594/2546 2546/2593/2545
f 1552/1568/1550 1551/1570/1552 2699/2755/2700
f 115/3031/116 692/693/693 116/5808/117
f 4470/5628/4470 2258/2297/2258 2853/2914/2854
f 2403/2449/2404 54/52/52 53/54/54
f 116/5808/117 692/693/693 2785/2843/2784
f 433/434/434 3170/3258/3170 4402/4747/4402
f 2506/2554/2507 1319/1334/1320 3119/3201/3119
f 617/618/618 616/617/617 1009/1014/1010
f 227/228/228 3806/3992/3806 1851/1877/1852
f 4931/5790/4931 4326/4640/4327 4905/5702/4905
f 891/893/892 1218/1228/1219 4382/4718/4382
f 3721/3894/3719 3192/3281/3190 3191/3283/3192
f 3498/5809/3499 1720/1742/1719 3620/5103/3621
f 2517/2564/2517 2516/2563/2516 3950/4168/3951
f 3871/4069/3872 4153/4419/4154 4937/5810/4937
f 2976/3049/2975 2298/2337/2297 2297/2338/2298
f 234/232/232 4119/4380/4120 232/233/233
f 4182/4450/4182 3551/3696/3550 4308/4617/4308
f 677/675/675 1839/1864/1840 1975/3961/1976
f 1633/1650/1631 1958/1985/1958 1631/1651/1632
f 1244/1256/1245 1243/1255/1244 3069/3148/3069
f 4177/4446/4178 1869/1895/1870 4178/4447/4179
f 3347/3454/3347 2505/2551/2504 2504/2552/2505
f 607/605/605 4430/4784/4430 2519/2565/2518
f 3118/3198/3116 4646/5102/4646 3522/3667/3523
f 3376/3485/3374 3375/3487/3376 2425/2468/2423
f 1273/1284/1273 4667/5144/4667 3419/3540/3418
f 1928/1954/1927 689/687/687 688/689/689
f 2447/5811/2448 3767/5211/3767 3185/5210/3185
f 3631/3794/3631 4937/5810/4937 3632/3795/3632
f 1557/1574/1556 2135/2167/2135 1281/1293/1281
f 3461/3590/3461 268/266/266 182/183/183
f 2567/2617/2568 4730/5277/4730 4265/4559/4265
f 3875/4073/3875 3576/3728/3576 1514/1532/1515
f 2168/2201/2168 476/477/477 4629/5077/4629
f 1474/1487/1472 4490/4862/4490 4241/4525/4241
f 1495/1512/1496 3712/3886/3713 3711/3885/3712
f 773/773/773 2521/5348/2521 4895/5677/4895
f 3308/3412/3308 2481/2529/2482 3706/3878/3706
f 1259/1271/1260 4119/4380/4120 234/232/232
f 4484/4857/4485 3661/3829/3662 656/657/657
f 4938/5812/4938 4484/4857/4485 656/657/657
f 1352/1366/1352 1625/1644/1625 2716/5720/2715
f 2030/2059/2030 2035/2064/2035 772/2058/770
f 2689/2744/2690 3039/3117/3040 4053/4294/4053
f 764/762/762 1656/1677/1657 762/763/763
f 2349/2390/2349 627/628/628 2894/2956/2894
f 822/823/823 2913/2980/2913 604/602/602
f 3891/4096/3892 2514/5813/2514 577/575/575
f 2068/2098/2067 2067/2099/2068 4030/4266/4030
f 3292/3396/3292 4939/5814/4939 746/747/747
f 364/365/365 674/5815/672 4073/5175/4073
f 1881/1904/1879 1880/1906/1881 2442/2489/2442
f 3394/3511/3394 3377/3488/3377 4295/5816/4295
f 1456/1472/1457 4295/5816/4295 3377/3488/3377
f 4239/4524/4240 3980/4205/3980 2364/2408/2365
f 4238/4523/4239 3980/4205/3980 4239/4524/4240
f 4675/5166/4675 2710/2763/2708 4750/5313/4750
f 4356/4676/4356 4066/4311/4067 4812/5432/4812
f 2477/2525/2478 249/250/250 251/249/249
f 2551/2600/2552 4148/4414/4149 4150/4413/4148
f 2148/5060/2148 940/942/941 3524/4172/3524
f 1889/1914/1889 573/574/574 3263/3366/3262
f 1109/1115/1108 2338/2379/2338 584/585/585
f 57/55/55 56/57/57 2038/2066/2037
f 2358/4212/2359 4019/4897/4017 1684/1705/1682
f 4704/5217/4704 1380/1395/1381 4307/4616/4307
f 2390/2434/2391 2903/2967/2903 87/85/85
f 4452/4811/4452 4074/4321/4075 4399/4742/4399
f 3127/5817/3125 161/162/162 3393/3508/3392
f 1348/1363/1349 3533/3678/3533 57/55/55
f 3378/3489/3378 1983/2011/1984 4494/4867/4494
f 2555/2603/2555 416/414/414 3963/5818/3963
f 4532/4929/4533 4650/5108/4650 1354/1367/1353
f 4565/4970/4564 4130/4391/4130 905/904/903
f 774/774/774 770/771/771 2755/2814/2755
f 3671/5819/3671 1537/1555/1537 3669/5820/3668
f 1523/1541/1524 1522/1540/1523 3776/3962/3776
f 3674/3843/3674 3673/3842/3673 4058/4301/4058
f 3611/3772/3611 1082/1090/1083 4580/5311/4581
f 459/457/457 55/56/56 4435/4789/4435
f 3679/3848/3679 4940/5821/4940 681/682/682
f 4932/5793/4932 3313/3416/3312 478/479/479
f 4362/5568/4362 2388/2432/2389 501/499/499
f 4034/4272/4035 3437/4271/3438 3436/4596/3437
f 653/654/654 3139/3223/3139 654/655/655
f 4308/4617/4308 3912/4122/3912 4182/4450/4182
f 3347/3454/3347 2877/2939/2877 2505/2551/2504
f 3816/4003/3816 616/617/617 3277/3382/3278
f 4004/4234/4002 920/922/921 1311/1325/1312
f 3248/3351/3248 1009/1014/1010 1011/1013/1009
f 2425/2468/2423 303/5822/304 305/4186/303
f 305/4186/303 4475/5823/4475 3885/5824/3885
f 2721/2778/2722 3763/3948/3763 1169/1177/1170
f 320/321/321 319/320/320 1606/1624/1606
f 1244/1256/1245 3069/3148/3069 2941/3013/2942
f 3532/3676/3531 3531/3677/3532 1555/1571/1553
f 3119/3201/3119 1319/1334/1320 1044/1051/1045
f 2871/2931/2871 3115/3197/3115 2829/2889/2829
f 4229/4508/4229 3439/3563/3440 3441/3562/3439
f 3443/5017/3443 4173/5825/4173 3385/3498/3385
f 3492/4659/3493 4891/5826/4891 4344/4657/4344
f 3022/3098/3021 2497/2545/2498 2828/2887/2827
f 4367/4696/4367 4368/5827/4368 4099/4353/4099
f 4463/4827/4464 4464/4826/4463 388/389/389
f 1287/1301/1288 2473/2520/2473 4767/5345/4767
f 1180/1188/1181 4941/5828/4941 3542/3689/3543
f 4681/5267/4682 301/299/299 300/301/301
f 937/939/938 2949/3020/2949 938/937/936
f 4848/5543/4848 140/141/141 139/140/140
f 4943/5829/4942 4942/5830/4943 416/414/414
f 416/414/414 4942/5830/4943 414/415/415
f 470/471/471 2034/2063/2034 471/469/469
f 1629/1648/1629 581/582/582 122/123/123
f 2810/2868/2809 3500/3644/3501 2809/2869/2810
f 1976/2004/1977 1170/1175/1168 1441/1456/1441
f 4944/5831/4944 1368/1382/1368 1365/1380/1366
f 1492/1509/1493 1491/1508/1492 3049/3127/3049
f 3103/3181/3101 3025/3103/3026 3101/3182/3102
f 1092/1100/1093 2914/2982/2915 812/810/810
f 2821/2881/2821 3765/3950/3765 4183/4451/4183
f 4344/4657/4344 2726/2780/2724 3493/4658/3492
f 85/86/86 4642/5096/4642 2649/2699/2649
f 3357/3468/3357 2164/2196/2164 660/660/660
f 2780/5488/2780 2703/2758/2703 3274/3378/3274
f 3573/3724/3574 4202/4476/4202 2463/2509/2462
f 592/590/590 591/592/592 1973/2000/1973
f 3055/3133/3054 643/641/641 1631/1651/1632
f 1845/1870/1845 2189/2222/2189 1665/1686/1665
f 2535/2583/2535 2249/2288/2250 4503/4882/4503
f 4072/4315/4071 465/463/463 4071/4316/4072
f 3441/3562/3439 3440/3564/3441 3716/3890/3715
f 4607/5036/4607 4088/4337/4088 1238/1248/1239
f 651/652/652 650/651/651 1961/1986/1959
f 4437/4792/4438 1348/1363/1349 57/55/55
f 114/112/112 113/114/114 2490/2538/2491
f 4945/5832/4945 4722/5258/4722 84/82/82
f 1930/1958/1931 1929/1957/1930 3939/4153/3939
f 3322/3427/3322 2754/2812/2753 189/190/190
f 4946/5833/4946 1487/5582/1487 2849/2909/2849
f 194/195/195 4039/4279/4039 4433/4788/4434
f 3123/3206/3124 3173/3261/3173 1818/1842/1819
f 2371/2413/2370 2370/2414/2371 2806/2865/2806
f 2831/2892/2832 2637/2688/2638 2636/2687/2637
f 4747/5306/4747 4434/4787/4433 4433/4788/4434
f 3478/3616/3478 2806/2865/2806 2370/2414/2371
f 2306/2347/2307 1815/1838/1815 2307/2348/2308
f 3013/3090/3013 2857/2918/2858 4041/4280/4040
f 705/706/706 195/193/193 1086/1092/1085
f 912/912/911 911/913/912 4585/4997/4584
f 1288/1299/1286 2524/2571/2524 1792/1815/1792
f 1122/1127/1120 791/792/792 1120/1128/1121
f 1303/1923/1301 1899/1925/1899 1897/1924/1898
f 520/518/518 907/909/908 906/908/907
f 3007/3084/3007 286/284/284 3172/3260/3172
f 470/471/471 4947/5834/4947 2464/5273/2465
f 181/179/179 4809/5427/4809 896/897/896
f 20/21/21 3718/3893/3718 2864/2922/2862
f 4035/4270/4034 3241/3343/3242 4415/5835/4414
f 3242/3341/3240 3241/3343/3242 4035/4270/4034
f 3443/3568/3443 3319/3421/3317 4173/4440/4173
f 1712/1735/1712 194/195/195 1272/1283/1272
f 3088/3168/3088 2064/2094/2063 3628/3789/3626
f 1452/1468/1453 4576/4986/4576 877/5836/875
f 53/54/54 2233/2267/2231 4526/4915/4526
f 512/513/513 511/511/511 510/510/510
f 3756/3942/3757 2225/2259/2225 3757/3940/3755
f 2225/2259/2225 623/624/624 3757/3940/3755
f 4409/4757/4410 4046/5837/4046 4410/4755/4408
f 4045/4846/4045 4410/4755/4408 4046/5837/4046
f 4049/4288/4048 35/36/36 2029/2057/2029
f 2014/2043/2015 35/36/36 4049/4288/4048
f 289/287/287 288/289/289 4634/5083/4634
f 1711/1732/1709 1063/1071/1064 3032/3109/3032
f 3557/3705/3558 4711/5239/4712 3379/5758/3379
f 4325/4639/4326 3403/3525/3404 3486/3627/3486
f 1100/1108/1101 1099/1107/1100 3266/3371/3267
f 1141/1146/1139 4730/5277/4730 1139/1147/1140
f 4426/4781/4427 1219/1227/1218 4427/4780/4426
f 1175/1180/1173 1174/1182/1175 3651/3818/3651
f 4316/4626/4316 3345/3450/3343 3344/3452/3345
f 4749/5838/4749 3938/4152/3938 4580/4994/4581
f 3661/3829/3662 4082/4330/4082 1406/1422/1407
f 4136/4396/4134 1131/1139/1132 4894/5673/4894
f 3469/3604/3470 1428/1441/1426 4289/4592/4289
f 4381/4717/4381 3583/3736/3584 2163/2193/2161
f 3724/3899/3724 4631/5080/4631 1115/1122/1115
f 4693/5193/4693 3094/3175/3095 1554/1573/1555
f 4698/5203/4698 3900/4108/3901 3178/3267/3178
f 259/257/257 2176/2208/2175 3697/3868/3697
f 3784/3969/3783 4931/5790/4931 402/2447/403
f 2188/2219/2186 4023/5839/4023 2186/2220/2187
f 4452/4811/4452 1554/1573/1555 3491/3633/3491
f 4459/4820/4459 308/306/306 307/308/308
f 906/908/907 3196/3287/3196 922/921/920
f 2490/2538/2491 1738/1762/1739 2491/2539/2492
f 4948/5840/4948 1015/1020/1016 1696/1720/1697
f 2841/2902/2842 2842/2901/2841 4546/4945/4546
f 1595/1614/1596 4877/5633/4877 1596/1615/1597
f 1728/1749/1726 2763/2821/2762 1726/1750/1727
f 3386/3499/3386 885/885/884 884/886/885
f 3211/3307/3211 915/914/913 3566/5841/3565
f 4107/4365/4107 2029/2057/2029 34/35/35
f 2390/2434/2391 2684/2737/2684 2391/2435/2392
f 3754/3939/3754 727/725/725 818/819/819
f 2015/2042/2014 4820/5452/4820 2466/2513/2466
f 2466/2513/2466 35/36/36 2015/2042/2014
f 2932/3001/2933 1367/1379/1365 2933/2999/2931
f 4621/5064/4620 2336/2378/2337 2594/2644/2594
f 2659/2712/2660 2660/2711/2659 3247/3348/3245
f 3010/3088/3011 436/437/437 3201/5842/3202
f 1221/1231/1222 777/775/775 1754/1777/1754
f 2829/2889/2829 3115/3197/3115 142/143/143
f 4249/4534/4249 697/697/697 4302/4612/4303
f 2883/2946/2884 4150/4413/4148 4149/4415/4150
f 3200/3291/3200 1218/1228/1219 1313/1327/1314
f 3578/3730/3578 2574/2621/2572 814/813/813
f 2613/2663/2613 4416/4769/4416 3772/3957/3772
f 10/11/11 1314/4115/1315 4949/5843/4949
f 2319/2359/2319 3791/3977/3791 2233/2267/2231
f 1268/1280/1269 3200/3291/3200 1313/1327/1314
f 2356/2395/2354 1378/1390/1376 2469/2517/2470
f 2210/2242/2209 1681/1703/1680 4950/5844/4950
f 4680/5174/4680 1957/1984/1957 553/554/554
f 3421/5845/3422 663/661/661 3422/5541/3421
f 3529/3673/3528 2458/2506/2459 2460/2505/2458
f 3196/3287/3196 4181/4449/4181 2203/2234/2201
f 4864/5587/4864 4863/5586/4863 4197/4469/4197
f 1409/2810/1409 1408/5846/1408 1846/1872/1847
f 41/42/42 1006/1011/1007 22/23/23
f 2922/2990/2922 3299/3403/3299 1592/1609/1591
f 728/728/728 635/636/636 2374/2417/2374
f 968/3324/969 531/5847/531 2292/2333/2293
f 2945/3016/2945 2327/2367/2327 1081/1088/1081
f 443/444/444 2812/2870/2811 444/442/442
f 4951/5848/4951 570/571/571 1042/1046/1042
f 260/261/261 570/5001/571 4951/5849/4951
f 1630/1649/1630 3712/3886/3713 561/562/562
f 4426/4781/4427 1218/1228/1219 1219/1227/1218
f 1313/1327/1314 1218/1228/1219 4426/4781/4427
f 2776/2834/2775 4689/5850/4689 4467/4831/4467
f 9/7/7 4370/5442/4370 1102/5851/1103
f 2431/2476/2431 3709/3881/3709 4243/4528/4243
f 3788/3997/3789 1823/1847/1824 3789/5027/3790
f 3809/3995/3809 515/516/516 876/878/877
f 2822/2883/2823 4222/4500/4222 4284/4587/4284
f 3277/3382/3278 618/616/616 2880/2940/2878
f 371/369/369 3397/3515/3397 3114/3196/3114
f 1674/1694/1673 1424/1440/1425 4456/4815/4456
f 4609/5041/4609 1701/5852/1701 4924/5761/4924
f 4205/4482/4206 2168/2201/2168 1853/1879/1854
f 4944/5831/4944 4932/5793/4932 1368/1382/1368
f 1923/1950/1923 2244/2282/2244 4411/4762/4411
f 4022/4255/4022 2571/5853/2571 3997/5854/3998
f 89/90/90 1817/1840/1817 90/88/88
f 3025/3103/3026 3819/4007/3820 3101/3182/3102
f 3269/3374/3270 2599/2649/2599 192/1047/191
f 1116/1123/1116 815/816/816 3850/4043/3850
f 1744/1768/1745 1004/1009/1005 1745/1766/1743
f 422/420/420 4111/4890/4111 420/421/421
f 261/262/262 2742/4463/2743 2743/5855/2742
f 4715/5247/4716 4320/4633/4321 4457/4817/4457
f 3354/3464/3353 383/381/381 382/383/383
f 3611/3772/3611 4649/5107/4649 1871/1897/1872
f 3961/4177/3959 2798/2858/2799 2800/2857/2798
f 3044/3121/3044 4543/5705/4543 3045/3122/3045
f 4585/4997/4584 4271/4569/4271 3197/3289/3198
f 4229/4508/4229 3145/4719/3144 4226/4506/4227
f 1019/5255/1017 3453/3580/3453 2041/2068/2039
f 4410/4755/4408 3590/3742/3590 4408/4756/4409
f 4842/5523/4842 4213/5068/4214 3135/3219/3135
f 4155/4420/4155 1242/1252/1242 1756/1780/1757
f 2935/3002/2934 3704/3875/3704 3705/5856/3705
f 3860/4055/3860 1545/1564/1546 1544/1563/1545
f 4261/4549/4260 4260/4550/4261 4881/5857/4882
f 3206/3302/3206 2485/2531/2484 747/748/748
f 1294/5858/1294 65/66/66 4714/5859/4714
f 4269/4566/4269 4273/4572/4273 4270/4567/4270
f 1854/1880/1855 3527/3672/3527 824/825/825
f 2663/2716/2664 2665/2715/2663 3855/4048/3855
f 3882/4080/3882 957/961/958 959/960/957
f 488/486/486 4053/4294/4053 2921/2987/2920
f 4208/4484/4208 3132/3215/3132 1832/1853/1830
f 2773/2831/2772 2700/2754/2699 4101/4354/4100
f 1810/1834/1811 3093/3173/3093 1811/1835/1812
f 2896/2959/2897 4101/4354/4100 2700/2754/2699
f 1871/1897/1872 1138/1143/1136 1584/1602/1584
f 1497/1511/1495 4952/5860/4952 3868/5145/3868
f 4135/5861/4136 4134/5862/4135 426/424/424
f 2184/2215/2182 2183/2217/2184 4953/5863/4953
f 4894/5864/4894 424/425/425 4865/5865/4865
f 4489/4861/4489 2179/2213/2180 4387/4725/4387
f 1983/2011/1984 522/523/523 1984/2009/1982
f 2356/2395/2354 2355/2397/2356 2927/2995/2927
f 4659/5127/4659 2050/2081/2050 3217/3312/3215
f 174/175/175 3850/4043/3850 2582/2632/2582
f 4778/5367/4777 3188/3280/3189 3189/3279/3188
f 4954/5866/4954 503/5867/504 2814/2875/2815
f 2752/2811/2752 3323/3428/3323 1195/1203/1196
f 1690/1713/1690 4842/5523/4842 3289/3394/3290
f 4465/4828/4465 4047/4287/4047 3445/3571/3446
f 1673/1695/1674 742/740/740 2939/3011/2940
f 3136/3221/3137 4840/5515/4840 1393/1408/1394
f 4457/4817/4457 4320/4633/4321 4322/4632/4320
f 4955/5868/4955 1472/1488/1473 2522/2570/2523
f 4305/4614/4305 4711/5239/4712 951/952/949
f 1438/1451/1436 2504/2552/2505 1436/1452/1437
f 232/233/233 4298/4605/4298 2961/3032/2960
f 3195/3286/3195 4181/4449/4181 3196/3287/3196
f 2194/2228/2195 1285/1298/1285 2082/2114/2083
f 875/877/876 2061/2093/2062 876/878/877
f 4051/4291/4051 1917/4292/1916 4613/5869/4613
f 1880/1906/1881 1879/1905/1880 3448/3574/3449
f 759/757/757 4603/5026/4603 769/767/767
f 3918/4128/3918 358/359/359 3916/5870/3917
f 358/5871/359 357/1250/358 3916/4127/3917
f 1913/5872/1913 3424/3545/3423 1242/1252/1242
f 4458/5464/4458 928/927/926 269/3747/269
f 622/620/620 681/682/682 620/621/621
f 4664/5551/4664 3416/3538/3416 4665/5138/4665
f 1867/1890/1865 4854/5560/4854 1599/1618/1600
f 23/2609/24 4084/4332/4084 2560/2607/2559
f 1934/1962/1935 4594/5015/4594 2757/2817/2758
f 1289/1303/1290 3651/3818/3651 4113/4373/4113
f 824/825/825 763/4317/764 4045/4285/4045
f 1233/1243/1234 240/238/238 239/240/240
f 3666/3831/3664 4029/5703/4029 3664/3832/3665
f 1934/1962/1935 4245/4530/4245 4594/5015/4594
f 4336/4649/4336 3672/3841/3672 3321/3424/3320
f 52/53/53 4782/5375/4782 4956/5873/4956
f 3262/3367/3263 1889/1914/1889 3263/3366/3262
f 1739/3125/1737 3046/3124/3047 3304/3409/3305
f 4792/5398/4792 4791/5874/4791 3645/3812/3646
f 624/625/625 802/803/803 3327/3432/3327
f 4088/4337/4088 3577/3729/3577 1542/1561/1543
f 3152/3240/3153 3151/3239/3152 928/927/926
f 100/101/101 2972/3046/2973 3699/3870/3699
f 648/5517/648 4957/5875/4957 1298/1312/1299
f 3350/3461/3350 1273/1284/1273 1105/1113/1106
f 2844/2904/2844 4113/4373/4113 3651/3818/3651
f 4031/4267/4031 4457/4817/4457 1341/1356/1342
f 881/883/882 917/917/916 1815/1838/1815
f 328/329/329 4705/5221/4705 2817/2877/2817
f 4710/5232/4710 1421/1436/1421 4535/4933/4535
f 3435/3558/3435 1421/1436/1421 4710/5232/4710
f 3498/3641/3499 3497/3640/3498 1720/5876/1719
f 3439/3563/3440 2997/3073/2998 3440/3564/3441
f 2997/3073/2998 3439/3563/3440 2998/3074/2999
f 3339/5556/3339 3183/3726/3183 3575/3725/3575
f 1604/1623/1605 2147/2179/2147 321/319/319
f 3876/4075/3877 1811/1835/1812 3093/3173/3093
f 3011/3087/3010 150/151/151 1013/1017/1013
f 226/227/227 3467/5877/3467 227/228/228
f 2461/2508/2461 227/228/228 3467/5877/3467
f 2637/2688/2638 3056/3136/3057 3057/3135/3056
f 2473/2520/2473 1588/1607/1589 1444/1458/1443
f 3646/3811/3645 1637/1654/1635 106/107/107
f 190/188/188 2334/2374/2333 4333/4645/4332
f 2710/2763/2708 21/19/19 2708/2764/2709
f 4026/4261/4026 4751/5316/4752 4752/5315/4751
f 2871/2931/2871 2857/2918/2858 3013/3090/3013
f 2588/2638/2588 155/156/156 4222/4500/4222
f 2590/2641/2591 1027/1030/1026 4491/4863/4491
f 513/514/514 1344/1358/1344 819/820/820
f 4640/5093/4640 2469/2517/2470 2470/2516/2469
f 1578/1596/1578 1565/1584/1566 3124/3205/3123
f 4561/4967/4561 2694/2746/2692 4558/4964/4558
f 4219/4958/4219 4218/5878/4218 2938/3009/2938
f 2938/3009/2938 1988/2016/1989 4219/4958/4219
f 2196/2230/2197 228/226/226 227/228/228
f 503/504/504 3019/3096/3019 2169/2203/2170
f 2604/2655/2605 2411/2454/2409 130/131/131
f 3950/4168/3951 4344/4657/4344 2246/5495/2246
f 2494/2541/2494 1100/1108/1101 2495/2542/2495
f 2004/2033/2005 1496/5879/1497 4700/5797/4700
f 3523/3666/3522 694/695/695 1172/1178/1171
f 1712/1735/1712 1085/1093/1086 1086/1092/1085
f 4185/4454/4184 4172/5880/4172 4184/4455/4185
f 1719/1743/1720 1952/1980/1953 1079/1087/1080
f 4537/4935/4537 3225/3323/3226 6/4/4
f 2855/2913/2853 612/610/610 4642/5096/4642
f 3704/3876/3704 1745/1766/1743 1004/1009/1005
f 2193/2227/2194 1285/1298/1285 2194/2228/2195
f 3864/4058/3863 2006/2035/2007 1220/1229/1220
f 3897/4102/3897 2586/2634/2584 2585/2636/2586
f 4617/5058/4617 718/716/716 2711/2766/2711
f 120/118/118 2057/2089/2058 118/119/119
f 4695/5198/4695 3102/3183/3103 1321/1335/1321
f 210/208/208 4830/5487/4830 235/236/236
f 1233/1243/1234 2277/2316/2276 240/238/238
f 1003/1008/1004 1005/1007/1003 2660/2711/2659
f 2658/2708/2656 3621/3783/3620 294/295/295
f 215/216/216 3761/3946/3761 1330/1343/1329
f 1175/1180/1173 3651/3818/3651 4167/4434/4167
f 3477/5593/3477 1317/1331/1317 2548/2596/2548
f 396/397/397 4560/4966/4560 1593/1612/1594
f 4444/4801/4444 4888/5660/4888 34/35/35
f 36/34/34 4444/4801/4444 34/35/35
f 1268/1280/1269 1313/1327/1314 2207/2398/2205
f 4643/5097/4643 984/985/982 1038/1040/1036
f 1226/1236/1227 1242/1252/1242 1227/1237/1228
f 399/400/400 2120/2150/2118 4914/5726/4914
f 1812/1833/1810 1811/1835/1812 4752/5315/4751
f 4310/4619/4310 342/340/340 341/342/342
f 4310/4619/4310 1510/1525/1509 342/340/340
f 349/3060/350 2986/3061/2986 3175/3263/3175
f 1497/1511/1495 1687/1708/1685 912/912/911
f 929/931/930 3401/3521/3401 352/353/353
f 1282/1294/1282 4754/5321/4754 765/765/765
f 4600/5022/4600 4382/4718/4382 3384/3497/3384
f 4662/5132/4662 1740/1764/1741 4872/5604/4872
f 3458/3586/3458 1173/1181/1174 1175/1180/1173
f 1240/1247/1238 4607/5036/4607 1238/1248/1239
f 135/133/133 2238/2277/2239 2984/3058/2984
f 1127/1135/1128 1435/1448/1433 1128/1136/1129
f 2833/2891/2831 3967/4187/3967 3056/3136/3057
f 90/88/88 4219/4497/4219 4530/5881/4530
f 4530/5881/4530 4219/4497/4219 4554/5882/4554
f 4958/5883/4958 2934/3003/2935 2653/2703/2653
f 2107/2137/2105 4787/5384/4787 2105/2138/2106
f 4657/5125/4657 2462/2510/2463 2526/2573/2526
f 396/397/397 1594/1611/1593 397/398/398
f 3839/5333/3840 3840/4699/3839 3150/3233/3148
f 2146/5169/2146 3729/3906/3728 1342/5403/1343
f 4224/4503/4224 1833/1857/1834 3867/4064/3867
f 1114/1119/1112 3187/5884/3187 1112/1120/1113
f 4290/4595/4291 1772/1796/1773 4024/4259/4025
f 4776/5366/4776 1213/1222/1213 976/979/976
f 4217/4495/4217 2032/2060/2031 3792/3978/3792
f 695/696/696 4217/4495/4217 3792/3978/3792
f 3665/3833/3666 3664/3832/3665 1879/1905/1880
f 4592/5013/4592 3039/3117/3040 2172/2205/2172
f 3318/3423/3319 3317/3422/3318 3750/3935/3750
f 1898/4894/1897 3904/5230/3905 4512/4893/4512
f 4757/5325/4756 4641/5095/4641 4863/5885/4863
f 3058/5886/3059 4863/5885/4863 4641/5095/4641
f 1631/1651/1632 1884/1909/1884 1632/1652/1633
f 283/281/281 4225/4504/4225 281/282/282
f 4884/5887/4884 1936/3299/1937 3204/3296/3203
f 2599/2649/2599 2328/5888/2328 1043/1048/1043
f 282/5889/283 4225/5222/4225 283/5890/281
f 2675/2729/2676 4523/4912/4523 4899/5686/4899
f 3380/5891/3380 4712/5238/4711 1472/1488/1473
f 2566/2615/2566 2565/2614/2565 4815/5437/4815
f 4296/4602/4296 4420/4774/4421 3648/3815/3648
f 210/208/208 235/236/236 2769/2829/2770
f 265/263/263 4758/5328/4758 263/264/264
f 326/327/327 325/326/326 1706/1729/1706
f 4354/4673/4354 3940/4672/3940 4749/5310/4749
f 3599/3758/3600 4154/4418/4153 3907/4116/3907
f 454/455/455 1477/1490/1475 3258/3362/3258
f 4959/5892/4959 4266/4563/4267 4268/4562/4266
f 737/738/738 3583/3736/3584 2815/2874/2814
f 1562/1579/1561 103/104/104 105/103/103
f 2762/2822/2763 3315/3419/3315 4039/4276/4039
f 1815/1838/1815 3312/3417/3313 3337/3445/3338
f 4960/5893/4960 2712/2767/2712 62/63/63
f 3322/3427/3322 189/190/190 2328/2369/2328
f 2354/2396/2355 661/662/662 2355/2397/2356
f 2489/2534/2487 2488/2536/2489 4299/4607/4299
f 4097/4350/4098 3983/4208/3983 4098/4348/4097
f 4455/4814/4455 4927/5894/4927 2996/3070/2995
f 943/945/944 942/944/943 3827/4016/3827
f 2834/2895/2835 2926/2994/2926 1403/1415/1401
f 4713/5240/4713 2583/2633/2583 4848/5543/4848
f 4482/4854/4482 577/575/575 4530/4923/4530
f 806/804/804 434/435/435 804/805/805
f 3805/3990/3804 3656/3821/3654 3804/3991/3805
f 3856/4050/3857 4417/4770/4417 4060/4303/4060
f 4585/4997/4584 4584/4998/4585 3843/4034/3843
f 1666/5895/1666 1405/1421/1406 1407/1420/1405
f 4401/5896/4400 1468/1481/1466 4400/5676/4401
f 4893/5897/4893 4712/5898/4711 3380/3492/3380
f 2408/5899/2408 3426/3548/3426 3425/3547/3425
f 1718/1739/1716 4961/5900/4961 3929/5901/3930
f 900/902/901 4122/4383/4123 4843/5525/4843
f 3752/5902/3752 4348/4665/4349 3753/5475/3753
f 834/835/835 836/834/834 2824/2882/2822
f 1810/1834/1811 4385/4723/4385 3092/3172/3092
f 3515/5606/3516 2803/5131/2801 3320/3425/3321
f 2344/2386/2345 2345/2385/2344 2466/2513/2466
f 3379/3491/3379 3560/3706/3559 3557/5903/3558
f 4747/5904/4747 4039/4276/4039 4434/4847/4433
f 2167/2200/2165 2166/5200/2167 1981/2008/1981
f 3683/3853/3684 1916/3855/1917 1917/4292/1916
f 1341/1356/1342 1343/1355/1341 4031/4267/4031
f 3716/3890/3715 2120/2150/2118 2651/2702/2652
f 1400/1412/1398 2576/2626/2577 2797/2856/2797
f 3847/4040/3847 951/952/949 950/954/951
f 4590/5011/4590 4739/5291/4739 3194/3285/3194
f 4736/5286/4737 4406/4751/4406 3509/3652/3508
f 3514/3658/3514 2606/5180/2604 245/246/246
f 2995/3071/2996 4455/4814/4455 2996/3070/2995
f 4687/5182/4686 162/3646/163 246/244/244
f 2164/5905/2164 1252/1263/1252 285/286/286
f 4364/4689/4364 4725/5263/4725 4694/5195/4694
f 4682/5266/4683 4681/5267/4682 300/301/301
f 2726/2780/2724 2725/2782/2726 3493/4658/3492
f 3784/3969/3783 4326/4640/4327 4931/5790/4931
f 3996/4225/3995 4398/5602/4398 1644/1664/1645
f 807/807/807 345/343/343 3384/3933/3384
f 3083/3164/3084 4283/4586/4283 4774/5361/4774
f 3293/3398/3294 3294/3397/3293 1380/1395/1381
f 1096/1101/1094 1095/1103/1096 2821/2881/2821
f 834/835/835 2487/2535/2488 2489/2534/2487
f 1346/1361/1347 3209/3306/3210 4939/5814/4939
f 483/481/481 2016/2044/2016 911/913/912
f 4408/5906/4409 826/824/824 825/826/826
f 826/5907/824 4408/4756/4409 3590/3742/3590
f 2657/2710/2658 3330/3436/3331 61/62/62
f 1989/2014/1987 3187/3278/3187 1987/2015/1988
f 4949/5908/4949 1313/1327/1314 4427/4780/4426
f 4949/5908/4949 4427/4780/4426 4618/5062/4618
f 2201/2235/2202 2203/2234/2201 3570/3719/3570
f 1987/2015/1988 3187/3278/3187 1300/1311/1298
f 97/98/98 4719/5250/4719 489/489/489
f 4582/4995/4582 1641/1661/1642 1643/1660/1641
f 999/1003/999 997/999/995 996/1001/997
f 3784/3969/3783 4926/5764/4926 4315/5648/4314
f 4539/4937/4539 15/13/13 534/533/533
f 2950/3021/2950 1112/1120/1113 90/88/88
f 1393/1408/1394 3736/3913/3734 3735/3915/3736
f 2190/2224/2191 404/402/402 1266/1275/1264
f 2463/2509/2462 2841/2902/2842 392/390/390
f 956/958/955 3031/3108/3031 4962/5909/4962
f 2087/2119/2088 2090/2122/2091 2089/2120/2089
f 470/471/471 4740/5292/4740 2034/2063/2034
f 3611/3772/3611 4963/5910/4963 4964/5911/4964
f 1908/1934/1908 3089/5912/3089 4655/5120/4655
f 4067/4310/4066 2872/2932/2872 2871/2931/2871
f 4906/5707/4906 2952/3023/2952 2951/3022/2951
f 1154/1162/1155 4906/5707/4906 2951/3022/2951
f 1608/1627/1609 2145/2177/2145 4412/4764/4412
f 669/670/670 4364/4689/4364 2899/2961/2899
f 4586/4999/4586 4896/5679/4896 4810/5428/4810
f 346/347/347 1973/2000/1973 99/97/97
f 1684/1705/1682 4537/4935/4537 3319/3421/3317
f 225/223/223 1709/1733/1710 4157/4422/4157
f 3713/3884/3711 4742/5913/4742 2589/4825/2590
f 1121/1129/1122 3136/3221/3137 2524/2571/2524
f 4934/5801/4934 4965/5914/4965 4230/4509/4230
f 4823/5474/4823 4230/4509/4230 4965/5914/4965
f 1774/1795/1772 932/933/932 916/918/917
f 3075/3154/3075 2431/2476/2431 4374/4709/4374
f 3074/3153/3074 2431/2476/2431 3075/3154/3075
f 2189/2222/2189 4866/5590/4866 1903/1930/1904
f 2596/2647/2597 3394/5915/3394 2597/2645/2595
f 1622/1642/1623 2687/2741/2687 1858/1884/1859
f 628/626/626 2511/2558/2511 626/627/627
f 2123/2153/2121 4425/4778/4424 2527/5121/2528
f 4771/5359/4772 3489/3631/3489 4277/4580/4277
f 4563/5916/4562 4562/5917/4563 260/261/261
f 916/918/917 881/883/882 978/981/978
f 1136/1144/1137 1138/1143/1136 1873/1896/1871
f 1471/1485/1470 3615/3778/3615 2580/2627/2578
f 632/5918/632 4790/5392/4789 4789/5393/4790
f 3336/3440/3335 1581/1597/1579 4256/4545/4256
f 1691/1715/1692 220/221/221 222/220/220
f 2567/2617/2568 867/865/865 866/867/867
f 633/5919/633 632/5918/632 4789/5393/4790
f 1515/1533/1516 3457/3585/3457 2817/2877/2817
f 2330/2371/2330 4966/5920/4966 578/579/579
f 4781/5374/4781 578/579/579 4966/5920/4966
f 4781/5921/4781 4966/5922/4966 4519/4905/4519
f 4658/5126/4658 4258/4552/4258 4263/4554/4263
f 4421/4773/4420 4446/4803/4446 4420/4774/4421
f 4437/4792/4438 57/55/55 4247/4532/4247
f 366/4356/367 4104/4360/4104 4545/4942/4544
f 847/848/848 1660/1678/1658 2364/2408/2365
f 4898/5685/4898 2597/2645/2595 4862/5583/4862
f 645/646/646 647/645/645 4834/5500/4834
f 54/52/52 1730/1753/1730 4782/5375/4782
f 4931/5790/4931 3486/3627/3486 3684/3851/3682
f 4931/5790/4931 4905/5702/4905 3486/3627/3486
f 4173/5825/4173 3318/3496/3319 3385/3498/3385
f 200/201/201 4302/4612/4303 4251/4537/4251
f 2006/2035/2007 1794/1816/1793 2712/2767/2712
f 828/829/829 2141/2173/2141 829/827/827
f 4540/4938/4540 1368/1382/1368 4932/5793/4932
f 147/145/145 146/147/147 142/143/143
f 4354/4673/4354 4749/5310/4749 2499/2547/2500
f 635/636/636 634/635/635 3555/3702/3555
f 2557/4526/2558 3825/4703/3825 4242/4527/4242
f 173/174/174 2837/2896/2836 3768/3953/3768
f 4967/5923/4967 2278/5924/2279 4082/4330/4082
f 2278/5924/2279 1678/1700/1679 4082/4330/4082
f 203/5314/204 4728/5925/4727 4882/5642/4881
f 3861/4056/3861 2136/2168/2136 1927/1955/1928
f 3437/3561/3438 4414/4768/4415 3169/3257/3169
f 3437/3561/3438 3169/3257/3169 3438/3559/3436
f 3872/4068/3871 3718/3893/3718 20/21/21
f 151/5529/149 3236/3333/3234 3235/3335/3236
f 2026/2052/2024 723/724/724 2024/2053/2025
f 3734/3914/3735 2150/2183/2151 3735/3915/3736
f 3715/3891/3716 400/401/401 399/400/400
f 2180/2214/2181 3082/3163/3083 67/68/68
f 3340/3447/3340 54/52/52 3946/4162/3946
f 1673/1695/1674 2939/3011/2940 2940/3010/2939
f 2367/5601/2368 4607/5036/4607 2372/5710/2372
f 3841/4032/3841 337/338/338 1361/1376/1362
f 684/685/685 686/684/684 1702/1726/1703
f 1713/1737/1714 1715/1736/1713 722/723/723
f 1985/2013/1986 1986/2012/1985 4496/4871/4496
f 4350/4666/4350 1985/2013/1986 4496/4871/4496
f 949/953/950 545/546/546 278/279/279
f 3554/3701/3554 2880/2940/2878 2879/2942/2880
f 278/279/279 1260/1272/1261 279/280/280
f 2016/2044/2016 988/992/989 990/991/988
f 1085/1093/1086 1712/1735/1712 3255/3360/3256
f 711/712/712 2720/2776/2720 1198/1206/1199
f 2302/2343/2303 388/389/389 2085/2115/2084
f 323/324/324 2661/2713/2661 2299/2340/2300
f 1079/1087/1080 1952/1980/1953 1080/1085/1078
f 2541/2590/2542 1987/2015/1988 2703/2758/2703
f 888/887/886 3853/4046/3853 2370/2414/2371
f 21/19/19 20/21/21 4638/5090/4638
f 986/990/987 985/989/986 3413/4635/3414
f 987/988/985 4455/5926/4455 33/31/31
f 3490/3632/3490 4338/4651/4338 1332/1347/1333
f 3057/3135/3056 3953/4170/3953 2637/2688/2638
f 4968/5927/4968 2401/2442/2399 2740/2799/2741
f 2401/2442/2399 2400/2444/2401 2740/2799/2741
f 4726/5269/4726 1334/1348/1334 749/750/750
f 1213/1222/1213 281/282/282 1350/1364/1350
f 3950/4168/3951 4870/5928/4870 3951/4169/3952
f 2371/2413/2370 2092/2123/2092 888/887/886
f 3485/3626/3485 3403/3525/3404 3404/3524/3403
f 2779/2838/2779 1251/1260/1249 3800/3986/3800
f 3307/3411/3307 2533/2580/2532 3244/3346/3243
f 4260/5929/4261 4315/4624/4314 4881/5644/4882
f 2362/2405/2362 1644/1664/1645 2465/2511/2464
f 4832/5494/4832 4870/5928/4870 3950/4168/3951
f 1649/1669/1650 3408/3529/3408 900/902/901
f 3389/3502/3389 3390/3503/3390 1880/1906/1881
f 3489/3631/3489 4870/5600/4870 4832/5930/4832
f 2219/2254/2220 3563/3708/3561 4709/5231/4709
f 957/2969/958 441/439/439 440/441/441
f 4493/4865/4493 426/424/424 1016/1018/1014
f 1987/2015/1988 1300/1311/1298 1299/1313/1300
f 3068/3147/3068 1126/1131/1124 4215/4492/4215
f 1930/4221/1931 3939/4674/3939 1847/5931/1846
f 3192/5110/3190 4220/4498/4220 3190/5932/3191
f 1847/5931/1846 3939/4674/3939 4354/4673/4354
f 1841/5671/1842 1847/5931/1846 4354/4673/4354
f 3223/3320/3223 3432/3553/3431 3408/3529/3408
f 833/833/833 832/832/832 4020/4253/4020
f 3023/3100/3023 1074/1079/1072 3111/3194/3112
f 1051/1058/1051 1008/1636/1006 1007/1056/1008
f 624/625/625 4854/5560/4854 625/623/623
f 1122/1127/1120 4264/4555/4264 2706/2761/2706
f 488/486/486 2023/2051/2023 2028/2055/2027
f 1654/1675/1655 1357/1674/1356 1356/4710/1357
f 3957/4175/3957 1655/1673/1654 1654/1675/1655
f 4344/4657/4344 4891/5826/4891 2246/5495/2246
f 2247/5933/2247 2246/5495/2246 4891/5826/4891
f 517/515/515 2557/2606/2558 2556/2605/2557
f 2219/2254/2220 4413/4765/4413 3563/3708/3561
f 4942/5934/4943 1113/1121/1114 3520/3664/3520
f 3949/4166/3949 1610/1626/1608 2383/2426/2383
f 991/994/991 2820/2879/2819 2819/2880/2820
f 749/750/750 4969/5935/4969 750/751/751
f 14/15/15 2655/2707/2655 188/189/189
f 129/127/127 128/129/129 4508/4887/4508
f 4251/4537/4251 3161/3249/3161 200/201/201
f 2170/5936/2169 3020/5937/3020 2815/2874/2814
f 2169/2203/2170 3020/3097/3020 2170/2202/2169
f 4616/5056/4615 4741/5294/4741 2978/3052/2978
f 4885/5655/4885 4657/5125/4657 1762/1786/1763
f 3358/3469/3358 1141/1146/1139 1140/1148/1141
f 4203/4477/4203 1018/1023/1019 1017/1022/1018
f 3643/3808/3642 2893/3803/2893 1546/1562/1544
f 1929/1957/1930 4915/5938/4915 1391/1405/1391
f 1929/1957/1930 3484/3623/3482 4915/5938/4915
f 943/945/944 3828/4017/3828 1457/1470/1455
f 3665/3833/3666 4599/5021/4599 828/829/829
f 4410/4755/4408 66/64/64 3590/3742/3590
f 66/64/64 4410/4755/4408 4446/4803/4446
f 4160/4425/4160 4849/5549/4849 1790/1814/1791
f 3380/5891/3380 1472/1488/1473 4955/5868/4955
f 1081/1088/1081 3727/3905/3727 3531/3677/3532
f 982/986/983 984/985/982 4643/5097/4643
f 4130/4391/4130 3539/5502/3539 3409/3530/3409
f 4826/5939/4826 577/575/575 2514/5813/2514
f 1462/1478/1463 2761/2820/2761 661/662/662
f 3153/5940/3151 2471/2519/2472 2472/2518/2471
f 2425/2468/2423 305/4186/303 13/14/14
f 1616/1633/1615 102/100/100 101/102/102
f 4717/5249/4718 3517/3661/3517 1365/1380/1366
f 344/345/345 2080/2110/2079 2992/3067/2992
f 2563/2612/2563 4505/4884/4505 3431/3554/3432
f 3936/4149/3935 3935/4150/3936 803/5941/802
f 1052/1059/1052 741/742/742 1053/1060/1053
f 3774/3959/3774 1384/1396/1382 1870/1893/1868
f 3932/4146/3932 591/592/592 2782/2842/2783
f 4290/4595/4291 4024/4259/4025 1748/1769/1746
f 3640/3807/3641 3959/4178/3960 3961/4177/3959
f 3423/3546/3424 490/5942/490 4856/5562/4856
f 73/74/74 4117/4377/4117 904/5304/905
f 1555/1571/1553 4452/4811/4452 3532/3676/3531
f 3221/3318/3221 1724/1748/1725 4318/4629/4318
f 3640/3807/3641 3961/4177/3959 2451/2496/2449
f 2177/2211/2178 50/51/51 4819/5943/4819
f 3391/3504/3391 1364/1377/1363 3971/4193/3971
f 3582/3735/3583 3584/3734/3582 3168/3255/3167
f 3709/3881/3709 4561/4967/4561 4558/4964/4558
f 2436/2481/2436 1423/1439/1424 1694/1718/1695
f 2715/5721/2716 1625/1644/1625 4911/5719/4911
f 2715/2771/2716 4911/5944/4911 1626/1646/1627
f 892/891/890 891/893/892 2651/2702/2652
f 2698/4738/2698 3662/3828/3661 1405/1421/1406
f 4309/4618/4309 1323/1338/1324 3870/5945/3869
f 2742/2801/2743 4562/4969/4563 1042/1046/1042
f 4544/5214/4545 3483/3625/3484 2727/5627/2727
f 2259/4834/2259 376/377/377 609/608/608
f 4259/4548/4259 677/675/675 1886/2965/1885
f 708/708/708 702/5946/703 709/709/709
f 1801/1825/1802 2959/3030/2959 1802/1826/1803
f 2002/2030/2002 3612/3774/3613 967/970/967
f 3564/3711/3564 2638/2686/2636 2637/2688/2638
f 2118/2151/2119 4427/4780/4426 892/891/890
f 4149/4415/4150 3526/3669/3525 3525/3670/3526
f 414/415/415 368/366/366 415/416/416
f 3074/3153/3074 3710/3882/3710 2431/2476/2431
f 3868/4065/3868 4952/5947/4952 3866/4063/3866
f 1365/1380/1366 3517/3661/3517 4944/5831/4944
f 1010/1015/1011 4291/4594/4290 1011/1013/1009
f 1011/1013/1009 4291/4594/4290 1924/1952/1925
f 4115/4374/4114 4319/4630/4319 4114/4375/4115
f 3145/4719/3144 3144/5948/3145 4226/4506/4227
f 2755/2814/2755 770/771/771 1143/3345/1144
f 608/609/609 376/377/377 3286/5949/3285
f 1941/1969/1942 2863/2924/2864 1942/1970/1943
f 2329/2370/2329 139/140/140 141/139/139
f 3893/4097/3893 2495/2542/2495 1100/1108/1101
f 2798/2858/2799 2210/2242/2209 4950/5844/4950
f 3458/3586/3458 2392/3506/2390 1173/1181/1174
f 2276/2317/2277 1279/1289/1278 889/890/889
f 3943/4158/3943 4858/5649/4858 2609/5950/2609
f 2658/2708/2656 61/62/62 3675/3844/3675
f 3752/5902/3752 3075/3154/3075 4374/4709/4374
f 3535/3680/3535 2035/2064/2035 1960/1988/1961
f 3751/5377/3751 3075/3154/3075 3752/5902/3752
f 4123/4384/4124 1068/1076/1069 1067/1075/1068
f 823/821/821 1271/1282/1271 821/822/822
f 3684/3851/3682 3683/3853/3684 4051/4291/4051
f 440/1297/441 4516/4902/4517 1284/1295/1283
f 80/81/81 79/80/80 1813/1837/1814
f 794/795/795 793/794/794 4235/4519/4235
f 4235/4519/4235 1678/5951/1679 794/795/795
f 1678/1700/1679 4235/5952/4235 1679/1698/1677
f 4657/5125/4657 2156/2187/2155 1762/1786/1763
f 722/723/723 1715/1736/1713 2761/2820/2761
f 2348/4052/2348 1734/1757/1734 3339/3446/3339
f 1172/1178/1171 2776/2834/2775 3523/3666/3522
f 443/444/444 4000/4232/4000 2513/2560/2513
f 3058/3138/3059 1154/1162/1155 4863/5586/4863
f 3747/3930/3747 1033/3929/1034 4609/5041/4609
f 2431/2476/2431 4243/4528/4243 1030/1035/1031
f 4395/4737/4396 4692/5192/4692 659/659/659
f 2155/2188/2156 4259/4548/4259 549/547/547
f 3974/4197/3974 2424/2470/2425 2426/5953/2427
f 1561/1580/1562 4586/4999/4586 1562/1579/1561
f 2623/2671/2621 4351/4668/4351 913/915/914
f 4361/5788/4361 4362/4684/4362 2074/5954/2074
f 3000/3457/3000 1056/1061/1054 1055/1063/1056
f 2528/2576/2529 2826/2886/2826 3334/3439/3334
f 3770/3956/3771 2663/2716/2664 1868/1894/1869
f 539/540/540 538/539/539 3852/4045/3852
f 256/255/255 4970/5955/4970 4637/5089/4637
f 3573/3724/3574 2463/2509/2462 2462/2510/2463
f 296/297/297 935/936/935 297/298/298
f 2133/4062/2134 4971/5956/4971 3141/3226/3142
f 2606/2654/2604 2605/2656/2606 4685/5957/4685
f 3215/3313/3216 3251/3355/3252 4001/4233/4001
f 4421/4773/4420 3311/3415/3311 4445/4802/4445
f 783/781/781 3569/3718/3569 245/246/246
f 624/625/625 1600/1616/1598 4854/5560/4854
f 3284/3388/3284 3282/3385/3281 2735/2794/2736
f 1725/1746/1723 559/560/560 1723/1747/1724
f 3972/4195/3972 205/206/206 207/205/205
f 2663/2716/2664 3855/4048/3855 1869/1895/1870
f 4386/4724/4386 3466/3598/3466 2140/3597/2140
f 1536/5958/1536 1545/1564/1546 1537/3837/1537
f 3642/3809/3643 1545/1564/1546 4972/5959/4972
f 3491/3633/3491 2993/3069/2994 4075/4320/4074
f 2597/2645/2595 4898/5685/4898 4013/4245/4012
f 1167/5960/1165 2645/2696/2646 2647/2695/2645
f 1500/1514/1498 4639/5091/4639 1498/1515/1499
f 2078/2108/2077 3780/3966/3780 1995/2024/1996
f 2791/3519/2791 4677/5228/4677 4549/5961/4549
f 4539/4937/4539 505/505/505 15/13/13
f 3975/4201/3976 3977/4200/3975 4973/5962/4973
f 2379/2423/2380 2381/2422/2379 2930/2998/2930
f 1422/1437/1422 3434/3556/3434 1410/1425/1410
f 1460/1473/1458 3701/3872/3701 3162/3250/3162
f 4159/4424/4159 4248/4533/4248 4289/4592/4289
f 515/516/516 3809/3995/3809 516/517/517
f 3645/3812/3646 4974/5963/4974 3646/3811/3645
f 2040/2070/2041 1827/1848/1825 4043/4283/4043
f 1544/1563/1545 1766/1788/1765 3860/4055/3860
f 4020/4253/4020 832/832/832 3534/3679/3534
f 735/736/736 1255/1266/1255 2546/2593/2545
f 1914/5964/1915 1387/5965/1388 30/28/28
f 4810/5428/4810 2918/2984/2917 1562/1579/1561
f 4277/4580/4277 3489/3631/3489 2595/2646/2596
f 28/29/29 4975/5966/4975 3284/3388/3284
f 2187/2221/2188 2186/2220/2187 4572/4982/4572
f 4333/4645/4332 533/534/534 190/188/188
f 1796/1819/1796 1795/1818/1795 3554/5967/3554
f 969/971/968 1956/1982/1955 1747/1771/1748
f 4158/5079/4158 237/235/235 3220/3317/3220
f 3838/4029/3838 4813/5435/4813 2925/2993/2925
f 3518/3662/3518 1626/1646/1627 2192/2223/2190
f 89/5805/90 88/5968/89 4530/4923/4530
f 4963/5969/4963 1924/1952/1925 4964/5970/4964
f 4964/5970/4964 1924/1952/1925 4976/5971/4976
f 3992/4753/3992 2859/2919/2859 738/739/739
f 4193/4464/4193 1134/4465/1135 2859/5972/2859
f 2859/2919/2859 3990/4754/3990 4193/5973/4193
f 3538/5974/3538 4977/5975/4977 4735/5976/4735
f 3716/3890/3715 3440/3564/3441 1094/1102/1095
f 3458/3586/3458 3228/3328/3229 26/5548/27
f 26/5548/27 25/3587/26 3458/3586/3458
f 2083/2112/2081 929/931/930 3999/4231/3999
f 4638/5090/4638 3252/3354/3251 4831/5492/4831
f 212/213/213 3861/4056/3861 1927/1955/1928
f 4078/4326/4078 4933/5800/4933 100/101/101
f 2322/2362/2322 1223/1230/1221 4086/5654/4085
f 4078/4326/4078 100/101/101 102/100/100
f 4978/5977/4978 4234/4517/4234 759/757/757
f 1708/4930/1708 1707/5978/1707 2630/2679/2629
f 2816/2876/2816 1973/2000/1973 97/98/98
f 1347/1359/1345 1346/1361/1347 3034/3111/3034
f 1475/1491/1476 4806/5420/4805 4731/5278/4731
f 2304/2344/2304 4978/5977/4978 4062/4305/4062
f 1892/1915/1890 4165/4432/4165 3047/5536/3046
f 4053/4294/4053 487/488/488 2689/2744/2690
f 604/602/602 44/45/45 602/603/603
f 3381/3493/3381 2306/2347/2307 2993/3069/2994
f 3362/3473/3362 4238/4523/4239 4829/5485/4828
f 2226/2263/2227 4726/5269/4726 2477/2525/2478
f 1253/1264/1253 1730/1753/1730 3340/3447/3340
f 1708/1731/1708 12/874/10 874/873/873
f 1019/5255/1017 2041/2068/2039 4970/5955/4970
f 4177/4446/4178 3693/3864/3693 3692/3863/3692
f 4474/4840/4474 525/526/526 3526/3669/3525
f 3568/3715/3567 1029/1033/1029 655/653/653
f 1396/1411/1397 4718/5248/4717 2931/3000/2932
f 1374/1389/1375 2163/2193/2161 2552/2598/2550
f 1252/5979/1252 3357/3468/3357 81/79/79
f 272/270/270 271/272/272 3316/3420/3316
f 2256/2293/2255 682/683/683 2255/2294/2256
f 2576/2626/2577 2575/2625/2576 4948/5840/4948
f 30/28/28 1387/5965/1388 1388/2126/1387
f 4764/5338/4764 1497/1511/1495 1496/1513/1497
f 3215/3313/3216 3921/4132/3921 3251/3355/3252
f 2876/4085/2876 3190/3282/3191 4285/5980/4285
f 565/566/566 732/733/733 4979/5981/4979
f 3322/3427/3322 2753/2813/2754 2754/2812/2753
f 3255/3360/3256 3877/4074/3876 3092/3172/3092
f 2960/3033/2961 4311/4622/4312 1075/1082/1075
f 2772/2832/2773 2460/5753/2458 2459/5533/2460
f 2893/3803/2893 4057/4298/4057 3638/3804/3638
f 4568/5501/4568 4130/4391/4130 4565/4970/4564
f 1472/1488/1473 3847/4040/3847 1473/1489/1474
f 3809/3995/3809 2061/2093/2062 1875/1899/1874
f 1787/1811/1788 3568/3715/3567 1804/1827/1804
f 3460/3588/3459 2045/2077/2046 4670/5154/4670
f 2378/2419/2376 2377/2421/2378 145/146/146
f 3233/3332/3233 2311/2350/2310 2310/2351/2311
f 1481/1496/1481 1104/1109/1102 2452/2499/2452
f 2377/2421/2378 2538/2585/2537 145/146/146
f 2827/2888/2828 2496/2544/2497 317/318/318
f 3095/3174/3094 2993/3069/2994 3491/3633/3491
f 1355/1369/1355 3595/3753/3596 2198/2231/2198
f 958/5982/959 4980/5983/4980 959/5444/957
f 4980/5984/4980 958/5985/959 2904/5986/2904
f 4813/5435/4813 4208/4484/4208 4619/5063/4619
f 3778/3964/3778 1707/5978/1707 1149/5987/1148
f 2577/2624/2575 2936/5453/2936 2575/2625/2576
f 2351/2393/2352 4249/4534/4249 2132/2165/2133
f 1049/1053/1047 4041/4280/4040 4040/4281/4041
f 3168/3255/3167 3167/3256/3168 2550/2599/2551
f 4820/5452/4820 2344/2386/2345 2466/2513/2466
f 4800/5423/4801 4548/4948/4548 3149/3235/3150
f 4190/4458/4188 4189/4460/4190 3894/4099/3894
f 589/587/587 4754/5321/4754 587/588/588
f 4186/4457/4187 1693/1714/1691 2641/2691/2641
f 4871/5603/4871 144/142/142 143/144/144
f 3343/3451/3344 4536/4934/4536 3542/3689/3543
f 4780/5988/4780 2319/2359/2319 1656/1677/1657
f 4780/5372/4780 1656/5050/1657 3527/3672/3527
f 2473/2520/2473 3594/3751/3594 1588/1607/1589
f 4596/5019/4597 462/460/460 4204/4480/4204
f 4504/4883/4504 4794/5989/4794 3447/5990/3448
f 4504/4883/4504 1037/1042/1038 4794/5989/4794
f 1000/1004/1000 2178/2210/2177 4323/4636/4323
f 2327/2367/2327 2946/3017/2946 572/573/573
f 4560/4966/4560 1186/1193/1186 238/239/239
f 3608/5991/3609 2107/2137/2105 2106/2139/2107
f 4014/4247/4014 2224/2256/2222 2080/2110/2079
f 1807/1828/1805 3708/3879/3707 1586/1605/1587
f 717/718/718 3371/3483/3372 2714/2769/2714
f 3838/4029/3838 2925/2993/2925 3294/3397/3293
f 3189/3279/3188 708/708/708 185/186/186
f 1107/1112/1105 1106/1114/1107 3055/3133/3054
f 4502/4880/4502 2902/2963/2901 3978/4203/3978
f 3932/4146/3932 4492/4864/4492 2799/2859/2800
f 3932/4146/3932 2782/2842/2783 4492/4864/4492
f 3811/3998/3811 2690/5992/2691 2467/2515/2468
f 4619/5063/4619 3955/4173/3955 362/360/360
f 2120/2150/2118 3716/3890/3715 4914/5726/4914
f 1755/1778/1755 1887/1913/1888 1351/1365/1351
f 2758/2815/2756 274/273/273 2667/2719/2667
f 3874/4071/3874 1028/1032/1028 377/375/375
f 2106/2139/2107 2105/2138/2106 4439/4795/4440
f 594/595/595 1103/1111/1104 595/593/593
f 626/627/627 1228/1235/1226 2894/2956/2894
f 1697/1721/1698 2406/2450/2405 1698/1719/1696
f 1498/1515/1499 3494/3636/3494 586/584/584
f 4802/5415/4802 1568/1587/1569 3629/3793/3630
f 1542/1561/1543 684/685/685 1238/1248/1239
f 2189/2222/2189 1844/1869/1844 3832/4227/3831
f 4343/4656/4343 4113/4373/4113 3264/3369/3265
f 1129/1134/1127 1889/1914/1889 4874/5609/4874
f 3769/3955/3770 2664/2717/2665 3770/3956/3771
f 4697/5993/4697 112/113/113 1034/5994/1035
f 1033/3929/1034 112/113/113 4697/5993/4697
f 2756/2816/2757 644/644/644 4005/4237/4005
f 3311/3415/3311 4421/4773/4420 2231/2268/2232
f 175/173/173 4857/5569/4857 1469/1484/1469
f 1743/1767/1744 418/419/419 3166/3253/3165
f 1815/1838/1815 3338/3444/3337 2307/2348/2308
f 1227/1237/1228 4155/4420/4155 1597/1613/1595
f 2933/2999/2931 273/274/274 4528/4917/4527
f 1558/1577/1559 1062/1070/1063 3290/3393/3289
f 3616/3779/3616 3920/4130/3919 3617/3780/3617
f 2836/2897/2837 1469/1484/1469 4773/5360/4773
f 490/490/490 3985/4210/3985 4856/5995/4856
f 490/490/490 489/489/489 3985/4210/3985
f 992/995/992 3006/3083/3006 3435/3558/3435
f 3239/3340/3239 2583/2633/2583 952/956/953
f 353/351/351 4704/5217/4704 3551/3696/3550
f 4197/4469/4197 4863/5586/4863 1154/1162/1155
f 730/731/731 729/730/730 4981/5996/4981
f 2221/2253/2219 3852/4045/3852 4413/4765/4413
f 4383/4721/4383 3899/4107/3900 1827/1848/1825
f 22/23/23 1006/1011/1007 1008/1010/1006
f 3480/3617/3479 4805/5421/4806 4953/5863/4953
f 1924/1952/1925 4963/5969/4963 4581/4993/4580
f 3938/4152/3938 1924/1952/1925 4581/4993/4580
f 4023/5839/4023 1046/1050/1044 1045/1052/1046
f 2530/2578/2530 4791/5395/4791 3374/3566/3375
f 2530/2578/2530 3374/3566/3375 2531/2579/2531
f 4087/4335/4087 45/43/43 3455/3583/3455
f 2878/5997/2879 4982/5998/4982 507/508/508
f 1633/1650/1631 1632/1652/1633 1429/1445/1430
f 1701/1724/1701 788/789/789 4924/5999/4924
f 3431/3554/3432 2579/2629/2580 3432/3553/3431
f 1441/1456/1441 1353/1368/1354 3773/3958/3773
f 1354/1367/1353 3773/3958/3773 1353/1368/1354
f 1324/1339/1325 2010/2038/2010 4451/5767/4451
f 2823/2884/2824 4627/5074/4627 3732/3909/3731
f 4012/4246/4013 4013/4245/4012 2886/2947/2885
f 2886/2947/2885 1803/1824/1801 4012/4246/4013
f 1220/1229/1220 620/621/621 3864/4058/3863
f 1360/1375/1361 3085/3165/3085 2250/2287/2249
f 3197/3289/3198 3199/3288/3197 4585/4997/4584
f 187/185/185 2375/2418/2375 185/186/186
f 2913/2980/2913 2912/2979/2912 3728/3907/3729
f 4981/5996/4981 2485/2531/2484 4632/5081/4632
f 473/474/474 472/473/473 1002/1005/1001
f 4162/4428/4162 3367/3476/3365 4019/4250/4017
f 2214/2247/2213 2213/2248/2214 319/320/320
f 4082/4330/4082 1408/1423/1408 1406/1422/1407
f 202/203/203 103/104/104 3783/3970/3784
f 2875/2934/2874 1338/1352/1338 2874/2935/2875
f 2082/2114/2083 4079/4327/4079 2083/2112/2081
f 3815/4002/3815 2929/2996/2928 3473/3608/3473
f 396/397/397 1593/1612/1594 1594/1611/1593
f 3804/3991/3805 3231/5443/3232 3230/6000/3231
f 4448/4804/4447 1502/3621/1502 3481/3620/3481
f 4448/4804/4447 1450/5355/1448 1502/3621/1502
f 2950/3021/2950 509/507/507 1112/1120/1113
f 4705/5221/4705 3399/3518/3400 2817/2877/2817
f 2150/2183/2151 3195/3286/3195 1945/1973/1946
f 4972/5959/4972 1545/1564/1546 1536/5958/1536
f 3980/4205/3980 4983/6001/4983 848/849/849
f 934/935/934 4972/6002/4972 1536/1554/1536
f 4707/5225/4707 963/967/964 965/966/963
f 2497/2545/2498 3021/3099/3022 3112/3193/3111
f 2032/2060/2031 2031/2061/2032 2751/2809/2751
f 1520/1538/1521 1519/1534/1517 1587/1604/1586
f 51/49/49 1000/1004/1000 1471/1485/1470
f 112/113/113 3747/3930/3747 800/801/801
f 2768/2827/2768 4806/5420/4805 1475/1491/1476
f 37/38/38 3882/6003/3882 959/5444/957
f 4984/6004/4984 2956/3028/2957 2958/3029/2958
f 3711/3885/3712 3713/3884/3711 2589/4825/2590
f 4494/4867/4494 1092/1100/1093 1093/1099/1092
f 2905/2972/2906 2199/6005/2199 3764/6006/3764
f 2027/2056/2028 447/445/445 535/536/536
f 3548/3694/3548 360/361/361 1379/1394/1380
f 4375/4711/4375 2720/3533/2720 266/267/267
f 1274/1285/1274 1273/1284/1273 3419/3540/3418
f 4906/5707/4906 1156/1161/1154 4897/5708/4897
f 2106/6007/2107 4440/5066/4439 3608/3768/3609
f 4178/4447/4179 1869/1895/1870 3855/4048/3855
f 2039/2069/2040 23/2609/24 2559/2608/2560
f 1863/1888/1863 3948/4165/3948 2759/2818/2759
f 1696/1720/1697 4376/4712/4376 1697/1721/1698
f 4396/6008/4395 2698/2753/2698 1904/1931/1905
f 4396/6008/4395 1904/1931/1905 3826/4015/3826
f 4668/5150/4668 1856/1881/1856 93/91/91
f 3412/3534/3412 1624/1641/1622 1651/1670/1651
f 4720/5252/4720 761/760/760 741/742/742
f 325/326/326 327/325/325 3042/3119/3042
f 3379/3491/3379 1488/1503/1488 3560/3706/3559
f 4508/4887/4508 128/129/129 2478/2524/2477
f 967/970/967 966/969/966 4786/5383/4786
f 1404/1419/1404 80/81/81 1814/1836/1813
f 4240/4522/4238 4239/4524/4240 2366/2407/2364
f 4985/6009/4985 4789/5393/4790 4819/5449/4819
f 2487/2535/2488 4734/5283/4734 2488/2536/2489
f 4390/4730/4390 2957/3026/2955 4984/6004/4984
f 3182/3272/3182 4241/4525/4241 527/528/528
f 1818/1842/1819 4683/5176/4681 260/261/261
f 1818/1842/1819 260/261/261 1620/1640/1621
f 2731/2787/2729 2359/2400/2357 3986/6010/3986
f 4307/4616/4307 3551/3696/3550 4704/5217/4704
f 4986/6011/4986 4620/5065/4621 1621/1639/1620
f 3490/3632/3490 1601/1620/1602 1603/1619/1601
f 292/290/290 2963/3036/2964 2266/2307/2267
f 2064/2094/2063 2129/2162/2130 2063/2095/2064
f 369/370/370 372/373/373 374/372/372
f 2269/2310/2270 152/153/153 154/152/152
f 1062/1070/1063 159/160/160 1066/1072/1065
f 1414/1429/1414 4279/4582/4279 962/963/960
f 4933/5800/4933 2295/5566/2295 3942/4155/3941
f 1463/1476/1461 1462/1478/1463 2354/2396/2355
f 3285/6012/3286 4542/4940/4542 2547/6013/2547
f 2547/6013/2547 4542/4940/4542 2140/3597/2140
f 4510/4891/4510 4111/4890/4111 4403/6014/4404
f 155/156/156 1039/1044/1040 156/157/157
f 3713/6015/3711 3911/4453/3911 2590/2641/2591
f 33/31/31 32/33/33 987/988/985
f 483/481/481 482/483/483 2016/2044/2016
f 3352/3463/3352 2719/2774/2718 4548/6016/4548
f 3509/3652/3508 1582/1601/1583 1583/1600/1582
f 4737/5285/4736 3509/3652/3508 1583/1600/1582
f 2621/2672/2622 2623/2671/2621 913/915/914
f 1161/1167/1160 3395/3513/3395 3358/3469/3358
f 1535/1553/1535 1534/1552/1534 2909/2973/2907
f 1516/1531/1514 4522/4911/4522 1514/1532/1515
f 626/627/627 2894/2956/2894 627/628/628
f 1672/1693/1672 2425/2468/2423 13/14/14
f 2128/2158/2126 292/290/290 3272/3376/3272
f 4268/4609/4266 2104/2134/2102 2955/3027/2956
f 4085/4334/4086 1352/2772/1352 3858/4053/3858
f 1030/1035/1031 4243/4528/4243 1031/1036/1032
f 1901/1927/1901 2887/2949/2887 4384/4722/4384
f 3608/3768/3609 4440/5066/4439 3609/3769/3610
f 2094/2127/2095 3064/3144/3065 2095/2125/2094
f 2645/2696/2646 1167/5960/1165 1166/6017/1167
f 3530/3675/3530 3360/3471/3360 2433/2479/2434
f 2089/2120/2089 2570/2619/2570 3510/3655/3511
f 1526/1544/1527 4744/5298/4744 1527/1542/1525
f 739/737/737 3546/3692/3546 4456/4815/4456
f 739/737/737 738/739/739 3546/3692/3546
f 4436/4790/4436 1972/1999/1972 2830/2890/2830
f 1067/1075/1068 4767/5345/4767 4123/4384/4124
f 4350/4666/4350 4198/6018/4198 2419/2463/2418
f 863/864/864 4811/5430/4811 1831/1855/1832
f 2870/2930/2870 2881/2943/2881 240/238/238
f 238/239/239 240/238/238 2881/2943/2881
f 3741/3922/3741 1963/1991/1964 3468/3602/3468
f 1469/1484/1469 2077/2109/2078 4773/5360/4773
f 3228/3328/3229 2692/2747/2693 2694/2746/2692
f 2088/2117/2086 3512/3654/3510 4822/5472/4822
f 3427/3550/3428 3914/4124/3914 4129/4387/4127
f 1860/1886/1861 2882/2944/2882 816/817/817
f 4841/5516/4841 4116/4376/4116 4523/4912/4523
f 3589/3741/3589 2963/3036/2964 292/290/290
f 1792/1815/1792 1392/1407/1393 1286/1300/1287
f 974/5381/975 963/967/964 972/973/970
f 1510/5164/1509 2469/2517/2470 1378/1390/1376
f 1674/1694/1673 4456/4815/4456 4306/4615/4306
f 4986/6011/4986 3835/4027/3836 4620/5065/4621
f 6/4/4 5/6/6 343/344/344
f 4342/4655/4342 2779/2838/2779 4515/4900/4515
f 2779/2838/2779 3937/4151/3937 4515/4900/4515
f 53/54/54 52/53/53 3311/3415/3311
f 2568/2618/2569 2215/2250/2216 4014/4247/4014
f 1954/1981/1954 4190/4458/4188 4200/4475/4201
f 642/643/643 1939/1967/1940 1940/1966/1939
f 3817/4004/3817 2529/2574/2527 3818/4005/3818
f 3914/4124/3914 3808/3993/3807 4127/4388/4128
f 59/60/60 3047/3123/3046 4165/6019/4165
f 1909/1936/1910 4970/5955/4970 417/418/418
f 417/418/418 4970/5955/4970 1420/1434/1419
f 4687/5182/4686 246/244/244 245/246/246
f 4163/4430/4164 3342/4793/3342 2912/2979/2912
f 3771/3954/3769 1427/1443/1428 1426/1442/1427
f 3129/3212/3129 2352/2394/2353 2132/2165/2133
f 2132/2165/2133 2134/2164/2132 3129/3212/3129
f 546/544/544 545/546/546 949/953/950
f 2302/2343/2303 2301/2342/2302 4463/4827/4464
f 4083/4331/4083 3575/3725/3575 2610/2661/2611
f 4836/5506/4836 2110/2143/2111 3725/3902/3725
f 4801/5413/4800 3352/3463/3352 4548/6016/4548
f 1716/4593/1717 1036/1041/1037 1717/5546/1718
f 4986/6011/4986 262/260/260 2406/2450/2405
f 4806/5420/4805 1250/1262/1251 2184/2215/2182
f 3309/3414/3310 3754/3939/3754 3310/3413/3309
f 3360/3471/3360 2453/2501/2454 2454/2500/2453
f 4179/4445/4177 4180/4448/4180 4177/4446/4178
f 1136/1144/1137 967/970/967 4786/5383/4786
f 2592/2642/2592 4054/6020/4055 1231/1238/1229
f 4245/4530/4245 1396/1411/1397 2931/3000/2932
f 2984/3058/2984 2238/2277/2239 2935/3002/2934
f 1167/5960/1165 2647/2695/2645 4349/5477/4347
f 1723/2261/1724 3936/6021/3935 803/802/802
f 681/682/682 4940/5821/4940 3863/4059/3864
f 3609/3769/3610 3813/4001/3814 3511/3656/3512
f 4175/4441/4174 3692/3863/3692 3232/3329/3230
f 4673/5159/4673 39/37/37 38/39/39
f 4987/6022/4987 974/5381/975 972/973/970
f 2375/2418/2375 4901/5690/4901 4221/4499/4221
f 2506/2554/2507 2208/2241/2208 2048/2080/2049
f 4830/5487/4830 1671/1692/1671 1371/1386/1372
f 1435/1448/1433 1127/1135/1128 1433/1449/1434
f 4773/5360/4773 2077/2109/2078 2078/2108/2077
f 2060/2091/2060 812/810/810 2214/2247/2213
f 385/386/386 2047/2079/2048 1237/1244/1235
f 4413/4765/4413 3267/3370/3266 3563/3708/3561
f 617/618/618 2878/2941/2879 618/616/616
f 10/11/11 2629/2680/2630 2851/2911/2851
f 2602/2653/2603 1920/1947/1920 3988/4214/3988
f 4142/4407/4142 2659/6023/2660 4143/4408/4143
f 4142/4407/4142 4724/5336/4724 2659/6023/2660
f 4141/4404/4141 1969/1994/1967 1968/1996/1969
f 2465/2511/2464 4232/5346/4232 2521/5348/2521
f 2465/2511/2464 2464/2512/2465 4232/5346/4232
f 1119/1124/1117 1118/1126/1119 1006/1011/1007
f 4988/6024/4988 993/997/993 4814/6025/4814
f 2705/3642/2704 2847/2908/2848 4989/6026/4989
f 1077/1083/1076 2960/3033/2961 1075/1082/1075
f 533/534/534 4333/4645/4332 4332/4646/4333
f 907/909/908 3446/3569/3444 908/907/906
f 3500/3644/3501 4491/4863/4491 4366/4691/4366
f 4264/4555/4264 2524/2571/2524 2707/2762/2707
f 4170/4437/4170 2532/2581/2533 2533/2580/2532
f 3766/3951/3766 2070/2100/2069 1821/1843/1820
f 3323/3428/3323 2096/2128/2096 2410/2456/2411
f 4276/4579/4276 2023/2051/2023 488/486/486
f 1424/1440/1425 1751/1772/1749 1750/1774/1751
f 4028/4264/4028 4031/4267/4031 1343/1355/1341
f 4962/5909/4962 3031/3108/3031 241/242/242
f 3125/6027/3126 3393/3508/3392 3392/3510/3393
f 1847/5931/1846 3993/4219/3993 1930/4221/1931
f 3563/3708/3561 1099/1107/1100 3652/3819/3652
f 4341/4654/4341 1276/1287/1276 923/925/924
f 2269/2310/2270 634/635/635 636/634/634
f 636/634/634 3635/3801/3636 2269/2310/2270
f 2677/2730/2677 1235/1245/1236 830/831/831
f 3266/3371/3267 1099/1107/1100 3563/3708/3561
f 3394/5915/3394 4294/4600/4294 2597/2645/2595
f 699/700/700 1597/1613/1595 1596/1615/1597
f 224/225/225 4819/5449/4819 4789/5393/4790
f 234/232/232 1077/1083/1076 1076/1084/1077
f 1967/1995/1968 1209/1219/1210 1968/1996/1969
f 4511/4892/4511 2733/2792/2734 2748/2807/2749
f 3580/3732/3580 3581/3733/3581 4745/6028/4745
f 4825/5481/4825 3711/3885/3712 4912/5778/4913
f 4825/5481/4825 1495/1512/1496 3711/3885/3712
f 4364/4689/4364 3613/3773/3612 4725/5263/4725
f 3124/3205/3123 3123/3206/3124 1819/1841/1818
f 4449/4806/4449 1658/1679/1659 2967/3038/2966
f 2179/2213/2180 4489/4861/4489 3082/3163/3083
f 4113/4373/4113 4343/4656/4343 1289/1303/1290
f 1188/1196/1189 474/472/472 473/474/474
f 1188/1196/1189 473/474/474 1189/1194/1187
f 286/284/284 1248/1257/1246 4593/5014/4593
f 1961/1986/1959 1960/1988/1961 2035/2064/2035
f 2322/2483/2322 4086/4333/4085 3858/4053/3858
f 1150/1157/1150 203/204/204 3179/6029/3179
f 741/742/742 1052/1059/1052 742/740/740
f 2691/6030/2689 2468/2514/2467 379/380/380
f 1581/1597/1579 3335/3441/3336 1579/1598/1580
f 2704/2760/2705 861/5657/859 860/3904/861
f 486/487/487 535/536/536 537/535/535
f 63/61/61 4523/4912/4523 3895/4100/3895
f 2760/2819/2760 1715/1736/1713 940/942/941
f 3154/3241/3154 3152/3240/3153 2411/2454/2409
f 2217/2249/2215 2777/2836/2777 2224/2256/2222
f 4620/5065/4621 3174/3262/3174 1621/1639/1620
f 1502/1518/1502 1449/1465/1450 1668/1688/1667
f 4853/5558/4852 3872/4068/3871 4739/5291/4739
f 4954/5866/4954 2814/2875/2815 2815/2874/2814
f 4189/4460/4190 3353/3465/3354 3745/3927/3745
f 3416/3538/3416 901/903/902 4214/4489/4212
f 887/889/888 910/911/910 4656/5123/4656
f 2275/2314/2274 2274/2315/2275 4628/5075/4628
f 3441/3562/3439 3716/3890/3715 2651/2702/2652
f 4105/4361/4105 4459/4820/4459 77/78/78
f 3020/5937/3020 4954/5866/4954 2815/2874/2814
f 3020/3097/3020 3019/3096/3019 4954/6031/4954
f 2955/3027/2956 4990/6032/4990 4300/4608/4300
f 4803/5416/4803 2917/2985/2918 2918/2984/2917
f 3879/4077/3879 4033/4269/4033 3343/3451/3344
f 456/454/454 2779/2838/2779 2768/2827/2768
f 3670/6033/3670 4990/6032/4990 2955/3027/2956
f 3653/3820/3653 4825/5480/4825 4912/5725/4913
f 4719/6034/4719 3495/6035/3495 4933/5800/4933
f 2295/5566/2295 4933/5800/4933 3495/6035/3495
f 3542/3689/3543 4536/4934/4536 1181/1189/1182
f 4336/4649/4336 1145/1153/1146 3672/3841/3672
f 3459/3589/3460 3508/3653/3509 4406/4751/4406
f 3608/5991/3609 3703/6036/3702 2107/2137/2105
f 3603/3762/3604 2482/2530/2483 3402/3522/3402
f 3127/3207/3125 4194/4466/4194 246/244/244
f 4622/5069/4623 4213/5068/4214 4842/5523/4842
f 2004/2033/2005 2003/2032/2004 4764/6037/4764
f 2004/2033/2005 4764/6037/4764 1496/5879/1497
f 1299/6038/1300 4957/6039/4957 411/412/412
f 4037/4274/4037 4556/4961/4556 4066/4311/4067
f 1299/6038/1300 1298/6040/1299 4957/6039/4957
f 2741/2798/2740 2745/2803/2745 3403/3525/3404
f 1534/1552/1534 2907/2974/2908 2909/2973/2907
f 4612/5048/4611 2853/2914/2854 813/814/814
f 371/369/369 840/840/840 3239/3340/3239
f 4059/4302/4059 3907/4116/3907 3871/4069/3872
f 4816/5439/4816 3964/4184/3965 3966/4183/3964
f 1016/1018/1014 425/426/426 1014/1019/1015
f 3814/4000/3813 4557/4963/4557 3815/4002/3815
f 3775/3960/3775 2360/2403/2360 4877/5633/4877
f 4877/5633/4877 1758/1779/1756 3775/3960/3775
f 4628/5075/4628 947/946/945 4525/4914/4525
f 678/679/679 463/464/464 4328/4641/4328
f 4941/5828/4941 1180/1188/1181 1191/1197/1190
f 1501/1517/1501 1059/1064/1057 1336/1351/1337
f 3875/4073/3875 1670/1690/1669 3576/3728/3576
f 3043/4262/3043 4359/5553/4358 4701/6041/4701
f 2007/2034/2006 2006/2035/2007 4960/5893/4960
f 2258/2297/2258 611/612/612 610/611/611
f 4847/5540/4847 508/509/509 4982/5998/4982
f 2878/2941/2879 1391/1405/1391 4847/5539/4847
f 4190/4458/4188 3894/4099/3894 4200/4475/4201
f 4216/6042/4216 2826/2886/2826 4575/4987/4575
f 3931/4145/3931 3501/3643/3500 3500/3644/3501
f 3980/4205/3980 1567/1586/1568 4983/6001/4983
f 843/2704/841 2653/2703/2653 2934/3003/2935
f 3396/3514/3396 2535/5469/2535 3700/3871/3700
f 4916/6043/4916 314/315/315 4761/5332/4761
f 314/315/315 3011/3087/3010 4761/5332/4761
f 4735/5284/4735 4977/6044/4977 160/158/158
f 2989/3064/2989 385/386/386 3410/3531/3410
f 4126/4386/4126 786/784/784 423/423/423
f 3847/4040/3847 950/954/951 2944/3015/2944
f 4081/4329/4081 4080/4328/4080 4512/4893/4512
f 2366/2407/2364 4239/4524/4240 2364/2408/2365
f 3305/3408/3304 3304/3409/3305 2280/2320/2280
f 894/896/895 1397/1409/1395 4245/4530/4245
f 1397/1409/1395 1396/1411/1397 4245/4530/4245
f 4683/5176/4681 571/5000/570 260/261/261
f 935/936/935 3670/6033/3670 2957/3026/2955
f 2266/2307/2267 287/288/288 3981/4206/3981
f 1280/1292/1280 1556/1575/1557 1281/1293/1281
f 93/91/91 1525/1543/1526 91/92/92
f 3934/4148/3934 970/974/971 3933/4147/3933
f 702/5946/703 3496/5460/3496 709/709/709
f 838/839/839 3601/3759/3601 835/836/836
f 4727/6045/4728 4882/5642/4881 4728/5925/4727
f 248/247/247 247/248/248 1026/1031/1027
f 2302/2343/2303 2886/2947/2885 2303/2341/2301
f 584/585/585 586/584/584 2257/2295/2257
f 3865/4061/3865 354/355/355 4187/6046/4186
f 1242/1252/1242 4155/4420/4155 1227/1237/1228
f 4722/5258/4722 4710/5232/4710 4535/4933/4535
f 1469/1484/1469 4857/5569/4857 2077/2109/2078
f 569/567/567 1363/1378/1364 3574/3723/3573
f 2678/2731/2678 666/667/667 2478/2524/2477
f 2524/2571/2524 1288/1299/1286 2707/2762/2707
f 3313/3416/3312 479/480/480 478/479/479
f 4942/5830/4943 3520/6047/3520 414/415/415
f 1505/1521/1505 2305/2345/2305 779/780/780
f 1523/1541/1524 4311/4622/4312 2960/3033/2961
f 2408/2453/2408 4365/6048/4365 281/282/282
f 3555/3702/3555 3266/3371/3267 538/539/539
f 3786/6049/3787 3623/3786/3623 3787/6050/3786
f 294/295/295 3621/3783/3620 3089/3169/3089
f 3137/3220/3136 4840/5515/4840 3136/3221/3137
f 4679/5173/4679 3948/4165/3948 1812/1833/1810
f 2731/2787/2729 3986/6010/3986 4257/6051/4257
f 2971/3042/2970 2731/6052/2729 4257/4546/4257
f 2971/3042/2970 2729/6053/2730 2731/6052/2729
f 3046/3124/3047 3047/3123/3046 2280/2320/2280
f 4318/4629/4318 4269/4566/4269 3221/3318/3221
f 2073/2102/2071 2890/2953/2891 2071/2103/2072
f 1903/1930/1904 4866/5590/4866 3995/4226/3996
f 4866/6054/4866 1083/1091/1084 3995/4739/3996
f 3625/3787/3624 348/349/349 2770/2828/2769
f 348/349/349 350/348/348 2770/2828/2769
f 3790/3974/3788 4320/4633/4321 4715/5247/4716
f 1761/1782/1759 1760/1784/1761 1741/1765/1742
f 163/5264/161 162/3646/163 4687/5182/4686
f 4275/4578/4275 3364/3475/3364 3748/3931/3748
f 304/305/305 3586/5637/3585 213/211/211
f 984/985/982 338/339/339 3841/4032/3841
f 672/5151/673 674/5815/672 364/365/365
f 1378/1390/1376 2356/2395/2354 2927/2995/2927
f 202/203/203 3783/3970/3784 1778/1801/1778
f 3204/3296/3203 1572/4869/1570 2245/3297/2245
f 3503/5739/3503 161/162/162 3127/5817/3125
f 3540/3686/3540 4568/4976/4568 4564/4978/4565
f 564/565/565 4928/5783/4928 4056/6055/4056
f 1612/1631/1613 3275/3379/3275 4106/4362/4106
f 2888/2951/2889 2185/2218/2185 3553/3699/3553
f 3465/3594/3465 1876/1902/1877 4029/4265/4029
f 4953/5863/4953 4805/5421/4806 2184/2215/2182
f 3762/3947/3762 291/292/292 3383/3495/3383
f 4393/4735/4394 4392/4734/4393 4327/4638/4325
f 2763/2821/2762 2762/2822/2763 3607/4278/3607
f 3470/3603/3469 3469/3604/3470 4288/4591/4288
f 1054/1062/1055 2434/2480/2435 4255/4544/4255
f 3109/3192/3110 3108/3191/3109 4783/6056/4783
f 1062/1070/1063 1690/1713/1690 3290/3393/3289
f 3333/3438/3333 4383/4721/4383 3696/3867/3696
f 1434/1450/1435 2308/2346/2306 2307/2348/2308
f 1573/1592/1574 907/909/908 71/72/72
f 4895/6057/4895 471/469/469 771/5678/772
f 4013/4245/4012 4898/5685/4898 2303/2341/2301
f 1899/1925/1899 4910/5717/4910 413/411/411
f 3292/3396/3292 3034/3111/3034 4939/5814/4939
f 4952/5860/4952 1497/1511/1495 3866/6058/3866
f 3042/3119/3042 3462/3592/3463 2936/3005/2936
f 2125/2157/2125 2124/2156/2124 2286/2327/2287
f 3083/3164/3084 4774/5361/4774 3474/4707/3474
f 3912/4122/3912 1951/1978/1951 945/947/946
f 3670/6033/3670 2955/3027/2956 2957/3026/2955
f 3418/3541/3419 549/547/547 548/549/549
f 4659/5127/4659 2037/2067/2038 2681/2734/2681
f 3260/3365/3261 3989/4215/3989 3821/4008/3821
f 2283/2323/2283 4302/4612/4303 199/200/200
f 4918/5737/4918 4284/4587/4284 4222/4500/4222
f 2153/2184/2152 2874/2935/2875 4389/4728/4389
f 3155/3242/3155 4933/5800/4933 4078/4326/4078
f 722/723/723 2761/2820/2761 723/724/724
f 551/552/552 1089/1097/1090 2211/5798/2212
f 3193/3284/3193 682/683/683 1951/1978/1951
f 3494/3636/3494 4639/5091/4639 1379/1394/1380
f 2052/2084/2053 4301/4610/4301 243/241/241
f 2299/2340/2300 2661/2713/2661 2300/2339/2299
f 255/256/256 2176/2208/2175 2561/2610/2561
f 3574/3723/3573 4507/4886/4507 4244/4529/4244
f 2910/2978/2911 4464/4826/4463 2303/2341/2301
f 904/5304/905 4117/4377/4117 4625/6059/4625
f 4625/6059/4625 4117/4377/4117 4564/4978/4565
f 2165/2198/2166 3003/3080/3003 4357/4677/4357
f 3429/3551/3429 2947/3018/2947 2263/2302/2263
f 3467/5877/3467 226/227/227 1531/6060/1531
f 4971/6061/4971 2133/2166/2134 58/59/59
f 1498/1515/1499 585/586/586 2255/2294/2256
f 749/750/750 407/405/405 4969/5935/4969
f 8/6062/9 7/6063/8 804/805/805
f 3066/3143/3064 3805/3990/3804 3597/3755/3597
f 2538/2585/2537 673/674/674 2670/4471/2670
f 946/948/947 945/947/946 621/622/622
f 4602/5025/4602 728/728/728 3678/3847/3678
f 574/572/572 601/601/601 1527/1542/1525
f 1171/1179/1172 704/702/702 3133/5727/3133
f 3312/3417/3313 4428/4783/4429 479/480/480
f 1396/1411/1397 4855/5561/4855 4718/5248/4717
f 840/840/840 370/371/371 613/614/614
f 2891/2952/2890 3396/3514/3396 2890/2953/2891
f 859/860/860 276/277/277 1993/6064/1993
f 3852/4045/3852 2805/2864/2805 3509/3652/3508
f 662/663/663 939/941/940 941/940/939
f 4835/6065/4835 3887/4091/3888 418/419/419
f 1916/1944/1917 3685/6066/3685 30/28/28
f 3685/6066/3685 1914/5964/1915 30/28/28
f 2850/2910/2850 4500/5697/4501 1487/1502/1487
f 1913/1940/1913 3423/4479/3424 3424/6067/3423
f 3071/3151/3072 3073/3150/3071 2151/2181/2149
f 3728/3907/3729 44/45/45 604/602/602
f 846/844/844 769/767/767 844/845/845
f 2946/3017/2946 3164/3252/3164 4874/5609/4874
f 4901/5690/4901 2375/2418/2375 4744/5298/4744
f 2757/2817/2758 4528/4917/4527 4432/4786/4432
f 4918/5737/4918 4627/5074/4627 4284/4587/4284
f 2335/2377/2336 4745/5299/4745 2336/2378/2337
f 612/610/610 611/612/612 4521/4910/4521
f 88/89/89 90/88/88 4530/5881/4530
f 1113/1121/1114 4942/5934/4943 4943/6068/4942
f 1055/1063/1056 2107/2137/2105 3702/6069/3703
f 4319/4630/4319 4115/4374/4114 4524/4913/4524
f 4882/5642/4881 4881/5644/4882 2190/2224/2191
f 3668/3838/3669 4488/4860/4488 4266/4563/4267
f 210/208/208 1061/1067/1060 1671/1692/1671
f 4692/5192/4692 3810/5695/3810 3790/3974/3788
f 149/150/150 994/1217/994 150/151/151
f 1065/1073/1066 4622/5069/4623 4842/5523/4842
f 1667/1689/1668 1230/1240/1231 2600/2650/2600
f 4368/5827/4368 4929/6070/4929 4099/4353/4099
f 4929/6070/4929 3507/3649/3505 4099/4353/4099
f 3247/3348/3245 3246/3350/3247 3004/6071/3004
f 4143/6072/4143 2659/2712/2660 3247/3348/3245
f 3004/3081/3004 4143/4408/4143 3247/6073/3245
f 868/6074/869 412/413/413 4706/5302/4706
f 3440/3564/3441 2997/3073/2998 1893/1918/1893
f 1355/1369/1355 2198/2231/2198 2501/2548/2501
f 134/135/135 2238/2277/2239 135/133/133
f 3417/3539/3417 3338/3444/3337 4855/5561/4855
f 323/324/324 766/766/766 2661/2713/2661
f 4140/4403/4140 3315/3419/3315 4919/5740/4919
f 3146/3232/3147 3921/4132/3921 3215/3313/3216
f 3175/3263/3175 631/5447/629 349/3060/350
f 4779/5371/4779 3830/4020/3830 712/4019/710
f 3712/3886/3713 3843/4034/3843 561/562/562
f 4506/4885/4506 1349/1362/1348 4438/4791/4437
f 2768/2827/2768 2779/2838/2779 3800/3986/3800
f 2486/2533/2486 2010/2038/2010 1417/1430/1415
f 423/423/423 3956/4174/3956 4126/4386/4126
f 317/318/318 3772/3957/3772 4416/4769/4416
f 2680/2733/2680 2154/2186/2154 1492/1509/1493
f 3876/4075/3877 603/604/604 602/603/603
f 3842/4033/3842 668/668/668 1413/1427/1412
f 4885/5655/4885 4507/4886/4507 3090/3171/3091
f 2920/2988/2921 2921/2987/2920 4052/4293/4052
f 4384/4722/4384 374/372/372 373/374/374
f 3336/3440/3335 3335/3441/3336 1581/1597/1579
f 3337/3445/3338 4717/5249/4718 4855/5561/4855
f 449/450/450 2305/2345/2305 1505/1521/1505
f 4651/5729/4651 677/675/675 1977/5728/1975
f 4544/5214/4545 3484/3623/3482 3483/3625/3484
f 4550/4951/4550 1246/1258/1247 1248/1257/1246
f 3500/3644/3501 2810/2868/2809 3931/4145/3931
f 2724/5766/2725 3203/3298/3204 2725/6075/2726
f 132/130/130 2604/2655/2605 130/131/131
f 1121/1129/1122 1664/1683/1663 3136/3221/3137
f 2161/2194/2162 3582/3735/3583 3168/3255/3167
f 267/268/268 266/267/267 710/4021/711
f 267/268/268 710/4021/711 3830/4020/3830
f 512/513/513 2099/2129/2097 511/511/511
f 1947/4144/1947 3481/3620/3481 1513/6076/1511
f 3770/3956/3771 1868/1894/1869 1789/1813/1790
f 2776/2834/2775 4467/4831/4467 3522/3667/3523
f 836/834/834 835/836/836 2825/2885/2825
f 3170/3258/3170 435/433/433 2152/2185/2153
f 1393/1408/1394 3735/3915/3736 3889/4092/3889
f 775/776/776 4827/5484/4827 528/529/529
f 2115/2147/2115 219/217/217 4691/5189/4691
f 2764/2823/2764 2650/2700/2650 1515/1533/1516
f 3671/5819/3671 3670/6033/3670 935/936/935
f 2386/2429/2386 1759/1783/1760 4107/4365/4107
f 4677/5168/4677 3905/4112/3904 1777/1800/1777
f 3916/4127/3917 357/1250/358 3035/3112/3035
f 1779/1803/1780 1080/1085/1078 3080/3160/3080
f 4413/4765/4413 538/539/539 3267/3370/3266
f 4913/5777/4912 3711/3885/3712 2591/4824/2589
f 4913/5724/4912 2591/2639/2589 3653/3820/3653
f 2486/2533/2486 3691/6077/3690 2010/2038/2010
f 4487/4859/4487 205/206/206 1184/1192/1185
f 1856/1881/1856 2456/2504/2457 1857/1882/1857
f 1250/1262/1251 2941/3013/2942 2943/3012/2941
f 3036/3114/3037 4769/5351/4769 1660/1678/1658
f 1025/1027/1023 1494/1510/1494 1821/1843/1820
f 2868/2929/2869 3642/5412/3643 934/935/934
f 1788/1809/1786 3426/3548/3426 3008/3085/3008
f 2717/2773/2717 2622/2673/2623 2296/2336/2296
f 4595/6078/4595 3059/6079/3058 4991/6080/4991
f 2566/2615/2566 4815/5437/4815 809/808/808
f 1316/1330/1316 125/1329/126 3074/3153/3074
f 2139/2171/2139 1453/1466/1451 3624/3788/3625
f 581/582/582 2309/2349/2309 92/93/93
f 2425/2468/2423 3375/3487/3376 2423/2469/2424
f 2775/2835/2776 4824/6081/4824 2776/2834/2775
f 2618/2669/2619 4020/4253/4020 2619/2670/2620
f 458/459/459 2050/2081/2050 55/56/56
f 773/773/773 43/44/44 2465/2511/2464
f 3393/3508/3392 161/162/162 4186/4457/4187
f 3907/4116/3907 4154/4418/4153 4153/4419/4154
f 2912/2979/2912 138/136/136 4163/4430/4164
f 2156/2187/2155 676/677/677 675/676/676
f 1403/1415/1401 4191/4852/4192 1401/1416/1402
f 1402/5370/1403 1401/6082/1402 4191/4462/4192
f 4325/4639/4326 4327/4638/4325 2740/2799/2741
f 4325/4639/4326 2740/2799/2741 3403/3525/3404
f 3208/3305/3209 3206/3302/3206 3209/3306/3210
f 2386/2429/2386 1760/1784/1761 1759/1783/1760
f 1237/1244/1235 3410/3531/3410 385/386/386
f 2327/2367/2327 186/187/187 1081/1088/1081
f 221/222/222 4930/5789/4930 3637/3802/3637
f 1331/1346/1332 2009/2037/2009 1041/1043/1039
f 1689/1712/1689 2520/2567/2520 1439/3442/1440
f 1951/1978/1951 622/620/620 621/622/622
f 2448/2493/2446 4199/6083/4199 2669/2721/2669
f 3349/3460/3349 3580/3732/3580 2335/4558/2336
f 1369/1383/1369 4540/4938/4540 3799/3985/3799
f 3472/3607/3472 2329/6084/2329 141/3605/139
f 3567/3717/3568 1029/1033/1029 3568/3715/3567
f 2084/2116/2085 2959/3030/2959 4335/4648/4335
f 2046/2075/2044 792/790/790 1966/1993/1966
f 488/486/486 2921/2987/2920 4276/4579/4276
f 1777/1800/1777 3904/4113/3905 1897/1924/1898
f 729/730/730 2754/2812/2753 4880/5640/4880
f 1241/1251/1241 1913/5872/1913 1242/1252/1242
f 3334/3439/3334 2529/2574/2527 2528/2576/2529
f 2923/2992/2924 1892/1915/1890 1891/1917/1892
f 3049/3127/3049 1491/1508/1492 1277/1288/1277
f 2332/2372/2331 2788/2848/2789 42/40/40
f 2036/2065/2036 1959/1987/1960 4301/4610/4301
f 183/184/184 1209/1219/1210 1211/1218/1209
f 707/705/705 756/755/755 3706/3878/3706
f 1457/5791/1455 3828/5792/3828 2910/2978/2911
f 1406/1422/1407 3662/3828/3661 3661/3829/3662
f 3987/4213/3987 1156/5681/1154 2480/2527/2480
f 2480/2527/2480 1156/5681/1154 4641/5095/4641
f 3659/3826/3659 3137/3220/3136 2366/2407/2364
f 1009/1014/1010 2562/2611/2562 4469/4833/4469
f 2925/2993/2925 4813/5435/4813 361/362/362
f 48/2977/46 1705/6085/1705 4647/5104/4647
f 48/2977/46 4647/5104/4647 2910/2978/2911
f 3622/3785/3622 4444/4801/4444 2066/2096/2065
f 802/803/803 3667/3835/3667 1600/1616/1598
f 589/587/587 588/589/589 1922/1949/1922
f 4716/5246/4715 4715/5247/4716 2843/2903/2843
f 3858/4053/3858 3861/4056/3861 212/213/213
f 2870/2930/2870 889/890/889 4223/4502/4223
f 3858/4053/3858 212/213/213 211/212/212
f 2779/2838/2779 455/456/456 3937/4151/3937
f 409/410/410 590/591/591 592/590/590
f 2350/3268/2350 1626/1646/1627 4911/5944/4911
f 2248/2286/2248 4253/4542/4253 4798/5408/4798
f 1362/1374/1360 3085/3165/3085 1360/1375/1361
f 1613/1632/1614 2799/2859/2800 3356/3467/3356
f 1055/3076/1056 4412/4764/4412 2145/2177/2145
f 912/912/911 1687/1708/1685 483/481/481
f 3785/3971/3785 2785/3777/2784 4377/4713/4377
f 3924/5620/3924 3922/4135/3923 913/915/914
f 3602/3760/3602 3153/3238/3151 2472/6086/2471
f 3724/3899/3724 1860/1886/1861 816/817/817
f 3264/3369/3265 4734/5283/4734 3265/3368/3264
f 2656/2709/2657 3330/3436/3331 2657/2710/2658
f 567/568/568 4956/5873/4956 4782/5375/4782
f 1336/1351/1337 1335/1350/1336 1501/1517/1501
f 3060/3139/3060 158/4568/159 160/6087/158
f 28/29/29 3284/3388/3284 2539/2587/2539
f 1185/1190/1183 1184/1192/1185 3972/4195/3972
f 1507/1524/1508 3988/4214/3988 1919/1946/1919
f 737/738/738 2814/2875/2815 4473/4839/4473
f 4766/5688/4766 2337/2376/2335 2336/2378/2337
f 531/531/531 969/971/968 532/532/532
f 4550/6088/4550 1252/5979/1252 81/79/79
f 3561/3709/3562 4417/4770/4417 3562/3710/3563
f 599/600/600 4338/4651/4338 596/597/597
f 1626/1646/1627 3179/3269/3179 203/5314/204
f 4464/4826/4463 4647/5104/4647 979/983/980
f 4541/6089/4541 2545/2594/2546 4655/5120/4655
f 3282/3385/3281 3064/3144/3065 2968/3040/2968
f 1470/1486/1471 2580/2627/2578 2579/2629/2580
f 611/612/612 828/829/829 4599/5021/4599
f 3793/3979/3793 2032/2060/2031 2751/2809/2751
f 1267/6090/1268 1269/4661/1267 4509/6091/4509
f 1640/1659/1640 2031/2061/2032 640/638/638
f 1729/1752/1729 3233/3332/3233 3391/3504/3391
f 1553/1572/1554 1020/2723/1021 4693/5193/4693
f 1232/1242/1233 1229/1239/1230 2341/2383/2342
f 1541/1560/1542 1207/1214/1206 1206/1215/1207
f 4891/5667/4891 3203/3298/3204 2245/3297/2245
f 350/348/348 3415/3537/3415 2770/2828/2769
f 3816/4003/3816 4341/4654/4341 616/617/617
f 1220/1229/1220 2007/2034/2006 4114/4375/4115
f 4819/5943/4819 50/51/51 4985/6092/4985
f 4786/5383/4786 651/652/652 2034/2063/2034
f 1423/1439/1424 2940/3010/2939 1695/1717/1694
f 2877/2939/2877 4140/4403/4140 4919/5740/4919
f 3697/3868/3697 3178/3267/3178 259/257/257
f 2072/2104/2073 4317/4627/4317 1530/1545/1528
f 4365/4690/4365 2408/5899/2408 3425/3547/3425
f 976/979/976 3381/3493/3381 3095/3174/3094
f 885/885/884 3381/3493/3381 976/979/976
f 514/512/512 727/725/725 726/727/727
f 4927/5779/4927 4455/5926/4455 987/988/985
f 3325/3430/3325 1671/1692/1671 219/217/217
f 1281/1293/1281 1265/1277/1266 1282/1294/1282
f 4769/5351/4769 1918/1945/1918 42/40/40
f 1131/1139/1132 4136/4396/4134 1132/1137/1130
f 972/973/970 963/967/964 4707/5225/4707
f 2919/2986/2919 4713/5240/4713 1629/1648/1629
f 2955/3027/2956 2103/2136/2104 2956/3028/2957
f 1528/1546/1529 3781/3968/3782 4048/4289/4049
f 1904/1931/1905 1823/1847/1824 1822/1846/1823
f 514/512/512 726/727/727 2771/2830/2771
f 2215/2250/2216 2217/2249/2215 4014/4247/4014
f 4953/5863/4953 3048/3126/3048 3480/3617/3479
f 909/910/909 4650/5108/4650 910/911/910
f 4590/5011/4590 4853/5558/4852 4739/5291/4739
f 1104/1109/1102 1103/1111/1104 594/595/595
f 2330/6093/2330 2329/6084/2329 3472/3607/3472
f 1044/1051/1045 4081/4329/4081 4512/4893/4512
f 4007/4240/4008 4006/4239/4007 4087/4335/4087
f 1956/1982/1955 1748/1769/1746 1747/1771/1748
f 2330/6093/2330 3472/3607/3472 3099/3179/3099
f 2959/3030/2959 2084/2116/2085 1328/1340/1326
f 2971/3042/2970 2730/3044/2731 2729/6053/2730
f 1600/1616/1598 1599/1618/1600 4854/5560/4854
f 4992/6094/4992 3380/5891/3380 4955/5868/4955
f 1127/1135/1128 3968/4188/3968 4399/4742/4399
f 1684/1705/1682 3443/3568/3443 1682/1706/1683
f 2787/2847/2788 1658/1679/1659 1660/1678/1658
f 33/4553/31 4455/4814/4455 4263/4554/4263
f 4128/4389/4129 4107/4365/4107 4129/4387/4127
f 975/6095/973 4987/6022/4987 972/973/970
f 1183/1191/1184 1587/1604/1586 1586/1605/1587
f 2228/2265/2229 2230/2264/2228 4645/6096/4645
f 1367/1379/1365 1366/1381/1367 4868/5597/4868
f 4795/5401/4795 3849/4042/3849 4168/4436/4169
f 1423/1439/1424 1751/1772/1749 1424/1440/1425
f 247/248/248 2785/3777/2784 1026/1031/1027
f 3537/5754/3537 3060/3139/3060 3538/5974/3538
f 48/46/46 4363/4687/4363 1704/1727/1704
f 3517/3661/3517 4717/5249/4718 3337/3445/3338
f 4977/5975/4977 3060/3139/3060 160/6087/158
f 3538/5974/3538 3060/3139/3060 4977/5975/4977
f 732/733/733 4925/6097/4925 4979/5981/4979
f 4658/6098/4658 4925/6097/4925 732/733/733
f 4255/4544/4255 1185/1190/1183 1054/1062/1055
f 2625/2674/2624 4555/4960/4555 96/94/94
f 462/460/460 4596/5019/4597 716/717/717
f 3543/3688/3542 4941/5828/4941 1191/1197/1190
f 4175/4441/4174 4177/4446/4178 3692/3863/3692
f 4264/4555/4264 1121/1129/1122 2524/2571/2524
f 2409/2455/2410 2411/2454/2409 1196/1204/1197
f 3980/4205/3980 848/849/849 847/848/848
f 3829/6099/3829 4779/5371/4779 712/4019/710
f 599/600/600 598/599/599 1333/1345/1331
f 1165/1173/1166 2697/2751/2697 4192/4461/4191
f 3786/6049/3787 1955/4606/1956 3833/4024/3833
f 4789/5393/4790 3537/3682/3537 1064/1069/1062
f 1837/1859/1836 84/82/82 1070/1077/1070
f 986/990/987 3413/4635/3414 3414/6100/3413
f 1733/1754/1731 4383/4721/4383 3333/3438/3333
f 4883/6101/4883 2499/2547/2500 2500/2546/2499
f 3821/4008/3821 3328/3434/3329 474/472/472
f 1874/1900/1875 4150/4413/4148 2883/2946/2884
f 2890/2953/2891 3700/3871/3700 3782/3967/3781
f 2603/2651/2601 2068/2098/2067 2601/2652/2602
f 3772/3957/3772 317/318/318 2496/2544/2497
f 229/5465/230 4821/5467/4821 230/6102/231
f 3324/3429/3324 3323/3428/3323 1980/2005/1978
f 2566/2615/2566 808/809/809 472/473/473
f 4474/4840/4474 3526/3669/3525 4149/4415/4150
f 4842/5523/4842 3135/3219/3135 780/778/778
f 797/798/798 4353/4670/4353 2171/2204/2171
f 4636/5087/4636 2544/2592/2544 3288/3391/3287
f 1555/1571/1553 859/2020/860 1553/1572/1554
f 971/975/972 3024/3601/3025 3026/6103/3024
f 150/151/151 1208/1216/1208 1013/1017/1013
f 597/596/596 3490/3632/3490 4993/6104/4993
f 4876/5625/4876 2528/2576/2529 2527/2575/2528
f 4876/6105/4876 2527/5121/2528 4425/4778/4424
f 2128/2158/2126 557/555/555 292/290/290
f 1669/1691/1670 328/329/329 2817/2877/2817
f 3678/3847/3678 2374/2417/2374 2373/2416/2373
f 1659/1680/1660 1658/1679/1659 3073/3150/3071
f 3073/3150/3071 1658/1679/1659 4449/4806/4449
f 1133/1141/1134 1042/1046/1042 3546/3692/3546
f 4973/6106/4973 3781/3968/3782 3782/3967/3781
f 3977/5149/3975 3781/3968/3782 4973/6106/4973
f 1893/1918/1893 2997/3073/2998 1163/1170/1163
f 4138/4401/4138 4137/4400/4137 3724/3899/3724
f 4457/4817/4457 4006/4816/4007 4008/5571/4006
f 883/882/881 885/885/884 977/980/977
f 3791/3977/3791 4526/4915/4526 2233/2267/2231
f 782/783/783 4526/4915/4526 3791/3977/3791
f 4815/5437/4815 683/681/681 809/808/808
f 2192/2223/2190 4882/5642/4881 2190/2224/2191
f 3115/3197/3115 4460/4821/4460 2378/2419/2376
f 1113/1121/1114 1112/1120/1113 509/507/507
f 2892/4299/2892 4057/4298/4057 2893/3803/2893
f 3854/4047/3854 4299/4607/4299 4180/4448/4180
f 1627/1647/1628 1626/1646/1627 3518/3662/3518
f 3499/3639/3497 3621/3783/3620 3675/3844/3675
f 2488/2536/2489 3097/3177/3097 4299/4607/4299
f 2611/2662/2612 2610/2661/2611 2530/2578/2530
f 802/803/803 803/802/802 4309/6107/4309
f 1759/1783/1760 1765/1789/1766 4129/4387/4127
f 4712/5238/4711 4305/4614/4305 1472/1488/1473
f 4866/6054/4866 3831/4023/3832 1083/1091/1084
f 3256/3359/3255 3255/3360/3256 390/391/391
f 4104/4360/4104 4915/5731/4915 3484/6108/3482
f 3506/3651/3507 2558/4962/2556 2557/4526/2558
f 3866/6058/3866 1497/1511/1495 2003/5339/2004
f 378/379/379 2691/6030/2689 379/380/380
f 3019/6109/3019 503/5867/504 4954/5866/4954
f 2978/3052/2978 1070/1077/1070 3280/3384/3280
f 3354/3464/3353 3353/3465/3354 4189/4460/4190
f 4582/4995/4582 1643/1660/1641 3362/3473/3362
f 3648/3815/3648 4045/4846/4045 763/764/764
f 4483/5002/4483 4485/5003/4484 4938/6110/4938
f 4483/5002/4483 4938/6110/4938 4994/6111/4994
f 1042/1046/1042 300/301/301 3677/3846/3677
f 1167/1172/1165 4349/4663/4347 1165/1173/1166
f 1165/1173/1166 4349/4663/4347 4348/4665/4349
f 1245/1254/1243 3307/3411/3307 1243/1255/1244
f 330/328/328 3400/3516/3398 3399/3518/3400
f 2695/6112/2696 4955/5868/4955 2522/2570/2523
f 1202/1208/1201 2153/2184/2152 435/433/433
f 197/198/198 196/197/197 1386/1400/1386
f 4916/6043/4916 4761/5332/4761 4839/6113/4839
f 4452/4811/4452 3491/3633/3491 4074/4321/4075
f 4064/4307/4064 4936/6114/4936 3987/4213/3987
f 1962/1989/1962 59/60/60 58/59/59
f 3679/3848/3679 4459/4820/4459 4105/4361/4105
f 2968/3040/2968 3066/3143/3064 2964/3035/2963
f 467/468/468 466/467/467 2305/2345/2305
f 2848/2906/2846 3793/3979/3793 2746/2804/2746
f 2618/2669/2619 4844/5528/4844 3769/3955/3770
f 235/236/236 3214/4394/3213 236/237/237
f 235/236/236 4132/4392/4131 3214/4394/3213
f 2108/2140/2108 4428/4783/4429 917/917/916
f 2415/2458/2413 1039/1044/1040 1041/1043/1039
f 2243/2281/2243 3281/3386/3282 2218/2252/2218
f 3446/3569/3444 3834/4025/3834 1589/1608/1590
f 4843/5525/4843 4592/5013/4592 2172/2205/2172
f 1915/1941/1914 2861/2920/2860 2860/2921/2861
f 1543/1559/1541 1542/1561/1543 3577/3729/3577
f 178/176/176 4679/5173/4679 176/177/177
f 590/591/591 2782/2842/2783 591/592/592
f 108/5044/106 107/6115/108 2423/2469/2424
f 675/676/676 4259/4548/4259 2155/2188/2156
f 491/492/492 615/613/613 1999/2027/1999
f 2595/2646/2596 3489/3631/3489 4889/6116/4889
f 3544/3690/3544 1569/1585/1567 4802/5415/4802
f 2595/2646/2596 4889/6116/4889 2596/2647/2597
f 4182/4450/4182 947/946/945 4628/5075/4628
f 577/575/575 4482/4854/4482 575/576/576
f 1230/1240/1231 1229/1239/1230 2600/2650/2600
f 4359/4678/4358 3453/6117/3453 3451/3577/3451
f 1249/1261/1250 2941/3013/2942 1250/1262/1251
f 227/228/228 1851/1877/1852 2196/2230/2197
f 4732/5281/4732 4691/5189/4691 1335/1350/1336
f 4935/6118/4935 4934/5801/4934 3647/3814/3647
f 352/353/353 351/352/352 930/932/931
f 2811/2871/2812 2513/2560/2513 2512/2559/2512
f 3955/4173/3955 2257/2295/2257 362/360/360
f 3955/4173/3955 1109/1115/1108 2257/2295/2257
f 5/6/6 2079/2111/2080 343/344/344
f 863/864/864 862/863/863 4811/5430/4811
f 219/217/217 2116/2148/2116 3325/3430/3325
f 1434/1450/1435 2307/2348/2308 3417/3539/3417
f 1748/1769/1746 4025/4258/4024 1752/1776/1753
f 4733/5282/4733 3743/3924/3743 3829/4018/3829
f 3977/5149/3975 340/341/341 3781/3968/3782
f 3977/5149/3975 341/342/342 340/341/341
f 927/5527/928 926/5160/927 4095/4346/4095
f 2400/2444/2401 2399/2443/2400 4159/4424/4159
f 623/624/624 802/803/803 624/625/625
f 4821/5750/4821 4461/4823/4462 3759/5751/3760
f 4461/4823/4462 126/124/124 4995/6119/4995
f 4461/4823/4462 4995/6119/4995 3759/5751/3760
f 4634/5083/4634 4920/5744/4920 4466/4829/4466
f 3657/4443/3657 3232/3329/3230 3655/6120/3656
f 783/781/781 3003/3080/3003 3569/3718/3569
f 2204/2237/2204 1274/1285/1274 3419/3540/3418
f 119/120/120 3572/3722/3572 2111/2144/2112
f 3810/5695/3810 3788/3975/3789 3790/3974/3788
f 824/825/825 4046/4286/4046 4409/6121/4410
f 2223/2258/2224 560/558/558 559/560/560
f 3751/3936/3751 3753/3938/3753 4702/5212/4702
f 1887/1913/1888 1800/1823/1800 1625/1644/1625
f 2773/2831/2772 1610/1626/1608 3949/4166/3949
f 2349/2390/2349 918/919/918 3958/4176/3958
f 996/1001/997 995/1000/996 2318/2358/2318
f 2894/2956/2894 1228/1235/1226 1227/1237/1228
f 4021/4254/4021 314/315/315 4916/6043/4916
f 4021/4254/4021 4916/6043/4916 124/125/125
f 4619/5063/4619 361/362/362 4813/5435/4813
f 1420/1434/1419 4970/5955/4970 256/255/255
f 593/594/594 668/668/668 4818/5448/4818
f 2456/2504/2457 1856/1881/1856 252/253/253
f 750/751/751 4969/5935/4969 407/405/405
f 4474/4840/4474 526/524/524 525/526/526
f 4614/5055/4614 4996/6122/4996 2839/5054/2839
f 4268/4609/4266 4267/6123/4268 2104/2134/2102
f 1193/1201/1194 4602/5025/4602 3678/3847/3678
f 4787/5384/4787 2107/2137/2105 1054/1062/1055
f 4325/4639/4326 3486/3627/3486 4905/5702/4905
f 3686/3857/3687 2679/2732/2679 4923/5755/4923
f 4848/5543/4848 582/583/583 4713/5240/4713
f 1080/1085/1078 1779/1803/1780 1078/1086/1079
f 2801/2861/2802 2803/2860/2801 3516/3659/3515
f 614/615/615 613/614/614 4770/5356/4770
f 1848/1873/1848 3657/4443/3657 4211/6124/4211
f 4601/5024/4601 3963/4182/3963 649/649/649
f 3419/3540/3418 4667/5144/4667 3418/3541/3419
f 599/600/600 1333/1345/1331 4338/4651/4338
f 1989/5220/1987 1112/1120/1113 3187/5884/3187
f 1566/1582/1564 2790/2849/2790 1564/1583/1565
f 4529/4919/4529 3053/3130/3052 2430/6125/2428
f 2304/2344/2304 4234/4517/4234 4978/5977/4978
f 3305/3408/3304 2280/2320/2280 666/667/667
f 4428/4783/4429 480/478/478 479/480/480
f 2047/2079/2048 2506/2554/2507 2048/2080/2049
f 1745/1766/1743 4486/4858/4486 1743/1767/1744
f 2136/2168/2136 2135/2167/2135 689/687/687
f 39/37/37 4458/4818/4458 269/269/269
f 1413/1427/1412 1412/1428/1413 2954/3025/2954
f 608/6126/609 3286/3389/3285 2258/2297/2258
f 609/2296/608 608/6126/609 2258/2297/2258
f 1116/1123/1116 174/175/175 3768/3953/3768
f 4414/4768/4415 3437/3561/3438 4035/6127/4034
f 3012/3089/3012 2809/2869/2810 2326/2364/2324
f 4872/5604/4872 3812/3999/3812 2228/2265/2229
f 348/6128/349 4166/4433/4166 349/3060/350
f 2094/2127/2095 4211/4487/4211 3065/3145/3066
f 231/6129/229 3245/3349/3246 229/5465/230
f 3252/3354/3251 3921/4132/3921 4831/5492/4831
f 2895/2957/2895 3982/4207/3982 701/699/699
f 698/698/698 336/334/334 335/336/336
f 1618/1638/1619 1559/1578/1560 4902/5693/4902
f 4652/5111/4652 4901/5690/4901 4744/5298/4744
f 273/274/274 4432/4786/4432 4528/4917/4527
f 1116/1123/1116 3541/3687/3541 815/816/816
f 2514/2561/2514 1817/1840/1817 4826/5483/4826
f 3181/3270/3180 4209/4485/4209 3107/3189/3107
f 851/852/852 4871/5603/4871 4121/4381/4121
f 2006/2035/2007 4940/5821/4940 1794/1816/1793
f 1859/1883/1858 3964/4184/3965 4816/5439/4816
f 3728/3907/3729 604/602/602 2913/2980/2913
f 2118/2151/2119 873/875/874 4427/4780/4426
f 1813/1837/1814 79/80/80 4716/5246/4715
f 1928/1954/1927 2136/2168/2136 689/687/687
f 3731/3910/3732 4918/5737/4918 4809/5427/4809
f 4601/6130/4601 2555/2603/2555 3963/5818/3963
f 2823/2884/2824 4284/4587/4284 4627/5074/4627
f 4887/6131/4887 3883/4082/3883 4886/6132/4886
f 2847/2908/2848 4887/6131/4887 4989/6026/4989
f 2596/3512/2597 4889/5662/4889 3377/3488/3377
f 2088/2117/2086 4822/5472/4822 2086/2118/2087
f 4094/5390/4094 2511/2558/2511 4272/4570/4272
f 22/23/23 1008/1010/1006 1617/4561/1617
f 4026/4261/4026 1538/1557/1539 4117/4377/4117
f 3196/3287/3196 2203/2234/2201 1312/1323/1310
f 286/284/284 4593/5014/4593 3172/3260/3172
f 1050/1057/1050 691/692/692 1906/1932/1906
f 874/873/873 1149/1155/1148 1707/1730/1707
f 3133/5727/3133 704/702/702 703/704/704
f 3686/3857/3687 3502/3645/3502 4476/4842/4476
f 3973/4196/3973 800/801/801 3747/3930/3747
f 3254/3358/3254 1309/1320/1307 4908/5713/4908
f 4380/4716/4380 741/742/742 740/741/741
f 2493/2540/2493 629/630/630 2718/2775/2719
f 2766/2825/2766 2555/2603/2555 4601/6130/4601
f 1479/1493/1478 4472/4837/4472 2897/4111/2898
f 805/806/806 1204/6133/1203 3454/3582/3454
f 3618/3782/3619 3438/3559/3436 2765/2824/2765
f 3489/3631/3489 4771/5359/4772 4870/5600/4870
f 3765/3950/3765 1164/1171/1164 4850/5552/4850
f 535/536/536 447/445/445 948/949/948
f 3163/3251/3163 19/20/20 21/19/19
f 424/425/425 4894/5864/4894 425/426/426
f 425/426/426 4894/5864/4894 4766/5688/4766
f 4966/5922/4966 2330/6093/2330 3099/3179/3099
f 2849/2909/2849 4519/4905/4519 3099/3179/3099
f 4519/4905/4519 4966/5922/4966 3099/3179/3099
f 1636/1656/1637 3898/5005/3898 2427/3775/2426
f 3308/3412/3308 4630/5078/4630 2481/2529/2482
f 899/898/897 898/900/899 1890/1916/1891
f 3375/3487/3376 4793/6134/4793 108/5044/106
f 453/451/451 3881/4079/3881 815/816/816
f 807/807/807 3319/3421/3317 343/344/344
f 4997/6135/4997 4581/4993/4580 4963/5969/4963
f 4997/6136/4997 4963/5910/4963 3611/3772/3611
f 1360/1375/1361 2249/2288/2250 3723/3897/3722
f 3234/4921/3235 313/314/314 315/313/313
f 2375/2418/2375 187/185/185 572/573/573
f 4581/6137/4580 4997/6136/4997 3611/3772/3611
f 2727/2785/2727 367/2784/368 4544/4943/4545
f 4060/4303/4060 4588/5007/4588 1642/1662/1643
f 2484/2532/2485 4981/5996/4981 4880/5640/4880
f 64/65/65 66/64/64 553/554/554
f 511/511/511 2098/2131/2099 332/333/333
f 830/831/831 1132/1137/1130 4136/4396/4134
f 4123/4384/4124 4246/4531/4246 4124/4382/4122
f 4004/4234/4002 1311/1325/1312 4002/4235/4003
f 93/91/91 1488/1503/1488 4668/5150/4668
f 4162/4428/4162 3880/4078/3880 3367/3476/3365
f 3131/3214/3131 517/515/515 2884/2945/2883
f 428/429/429 2988/3063/2988 430/431/431
f 4432/4786/4432 274/273/273 2758/2815/2756
f 2188/2219/2186 1046/1050/1044 4023/5839/4023
f 4944/5831/4944 3312/3417/3313 3313/3416/3312
f 359/357/357 2525/2572/2525 98/99/99
f 2773/2831/2772 1552/1568/1550 2700/2754/2699
f 2398/2441/2398 3744/3926/3744 506/506/506
f 1898/1922/1897 1897/1924/1898 3904/4113/3905
f 4872/5604/4872 2228/2265/2229 4266/4563/4267
f 2282/2322/2282 4751/5316/4752 857/858/858
f 3274/5451/3274 3273/6138/3273 411/412/412
f 3273/6138/3273 1299/6038/1300 411/412/412
f 338/339/339 1389/1403/1389 339/337/337
f 4412/4764/4412 3608/3768/3609 3610/3767/3608
f 2267/2308/2268 4538/4936/4538 330/328/328
f 417/418/418 1419/1435/1420 3166/3253/3165
f 3807/3994/3808 4411/4762/4411 3383/3495/3383
f 3382/3494/3382 3807/3994/3808 3383/3495/3383
f 4264/4555/4264 2707/2762/2707 2706/2761/2706
f 4948/5840/4948 4493/4865/4493 1015/1020/1016
f 1605/4191/1604 3970/4190/3969 3633/4732/3633
f 376/377/377 3285/6012/3286 3286/5949/3285
f 3568/3715/3567 655/653/653 654/655/655
f 1793/1817/1794 4773/5360/4773 1997/2023/1995
f 2764/2823/2764 1515/1533/1516 3399/3518/3400
f 2821/2881/2821 3420/3542/3420 3765/3950/3765
f 3402/5652/3402 1726/1750/1727 3603/5634/3604
f 465/463/463 4476/4842/4476 3502/3645/3502
f 3512/3654/3510 3511/3656/3512 4369/4694/4369
f 824/825/825 4409/6121/4410 825/826/826
f 4067/4310/4066 2871/2931/2871 850/851/851
f 855/853/853 3897/4102/3897 853/854/854
f 3409/3530/3409 1144/1149/1142 3535/3680/3535
f 3080/3160/3080 182/183/183 157/155/155
f 3375/6139/3376 4610/5397/4610 4793/5399/4793
f 4210/4486/4210 384/385/385 3388/3501/3388
f 3752/5902/3752 4374/4709/4374 4348/4665/4349
f 2742/4463/2743 260/261/261 4562/5917/4563
f 3966/4183/3964 3965/4185/3966 1830/1854/1831
f 1796/1819/1796 2879/6140/2880 2949/3020/2949
f 4224/4503/4224 3639/3806/3640 3373/3484/3373
f 4875/5624/4875 4510/4891/4510 4403/6014/4404
f 1736/6141/1736 4875/5624/4875 4403/6014/4404
f 788/789/789 1651/1670/1651 4587/5006/4587
f 1679/1698/1677 4233/6142/4233 3121/4010/3122
f 90/88/88 1112/1120/1113 4218/4496/4218
f 1112/1120/1113 4921/5746/4921 4218/4496/4218
f 2873/2933/2873 4204/4480/4204 2193/2227/2194
f 619/619/619 4311/4622/4312 3147/3231/3146
f 3174/3262/3174 2593/2643/2593 3124/3205/3123
f 3144/3229/3145 345/343/343 2865/2926/2866
f 2952/3023/2952 4906/5707/4906 165/166/166
f 818/819/819 1854/1880/1855 824/825/825
f 2532/2581/2533 2012/2041/2013 2011/2040/2012
f 4237/4521/4237 3434/3556/3434 3504/3648/3504
f 2283/2323/2283 58/59/59 4513/4896/4513
f 1338/1352/1338 1058/1066/1059 2493/2540/2493
f 1481/1496/1481 2452/2499/2452 1483/1497/1482
f 3519/3663/3519 366/4356/367 3520/3664/3520
f 2281/5237/2281 856/6143/857 3088/3168/3088
f 1250/1262/1251 2943/3012/2941 2184/2215/2182
f 2450/2498/2451 1865/1891/1866 2117/2149/2117
f 3316/3420/3316 1695/1717/1694 2940/3010/2939
f 1920/1947/1920 2470/2516/2469 1921/1948/1921
f 1695/1717/1694 3316/3420/3316 4140/4403/4140
f 4958/5883/4958 1486/1499/1484 2934/3003/2935
f 2420/2466/2421 2422/2465/2420 909/910/909
f 2270/2309/2269 3051/6144/3050 4614/5055/4614
f 3928/4141/3928 1136/1144/1137 1873/1896/1871
f 1873/1896/1871 2291/2332/2292 3928/4141/3928
f 2579/2629/2580 1069/1074/1067 3432/3553/3431
f 533/534/534 15/13/13 14/15/15
f 4806/5420/4805 4805/5421/4806 3480/3617/3479
f 1448/1464/1449 4055/4946/4054 1449/1465/1450
f 3997/5854/3998 3110/3190/3108 4022/4255/4022
f 3140/3224/3140 1982/2010/1983 4253/4542/4253
f 2745/2803/2745 1944/1971/1944 4125/4385/4125
f 54/52/52 4782/5375/4782 52/53/53
f 4597/5020/4598 4596/5019/4597 4808/5425/4808
f 2004/2033/2005 2907/2974/2908 1534/1552/1534
f 4790/5392/4789 2534/6145/2534 3537/3682/3537
f 632/632/632 2534/2582/2534 4790/6146/4789
f 2266/2307/2267 3981/4206/3981 292/290/290
f 576/577/577 3102/3183/3103 3819/4007/3820
f 3307/3411/3307 4170/4437/4170 2533/2580/2532
f 553/554/554 1958/1985/1958 1633/1650/1631
f 1719/1743/1720 1654/1675/1655 1952/1980/1953
f 1675/6147/1676 4552/6148/4552 4233/6149/4233
f 1437/2989/1438 2922/2990/2922 4422/4775/4422
f 4240/4522/4238 4829/5485/4828 4238/4523/4239
f 2850/2910/2850 4297/4603/4297 4501/5696/4500
f 4552/4954/4552 3483/3625/3484 4076/6150/4076
f 1159/1164/1157 1158/1166/1159 1148/1156/1149
f 2824/2882/2822 2823/2884/2824 834/835/835
f 1478/1494/1479 1148/1156/1149 873/875/874
f 3902/4109/3902 2239/2278/2240 2238/2277/2239
f 154/152/152 3893/4097/3893 3555/3702/3555
f 2970/3043/2971 1267/5187/1268 2730/3044/2731
f 1705/6085/1705 1704/4686/1704 4647/5104/4647
f 871/872/872 2114/2145/2113 872/870/870
f 1937/1965/1938 1570/1589/1571 1572/1588/1570
f 1501/1517/1501 1060/1068/1061 1059/1064/1057
f 3122/4324/3121 1931/4220/1929 3993/4219/3993
f 4009/4242/4010 4010/4241/4009 4776/5366/4776
f 991/994/991 4139/4402/4139 3346/3453/3346
f 3346/3453/3346 222/220/220 991/994/991
f 3961/4177/3959 3960/4179/3961 2798/2858/2799
f 4573/4983/4573 2407/2452/2407 1295/1309/1296
f 3056/3136/3057 3967/4187/3967 2554/2602/2554
f 3085/3165/3085 2603/2651/2601 2602/2653/2603
f 4436/4790/4436 1210/1220/1211 1032/1034/1030
f 864/862/862 250/251/251 4316/4626/4316
f 1083/1091/1084 4397/4740/4397 3995/4739/3996
f 1122/1127/1120 2707/2762/2707 1069/1074/1067
f 3072/3152/3073 2365/2409/2366 2364/2408/2365
f 1635/4105/1636 3160/4103/3160 2437/2484/2437
f 1544/1563/1545 3081/3161/3081 1766/1788/1765
f 4701/5209/4701 4684/5179/4684 3043/3120/3043
f 2862/2923/2863 1942/1970/1943 2863/2924/2864
f 3108/6151/3109 1316/1330/1316 4783/5376/4783
f 2457/2502/2455 2456/2504/2457 2612/2660/2610
f 4690/5186/4690 4113/4373/4113 1770/1794/1771
f 515/516/516 3505/5499/3506 4833/5498/4833
f 4833/6152/4833 3505/3650/3506 3507/3649/3505
f 464/465/465 680/678/678 4220/4498/4220
f 3427/3550/3428 4129/4387/4127 1765/1789/1766
f 2154/2186/2154 381/382/382 2346/2387/2346
f 2244/2282/2244 2243/2281/2243 2127/2160/2128
f 2739/2795/2737 3535/3680/3535 2737/2796/2738
f 2717/2773/2717 3355/3466/3355 2622/2673/2623
f 2767/2826/2767 1234/1241/1232 239/240/240
f 1186/1193/1186 2767/2826/2767 239/240/240
f 2240/2276/2238 4660/5781/4660 2238/2277/2239
f 3186/5218/3186 1113/1121/1114 4943/6068/4942
f 878/880/879 3390/3503/3390 2891/2952/2890
f 3983/4208/3983 4097/4350/4098 646/647/647
f 1048/1055/1049 1047/1054/1048 4460/4821/4460
f 301/299/299 4379/4715/4379 299/300/300
f 3326/3431/3326 2807/2867/2808 997/999/995
f 4513/4896/4513 2132/2165/2133 4303/4611/4302
f 4485/5003/4484 649/649/649 4869/6153/4869
f 4463/4827/4464 388/389/389 2302/2343/2303
f 2413/2459/2414 2009/2037/2009 2263/2302/2263
f 4621/5064/4620 3837/4026/3835 1015/1020/1016
f 2070/2100/2069 1353/1368/1354 1170/1175/1168
f 3218/5113/3219 1050/1057/1050 3219/4577/3218
f 4975/5966/4975 2095/2125/2094 3284/3388/3284
f 4506/4885/4506 4438/4791/4437 4145/4411/4146
f 2858/2916/2856 4514/4899/4514 2856/2917/2857
f 4983/6001/4983 3012/3089/3012 848/849/849
f 4937/5810/4937 2862/2923/2863 3871/4069/3872
f 2267/2308/2268 2266/2307/2267 2963/3036/2964
f 2271/2312/2272 982/986/983 1876/1902/1877
f 3777/5045/3777 4903/5698/4903 759/757/757
f 948/949/948 4903/6154/4903 3777/3963/3777
f 1557/1574/1556 1281/1293/1281 2474/2521/2474
f 4339/4652/4339 1855/1878/1853 820/818/818
f 2908/2975/2909 4491/4863/4491 3500/3644/3501
f 1797/3716/1798 1799/3236/1797 3567/3717/3568
f 3910/4121/3908 1630/1649/1630 3908/6155/3909
f 3903/5795/3903 3908/6155/3909 1630/1649/1630
f 2649/2699/2649 4642/5096/4642 1516/1531/1514
f 1478/1494/1479 401/399/399 1479/1493/1478
f 3333/3438/3333 3696/3867/3696 4836/5506/4836
f 717/718/718 2714/2769/2714 718/716/716
f 1343/1355/1341 3254/3358/3254 4028/4264/4028
f 2205/2239/2206 2122/2155/2123 4346/4662/4346
f 4862/5769/4862 4295/5816/4295 1456/1472/1457
f 2798/2858/2799 3960/4179/3961 2210/2242/2209
f 1852/1875/1850 2236/2270/2234 3184/3274/3184
f 4680/5174/4680 4502/4880/4502 1957/1984/1957
f 3707/3880/3708 2525/2572/2525 359/357/357
f 1472/1488/1473 4305/4614/4305 3847/4040/3847
f 2853/2914/2854 4471/6156/4471 4470/5628/4470
f 3373/3484/3373 4804/5419/4804 3721/3894/3719
f 3373/3484/3373 4784/5741/4784 4804/5419/4804
f 3054/3134/3055 641/642/642 643/641/641
f 2688/2742/2688 4737/5285/4736 1583/1600/1582
f 4002/4235/4003 1311/1325/1312 1310/1324/1311
f 268/266/266 267/268/268 312/312/312
f 1651/1670/1651 1624/1641/1622 4587/5006/4587
f 2981/3055/2981 2603/2651/2601 3085/3165/3085
f 4612/5048/4611 2574/2621/2572 2573/2623/2574
f 295/293/293 853/854/854 3897/4102/3897
f 3588/5580/3588 2426/2472/2427 1151/1158/1151
f 4722/5258/4722 4945/5832/4945 4615/5057/4616
f 4091/4340/4091 4838/5512/4838 4089/4339/4090
f 207/205/205 4838/5510/4838 4091/4345/4091
f 1722/1744/1721 1721/1745/1722 3731/3910/3732
f 4578/5605/4578 2288/2329/2289 4579/6157/4579
f 4205/4482/4206 4339/4652/4339 484/484/484
f 2933/2999/2931 1367/1379/1365 4868/5597/4868
f 1529/1547/1530 4048/4289/4049 4466/4829/4466
f 1759/1783/1760 1761/1782/1759 1766/1788/1765
f 2927/2995/2927 2355/2397/2356 4111/4370/4111
f 4209/4485/4209 429/427/427 428/429/429
f 898/900/899 897/899/898 919/920/919
f 3519/3912/3519 1391/1405/1391 4915/5938/4915
f 1339/1354/1340 2489/2534/2487 4299/4607/4299
f 3854/4047/3854 1339/1354/1340 4299/4607/4299
f 4652/5111/4652 1526/1544/1527 2455/2503/2456
f 3461/3590/3461 182/183/183 1080/1085/1078
f 2147/2179/2147 2520/2567/2520 1/2/2
f 57/55/55 3533/3678/3533 55/56/56
f 4930/5789/4930 1634/1653/1634 524/525/525
f 4837/5507/4837 3646/5509/3645 4974/6158/4974
f 3763/5163/3763 2281/2321/2281 3627/6159/3628
f 2628/2678/2628 693/691/691 563/561/561
f 475/3078/476 3003/3080/3003 476/6160/477
f 351/352/352 2275/2314/2274 4144/4409/4144
f 2692/2747/2693 3801/3987/3801 1895/1921/1896
f 502/503/503 3991/4217/3991 4567/5417/4567
f 2453/2501/2454 1518/1536/1519 1517/1535/1518
f 4976/5971/4976 1924/1952/1925 1926/1951/1924
f 207/205/205 4090/4344/4089 4093/4342/4093
f 4093/5391/4093 4090/4338/4089 2511/2558/2511
f 1151/1158/1151 3898/4104/3898 2437/2484/2437
f 2427/2471/2426 3898/4104/3898 1151/1158/1151
f 3039/3117/3040 2691/2743/2689 3040/3118/3041
f 4424/4779/4425 4097/4350/4098 4575/4985/4575
f 4395/4737/4396 3662/3828/3661 2698/4738/2698
f 3205/3301/3205 1998/2026/1998 4757/5325/4756
f 2616/2667/2617 4526/4915/4526 782/783/783
f 4998/6161/4998 564/565/565 4056/6055/4056
f 4762/5334/4762 564/565/565 4998/6161/4998
f 1694/1718/1695 1695/1717/1694 4140/4403/4140
f 3348/3459/3348 4750/5313/4750 3967/4187/3967
f 3978/4203/3978 1957/1984/1957 4502/4880/4502
f 3012/3089/3012 2325/2366/2326 848/849/849
f 1268/4875/1269 2205/2239/2206 4345/4660/4345
f 4217/4495/4217 2806/2865/2806 2032/2060/2031
f 744/745/745 1349/1362/1348 4506/4885/4506
f 1518/1536/1519 2453/2501/2454 3715/3891/3716
f 3405/3527/3406 931/930/929 4807/5422/4807
f 4030/4266/4030 2067/2099/2068 3504/3648/3504
f 2067/2099/2068 4237/4521/4237 3504/3648/3504
f 4205/4482/4206 476/477/477 2168/2201/2168
f 3658/3825/3658 1126/1131/1124 3068/3147/3068
f 4729/5276/4729 4398/4741/4398 4397/4740/4397
f 3602/5268/3602 439/440/440 4909/6162/4909
f 307/308/308 1116/1123/1116 78/76/76
f 2730/2789/2731 4346/4889/4346 2731/2787/2729
f 2007/2034/2006 4960/5893/4960 62/63/63
f 3109/6163/3110 4783/5376/4783 3751/5377/3751
f 2635/2685/2635 1990/2017/1990 4797/5407/4797
f 4605/5034/4605 3636/3800/3635 1192/1200/1193
f 4690/5186/4690 1770/1794/1771 3097/3177/3097
f 3564/3711/3564 2637/2688/2638 2180/2214/2181
f 2545/2594/2546 4541/6089/4541 3620/5103/3621
f 440/441/441 439/440/440 4517/5537/4516
f 2381/2422/2379 1079/1087/1080 1078/1086/1079
f 668/668/668 565/3456/566 4330/4643/4330
f 4322/4632/4320 4407/6164/4407 4006/4816/4007
f 3588/5580/3588 213/211/211 3586/5637/3585
f 4791/5395/4791 4974/6158/4974 3645/6165/3646
f 3565/3713/3566 3641/3805/3639 2451/2496/2449
f 4231/5759/4231 4156/4421/4156 875/877/876
f 4328/4641/4328 3049/3127/3049 678/679/679
f 3032/3109/3032 1062/1070/1063 2977/3051/2977
f 3564/3711/3564 4077/4325/4077 2638/2686/2636
f 3891/4096/3892 576/577/577 3819/4007/3820
f 4841/5516/4841 2676/2728/2675 4116/4376/4116
f 3575/3725/3575 1637/3727/1635 4837/5507/4837
f 3476/3612/3476 2138/2170/2138 4170/4437/4170
f 3306/3410/3306 3476/3612/3476 4170/4437/4170
f 31/32/32 4256/4545/4256 32/33/33
f 142/143/143 1535/1553/1535 143/144/144
f 4714/5859/4714 65/66/66 4287/4590/4287
f 2214/2247/2213 321/319/319 2060/2091/2060
f 1253/1264/1253 3946/4162/3946 2617/2665/2615
f 3001/3077/3001 2113/2146/2114 2834/2895/2835
f 3432/3553/3431 1069/1074/1067 3408/3529/3408
f 4280/4583/4280 760/761/761 761/760/760
f 3487/3628/3487 916/918/917 978/981/978
f 2272/2311/2271 1876/1902/1877 3466/3598/3466
f 3412/3534/3412 1034/1039/1035 2285/6166/2284
f 805/806/806 3454/3582/3454 806/804/804
f 4984/6004/4984 1326/1341/1327 4574/4984/4574
f 4390/4730/4390 4984/6004/4984 4574/4984/4574
f 1580/1599/1581 985/989/986 1581/1597/1579
f 49/50/50 4505/4884/4505 2563/2612/2563
f 1923/1950/1923 4411/4762/4411 3807/3994/3808
f 3869/6167/3870 1323/1338/1324 4151/5152/4151
f 3870/5945/3869 1323/1338/1324 3869/6167/3870
f 2890/2953/2891 3782/3967/3781 1528/1546/1529
f 1091/2246/1089 1482/1498/1483 1483/1497/1482
f 4561/5445/4561 1013/1017/1013 4551/4952/4551
f 2771/2830/2771 4569/4979/4569 4355/4675/4355
f 659/659/659 3790/3974/3788 4716/5246/4715
f 4483/4855/4483 4994/6168/4994 656/657/657
f 106/107/107 1636/1656/1637 3614/3776/3614
f 2273/2313/2273 1669/1691/1670 879/881/880
f 1084/1089/1082 1083/1091/1084 3831/4023/3832
f 1738/1762/1739 1892/1915/1890 1739/1760/1737
f 3821/4008/3821 3989/4215/3989 3328/3434/3329
f 3982/4207/3982 4431/4785/4431 1597/1613/1595
f 1474/1487/1472 1473/1489/1474 4490/4862/4490
f 170/171/171 172/170/170 4532/4929/4533
f 4965/6169/4965 1172/1178/1171 4823/6170/4823
f 4965/6169/4965 4934/5802/4934 1172/1178/1171
f 1069/1074/1067 1068/1076/1069 3408/3529/3408
f 2976/3049/2975 2297/2338/2298 2440/2485/2438
f 2417/2462/2417 4857/5569/4857 175/173/173
f 3168/3255/3167 1750/1774/1751 1749/1773/1750
f 1567/1586/1568 1569/1585/1567 3012/3089/3012
f 4175/4441/4174 3232/3329/3230 3657/4443/3657
f 2158/2189/2157 2065/2097/2066 2726/2780/2724
f 3290/3393/3289 1690/1713/1690 3289/3394/3290
f 4962/5909/4962 241/242/242 316/317/317
f 3978/4203/3978 2901/2964/2902 3351/3462/3351
f 428/429/429 427/428/428 2988/3063/2988
f 4746/5303/4746 935/936/935 4390/4730/4390
f 1120/1128/1121 1653/1671/1652 1121/1129/1122
f 4596/5019/4597 4204/4480/4204 4808/5425/4808
f 2599/2649/2599 2369/4336/2367 2328/5888/2328
f 3703/6036/3702 3702/6069/3703 2107/2137/2105
f 804/805/805 7/6063/8 4497/4874/4497
f 1855/1878/1853 4339/4652/4339 1853/1879/1854
f 2949/3020/2949 509/507/507 2950/3021/2950
f 1203/1212/1204 4497/6171/4497 7/8/8
f 269/3747/269 957/961/958 3882/4080/3882
f 3578/3730/3578 1013/1017/1013 1208/1216/1208
f 959/5444/957 4763/6172/4763 1776/6173/1775
f 3531/3677/3532 2945/3016/2945 1081/1088/1081
f 3607/4278/3607 2762/2822/2763 4039/4276/4039
f 2901/2964/2902 4956/5873/4956 4244/4529/4244
f 4956/5873/4956 569/567/567 4244/4529/4244
f 3833/4024/3833 3623/3786/3623 3786/6049/3787
f 1909/1936/1910 417/418/418 419/417/417
f 2411/2454/2409 3105/3185/3105 3104/3184/3104
f 2361/2404/2361 3466/3598/3466 4386/4724/4386
f 1479/1493/1478 3529/3673/3528 4472/4837/4472
f 1209/1219/1210 1032/1034/1030 1210/1220/1211
f 1971/1997/1970 1291/1302/1289 1290/1304/1291
f 1993/2021/1993 1021/6174/1020 1020/2723/1021
f 1993/6064/1993 276/277/277 1021/1024/1020
f 2667/2719/2667 3326/3431/3326 3592/3748/3592
f 2858/2916/2856 2857/2918/2858 1101/1106/1099
f 1843/1866/1841 1847/1871/1846 1841/1867/1842
f 1414/1429/1414 959/5444/957 4279/4582/4279
f 1873/1896/1871 1872/1898/1873 2291/2332/2292
f 2530/2578/2530 2610/2661/2611 4837/5507/4837
f 1893/1918/1893 1097/1104/1097 1094/1102/1095
f 3644/3810/3644 2611/2662/2612 3157/3244/3157
f 1732/1756/1733 1731/1755/1732 4836/5506/4836
f 3316/3420/3316 3315/3419/3315 4140/4403/4140
f 3191/3283/3192 2876/4085/2876 2633/2683/2633
f 559/560/560 4201/4474/4200 3935/4150/3936
f 4053/4294/4053 488/486/486 487/488/488
f 4123/4384/4124 4767/5345/4767 4246/4531/4246
f 172/170/170 955/959/956 4533/4928/4532
f 3348/3459/3348 4675/5166/4675 4750/5313/4750
f 2268/2306/2266 2267/2308/2268 329/330/330
f 4762/5433/4762 4998/6175/4998 1103/1111/1104
f 2839/5054/2839 1548/1565/1547 152/153/153
f 2960/3033/2961 233/234/234 232/233/233
f 1428/1441/1426 833/833/833 1426/1442/1427
f 2488/2536/2489 4734/5283/4734 4690/5186/4690
f 206/5511/207 4441/4797/4441 4089/4339/4090
f 4827/5484/4827 1221/1231/1222 529/527/527
f 1684/1705/1682 3226/3321/3224 4537/4935/4537
f 1083/1091/1084 1585/1603/1585 4397/4740/4397
f 877/876/875 876/878/877 1912/1939/1912
f 466/467/467 451/452/452 817/815/815
f 2871/2931/2871 1048/1055/1049 3115/3197/3115
f 2298/2337/2297 2975/3050/2976 4892/5669/4892
f 2343/2384/2343 1032/1034/1030 1969/1994/1967
f 3059/6079/3058 3058/5886/3059 4641/5095/4641
f 2696/2749/2695 4992/6176/4992 4955/6177/4955
f 1738/1762/1739 899/898/897 1892/1915/1890
f 447/445/445 446/447/447 948/949/948
f 21/19/19 4638/5090/4638 4831/5492/4831
f 2708/2764/2709 21/19/19 4831/5492/4831
f 4904/5700/4904 4584/4998/4585 4722/5258/4722
f 2297/2338/2298 3427/3550/3428 4050/4290/4050
f 2570/2619/2570 2382/2425/2382 1609/1628/1610
f 4811/5430/4811 1108/1116/1109 1109/1115/1108
f 1664/1683/1663 1663/1684/1664 4828/5486/4829
f 697/697/697 3842/4033/3842 4302/4612/4303
f 1155/1163/1156 4595/5016/4595 4991/6178/4991
f 2517/2564/2517 3952/4167/3950 4772/6179/4771
f 4706/5302/4706 869/6180/868 868/6074/869
f 3671/3840/3671 3669/3836/3668 3668/3838/3669
f 3096/3176/3096 459/457/457 4435/4789/4435
f 251/249/249 4508/4887/4508 2478/2524/2477
f 1434/1450/1435 3417/3539/3417 1395/1410/1396
f 554/553/553 553/554/554 1633/1650/1631
f 4741/5294/4741 4615/5057/4616 1837/1859/1836
f 4107/4365/4107 4128/4389/4129 2029/2057/2029
f 773/773/773 2465/2511/2464 2521/5348/2521
f 1433/1449/1434 2994/3068/2993 1434/1450/1435
f 1312/1323/1310 2203/2234/2201 1310/1324/1311
f 3062/3142/3063 1920/1947/1920 2602/2653/2603
f 2146/2178/2146 1341/1356/1342 4007/5572/4008
f 3475/5519/3475 3474/4707/3474 4774/5361/4774
f 2406/2450/2405 261/262/262 4193/4464/4193
f 1938/3300/1936 3061/4868/3061 3204/3296/3203
f 1938/1963/1936 1937/1965/1938 3061/3140/3061
f 1264/1276/1265 404/402/402 3547/3693/3547
f 201/199/199 2477/2525/2478 4042/4282/4042
f 4014/4247/4014 2217/2249/2215 2224/2256/2222
f 328/329/329 1669/1691/1670 2273/2313/2273
f 498/496/496 3216/3314/3217 4001/4233/4001
f 3313/3416/3312 4932/5793/4932 4944/5831/4944
f 4430/4784/4430 607/605/605 3159/3247/3159
f 1992/2019/1992 3271/5490/3271 2145/2177/2145
f 4128/4389/4129 1256/1268/1257 1258/1267/1256
f 2877/2939/2877 4919/5740/4919 1727/1751/1728
f 306/307/307 1116/1123/1116 307/308/308
f 2321/2361/2321 2998/3074/2999 3757/3940/3755
f 1604/1623/1605 321/319/319 320/321/321
f 4633/5521/4633 975/6095/973 972/973/970
f 4633/5082/4633 973/977/974 975/976/973
f 950/954/951 949/953/950 278/279/279
f 1477/1490/1475 2826/2886/2826 3258/3362/3258
f 4689/5850/4689 2385/5772/2384 4467/4831/4467
f 182/183/183 268/266/266 183/184/184
f 3481/3620/3481 3158/3246/3158 4448/4804/4447
f 1182/1187/1180 1618/1638/1619 1188/1196/1189
f 2914/2982/2915 4329/4642/4329 2253/2291/2253
f 1004/1009/1005 1744/1768/1745 2635/2685/2635
f 3508/3653/3509 3678/3847/3678 2373/2416/2373
f 1390/1404/1390 3248/3351/3248 1929/1957/1930
f 2938/3009/2938 4218/5878/4218 4921/6181/4921
f 3553/6182/3553 4572/5774/4572 2581/2630/2581
f 2773/2831/2772 3949/4166/3949 1552/1568/1550
f 3637/3802/3637 4930/5789/4930 524/525/525
f 2958/3029/2958 2103/2136/2104 3660/3827/3660
f 199/200/200 4302/4612/4303 200/201/201
f 276/277/277 1799/3236/1797 1020/1025/1021
f 1693/1714/1691 1692/1716/1693 2641/2691/2641
f 4365/6048/4365 282/283/283 281/282/282
f 2644/2692/2642 4000/4232/4000 443/444/444
f 4852/5559/4853 2813/2872/2813 3871/4069/3872
f 1623/1643/1624 1622/1642/1623 1858/1884/1859
f 4637/5089/4637 3901/4106/3899 256/255/255
f 1737/5296/1738 2491/5227/2492 4999/6183/4999
f 1738/1762/1739 1737/1761/1738 4999/6184/4999
f 2464/2512/2465 4947/6185/4947 4232/5346/4232
f 2296/2336/2296 2621/2672/2622 915/914/913
f 1622/1642/1623 1624/1641/1622 3412/3534/3412
f 846/844/844 845/846/846 468/466/466
f 4153/4419/4154 3871/4069/3872 3907/4116/3907
f 3487/3628/3487 2608/2657/2607 2393/2436/2393
f 2705/2759/2704 4989/6186/4989 2704/2760/2705
f 2704/2760/2705 4989/6186/4989 4887/5659/4887
f 4300/4608/4300 4990/6032/4990 4959/6187/4959
f 2149/2182/2150 2967/3038/2966 4181/4449/4181
f 4564/4978/4565 905/6188/903 4625/6059/4625
f 3965/4185/3966 251/249/249 1830/1854/1831
f 2409/2455/2410 1196/1204/1197 1195/1203/1196
f 4899/5686/4899 4523/4912/4523 63/61/61
f 4360/4680/4360 1400/1412/1398 4732/5281/4732
f 4051/5052/4051 30/28/28 29/30/30
f 1979/2007/1980 1978/2006/1979 525/526/526
f 4488/4860/4488 4662/5132/4662 4266/4563/4267
f 3027/3105/3028 3819/4007/3820 3025/3103/3026
f 1649/1669/1650 900/902/901 902/901/900
f 1566/1582/1564 4023/4256/4023 2790/2849/2790
f 1393/1408/1394 4840/5515/4840 3736/3913/3734
f 4397/4740/4397 1585/1603/1585 4740/5292/4740
f 4672/5157/4672 380/378/378 379/380/380
f 3040/3118/3041 380/6189/378 4672/5591/4672
f 2037/2067/2038 3470/3603/3469 4288/4591/4288
f 3577/3729/3577 4088/4337/4088 2599/2649/2599
f 492/493/493 2196/2738/2197 2237/2273/2237
f 1341/1356/1342 4457/4817/4457 4007/5572/4008
f 504/502/502 2169/2203/2170 1372/1384/1370
f 4661/5130/4661 4616/5056/4615 2978/3052/2978
f 2912/2979/2912 3729/3906/3728 3728/3907/3729
f 1588/1607/1589 4465/4828/4465 1589/1608/1590
f 1703/1725/1702 1702/1726/1703 2440/2485/2438
f 3609/3769/3610 1623/1643/1624 3814/4000/3813
f 260/261/261 4951/5849/4951 4563/5916/4562
f 4951/5848/4951 1042/1046/1042 4563/4968/4562
f 2965/3037/2965 1276/1287/1276 3816/4003/3816
f 944/943/942 2204/2237/2204 3419/3540/3418
f 1744/1768/1745 3165/3254/3166 2635/2685/2635
f 3173/4800/3173 4443/4799/4443 4683/6190/4681
f 753/754/754 3110/3190/3108 768/769/769
f 18/16/16 17/18/18 4536/4934/4536
f 1870/1893/1868 2860/2921/2861 1868/1894/1869
f 314/315/315 313/314/314 3011/3087/3010
f 2492/6191/2490 2491/5227/2492 4708/5226/4708
f 3169/3257/3169 4415/4767/4414 86/87/87
f 3740/3920/3740 4785/5382/4785 2801/2861/2802
f 1925/3771/1926 3086/6192/3086 3611/3772/3611
f 405/406/406 407/405/405 3076/3157/3077
f 494/495/495 4666/5575/4666 3688/3859/3689
f 2284/2325/2285 114/112/112 4468/4832/4468
f 576/577/577 1322/1336/1322 3102/3183/3103
f 1684/1705/1682 4257/4546/4257 3986/4211/3986
f 3618/3782/3619 4577/4989/4577 3438/3559/3436
f 4775/6193/4775 4486/4858/4486 1745/1766/1743
f 1503/1519/1503 1123/1130/1123 3998/4229/3997
f 3973/4196/3973 4609/5041/4609 4478/6194/4478
f 1022/1026/1022 3534/3679/3534 832/832/832
f 395/393/393 394/395/395 1363/1378/1364
f 1730/1753/1730 1729/1752/1729 4782/5375/4782
f 3619/5431/3618 1466/1482/1467 1468/1481/1466
f 1466/4199/1467 3619/3781/3618 2765/2824/2765
f 1170/1175/1168 2069/2101/2070 2070/2100/2069
f 2163/2193/2161 1374/1389/1375 4381/4717/4381
f 4556/4961/4556 4067/4310/4066 4066/4311/4067
f 4556/4961/4556 2872/2932/2872 4067/4310/4066
f 499/500/500 501/499/499 1886/1910/1885
f 1466/4199/1467 2765/2824/2765 3804/3991/3805
f 3240/4872/3241 86/87/87 4415/4767/4414
f 2536/4932/2536 2535/5469/2535 3396/3514/3396
f 2749/2808/2750 2710/2763/2708 4675/5166/4675
f 1139/1147/1140 865/866/866 1901/1927/1901
f 1661/1682/1662 1417/1430/1415 2010/2038/2010
f 2017/2046/2018 2019/2045/2017 72/70/70
f 2017/2046/2018 72/70/70 519/520/520
f 2338/2379/2338 1002/1005/1001 808/809/809
f 2223/2258/2224 2222/2257/2223 560/558/558
f 4835/5503/4835 419/5619/417 3888/5504/3887
f 2183/2217/2184 3048/3126/3048 4953/5863/4953
f 715/713/713 714/715/715 4901/5690/4901
f 4221/4499/4221 4901/5690/4901 714/715/715
f 2834/2895/2835 4372/4706/4372 3001/3077/3001
f 4758/5328/4758 4704/5217/4704 263/264/264
f 4229/4508/4229 4226/4506/4227 3439/3563/3440
f 4737/5285/4736 4736/5286/4737 3509/3652/3508
f 4200/4475/4201 1662/1681/1661 1323/1338/1324
f 1162/1169/1162 754/752/752 753/754/754
f 1364/1377/1363 1363/1378/1364 568/569/569
f 4536/4934/4536 17/18/18 1181/1189/1182
f 1124/1132/1125 4511/4892/4511 2832/2893/2833
f 2948/3019/2948 911/913/912 2016/2044/2016
f 1392/1407/1393 2524/2571/2524 3136/3221/3137
f 3659/3826/3659 3071/3151/3072 3734/3914/3735
f 4925/6097/4925 4658/6098/4658 4331/6195/4331
f 2439/2487/2440 3081/3161/3081 2441/2488/2441
f 800/801/801 799/800/800 2510/2557/2510
f 4591/5012/4591 4656/5123/4656 910/911/910
f 4591/5012/4591 3853/4046/3853 4656/5123/4656
f 1783/1804/1781 2638/2686/2636 3806/3992/3806
f 56/57/57 55/56/56 2681/2734/2681
f 913/915/914 4589/5009/4589 3924/5620/3924
f 2630/2679/2629 1707/5978/1707 2702/2756/2701
f 4011/4244/4011 3035/3112/3035 1226/1236/1227
f 1949/1976/1949 1948/1975/1948 2325/2366/2326
f 1232/1242/1233 2276/2317/2277 1233/1243/1234
f 3876/4075/3877 602/603/603 2316/2356/2316
f 2132/2165/2133 4249/4534/4249 4303/4611/4302
f 1345/1360/1346 3208/3305/3209 3210/3304/3208
f 4880/5640/4880 4981/5996/4981 729/730/730
f 3929/5901/3930 3722/5244/3723 1718/1739/1716
f 1147/1152/1145 2033/2062/2033 2987/3062/2987
f 3250/3353/3250 2586/2634/2584 4768/5349/4768
f 2215/2250/2216 2567/2617/2568 4265/4559/4265
f 1891/1917/1892 4454/4813/4454 2924/2991/2923
f 4730/5277/4730 866/867/867 865/866/866
f 2667/2719/2667 2756/2816/2757 2758/2815/2756
f 67/68/68 3564/3711/3564 2180/2214/2181
f 3139/3223/3139 785/786/786 3737/3916/3737
f 3705/5856/3705 841/5112/842 2935/3002/2934
f 465/463/463 464/465/465 4071/4316/4072
f 2469/2517/2470 333/331/331 2356/2395/2354
f 4490/4862/4490 2944/3015/2944 775/776/776
f 4447/4805/4448 931/930/929 3405/3527/3406
f 4982/6196/4982 2878/2941/2879 4847/5539/4847
f 184/182/182 157/155/155 182/183/183
f 2009/2037/2009 2413/2459/2414 2415/2458/2413
f 3606/3764/3606 3604/6197/3603 3603/5634/3604
f 4798/5408/4798 919/920/919 3962/4180/3962
f 2679/2732/2679 3687/3856/3686 2680/2733/2680
f 4691/5189/4691 2969/3041/2969 4152/4417/4152
f 405/406/406 225/223/223 406/407/407
f 1749/1773/1750 2820/2879/2819 3637/3802/3637
f 3151/3239/3152 4909/5715/4909 957/961/958
f 4453/4812/4453 4207/4481/4205 1686/1710/1687
f 935/936/935 1537/1555/1537 3671/5819/3671
f 994/1217/994 2572/2622/2573 1208/1216/1208
f 3065/3145/3066 4211/4487/4211 3654/3822/3655
f 3120/3202/3120 2114/2145/2113 2417/2462/2417
f 2997/3073/2998 2999/3072/2997 1163/1170/1163
f 1488/1503/1488 1487/1502/1487 3559/3707/3560
f 1680/1704/1681 1835/1856/1833 4112/4372/4112
f 4950/5844/4950 3356/3467/3356 2798/2858/2799
f 2240/5129/2238 4835/6065/4835 418/419/419
f 505/505/505 2398/2441/2398 506/506/506
f 3540/3686/3540 2755/2814/2755 1142/4098/1143
f 3749/3934/3749 3318/3496/3319 3750/6198/3750
f 2418/2464/2419 365/4318/363 673/674/674
f 1430/1446/1431 1429/1445/1430 1884/1909/1884
f 3820/4006/3819 3892/4094/3891 3891/4096/3892
f 1783/1804/1781 3806/3992/3806 1781/1805/1782
f 1621/1639/1620 1819/1841/1818 1620/1640/1621
f 2462/2510/2463 392/390/390 1864/1889/1864
f 4442/4798/4442 3269/3374/3270 3268/3373/3269
f 2190/2224/2191 4315/4624/4314 404/402/402
f 4750/5313/4750 2710/2763/2708 2709/2765/2710
f 3947/4222/3947 4377/4713/4377 691/6199/692
f 4749/5838/4749 3940/4154/3940 3938/4152/3938
f 3636/3800/3635 4602/5025/4602 1192/1200/1193
f 3103/3181/3101 973/977/974 3025/3103/3026
f 4514/4899/4514 4040/4281/4041 2856/2917/2857
f 4513/4896/4513 4303/4611/4302 2283/2323/2283
f 1514/1532/1515 4522/4911/4522 4599/5021/4599
f 4171/4438/4171 2250/2287/2249 3988/4214/3988
f 3636/3800/3635 1446/1462/1447 3635/3801/3636
f 4702/5212/4702 4349/5477/4347 2647/2695/2645
f 3151/3239/3152 3602/3760/3602 4909/5715/4909
f 3137/3220/3136 4240/4522/4238 2366/2407/2364
f 112/113/113 897/899/898 113/114/114
f 62/63/63 4899/5686/4899 63/61/61
f 3051/6144/3050 3050/5614/3051 4614/5055/4614
f 2444/2492/2445 2972/3046/2973 2973/3045/2972
f 1606/1624/1606 1706/1729/1706 3969/6200/3970
f 3969/4192/3970 1706/3006/1706 3207/3303/3207
f 934/935/934 3276/3380/3276 2868/2929/2869
f 2858/2916/2856 4099/4353/4099 3506/3651/3507
f 376/377/377 2561/2610/2561 4386/4724/4386
f 3706/3878/3706 2481/2529/2482 707/705/705
f 3980/4205/3980 847/848/848 2364/2408/2365
f 517/515/515 516/517/517 2884/2945/2883
f 1534/1552/1534 2005/2031/2003 2004/2033/2005
f 2133/2166/2134 2132/2165/2133 4513/4896/4513
f 3291/3395/3291 386/384/384 2989/3064/2989
f 4233/6149/4233 4552/6148/4552 3122/3203/3121
f 3122/3203/3121 3121/3204/3122 4233/6149/4233
f 3945/4161/3945 2615/2666/2616 2617/2665/2615
f 138/136/136 2913/2980/2913 821/822/822
f 3785/3971/3785 4377/4713/4377 1117/1125/1118
f 4566/5457/4566 4571/5234/4571 1202/1208/1201
f 4571/5234/4571 3694/3866/3695 1202/1208/1201
f 4561/4967/4561 438/3889/436 437/6201/438
f 3201/3295/3202 438/3889/436 4561/4967/4561
f 4551/4952/4551 1012/1016/1012 3229/6202/3228
f 857/858/858 1648/1667/1648 858/856/856
f 1383/1398/1384 1388/1401/1387 1384/1396/1382
f 3463/3593/3464 811/812/812 4136/4396/4134
f 830/831/831 4136/4396/4134 811/812/812
f 179/180/180 4436/4790/4436 4286/4589/4286
f 105/103/103 4553/4957/4553 204/202/202
f 2134/2164/2132 2142/6203/2143 3129/3212/3129
f 3759/3945/3760 4995/6204/4995 1317/1331/1317
f 3347/3454/3347 3346/3453/3346 4139/4402/4139
f 468/466/466 845/846/846 3363/3474/3363
f 1839/1864/1840 2397/2440/2397 2722/5638/2721
f 49/50/50 1470/1486/1471 4505/4884/4505
f 861/5657/859 4886/5658/4886 3883/6205/3883
f 11/12/12 4949/5843/4949 4618/6206/4618
f 2178/2210/2177 1000/1004/1000 50/51/51
f 1677/4011/1678 1846/1872/1847 1408/5846/1408
f 804/805/805 4817/6207/4817 8/6062/9
f 339/337/337 4304/4613/4304 337/338/338
f 4836/5506/4836 3696/3867/3696 2110/2143/2111
f 3976/4202/3977 1507/1524/1508 1506/1523/1507
f 2579/2629/2580 3431/3554/3432 4505/4884/4505
f 4782/5375/4782 1729/1752/1729 4340/4653/4340
f 4869/6153/4869 649/649/649 2412/2457/2412
f 4869/6153/4869 2412/2457/2412 4967/6208/4967
f 4508/4887/4508 251/249/249 3964/4184/3965
f 3984/4406/3984 4933/5800/4933 3155/3242/3155
f 2288/2329/2289 2290/2328/2288 4579/6157/4579
f 3490/3632/3490 1603/1619/1601 4993/6104/4993
f 1335/1350/1336 1337/1349/1335 4732/5281/4732
f 426/424/424 4134/5862/4135 424/425/425
f 1318/1333/1319 4081/4329/4081 1319/1334/1320
f 2929/2996/2928 3815/4002/3815 4816/5439/4816
f 4335/4648/4335 1801/1825/1802 2885/2948/2886
f 3225/3323/3226 3224/3322/3225 3387/3500/3387
f 4025/4258/4024 1748/1769/1746 4024/4259/4025
f 3015/3092/3015 4520/4907/4520 3303/3407/3303
f 2109/2141/2109 1397/1409/1395 893/895/894
f 1956/1982/1955 4291/4594/4290 1748/1769/1746
f 1198/1206/1199 1356/1371/1357 1199/1207/1200
f 1382/1397/1383 4174/4442/4175 1848/1873/1848
f 4174/4442/4175 1382/1397/1383 3774/3959/3774
f 98/99/99 490/490/490 3423/4479/3424
f 4030/4266/4030 3063/3141/3062 4861/5581/4861
f 4717/5249/4718 4718/5248/4717 4855/5561/4855
f 2923/2992/2924 4165/4432/4165 1892/1915/1890
f 4068/4313/4069 4072/4315/4071 4069/4314/4070
f 1284/1295/1283 4644/5098/4644 4453/4812/4453
f 3021/3099/3022 3023/3100/3023 3111/3194/3112
f 858/3745/856 3088/3168/3088 856/6143/857
f 873/875/874 1148/1156/1149 874/873/873
f 4243/4528/4243 1894/1920/1895 1031/1036/1032
f 3043/3120/3043 23/24/24 4027/6209/4027
f 3517/3661/3517 3312/3417/3313 4944/5831/4944
f 2129/2162/2130 3674/3843/3674 2063/2095/2064
f 2842/2901/2841 3256/3359/3255 4546/4945/4546
f 3875/4073/3875 1514/1532/1515 4599/5021/4599
f 4283/4586/4283 4387/4725/4387 4120/4378/4118
f 1009/1014/1010 3248/3351/3248 617/618/618
f 1172/1178/1171 694/695/695 696/694/694
f 4613/5053/4613 1917/1943/1916 30/28/28
f 1993/2021/1993 1020/2723/1021 1553/1572/1554
f 2018/2047/2019 2017/2046/2018 135/133/133
f 4353/4670/4353 796/797/797 3098/4671/3098
f 3287/3392/3288 4842/5523/4842 780/778/778
f 1005/1007/1003 2635/2685/2635 149/996/150
f 2339/2380/2339 1997/2023/1995 1996/2025/1997
f 2927/2995/2927 422/4371/420 421/6210/422
f 1778/1801/1778 4261/4549/4260 4882/6211/4881
f 4727/5271/4728 1778/1801/1778 4882/6211/4881
f 2990/3065/2990 2590/2641/2591 4491/4863/4491
f 2225/2259/2225 803/802/802 623/624/624
f 2225/2259/2225 1723/2261/1724 803/802/802
f 213/211/211 4334/4647/4334 4676/5167/4676
f 409/410/410 408/409/409 590/591/591
f 1685/1709/1686 4453/4812/4453 1686/1710/1687
f 3632/3795/3632 4154/4418/4153 837/838/838
f 3813/4001/3814 3473/3608/3473 4369/4694/4369
f 4221/4499/4221 2384/2428/2385 4230/4509/4230
f 3497/3640/3498 1655/4729/1654 3957/6212/3957
f 4964/5911/4964 4976/6213/4976 3611/3772/3611
f 868/6074/869 2164/5905/2164 412/413/413
f 3443/5017/3443 1218/1228/1219 1682/3292/1683
f 4976/6213/4976 1926/3770/1924 3611/3772/3611
f 1253/1264/1253 3340/3447/3340 3946/4162/3946
f 3558/3704/3557 4946/5833/4946 2849/2909/2849
f 3559/3707/3560 1487/1502/1487 4946/6214/4946
f 2957/3026/2955 2956/3028/2957 4984/6004/4984
f 1690/1713/1690 1065/1073/1066 4842/5523/4842
f 3559/6215/3560 4946/5833/4946 3558/3704/3557
f 1698/1719/1696 2405/2451/2406 4152/4417/4152
f 2761/2820/2761 939/941/940 661/662/662
f 124/5732/125 4839/5513/4839 3074/3153/3074
f 1279/1289/1278 734/735/735 889/890/889
f 3450/3576/3450 2228/2265/2229 4645/6096/4645
f 2821/2881/2821 1806/1830/1807 1805/1829/1806
f 1173/1181/1174 4034/4272/4035 1174/1182/1175
f 2010/6216/2010 3691/3861/3690 3690/3862/3691
f 3381/3493/3381 885/885/884 3386/3499/3386
f 4059/4302/4059 2813/2872/2813 1602/1621/1603
f 2857/2918/2858 2856/2917/2857 4041/4280/4040
f 4896/5679/4896 744/745/745 4506/4885/4506
f 2144/2174/2142 2143/2176/2144 2133/4062/2134
f 2900/2962/2900 1614/1630/1612 3884/4086/3884
f 2900/2962/2900 3884/4086/3884 2515/2562/2515
f 1010/1015/1011 4678/5170/4678 4291/4594/4290
f 2394/2437/2394 3435/3558/3435 3006/3083/3006
f 2590/2641/2591 4742/5295/4742 3713/6015/3711
f 3773/3958/3773 1442/1457/1442 1441/1456/1441
f 1129/1134/1127 4874/5609/4874 3164/3252/3164
f 3012/3089/3012 4983/6001/4983 1567/1586/1568
f 2576/2626/2577 4948/5840/4948 2797/2856/2797
f 2757/2817/2758 2931/3000/2932 4528/4917/4527
f 2467/2515/2468 450/448/448 449/450/450
f 526/524/524 4148/4414/4149 3167/3256/3168
f 1146/1154/1147 2137/2169/2137 2033/2062/2033
f 993/997/993 2573/5557/2574 4814/6025/4814
f 3611/3772/3611 3086/6192/3086 4649/5107/4649
f 572/573/573 4874/5609/4874 3262/3367/3263
f 931/930/929 4447/4805/4448 3999/4231/3999
f 4634/5083/4634 288/289/289 4920/5744/4920
f 1740/1764/1741 3859/4054/3859 1741/1765/1742
f 3280/3384/3280 1070/1077/1070 83/84/84
f 838/839/839 835/836/836 2619/2670/2620
f 3130/3213/3130 3851/4044/3851 363/364/364
f 1509/1527/1510 4820/5452/4820 342/340/340
f 876/878/877 515/516/516 4929/5785/4929
f 515/516/516 3507/5497/3505 4929/5785/4929
f 703/3217/704 702/5946/703 708/708/708
f 2487/2535/2488 3731/3910/3732 3265/3368/3264
f 4153/4419/4154 3632/3795/3632 4937/5810/4937
f 4341/4654/4341 1009/1014/1010 616/617/617
f 4826/5939/4826 1816/4924/1816 577/575/575
f 1859/1883/1858 4816/5439/4816 3815/4002/3815
f 514/512/512 4355/4675/4355 512/513/513
f 4292/4990/4292 3436/3560/3437 3438/3559/3436
f 3540/3686/3540 1540/1556/1538 2755/2814/2755
f 2063/2095/2064 4061/4304/4061 1023/1028/1024
f 309/310/310 3812/3999/3812 4872/5604/4872
f 3942/4155/3941 3941/4156/3942 4933/5800/4933
f 860/3904/861 1555/1571/1553 3727/3905/3727
f 1447/6217/1445 3625/3787/3624 1445/4308/1446
f 3392/6218/3393 3126/3209/3127 3125/3208/3126
f 1138/1143/1136 1137/1145/1138 1584/1602/1584
f 2350/2391/2350 1150/1157/1150 3179/6029/3179
f 1668/1688/1667 1145/1153/1146 1511/1529/1512
f 4922/5747/4922 1511/1529/1512 1145/1153/1146
f 215/216/216 387/388/388 3761/3946/3761
f 14/15/15 190/188/188 533/534/534
f 2491/2539/2492 1738/1762/1739 4999/6184/4999
f 689/687/687 1556/1575/1557 687/688/688
f 1161/1167/1160 3326/3431/3326 997/999/995
f 2389/5723/2388 2388/4683/2389 548/549/549
f 4713/5240/4713 2919/2986/2919 953/957/954
f 3137/3220/3136 3659/3826/3659 3736/3913/3734
f 685/686/686 2975/3050/2976 686/684/684
f 2806/2865/2806 640/638/638 2032/2060/2031
f 4377/4713/4377 2784/6219/2785 691/6199/692
f 1558/1577/1559 3290/3393/3289 2544/2592/2544
f 2747/2805/2747 2737/2796/2738 2053/2085/2054
f 2737/2796/2738 2054/2083/2052 2053/2085/2054
f 4108/4366/4108 2497/2545/2498 3112/3193/3111
f 4674/6220/4674 3763/3948/3763 2721/2778/2722
f 270/271/271 4028/4264/4028 3797/4848/3798
f 253/254/254 2695/2750/2696 2522/6221/2523
f 2522/6221/2523 2523/4759/2522 253/254/254
f 2007/2034/2006 62/63/63 3332/3435/3330
f 4195/4467/4195 4695/5198/4695 2445/2490/2443
f 2519/2565/2518 2264/2305/2265 2022/2304/2020
f 446/447/447 1486/1499/1484 1485/1501/1486
f 4730/5277/4730 2567/2617/2568 866/867/867
f 3017/3095/3018 3016/3094/3017 4758/5328/4758
f 2006/2035/2007 2712/2767/2712 4960/5893/4960
f 2674/2727/2674 1493/1507/1491 480/478/478
f 3933/4147/3933 4707/5225/4707 591/592/592
f 4679/5173/4679 1812/1833/1810 4752/5315/4751
f 2887/2949/2887 865/866/866 867/865/865
f 3134/3218/3134 356/354/354 4194/4466/4194
f 4641/5095/4641 4757/5325/4756 2479/2526/2479
f 2040/2070/2041 2502/2549/2502 1827/1848/1825
f 2655/2707/2655 3270/5622/3268 188/189/189
f 4098/4348/4097 3516/3659/3515 4578/4991/4578
f 2820/2879/2819 221/222/222 3637/3802/3637
f 84/82/82 1837/1859/1836 4945/5832/4945
f 1809/1832/1809 1560/1576/1558 1559/1578/1560
f 2469/2517/2470 1510/5164/1509 1508/1522/1506
f 2319/2359/2319 4780/5988/4780 2320/2360/2320
f 4244/4529/4244 4507/4886/4507 3351/3462/3351
f 1547/1566/1548 4367/4696/4367 4099/4353/4099
f 4777/5368/4778 3189/3279/3188 4230/4509/4230
f 1755/1778/1755 1222/1232/1223 1221/1231/1222
f 4609/5041/4609 1699/5039/1699 1701/5852/1701
f 4237/4521/4237 2067/2099/2068 4236/4520/4236
f 4958/5883/4958 4142/4407/4142 2432/2477/2432
f 3734/3914/3735 3071/3151/3072 2151/2181/2149
f 772/2058/770 3535/3680/3535 1144/1149/1142
f 4887/6131/4887 2847/2908/2848 3883/4082/3883
f 4497/6171/4497 1203/1212/1204 805/1211/806
f 1717/1741/1718 3930/6222/3929 4961/5900/4961
f 3930/4142/3929 3929/4143/3930 4961/6223/4961
f 409/410/410 3765/3950/3765 4850/5552/4850
f 273/274/274 4868/5597/4868 111/109/109
f 3853/4046/3853 3478/3616/3478 2370/2414/2371
f 2439/2487/2440 3428/3549/3427 1765/1789/1766
f 1282/1294/1282 1265/1277/1266 4754/5321/4754
f 4830/5487/4830 4132/4392/4131 235/236/236
f 1376/1391/1377 2927/2995/2927 421/6210/422
f 1344/1358/1344 513/514/514 2001/2029/2001
f 1350/1364/1350 532/532/532 1747/1771/1748
f 534/533/533 3117/3200/3118 3116/3199/3117
f 4213/5068/4214 4212/5156/4213 3135/3219/3135
f 4132/4392/4131 4748/6224/4748 4131/4393/4132
f 4132/4392/4131 4799/5411/4799 4748/6224/4748
f 1526/1544/1527 2456/2504/2457 2455/2503/2456
f 2921/2987/2920 1574/1591/1573 4276/4579/4276
f 4280/4583/4280 4031/4267/4031 760/761/761
f 4162/4428/4162 2357/2401/2358 3818/4005/3818
f 635/636/636 539/540/540 2374/2417/2374
f 673/674/674 672/673/673 2670/4471/2670
f 1210/1220/1211 179/180/180 1211/1218/1209
f 892/891/890 4427/4780/4426 890/892/891
f 1301/1315/1302 2542/2589/2541 1302/1316/1303
f 2841/2902/2842 4546/4945/4546 392/390/390
f 3950/4168/3951 2157/2190/2158 2726/2780/2724
f 3228/3328/3229 3458/3586/3458 2692/2747/2693
f 594/595/595 593/594/594 3298/3402/3298
f 1785/1808/1785 3806/3992/3806 227/228/228
f 4047/4287/4047 3889/4092/3889 1945/1973/1946
f 2982/3057/2983 393/394/394 395/393/393
f 3610/3767/3608 3609/3769/3610 3511/3656/3512
f 2344/2386/2345 1509/1527/1510 420/421/421
f 837/838/838 4154/4418/4153 3599/3758/3600
f 425/426/426 4621/5064/4620 1014/1019/1015
f 4391/4731/4391 3695/3865/3694 3694/3866/3695
f 2521/2568/2521 471/469/469 4895/6057/4895
f 3808/3993/3807 3807/3994/3808 4127/4388/4128
f 4979/5981/4979 4925/6097/4925 4330/6225/4330
f 565/3456/566 4979/6226/4979 4330/4643/4330
f 2942/3014/2943 2941/3013/2942 3069/3148/3069
f 2008/2036/2008 1318/1333/1319 1320/1332/1318
f 575/576/576 1318/1333/1319 2008/2036/2008
f 406/407/407 750/751/751 407/405/405
f 1334/1348/1334 2794/2853/2794 4275/4578/4275
f 1149/1155/1148 1158/1166/1159 3778/6227/3778
f 2552/2598/2550 2162/2195/2163 2550/2599/2551
f 2197/6228/2196 2685/2739/2685 2196/2738/2197
f 2685/4157/2685 2197/2229/2196 1851/1877/1852
f 4737/5285/4736 2688/2742/2688 2045/2077/2046
f 605/606/606 4834/5500/4834 4596/5019/4597
f 605/606/606 4596/5019/4597 4598/5018/4596
f 2924/2991/2923 4454/4813/4454 4798/5408/4798
f 1176/1183/1176 732/733/733 733/732/732
f 2288/2329/2289 3320/3425/3321 454/455/455
f 454/455/455 3320/3425/3321 455/456/456
f 4657/5125/4657 2526/2573/2526 2156/2187/2155
f 3152/3240/3153 2446/2494/2447 3105/3185/3105
f 241/242/242 786/784/784 316/317/317
f 194/195/195 4433/4788/4434 1271/1282/1271
f 4621/5064/4620 2594/2644/2594 4620/5065/4621
f 3/1/1 2147/2179/2147 1/2/2
f 4956/5873/4956 567/568/568 569/567/567
f 410/408/408 1867/1890/1865 1866/1892/1867
f 489/6229/489 4719/6034/4719 3984/4406/3984
f 4309/6107/4309 3870/4066/3869 802/803/803
f 959/5444/957 1776/6173/1775 4279/4582/4279
f 4132/4392/4131 1371/1386/1372 4799/5411/4799
f 2198/2231/2198 2569/2616/2567 2501/2548/2501
f 3960/4179/3961 4224/4503/4224 3867/4064/3867
f 4667/5144/4667 3350/3461/3350 3418/3541/3419
f 3489/3631/3489 3488/3630/3488 4890/6230/4890
f 4890/5663/4890 3488/4720/3488 1570/1589/1571
f 4405/4750/4405 382/383/383 4765/5342/4765
f 3209/3306/3210 746/747/747 4939/5814/4939
f 787/6231/788 4439/5760/4440 4924/5761/4924
f 788/789/789 787/788/788 4924/5999/4924
f 332/333/333 331/332/332 511/511/511
f 1211/1218/1209 179/180/180 181/179/179
f 1379/1394/1380 360/361/361 3494/3636/3494
f 3325/3430/3325 2116/2148/2116 1372/1384/1370
f 3204/3296/3203 3663/5059/3663 4884/5887/4884
f 2799/2859/2800 1613/1632/1614 3934/4148/3934
f 1809/1832/1809 1619/1637/1618 1181/1189/1182
f 1321/1335/1321 2507/2553/2506 2445/2490/2443
f 744/745/745 743/744/744 1349/1362/1348
f 1919/1946/1919 1921/1948/1921 1508/1522/1506
f 3728/3907/3729 3455/3583/3455 44/45/45
f 4993/6104/4993 4590/5011/4590 3162/3250/3162
f 4442/4798/4442 4676/5167/4676 1549/1567/1549
f 4225/5222/4225 282/5889/283 4694/5195/4694
f 4110/4369/4110 2916/2981/2914 1982/2010/1983
f 1983/2011/1984 1982/2010/1983 2916/2981/2914
f 4018/4898/4019 4017/4908/4018 3226/3321/3224
f 4351/4668/4351 3686/3857/3687 4476/4842/4476
f 2867/5595/2865 4226/4506/4227 3144/5948/3145
f 886/888/887 2093/2124/2093 3822/4009/3822
f 3379/3491/3379 4893/5897/4893 3380/3492/3380
f 3190/5932/3191 4220/4498/4220 4285/4588/4285
f 2640/2690/2640 4375/4711/4375 1359/1373/1359
f 2401/2442/2399 4968/5927/4968 4146/4412/4147
f 2282/2322/2282 2281/2321/2281 3763/5163/3763
f 1395/1410/1396 4855/5561/4855 1396/1411/1397
f 2674/2727/2674 1491/1508/1492 1493/1507/1491
f 544/545/545 4120/4378/4118 1261/1270/1259
f 3997/5854/3998 4529/6232/4529 2430/2473/2428
f 4088/4337/4088 1542/1561/1543 1238/1248/1239
f 2643/2694/2644 3954/4171/3954 4000/4232/4000
f 4903/6154/4903 948/949/948 757/5699/758
f 1349/1362/1348 1348/1363/1349 4438/4791/4437
f 2095/2125/2094 3064/3144/3065 3282/3385/3281
f 2044/2076/2045 3919/4131/3920 3616/3779/3616
f 3979/4204/3979 2690/2745/2691 3811/6233/3811
f 3979/6234/3979 3811/3998/3811 2468/2514/2467
f 1373/1388/1374 2170/5936/2169 2815/2874/2814
f 1373/5124/1374 1370/1385/1371 2170/2202/2169
f 2355/2397/2356 661/662/662 4404/4748/4403
f 3586/5637/3585 3587/6235/3587 3588/5580/3588
f 4837/5507/4837 4791/5395/4791 2530/2578/2530
f 4341/4654/4341 923/925/924 2562/2611/2562
f 4040/4281/4041 4514/4899/4514 3506/3651/3507
f 1968/1996/1969 312/312/312 267/268/268
f 2949/3020/2949 507/508/508 509/507/507
f 3546/3692/3546 1042/1046/1042 3677/3846/3677
f 4830/5487/4830 210/208/208 1671/1692/1671
f 3230/6000/3231 4401/4745/4400 3804/3991/3805
f 4996/6236/4996 2840/2900/2840 2839/2899/2839
f 755/756/756 706/707/707 3257/3361/3257
f 2174/2206/2173 3978/4203/3978 3351/3462/3351
f 2659/2712/2660 4723/5261/4723 1003/1008/1004
f 952/956/953 954/955/952 3397/3515/3397
f 4226/4506/4227 3756/3942/3757 3439/3563/3440
f 3158/3246/3158 3481/3620/3481 2264/2305/2265
f 4796/5406/4796 4861/5581/4861 3063/3141/3062
f 4707/5225/4707 3942/6237/3941 2294/2334/2294
f 2248/2286/2248 1225/1233/1224 1275/1286/1275
f 2785/3777/2784 2784/6219/2785 4377/4713/4377
f 4845/5530/4845 523/521/521 2144/2174/2142
f 2772/2832/2773 2459/5533/2460 1610/1626/1608
f 2529/2574/2527 3817/4004/3817 2527/2575/2528
f 93/91/91 92/93/93 580/578/578
f 1691/1715/1692 3346/3453/3346 1692/1716/1693
f 2265/6238/2264 1947/1974/1947 2020/2049/2021
f 3238/3336/3237 4917/6239/4917 2660/2711/2659
f 3245/3349/3246 2660/2711/2659 4917/6239/4917
f 103/104/104 4559/4965/4559 3783/3970/3784
f 4021/6240/4021 3245/3349/3246 4917/6239/4917
f 2425/2468/2423 3585/3738/3586 303/5822/304
f 2994/3068/2993 2308/2346/2306 1434/1450/1435
f 4823/6170/4823 1172/1178/1171 4777/5782/4778
f 1471/1485/1470 1000/1004/1000 3919/4131/3920
f 4417/4770/4417 4588/5007/4588 4060/4303/4060
f 2133/4062/2134 4845/5530/4845 2144/2174/2142
f 4389/4728/4389 2152/2185/2153 2153/2184/2152
f 3162/3250/3162 597/596/596 4993/6104/4993
f 1965/1992/1965 4161/4427/4161 2578/2628/2579
f 2041/2068/2039 4043/4283/4043 4637/5089/4637
f 2707/2762/2707 1288/1299/1286 3138/3222/3138
f 4761/6241/4761 3202/3293/3201 4133/4395/4133
f 3844/4035/3844 3118/3198/3116 4467/4831/4467
f 4984/6004/4984 2958/3029/2958 1326/1341/1327
f 4184/5028/4185 3975/4201/3976 4973/5962/4973
f 2234/2271/2235 4666/5143/4666 2235/2272/2236
f 4184/4455/4185 4973/6106/4973 3782/3967/3781
f 141/3605/139 4900/6242/4900 3471/3606/3471
f 4900/5689/4900 140/141/141 3471/3611/3471
f 721/719/719 3857/4049/3856 719/720/720
f 3471/3606/3471 3475/5519/3475 3472/3607/3472
f 4119/4380/4120 4118/4379/4119 232/233/233
f 4751/5316/4752 2282/2322/2282 176/177/177
f 789/6243/787 4439/4795/4440 787/6244/788
f 1435/1448/1433 1395/1410/1396 1397/1409/1395
f 169/167/167 1028/1032/1028 1991/2018/1991
f 4968/5927/4968 4392/4734/4393 4146/4412/4147
f 4297/4906/4297 4519/4905/4519 2849/2909/2849
f 4409/4757/4410 4408/4756/4409 825/6245/826
f 2230/5623/2228 4772/5357/4771 4771/5359/4772
f 1388/1401/1387 1383/1398/1384 3571/6246/3571
f 3460/3588/3459 4736/5286/4737 2045/2077/2046
f 4673/5197/4673 928/927/926 39/3750/37
f 2826/2886/2826 2528/2576/2529 4424/4988/4425
f 778/779/779 1504/1520/1504 779/780/780
f 3322/3427/3322 2368/2412/2369 2753/2813/2754
f 1518/1536/1519 1807/1828/1805 1586/1605/1587
f 743/744/744 4688/5184/4688 3096/3176/3096
f 3779/3965/3779 3778/3964/3778 1157/5142/1158
f 2303/2341/2301 4464/4826/4463 2301/2342/2302
f 3040/3118/3041 378/6247/379 380/6189/378
f 3040/3118/3041 2691/2743/2689 378/6247/379
f 1863/1888/1863 2759/2818/2759 1864/1889/1864
f 2796/2854/2795 105/103/103 1888/1912/1887
f 2796/2854/2795 1561/1580/1562 105/103/103
f 280/278/278 4228/4507/4228 950/954/951
f 2891/2952/2890 2073/2102/2071 878/880/879
f 3952/5358/3950 3951/5599/3952 4771/5359/4772
f 2057/2089/2058 83/84/84 82/83/83
f 3990/4216/3990 2405/2451/2406 4193/4464/4193
f 3002/3079/3002 3569/3718/3569 3003/3080/3003
f 3776/3962/3776 3147/3231/3146 4312/4621/4311
f 3110/3190/3108 3751/3936/3751 3680/3850/3681
f 427/428/428 1616/1633/1615 2988/3063/2988
f 2193/2227/2194 4204/4480/4204 265/263/263
f 364/365/365 1197/1202/1195 2670/2722/2670
f 24/22/22 41/42/42 22/23/23
f 4201/4474/4200 4200/4475/4201 1323/1338/1324
f 4994/6168/4994 4938/5812/4938 656/657/657
f 1211/1218/1209 4262/4551/4262 184/182/182
f 1920/1947/1920 1919/1946/1919 3988/4214/3988
f 4384/4722/4384 2887/2949/2887 4859/5574/4859
f 1944/1971/1944 2861/2920/2860 4125/4385/4125
f 3238/4697/3237 3237/4698/3238 314/315/315
f 4416/4769/4416 318/316/316 317/318/318
f 1933/1961/1934 541/542/542 543/541/541
f 4854/5560/4854 1164/1171/1164 625/623/623
f 3846/4039/3846 3211/6248/3211 3566/3712/3565
f 3429/3551/3429 2263/2302/2263 3430/3552/3430
f 2484/2532/2485 4880/5640/4880 298/296/296
f 13/14/14 305/4186/303 14/15/15
f 946/948/947 4524/4913/4524 947/946/945
f 3717/3892/3717 2525/2572/2525 3707/3880/3708
f 2635/2685/2635 4797/5407/4797 3873/4070/3873
f 4738/5290/4738 3260/3365/3261 1188/1196/1189
f 610/611/611 2854/2915/2855 2853/2914/2854
f 1430/1446/1431 3524/3668/3524 2672/2725/2672
f 3234/3334/3235 1005/1007/1003 3235/3335/3236
f 2514/5813/2514 3891/4096/3892 3890/4095/3890
f 2315/2355/2315 3096/3176/3096 4688/5184/4688
f 3758/5666/3759 4879/6249/4879 4878/6250/4878
f 3863/4059/3864 4940/5821/4940 2006/2035/2007
f 4217/4495/4217 1347/1359/1345 3033/3110/3033
f 399/400/400 4914/5726/4914 3715/3891/3716
f 3797/4848/3798 3254/3358/3254 3796/4556/3794
f 2310/2351/2311 3391/3504/3391 3233/3332/3233
f 3795/3982/3796 3253/5611/3253 136/137/137
f 137/3356/138 136/6251/137 3253/3357/3253
f 1650/1668/1649 902/901/900 3416/3538/3416
f 249/250/250 749/750/750 250/251/251
f 3521/3665/3521 1217/1226/1217 3277/3382/3278
f 4528/4917/4527 2931/3000/2932 4527/4918/4528
f 3854/4047/3854 4178/4447/4179 3855/4048/3855
f 124/5732/125 3074/3153/3074 125/1329/126
f 1619/1637/1618 1618/1638/1619 1182/1187/1180
f 862/863/863 1191/1197/1190 4811/5430/4811
f 3761/3946/3761 389/387/387 3433/3555/3433
f 4130/4391/4130 2738/2797/2739 905/904/903
f 4583/4996/4583 1943/1968/1941 496/497/497
f 4583/4996/4583 1941/1969/1942 1943/1968/1941
f 4801/5413/4800 3848/4041/3848 3352/3463/3352
f 4740/5292/4740 470/471/471 2464/5273/2465
f 4347/4664/4348 3753/5475/3753 4348/4665/4349
f 1405/2752/1406 1666/1687/1666 1665/1686/1665
f 1098/1105/1098 3765/3950/3765 3420/3542/3420
f 1497/1511/1495 912/912/911 1495/1512/1496
f 4275/4578/4275 2954/3025/2954 3364/3475/3364
f 3650/5496/3649 937/939/938 2634/2684/2634
f 2939/3011/2940 1052/1059/1052 272/270/270
f 4266/4563/4267 4959/5892/4959 4990/6252/4990
f 4207/4481/4205 477/475/475 476/477/477
f 46/47/47 4361/5788/4361 47/48/48
f 4598/5018/4596 4597/5020/4598 605/606/606
f 2865/2926/2866 4270/4567/4270 2866/2927/2867
f 426/424/424 425/426/426 1016/1018/1014
f 4635/5084/4635 2066/2096/2065 4444/4801/4444
f 3469/3604/3470 1902/1928/1902 833/833/833
f 2980/3053/2979 91/92/92 2979/3054/2980
f 4519/5373/4519 579/580/580 578/579/579
f 705/706/706 2483/2528/2481 195/193/193
f 745/743/743 4688/5184/4688 743/744/744
f 384/385/385 2443/2491/2444 3388/3501/3388
f 1683/1707/1684 2971/3042/2970 1684/1705/1682
f 4263/4554/4263 2995/3071/2996 3077/3156/3076
f 589/587/587 1922/1949/1922 766/766/766
f 2693/2748/2694 1895/1921/1896 1894/1920/1895
f 3572/3722/3572 2981/3055/2981 4304/4613/4304
f 4928/6253/4928 566/3455/564 595/593/593
f 4056/4297/4056 4928/6253/4928 595/593/593
f 3625/3787/3624 1447/6217/1445 4788/5386/4788
f 3988/4214/3988 3975/4201/3976 4172/4439/4172
f 4950/5844/4950 1681/1703/1680 3356/3467/3356
f 321/319/319 2214/2247/2213 319/320/320
f 1036/1041/1037 1038/1040/1036 1361/1376/1362
f 4731/5278/4731 4806/5420/4805 3480/3617/3479
f 2404/2448/2403 2403/2449/2404 3945/4161/3945
f 372/373/373 369/370/370 2953/3024/2953
f 3181/3270/3180 4329/4642/4329 2914/2982/2915
f 4065/4309/4065 1453/1466/1451 4760/5341/4760
f 2485/2531/2484 4981/5996/4981 2484/2532/2485
f 1646/5274/1644 4729/5276/4729 4397/4740/4397
f 1182/1187/1180 1181/1189/1182 1619/1637/1618
f 3449/5323/3447 4504/4883/4504 3447/5990/3448
f 1223/1230/1221 1222/1232/1223 4086/5654/4085
f 2358/2402/2359 3986/6010/3986 2359/2400/2357
f 1779/1803/1780 1780/1802/1779 1078/1086/1079
f 1447/1460/1445 2642/2693/2643 4788/5385/4788
f 1018/1023/1019 3452/3578/3452 1019/1021/1017
f 2089/2120/2089 3510/3655/3511 3512/3654/3510
f 4040/4281/4041 4242/4527/4242 1049/1053/1047
f 4185/4454/4184 3782/3967/3781 4503/5470/4503
f 3700/3871/3700 4503/5470/4503 3782/3967/3781
f 893/895/894 1397/1409/1395 894/896/895
f 4986/6011/4986 1621/1639/1620 262/260/260
f 2180/2214/2181 2553/2601/2553 2181/2212/2179
f 4542/4940/4542 376/377/377 4386/4724/4386
f 127/128/128 3305/3408/3304 2678/2731/2678
f 4020/4253/4020 2618/2669/2619 3771/3954/3769
f 2854/2915/2855 610/611/611 612/610/610
f 261/262/262 1135/6254/1133 1134/4465/1135
f 1005/1007/1003 3234/3334/3235 2660/2711/2659
f 111/109/109 4868/5597/4868 4096/4347/4096
f 4868/5597/4868 1366/1381/1367 4096/4347/4096
f 4196/4468/4196 100/101/101 3941/4156/3942
f 311/309/309 2516/2563/2516 309/310/310
f 3419/3540/3418 548/549/549 46/47/47
f 4878/6255/4878 3052/6256/3053 4821/5467/4821
f 4879/5636/4879 3052/3131/3053 4878/6257/4878
f 500/501/501 2074/2105/2074 501/499/499
f 2759/2818/2759 178/176/176 2526/2573/2526
f 2426/2472/2427 4753/5317/4753 2427/2471/2426
f 2347/2388/2347 253/254/254 1735/4760/1735
f 1721/1745/1722 3265/3368/3264 3731/3910/3732
f 3398/3517/3399 4254/4543/4254 2764/2823/2764
f 898/900/899 919/920/919 4798/5408/4798
f 4907/5709/4907 4650/5108/4650 4532/4929/4533
f 3065/3145/3066 3654/3822/3655 3805/3990/3804
f 3754/3939/3754 3309/3414/3310 725/726/726
f 2401/2442/2399 4145/4411/4146 2399/2443/2400
f 1148/1156/1149 2897/4111/2898 4851/6258/4851
f 4851/6258/4851 3779/5438/3779 1148/1156/1149
f 4317/4627/4317 2071/2103/2072 2890/2953/2891
f 3499/3639/3497 1199/1207/1200 1655/4729/1654
f 3197/3289/3198 990/991/988 992/995/992
f 813/814/814 4642/5096/4642 85/86/86
f 548/549/549 547/548/548 2389/5723/2388
f 4507/4886/4507 3091/3170/3090 3090/3171/3091
f 4810/5428/4810 4896/5679/4896 4803/5416/4803
f 4908/5712/4908 1309/6259/1307 138/136/136
f 2772/2832/2773 3579/3731/3579 3529/5752/3528
f 138/136/136 1308/6260/1309 1307/4431/1308
f 1309/6259/1307 1308/6260/1309 138/136/136
f 4758/5328/4758 1380/1395/1381 4704/5217/4704
f 534/533/533 533/534/534 4332/4646/4333
f 3181/3270/3180 3107/3189/3107 4329/4642/4329
f 2740/2799/2741 4392/4734/4393 4968/5927/4968
f 4837/5507/4837 4974/6158/4974 4791/5395/4791
f 1339/1354/1340 4844/5528/4844 1340/1353/1339
f 3551/3696/3550 4182/4450/4182 4628/5075/4628
f 4628/5075/4628 2274/2315/2275 3551/3696/3550
f 1399/1414/1400 2969/3041/2969 4691/5189/4691
f 4233/4515/4233 1676/4514/1675 1675/6261/1676
f 4511/4892/4511 2750/2806/2748 3348/3459/3348
f 3330/3436/3331 3332/3435/3330 62/63/63
f 4855/5561/4855 3338/3444/3337 3337/3445/3338
f 1562/1579/1561 4586/4999/4586 4810/5428/4810
f 4776/5366/4776 976/979/976 3094/3175/3095
f 686/684/684 2975/3050/2976 2976/3049/2975
f 74/75/75 73/74/74 3634/6262/3634
f 3192/3281/3190 3721/3894/3719 3720/3896/3721
f 1915/1941/1914 3682/3852/3683 3485/3626/3485
f 2420/2466/2421 1330/1343/1329 2666/2718/2666
f 2574/2621/2572 4612/5048/4611 813/814/814
f 2574/2621/2572 813/814/814 814/813/813
f 4538/4936/4538 2267/2308/2268 2963/3036/2964
f 3435/3558/3435 4710/5232/4710 3198/3290/3199
f 4896/5679/4896 4586/4999/4586 744/745/745
f 4580/5311/4581 1082/1090/1083 2499/2547/2500
f 2986/3061/2986 2644/2692/2642 443/444/444
f 2942/3014/2943 2183/2217/2184 2182/2216/2183
f 4573/4983/4573 2183/2217/2184 2942/3014/2943
f 1075/1082/1075 457/458/458 1077/1083/1076
f 971/6263/972 3026/3101/3024 4633/5082/4633
f 535/536/536 3777/3963/3777 4234/6264/4234
f 4432/4786/4432 2758/2815/2756 2757/2817/2758
f 1454/1469/1454 4112/4372/4112 937/939/938
f 4839/6113/4839 4761/5332/4761 4133/6265/4133
f 2164/5905/2164 285/286/286 412/413/413
f 3445/3571/3446 4047/4287/4047 908/907/906
f 2119/2152/2120 892/891/890 2652/2701/2651
f 3670/3839/3670 3668/3838/3669 4990/6252/4990
f 3668/3838/3669 4266/4563/4267 4990/6252/4990
f 4821/5467/4821 229/5465/230 4462/5466/4461
f 230/6102/231 4821/5467/4821 3052/6256/3053
f 777/775/775 4827/5484/4827 775/776/776
f 3393/3508/3392 3125/6027/3126 3127/5817/3125
f 4661/5130/4661 2631/2681/2631 562/563/563
f 4147/4410/4145 4896/5679/4896 4506/4885/4506
f 3363/3474/3363 844/845/845 2926/2994/2926
f 2212/2244/2211 4608/5038/4608 2351/2393/2352
f 4824/6081/4824 5000/6266/5000 2776/2834/2775
f 4507/4886/4507 4885/5655/4885 1764/1785/1762
f 2733/2792/2734 4511/4892/4511 1808/1831/1808
f 3374/3566/3375 4791/5395/4791 4610/5042/4610
f 3228/3328/3229 3229/3327/3228 1012/3338/1012
f 3698/3869/3698 1828/1852/1829 3913/4123/3913
f 4679/5173/4679 4752/5315/4751 176/177/177
f 1867/1890/1865 410/408/408 4850/5552/4850
f 3068/3147/3068 1243/1255/1244 3658/3825/3658
f 4535/4933/4535 1410/1425/1410 84/82/82
f 3176/3265/3177 711/712/712 1198/1206/1199
f 3523/3666/3522 4169/4435/4168 694/695/695
f 284/285/285 1777/1800/1777 1897/1924/1898
f 1747/1771/1748 1746/1770/1747 1350/1364/1350
f 3963/5818/3963 416/414/414 2279/4260/2278
f 1764/1785/1762 1763/1787/1764 3350/3461/3350
f 4038/4275/4038 4037/4274/4037 4066/4311/4067
f 768/769/769 3680/3850/3681 3681/3849/3680
f 4254/4543/4254 3597/3755/3597 3804/3991/3805
f 4962/5909/4962 316/317/317 956/958/955
f 2317/2357/2317 3354/3464/3353 4189/4460/4190
f 3712/3886/3713 1495/1512/1496 912/912/911
f 1647/5532/1647 3087/3167/3087 1648/3746/1648
f 2752/2811/2752 1195/1203/1196 1197/1202/1195
f 896/897/896 157/155/155 181/179/179
f 460/461/461 4873/5607/4873 2416/2461/2416
f 2723/2779/2723 2317/2357/2317 4188/4459/4189
f 504/502/502 503/504/504 2169/2203/2170
f 4058/4301/4058 2053/2085/2054 4061/4304/4061
f 2444/2492/2445 4195/4467/4195 2445/2490/2443
f 109/110/110 2808/2866/2807 2807/2867/2808
f 536/537/537 535/536/536 4234/6264/4234
f 3956/4174/3956 423/423/423 277/275/275
f 2743/2800/2742 1042/1046/1042 1135/1140/1133
f 261/262/262 2743/5855/2742 1135/6254/1133
f 1389/1403/1389 338/339/339 1087/1095/1088
f 1471/1485/1470 2580/2627/2578 1470/1486/1471
f 4662/5132/4662 3859/4054/3859 1740/1764/1741
f 3177/3264/3176 1198/1206/1199 4116/4376/4116
f 1673/1695/1674 2940/3010/2939 1425/1438/1423
f 4923/5755/4923 2679/2732/2679 4328/4641/4328
f 3489/3631/3489 4890/6230/4890 4889/6116/4889
f 415/416/416 368/366/366 4063/4306/4063
f 529/527/527 528/529/529 4827/5484/4827
f 4446/4803/4446 4680/5174/4680 66/64/64
f 4183/4451/4183 347/346/346 3717/3892/3717
f 4440/4794/4439 4439/4795/4440 789/6243/787
f 4424/4779/4425 4876/6105/4876 4425/4778/4424
f 1937/1965/1938 1939/1967/1940 1570/1589/1571
f 3889/4092/3889 1588/1607/1589 3594/3751/3594
f 2133/2166/2134 2143/6267/2144 2134/2164/2132
f 2509/2555/2508 4834/5500/4834 2508/2556/2509
f 732/733/733 4258/4547/4258 4658/6098/4658
f 2568/2618/2569 2567/2617/2568 2215/2250/2216
f 3494/3636/3494 1498/1515/1499 4639/5091/4639
f 2230/2264/2228 2229/2266/2230 4772/6179/4771
f 4772/6179/4771 2229/2266/2230 2517/2564/2517
f 1702/1726/1703 2976/3049/2975 2440/2485/2438
f 2825/2885/2825 3600/3757/3599 2822/2883/2823
f 790/791/791 1110/1118/1111 791/792/792
f 1753/1775/1752 2393/2436/2393 2608/2657/2607
f 4768/5349/4768 3591/3743/3591 3250/3353/3250
f 3843/4034/3843 912/912/911 4585/4997/4584
f 506/506/506 13/14/14 15/13/13
f 551/552/552 2287/2326/2286 2124/2156/2124
f 1251/1260/1249 3306/3410/3306 1245/1254/1243
f 3360/3471/3360 1517/1535/1518 1521/1537/1520
f 3591/3743/3591 4768/5349/4768 2342/3744/2340
f 1162/5526/1162 752/5544/753 754/6268/752
f 441/439/439 4909/6162/4909 439/440/440
f 4582/4995/4582 3362/3473/3362 4829/5485/4828
f 4252/4541/4252 2109/2141/2109 893/895/894
f 1339/1354/1340 834/835/835 2489/2534/2487
f 2582/2632/2582 815/816/816 3881/4079/3881
f 2954/3025/2954 3076/3157/3077 3364/3475/3364
f 2186/2631/2187 4023/4256/4023 1566/1582/1564
f 1918/1945/1918 3036/3114/3037 3038/3113/3036
f 3547/3693/3547 28/29/29 2539/2587/2539
f 718/716/716 460/461/461 462/460/460
f 2797/2856/2797 4948/5840/4948 1696/1720/1697
f 4176/4444/4176 4897/5708/4897 4936/5806/4936
f 1346/1361/1347 4939/5814/4939 3034/3111/3034
f 4570/4980/4570 4566/4973/4566 1439/3442/1440
f 4570/4980/4570 1439/3442/1440 2520/2567/2520
f 2175/2209/2176 258/259/259 2838/2898/2838
f 1597/1613/1595 1756/1780/1757 1758/1779/1756
f 2931/3000/2932 4718/5248/4717 2932/3001/2933
f 1662/1681/1661 1661/1682/1662 1323/1338/1324
f 2888/2951/2889 3553/3699/3553 2581/6269/2581
f 140/141/141 4848/5543/4848 3689/3858/3688
f 2153/2184/2152 1202/1208/1201 2874/2935/2875
f 4035/4270/4034 4415/5835/4414 4414/6270/4415
f 3667/3835/3667 3691/3861/3690 2486/5584/2486
f 3764/3949/3764 3927/4140/3927 2905/4139/2906
f 302/302/302 4042/4282/4042 666/667/667
f 4750/5313/4750 2709/2765/2710 3776/3962/3776
f 2610/2661/2611 3575/3725/3575 4837/5507/4837
f 4295/5816/4295 4294/6271/4294 3394/3511/3394
f 2355/2397/2356 4404/4748/4403 4111/4370/4111
f 1965/1992/1965 2578/2628/2579 2580/2627/2578
f 664/665/665 2298/2337/2297 4892/5669/4892
f 769/767/767 4603/5026/4603 767/768/768
f 517/515/515 2556/2605/2557 515/516/516
f 658/656/656 660/660/660 868/869/869
f 3329/3433/3328 1115/1122/1115 306/307/307
f 3642/5412/3643 4972/6002/4972 934/935/934
f 1579/1598/1580 4670/5154/4670 2045/2077/2046
f 1416/1432/1417 1415/1431/1416 2296/2336/2296
f 1239/1249/1240 3081/3161/3081 1544/1563/1545
f 3510/3655/3511 1609/1628/1610 1608/1627/1609
f 4197/4469/4197 2951/3022/2951 1782/1806/1783
f 2868/2929/2869 3276/3380/3276 2368/2412/2369
f 2310/2351/2311 395/393/393 1364/1377/1363
f 1837/1859/1836 4615/5057/4616 4945/5832/4945
f 3335/3441/3336 2512/2559/2512 4671/5155/4671
f 3054/3134/3055 4337/4650/4337 641/642/642
f 1022/1026/1022 1767/1791/1768 3534/3679/3534
f 3908/4118/3909 3903/4110/3903 248/247/247
f 3998/4229/3997 1123/1130/1123 4529/4919/4529
f 1798/1822/1799 2671/2724/2671 1799/1820/1797
f 849/847/847 1948/1975/1948 3037/3115/3038
f 1687/1708/1685 1686/1710/1687 483/481/481
f 3895/4100/3895 1200/1205/1198 3499/3639/3497
f 4732/5281/4732 1400/1412/1398 1399/1414/1400
f 2530/2578/2530 2906/2971/2905 2611/2662/2612
f 799/4194/800 207/205/205 4272/4763/4272
f 3579/5379/3579 4472/4837/4472 3529/3673/3528
f 3626/3790/3627 3628/3789/3626 2064/2094/2063
f 3197/3289/3198 2948/3019/2948 990/991/988
f 651/652/652 3737/3916/3737 652/650/650
f 2111/2144/2112 3698/3869/3698 119/120/120
f 2028/2055/2027 2027/2056/2028 486/487/487
f 2951/3022/2951 1297/1308/1295 1782/1806/1783
f 1844/1869/1844 1842/1868/1843 4883/5645/4883
f 316/317/317 4126/4386/4126 317/318/318
f 3652/3819/3652 1101/1106/1099 2857/2918/2858
f 4313/6272/4313 4192/4461/4191 4191/4462/4192
f 3373/3484/3373 1833/1857/1834 4224/4503/4224
f 1270/1281/1270 1688/1711/1688 1089/1097/1090
f 4109/5459/4109 2705/2759/2704 709/709/709
f 4591/5012/4591 4907/5709/4907 4532/4929/4533
f 558/559/559 4201/4474/4200 559/560/560
f 3317/3422/3318 807/807/807 3384/3933/3384
f 3311/3415/3311 2902/2963/2901 4445/4802/4445
f 3454/6273/3454 1204/1210/1203 1201/3443/1202
f 4071/4316/4072 3719/5743/3720 4804/5742/4804
f 3541/3687/3541 4631/5080/4631 815/816/816
f 3881/4079/3881 452/453/453 3803/3988/3802
f 2811/2871/2812 2512/2559/2512 3336/3440/3335
f 4033/4269/4033 18/16/16 3343/3451/3344
f 1501/1517/1501 1335/1350/1336 218/219/219
f 6/4/4 3596/3752/3595 4/5/5
f 3132/3215/3132 4813/5435/4813 2086/2118/2087
f 3047/3123/3046 667/666/666 2280/2320/2280
f 4383/4721/4383 1827/1848/1825 1826/1850/1827
f 4871/5603/4871 3931/4145/3931 4121/4381/4121
f 1207/1214/1206 1541/1560/1542 1549/1567/1549
f 4762/5334/4762 3150/3233/3148 564/565/565
f 1760/1784/1761 2387/2430/2387 4888/5660/4888
f 3232/3329/3230 3656/4631/3654 3655/6120/3656
f 2869/4300/2868 4607/5036/4607 1240/1247/1238
f 1064/1069/1062 159/160/160 1062/1070/1063
f 3542/3689/3543 4941/5828/4941 3543/3688/3542
f 3950/4168/3951 3952/4167/3950 2517/2564/2517
f 2696/2749/2695 4955/6177/4955 2695/2750/2696
f 11/12/12 10/11/11 4949/5843/4949
f 3309/3414/3310 3113/3195/3113 4569/4979/4569
f 106/107/107 1637/1654/1635 1636/1656/1637
f 1526/1544/1527 1857/1882/1857 2456/2504/2457
f 1786/4243/1787 3008/4705/3008 4010/4241/4009
f 4354/4673/4354 4883/6101/4883 1842/5672/1843
f 4342/4655/4342 3476/3612/3476 1251/1260/1249
f 4099/4353/4099 2858/2916/2856 153/154/154
f 1678/1700/1679 2278/5924/2279 795/1701/793
f 2246/5071/2246 3489/3631/3489 4832/5930/4832
f 927/929/928 2446/2494/2447 928/927/926
f 4012/4246/4013 1803/1824/1801 4278/4581/4278
f 1579/1598/1580 2045/2077/2046 2044/2076/2045
f 3404/3524/3403 2861/2920/2860 1915/1941/1914
f 4992/6176/4992 2696/2749/2695 3380/3492/3380
f 216/214/214 3822/4009/3822 2093/2124/2093
f 4485/5003/4484 4484/6274/4485 4938/6110/4938
f 1663/1684/1664 3513/3657/3513 4829/5485/4828
f 2492/2537/2490 4708/5618/4708 2490/2538/2491
f 4809/5427/4809 1722/1744/1721 3731/3910/3732
f 4246/4531/4246 1179/1184/1177 1178/1186/1179
f 2631/2681/2631 2978/3052/2978 3280/3384/3280
f 705/706/706 707/705/705 2481/2529/2482
f 803/5941/802 3935/4150/3936 4309/4618/4309
f 1001/1006/1002 1002/1005/1001 2338/2379/2338
f 4161/4427/4161 791/792/792 1122/1127/1120
f 1148/1156/1149 1158/1166/1159 1149/1155/1148
f 2332/2372/2331 42/40/40 41/42/42
f 4535/4933/4535 84/82/82 4722/5258/4722
f 2666/2718/2666 1330/1343/1329 3761/3946/3761
f 965/966/963 3942/6237/3941 4707/5225/4707
f 1453/1466/1451 3051/3128/3050 2270/5786/2269
f 1453/1466/1451 1452/1468/1453 3051/3128/3050
f 3984/4406/3984 4719/6034/4719 4933/5800/4933
f 3117/3200/3118 4332/4646/4333 4795/5401/4795
f 2150/2183/2151 2149/2182/2150 3195/3286/3195
f 4217/4495/4217 3033/3110/3033 2806/2865/2806
f 970/974/971 1612/1631/1613 4106/4362/4106
f 4877/5633/4877 1595/1614/1596 1758/1779/1756
f 537/535/535 487/488/488 486/487/487
f 2619/2670/2620 835/836/836 2620/2668/2618
f 2552/2598/2550 3549/3695/3549 1374/1389/1375
f 177/178/178 2282/2322/2282 3763/5163/3763
f 4995/6204/4995 4703/5216/4703 1317/1331/1317
f 126/124/124 4703/5215/4703 4995/6119/4995
f 665/664/664 687/688/688 1556/1575/1557
f 2126/2159/2127 4411/4762/4411 2127/2160/2128
f 2940/3010/2939 272/270/270 3316/3420/3316
f 1118/1126/1119 4274/4575/4274 1007/1012/1008
f 4940/5821/4940 4105/4361/4105 1794/1816/1793
f 1290/1304/1291 3264/3369/3265 1970/1998/1971
f 2023/2051/2023 148/148/148 2028/2055/2027
f 1438/1451/1436 1437/1453/1438 4422/5251/4422
f 4867/6275/4867 4270/4567/4270 4227/4571/4226
f 446/447/447 2571/2620/2571 752/5544/753
f 851/852/852 144/142/142 4871/5603/4871
f 1959/1987/1960 652/650/650 243/241/241
f 1409/2810/1409 1665/1686/1665 1407/1685/1405
f 3609/3769/3610 4440/5066/4439 788/789/789
f 1465/1480/1465 903/905/904 3634/3799/3634
f 1465/5305/1465 3634/6262/3634 73/74/74
f 4803/5416/4803 4394/4733/4392 2917/2985/2918
f 2045/2077/2046 2688/2742/2688 2046/2075/2044
f 2825/2885/2825 2824/2882/2822 836/834/834
f 1946/1972/1945 1945/1973/1946 3195/3286/3195
f 4653/5455/4654 1452/6276/1453 877/876/875
f 376/377/377 4542/4940/4542 3285/6012/3286
f 1404/1419/1404 81/79/79 80/81/81
f 1001/1006/1002 1189/1194/1187 473/474/474
f 2002/2030/2002 1136/1144/1137 3928/4141/3928
f 4709/5231/4709 3562/3710/3563 3857/4049/3856
f 962/963/960 3866/4063/3866 2003/2032/2004
f 3110/3190/3108 3997/5854/3998 2430/2473/2428
f 348/349/349 3625/3787/3624 4788/5386/4788
f 2924/2991/2923 4798/5408/4798 4253/4542/4253
f 3036/3114/3037 1918/1945/1918 4769/5351/4769
f 663/6277/661 3421/3544/3422 4875/5624/4875
f 1736/1759/1736 663/661/661 4875/6278/4875
f 3387/3500/3387 3596/3752/3595 6/4/4
f 2169/2203/2170 1370/1385/1371 1372/1384/1370
f 1772/1796/1773 1774/1795/1772 3487/3628/3487
f 1515/1533/1516 2649/2699/2649 1516/1531/1514
f 508/509/509 507/508/508 4982/5998/4982
f 1810/1834/1811 4743/5297/4743 4385/4723/4385
f 4707/5225/4707 3933/4147/3933 972/973/970
f 4039/4276/4039 271/272/272 4434/4847/4433
f 2946/3017/2946 3968/4188/3968 1127/1135/1128
f 3830/4020/3830 4191/4462/4192 2697/2751/2697
f 2898/4838/2896 4472/4837/4472 4100/5380/4101
f 3245/6279/3246 126/124/124 4462/4822/4461
f 36/34/34 2345/2385/2344 4635/5084/4635
f 36/34/34 4635/5084/4635 4444/4801/4444
f 4427/4780/4426 1219/1227/1218 890/892/891
f 730/731/731 4632/5081/4632 3208/3305/3209
f 2538/2585/2537 4199/4473/4199 3185/5210/3185
f 735/736/736 2546/2593/2545 3430/3552/3430
f 1745/1766/1743 3704/3876/3704 4775/6193/4775
f 3372/3482/3371 2702/2756/2701 2701/2757/2702
f 2540/2588/2540 2728/2786/2728 587/588/588
f 639/640/640 1638/1657/1638 640/638/638
f 3616/3779/3616 3919/4131/3920 3920/4130/3919
f 4649/5171/4649 1956/1982/1955 3623/5037/3623
f 2221/2253/2219 4413/4765/4413 2219/2254/2220
f 3707/3880/3708 4487/4859/4487 1184/1192/1185
f 1782/1806/1783 1297/1308/1295 3303/3407/3303
f 2683/2736/2683 3305/3408/3304 127/128/128
f 1652/1672/1653 1664/1683/1663 1121/1129/1122
f 4359/5553/4358 2039/2069/2040 2041/2068/2039
f 2041/2068/2039 3453/3580/3453 4359/5553/4358
f 3946/4162/3946 54/52/52 2404/2448/2403
f 111/109/109 2808/2866/2807 109/110/110
f 3049/3127/3049 2965/3037/2965 678/679/679
f 2020/2049/2021 1947/1974/1947 1512/1530/1513
f 1269/4661/1267 4346/4662/4346 4509/6091/4509
f 2249/2288/2250 2250/2287/2249 4171/4438/4171
f 1279/1289/1278 853/1505/854 734/735/735
f 2750/2806/2748 4675/5166/4675 3348/3459/3348
f 3288/3391/3287 3261/3363/3259 4636/5087/4636
f 3314/3418/3314 2263/2302/2263 1994/2022/1994
f 804/5194/805 4370/4700/4370 4817/6280/4817
f 3198/3290/3199 4710/5232/4710 3199/3288/3197
f 3302/3404/3300 3301/3406/3302 914/3714/915
f 4642/5096/4642 612/610/610 1516/1531/1514
f 1973/2000/1973 591/592/592 4707/5225/4707
f 647/645/645 646/647/647 717/718/718
f 3139/3223/3139 3737/3916/3737 670/671/671
f 4197/4469/4197 1785/1808/1785 2461/2508/2461
f 3198/3290/3199 992/995/992 3435/3558/3435
f 3874/4071/3874 377/375/375 376/377/377
f 2916/2981/2914 4110/4369/4110 3180/3271/3181
f 2726/2780/2724 2157/2190/2158 2158/2189/2157
f 1862/1885/1860 1861/1887/1862 3261/3363/3259
f 3287/3392/3288 1862/1885/1860 3261/3363/3259
f 3727/3905/3727 1555/1571/1553 3531/3677/3532
f 581/582/582 123/121/121 122/123/123
f 2102/2135/2103 3450/5101/3450 2103/2136/2104
f 2809/2869/2810 4366/4691/4366 2324/2365/2325
f 2838/2898/2838 258/259/259 1088/1094/1087
f 332/333/333 2354/2396/2355 2356/2395/2354
f 3710/3882/3710 3709/3881/3709 2431/2476/2431
f 1153/1160/1153 541/542/542 2242/2280/2242
f 1023/1028/1024 4061/4304/4061 3468/3602/3468
f 1803/1824/1801 2886/2947/2885 1801/1825/1802
f 2609/2659/2609 4846/5535/4846 2341/2383/2342
f 4815/5437/4815 308/306/306 3679/3848/3679
f 4815/5437/4815 2565/2614/2565 308/306/306
f 1783/1804/1781 3303/3407/3303 4520/4907/4520
f 1611/1629/1611 3714/3887/3714 1215/1224/1215
f 1788/1809/1786 2626/2676/2626 3425/3547/3425
f 495/494/494 3688/3859/3689 3239/3340/3239
f 2575/2625/2576 4493/4865/4493 4948/5840/4948
f 1927/1955/1928 2136/2168/2136 1928/1954/1927
f 2062/2092/2061 3009/3086/3009 2061/2093/2062
f 4936/6114/4936 4897/5680/4897 3987/4213/3987
f 4373/4708/4373 3283/3387/3283 3083/3164/3084
f 302/302/302 201/199/199 4042/4282/4042
f 3712/3886/3713 3911/4120/3911 3713/3884/3711
f 1672/1693/1672 3376/3485/3374 2425/2468/2423
f 3376/3485/3374 1672/1693/1672 3744/3926/3744
f 1757/1781/1758 4078/4326/4078 2251/2290/2252
f 3463/3593/3464 4136/4396/4134 4135/4398/4136
f 3189/3279/3188 3133/3216/3133 708/708/708
f 4236/4520/4236 2057/2089/2058 82/83/83
f 297/298/298 747/748/748 2485/2531/2484
f 4580/5311/4581 4581/6137/4580 3611/3772/3611
f 3732/3909/3731 2487/2535/2488 834/835/835
f 4471/6156/4471 2853/2914/2854 4611/5049/4612
f 4262/4551/4262 1211/1218/1209 181/179/179
f 4404/6281/4403 4403/6014/4404 4111/4890/4111
f 3249/3352/3249 2800/2857/2798 4492/4864/4492
f 2449/2497/2450 2800/2857/2798 3249/3352/3249
f 498/496/496 3470/3603/3469 4479/4849/4479
f 4209/4485/4209 428/429/429 432/430/430
f 49/50/50 2564/2613/2564 2534/2582/2534
f 2458/2506/2459 4281/4584/4281 2459/2507/2460
f 2955/3027/2956 2104/2134/2102 2103/2136/2104
f 1784/1807/1784 4819/5449/4819 224/225/225
f 1595/1614/1596 1597/1613/1595 1758/1779/1756
f 4431/4785/4431 1227/1237/1228 1597/1613/1595
f 3383/3495/3383 3272/3376/3272 3762/3947/3762
f 582/583/583 1629/1648/1629 4713/5240/4713
f 4552/6148/4552 4076/6282/4076 3122/3203/3121
f 4345/6283/4345 1269/1278/1267 1268/1280/1269
f 1283/1296/1284 4763/5335/4763 2904/5986/2904
f 4980/5984/4980 2904/5986/2904 4763/5335/4763
f 1843/1866/1841 1842/1868/1843 1844/1869/1844
f 2686/2740/2686 193/194/194 3607/3766/3607
f 2635/2685/2635 3165/3254/3166 1990/2017/1990
f 3014/3091/3014 1124/1132/1125 2832/2893/2833
f 4207/4481/4205 476/477/477 4205/4482/4206
f 3456/3584/3456 1577/1593/1575 1576/1595/1577
f 3014/3091/3014 1125/1133/1126 1124/1132/1125
f 1686/1710/1687 481/482/482 483/481/481
f 3880/4078/3880 3479/3618/3480 3367/3476/3365
f 4555/4960/4555 94/95/95 96/94/94
f 2349/2390/2349 2895/2957/2895 701/699/699
f 2849/2909/2849 546/544/544 949/953/950
f 3282/3385/3281 2736/2793/2735 2735/2794/2736
f 3268/3373/3269 3886/4089/3886 4442/4798/4442
f 1177/1185/1178 1179/1184/1177 1574/1591/1573
f 445/446/446 2476/2522/2475 2475/2523/2476
f 1764/1785/1762 4885/5655/4885 1762/1786/1763
f 3641/3805/3639 3640/3807/3641 2451/2496/2449
f 4561/4967/4561 3229/3327/3228 2694/2746/2692
f 4561/4967/4561 4551/6284/4551 3229/3327/3228
f 131/132/132 2096/2128/2096 4186/4457/4187
f 1453/1466/1451 4032/5787/4032 4759/5340/4759
f 406/407/407 4033/4269/4033 3879/4077/3879
f 2989/3064/2989 1236/1246/1237 2774/2833/2774
f 4949/5908/4949 1314/1328/1315 1313/1327/1314
f 485/485/485 484/484/484 2001/2029/2001
f 1551/1570/1552 460/461/461 4617/5058/4617
f 304/305/305 4676/5167/4676 4442/4798/4442
f 606/607/607 4808/5425/4808 2873/2933/2873
f 3044/5235/3044 1513/6076/1511 3481/3620/3481
f 2628/2678/2628 2627/2677/2627 3279/3383/3279
f 46/47/47 944/943/942 3419/3540/3418
f 4387/4725/4387 2181/2212/2179 4298/4605/4298
f 572/573/573 2946/3017/2946 4874/5609/4874
f 2468/6285/2467 2691/2743/2689 3979/4204/3979
f 4501/4878/4500 4297/4906/4297 2849/2909/2849
f 3359/3470/3359 3395/3513/3395 4265/4559/4265
f 3055/3133/3054 1958/1985/1958 1107/1112/1105
f 145/146/146 147/145/145 2378/2419/2376
f 2129/2162/2130 2131/2161/2129 3674/3843/3674
f 2325/2366/2326 2324/2365/2325 1949/1976/1949
f 4853/5558/4852 4852/5559/4853 3872/4068/3871
f 2549/2597/2549 4879/6249/4879 3758/5666/3759
f 2549/2597/2549 2428/2474/2429 4879/6249/4879
f 3158/3246/3158 2081/2113/2082 4448/4804/4447
f 3501/3643/3500 4871/5603/4871 143/144/144
f 435/433/433 806/804/804 1202/1208/1201
f 4959/5892/4959 4268/4562/4266 4300/6286/4300
f 2115/2147/2115 2405/2451/2406 502/503/503
f 2115/2147/2115 502/503/503 2116/2148/2116
f 4354/4673/4354 2499/2547/2500 4883/6101/4883
f 3156/3243/3156 3823/4012/3823 713/714/714
f 2091/2121/2090 2090/2122/2091 2416/2461/2416
f 1476/1492/1477 1475/1491/1476 4731/5278/4731
f 3738/3917/3738 2123/2153/2121 2851/2911/2851
f 3738/3917/3738 646/647/647 2123/2153/2121
f 646/647/647 645/646/646 3983/4208/3983
f 1603/1619/1601 2813/2872/2813 4852/5559/4853
f 2726/2780/2724 941/4501/939 2724/2781/2725
f 4867/6275/4867 2866/2927/2867 4270/4567/4270
f 2090/2122/2091 3016/3094/3017 3018/3093/3016
f 3140/3224/3140 2248/2286/2248 1275/1286/1275
f 2038/2066/2037 4248/4533/4248 4247/4532/4247
f 1877/1903/1878 1879/6287/1880 3664/5701/3665
f 637/637/637 286/284/284 3007/3084/3007
f 4975/5966/4975 30/28/28 2095/2125/2094
f 755/756/756 3256/3359/3255 2842/2901/2841
f 2440/2485/2438 2441/2488/2441 1239/1249/1240
f 3092/3172/3092 3877/4074/3876 3093/3173/3093
f 2411/2454/2409 3152/3240/3153 3105/3185/3105
f 3206/3302/3206 746/747/747 3209/3306/3210
f 1825/1849/1826 2111/2144/2112 2110/2143/2111
f 454/455/455 2768/2827/2768 1475/1491/1476
f 3817/4004/3817 2357/2401/2358 2731/2787/2729
f 748/746/746 297/298/298 4746/5303/4746
f 4730/5277/4730 865/866/866 1139/1147/1140
f 759/757/757 4062/4305/4062 4978/5977/4978
f 2748/2807/2749 2732/2791/2733 4663/5133/4663
f 981/982/979 2422/2465/2420 3433/3555/3433
f 165/166/166 4906/5707/4906 4176/4444/4176
f 2138/2170/2138 3079/3158/3078 3078/3159/3079
f 2584/2635/2585 3250/3353/3250 4144/4409/4144
f 921/923/922 906/908/907 922/921/920
f 2090/2122/2091 3838/4029/3838 3016/3094/3017
f 678/679/679 2965/3037/2965 1216/1225/1216
f 3926/4138/3926 1279/1289/1278 2341/2383/2342
f 4988/6288/4988 4814/5436/4814 994/1217/994
f 4829/5485/4828 3513/3657/3513 4582/4995/4582
f 363/6289/364 365/4318/363 2418/2464/2419
f 2696/2749/2695 252/253/253 4668/5150/4668
f 4888/5660/4888 4444/4801/4444 1742/1763/1740
f 3872/4068/3871 4852/5559/4853 3871/4069/3872
f 2802/3426/2803 4378/5612/4378 3321/3424/3320
f 4149/4415/4150 3525/3670/3526 3851/4044/3851
f 1486/1499/1484 4958/5883/4958 2432/2477/2432
f 3850/4043/3850 815/816/816 2582/2632/2582
f 4993/6104/4993 4853/5558/4852 4590/5011/4590
f 4993/6104/4993 1603/1619/1601 4853/5558/4852
f 4894/5673/4894 1131/1139/1132 4766/5344/4766
f 1533/1550/1532 4673/5159/4673 38/39/39
f 4881/5644/4882 4315/4624/4314 2190/2224/2191
f 3479/3618/3480 3048/3126/3048 165/166/166
f 3045/3122/3045 1668/1688/1667 1511/1529/1512
f 4641/5095/4641 4991/6080/4991 3059/6079/3058
f 3960/4179/3961 2209/2243/2210 2210/2242/2209
f 353/351/351 3551/3696/3550 3550/3697/3551
f 3191/3283/3192 4112/4372/4112 4044/4284/4044
f 2119/2152/2120 2118/2151/2119 892/891/890
f 1305/1318/1305 1563/1581/1563 2674/2727/2674
f 4888/5660/4888 1742/1763/1740 5001/6290/5001
f 2665/2715/2663 2664/2717/2665 4844/5528/4844
f 1050/1057/1050 1906/1932/1906 3913/4123/3913
f 1725/1746/1723 3221/3318/3221 2991/3066/2991
f 3416/3538/3416 4214/4489/4212 4624/5409/4624
f 2175/2209/2176 2838/2898/2838 2272/2311/2271
f 2331/2373/2332 41/42/42 24/22/22
f 1374/1389/1375 4748/5307/4748 4799/5473/4799
f 1047/1054/1048 2376/2420/2377 4460/4821/4460
f 512/513/513 4355/4675/4355 2099/2129/2097
f 953/957/954 1932/1959/1932 954/955/952
f 1585/1603/1585 1137/1145/1138 4786/5383/4786
f 4635/5084/4635 4510/4891/4510 2065/2097/2066
f 4856/5562/4856 1756/1780/1757 1242/1252/1242
f 4150/4413/4148 3009/3086/3009 2551/2600/2552
f 3746/3928/3746 2950/3021/2950 1817/1840/1817
f 2608/2657/2607 3487/3628/3487 977/980/977
f 3200/3291/3200 1683/3901/1684 1682/3292/1683
f 4858/5649/4858 4648/5106/4648 4846/6291/4846
f 1644/1664/1645 4398/5602/4398 4729/6292/4729
f 1644/1664/1645 4729/6292/4729 1645/1665/1646
f 4745/5299/4745 3581/6293/3581 2888/4895/2889
f 4745/5299/4745 2888/4895/2889 2593/2643/2593
f 2569/2616/2567 4014/4247/4014 2501/2548/2501
f 1909/1936/1910 1019/5255/1017 4970/5955/4970
f 1638/1657/1638 4108/4366/4108 1639/1658/1639
f 133/134/134 4003/4236/4004 4203/4477/4203
f 1727/1751/1728 3315/3419/3315 1728/1749/1726
f 2674/2727/2674 480/478/478 4429/4782/4428
f 1177/1185/1178 1574/1591/1573 2921/2987/2920
f 2493/2540/2493 1058/1066/1059 1071/1078/1071
f 1995/2024/1996 2675/2729/2676 2713/2768/2713
f 443/444/444 442/443/443 2986/3061/2986
f 1963/1991/1964 1964/1990/1963 1024/1029/1025
f 3583/3736/3584 3582/3735/3583 2161/2194/2162
f 2852/2912/2852 2205/2239/2206 3906/4114/3906
f 1338/1352/1338 2718/2775/2719 4389/4728/4389
f 4201/4474/4200 558/559/559 1954/1981/1954
f 2529/2574/2527 1476/1492/1477 3818/4005/3818
f 1117/1125/1118 3038/3113/3036 3785/3971/3785
f 1238/1248/1239 684/685/685 1703/1725/1702
f 2011/2040/2012 396/397/397 2532/2581/2533
f 4539/4937/4539 3116/3199/3117 3927/4140/3927
f 43/44/44 45/43/43 2362/2405/2362
f 4546/4945/4546 390/391/391 392/390/390
f 1064/1069/1062 4735/5284/4735 160/158/158
f 2036/2065/2036 4301/4610/4301 2054/2083/2052
f 3063/3141/3062 4640/5093/4640 2470/2516/2469
f 1755/1778/1755 1351/1365/1351 1222/1232/1223
f 1255/1266/1255 2262/2301/2262 3552/3698/3552
f 2262/5243/2262 295/293/293 3552/4539/3552
f 352/353/353 930/932/931 929/931/930
f 2091/2121/2090 4873/5607/4873 2382/2425/2382
f 2844/2904/2844 1771/1792/1769 1770/1794/1771
f 3888/4090/3887 419/417/417 418/419/419
f 1468/1481/1466 4401/5896/4400 3230/3330/3231
f 145/146/146 2537/2586/2538 146/147/147
f 1414/1429/1414 962/963/960 2005/2031/2003
f 3003/3080/3003 4629/5596/4629 476/6160/477
f 1565/1584/1566 1564/1583/1565 637/637/637
f 2248/2286/2248 4798/5408/4798 700/701/701
f 1662/1681/1661 4200/4475/4201 3894/4099/3894
f 165/166/166 3048/3126/3048 166/164/164
f 694/695/695 4169/4435/4168 695/696/696
f 434/4224/435 4402/5115/4402 3148/3234/3149
f 531/5847/531 4225/5222/4225 2292/2333/2293
f 3413/4635/3414 3920/4130/3919 4323/4636/4323
f 4171/4438/4171 3988/4214/3988 4172/4439/4172
f 830/831/831 1235/1245/1236 1132/1137/1130
f 1029/1033/1029 3567/3717/3568 275/276/276
f 2451/2496/2449 3961/4177/3959 2449/2497/2450
f 2183/2217/2184 4573/4983/4573 164/165/165
f 2048/2080/2049 2208/2241/2208 2188/2219/2186
f 993/997/993 4988/6024/4988 994/998/994
f 3844/4035/3844 4467/4831/4467 4418/5771/4419
f 4728/5270/4727 203/204/204 1778/1801/1778
f 439/440/440 3002/3079/3002 4517/5537/4516
f 3001/3077/3001 4733/5282/4733 711/712/712
f 3482/3624/3483 3484/3623/3482 1929/1957/1930
f 95/96/96 1326/1341/1327 1328/1340/1326
f 4632/5081/4632 730/731/731 4981/5996/4981
f 4996/6122/4996 4614/5055/4614 4654/5615/4653
f 4654/5117/4653 2840/5119/2840 4996/6294/4996
f 1206/1215/1207 688/689/689 687/688/688
f 2741/2798/2740 2400/2444/2401 2744/2802/2744
f 2327/2367/2327 187/185/185 186/187/187
f 4359/4678/4358 4358/4679/4359 4002/4235/4003
f 119/120/120 118/119/119 3572/3722/3572
f 2838/2898/2838 983/987/984 4293/4598/4293
f 2838/2898/2838 1088/1094/1087 983/987/984
f 4197/4469/4197 2461/2508/2461 4864/5587/4864
f 5002/6295/5002 4864/5587/4864 2461/2508/2461
f 4757/5585/4756 4864/5587/4864 4756/6296/4757
f 4985/6009/4985 633/5919/633 4789/5393/4790
f 50/51/51 633/633/633 4985/6092/4985
f 4643/5097/4643 1877/1903/1878 1876/1902/1877
f 3981/4206/3981 290/291/291 292/290/290
f 2382/2425/2382 4873/5607/4873 1550/1569/1551
f 896/897/896 4547/4947/4547 155/156/156
f 964/1862/965 1838/1861/1838 3456/3584/3456
f 2583/2633/2583 3689/3858/3688 4848/5543/4848
f 264/265/265 263/264/264 3401/3521/3401
f 3412/3534/3412 2285/6166/2284 2284/5799/2285
f 631/5447/629 3149/3235/3150 2719/4949/2718
f 4481/4853/4481 3899/4107/3900 3901/4106/3899
f 1915/1941/1914 2860/2921/2861 1384/1396/1382
f 4801/6297/4800 4548/4948/4548 4800/5423/4801
f 1034/5994/1035 112/113/113 2285/2324/2284
f 4744/5298/4744 2375/2418/2375 574/572/572
f 3352/3463/3352 4388/4727/4388 2718/2775/2719
f 1553/1572/1554 4693/5193/4693 1554/1573/1555
f 4365/4690/4365 4694/5195/4694 282/5889/283
f 3902/4109/3902 1910/4478/1911 2239/2278/2240
f 1623/1643/1624 4557/4963/4557 3814/4000/3813
f 2208/2241/2208 2506/2554/2507 3119/3201/3119
f 4704/5217/4704 3401/3521/3401 263/264/264
f 2944/3015/2944 4228/4507/4228 776/777/777
f 4971/6061/4971 58/59/59 3141/5745/3142
f 2415/2458/2413 1041/1043/1039 2009/2037/2009
f 4208/4484/4208 3955/4173/3955 4619/5063/4619
f 2770/2828/2769 3624/3788/3625 3625/3787/3624
f 4800/5423/4801 3148/3234/3149 3848/5114/3848
f 4385/4723/4385 390/391/391 3092/3172/3092
f 3418/3541/3419 1763/1787/1764 549/547/547
f 215/216/216 2543/2591/2543 387/388/388
f 2545/2594/2546 1719/1743/1720 2380/2424/2381
f 2238/2277/2239 4775/5365/4775 3704/3875/3704
f 3056/3136/3057 2831/2892/2832 2833/2891/2831
f 4684/5179/4684 24/22/22 3043/3120/3043
f 3343/3451/3344 3345/3450/3343 751/749/749
f 82/83/83 1411/1426/1411 4236/4520/4236
f 4834/5500/4834 716/717/717 4596/5019/4597
f 2846/2907/2847 1072/1080/1073 2847/2908/2848
f 2471/4926/2472 2604/2655/2605 2606/2654/2604
f 3726/3903/3726 3673/3842/3673 2131/2161/2129
f 3778/3964/3778 2702/2756/2701 1707/5978/1707
f 4967/5923/4967 2412/6298/2412 2278/5924/2279
f 2515/2562/2515 3884/4086/3884 3746/3928/3746
f 4498/6299/4498 941/4501/939 3422/3543/3421
f 4641/5095/4641 1155/6300/1156 4991/6080/4991
f 4641/5095/4641 1156/5681/1154 1155/6300/1156
f 2581/2630/2581 1578/1596/1578 2593/2643/2593
f 3373/3484/3373 3721/3894/3719 1834/1858/1835
f 4478/6194/4478 4609/5041/4609 4439/5760/4440
f 1191/1197/1190 1190/1198/1191 1189/1194/1187
f 518/519/519 4004/4234/4002 1292/1305/1292
f 3409/3530/3409 3535/3680/3535 4130/4391/4130
f 4636/5087/4636 3261/3363/3259 4738/5290/4738
f 561/562/562 4904/5700/4904 4615/5057/4616
f 188/189/189 3269/5664/3270 192/191/191
f 4545/4942/4544 4104/4360/4104 3484/6108/3482
f 3579/3731/3579 4101/4354/4100 4100/4355/4101
f 678/679/679 1217/1226/1217 679/680/680
f 4015/4249/4016 4016/4248/4015 2475/2523/2476
f 2135/2167/2135 2191/2225/2192 1281/1293/1281
f 3835/4027/3836 4986/6011/4986 2406/2450/2405
f 4120/4378/4118 4387/4725/4387 4118/4379/4119
f 4387/4725/4387 232/233/233 4118/4379/4119
f 3874/4071/3874 376/377/377 2259/4834/2259
f 2139/2171/2139 1451/1467/1452 1453/1466/1451
f 2342/3744/2340 4768/5349/4768 3926/4809/3926
f 1760/1784/1761 4888/5660/4888 5001/6290/5001
f 1559/1578/1560 4636/5087/4636 4902/5693/4902
f 1468/1481/1466 3232/3329/3230 3692/3863/3692
f 1262/1274/1263 4209/4485/4209 4110/4369/4110
f 4799/5411/4799 1373/5124/1374 1375/6301/1373
f 1154/1162/1155 1156/1161/1154 4906/5707/4906
f 766/766/766 1923/1950/1923 4606/5035/4606
f 2708/2764/2709 3921/4132/3921 3146/3232/3147
f 671/669/669 967/970/967 3612/3774/3613
f 507/508/508 2949/3020/2949 2879/6140/2880
f 4133/4395/4133 3201/3295/3202 3710/3882/3710
f 392/390/390 391/392/392 3948/4165/3948
f 4530/4923/4530 3925/4137/3925 4482/4854/4482
f 4447/4805/4448 1448/4758/1449 1450/5355/1448
f 2481/2529/2482 2483/2528/2481 705/706/706
f 4818/5448/4818 668/668/668 3842/4033/3842
f 3902/4109/3902 133/134/134 1910/4478/1911
f 4159/4424/4159 2399/2443/2400 4248/4533/4248
f 3791/3977/3791 4357/4677/4357 782/783/783
f 334/335/335 3298/3402/3298 335/336/336
f 1775/1799/1776 3868/5145/3868 961/6302/962
f 4594/5015/4594 2931/3000/2932 2757/2817/2758
f 1444/1458/1443 1588/1607/1589 1590/1606/1588
f 484/484/484 4339/4652/4339 1344/1358/1344
f 2039/2069/2040 4027/4263/4027 23/2609/24
f 3410/3531/3410 1236/1246/1237 2989/3064/2989
f 3798/6303/3797 4434/4847/4433 3797/4848/3798
f 660/660/660 658/656/656 657/658/658
f 1637/3727/1635 4450/5508/4450 4837/5507/4837
f 2738/2797/2739 2747/2805/2747 903/905/904
f 3150/3233/3148 2639/2689/2639 564/565/565
f 564/565/565 2639/2689/2639 733/732/732
f 985/989/986 1580/1599/1581 3920/4130/3919
f 4975/5966/4975 28/29/29 30/28/28
f 1477/1490/1475 1476/1492/1477 3334/3439/3334
f 3901/4106/3899 3900/4108/3901 4698/5203/4698
f 4661/5130/4661 561/562/562 4616/5056/4615
f 956/958/955 1974/2001/1974 1964/1990/1963
f 4640/5093/4640 331/332/332 333/331/331
f 2174/2206/2173 3351/3462/3351 2173/2207/2174
f 2199/6005/2199 2905/2972/2906 2200/2577/2200
f 2035/2064/2035 2034/2063/2034 1961/1986/1959
f 2236/2274/2234 2237/2273/2237 3184/5711/3184
f 2041/2068/2039 4637/5089/4637 4970/5955/4970
f 3964/4184/3965 251/249/249 3965/4185/3966
f 1103/1111/1104 4998/6175/4998 4056/4297/4056
f 3507/3649/3505 3506/3651/3507 4099/4353/4099
f 75/73/73 4117/4377/4117 73/74/74
f 1171/1179/1172 696/694/694 3792/3978/3792
f 1294/5858/1294 1293/3245/1293 65/66/66
f 3598/3756/3598 3400/3516/3398 4538/4936/4538
f 2149/2182/2150 4181/4449/4181 3195/3286/3195
f 2539/2587/2539 2735/2794/2736 2540/2588/2540
f 3284/3388/3284 2735/2794/2736 2539/2587/2539
f 3500/3644/3501 2909/2973/2907 2908/2975/2909
f 3433/3555/3433 2395/2438/2395 981/982/979
f 2767/2826/2767 1667/1689/1668 1234/1241/1232
f 397/398/398 1594/1611/1593 596/597/597
f 1865/1891/1866 3249/3352/3249 1866/1892/1867
f 2550/2599/2551 3167/3256/3168 4148/4414/4149
f 3261/3363/3259 3288/3391/3287 3287/3392/3288
f 5002/6304/5002 2461/5462/2461 3205/3301/3205
f 4756/5326/4757 5002/6304/5002 3205/3301/3205
f 5002/6304/5002 4756/5326/4757 4864/6305/4864
f 3798/3983/3797 1271/1282/1271 4433/4788/4434
f 3207/3303/3207 1706/3006/1706 2937/3008/2937
f 2433/2479/2434 3360/3471/3360 1521/1537/1520
f 256/255/255 4698/5203/4698 255/256/256
f 4835/5503/4835 2239/2278/2240 1910/4478/1911
f 2240/2276/2238 2239/2278/2240 4835/5503/4835
f 3620/3784/3621 4541/4939/4541 3621/3783/3620
f 1032/1034/1030 1972/1999/1972 4436/4790/4436
f 1644/1664/1645 2362/2405/2362 3996/4225/3995
f 1425/1438/1423 2940/3010/2939 1423/1439/1424
f 1243/1255/1244 3243/3347/3244 3658/3825/3658
f 2996/3070/2995 986/5023/987 2845/2905/2845
f 4570/4980/4570 2520/2567/2520 2147/2179/2147
f 691/692/692 2784/2844/2785 692/693/693
f 2397/2440/2397 4674/5162/4674 2722/5638/2721
f 4674/5162/4674 2721/6306/2722 2722/5638/2721
f 1093/1099/1092 523/521/521 3378/3489/3378
f 2354/2396/2355 2098/2131/2099 1463/1476/1461
f 4923/5755/4923 4328/4641/4328 463/464/464
f 500/501/501 499/500/500 1441/1456/1441
f 499/500/500 1976/2004/1977 1441/1456/1441
f 330/328/328 4705/5221/4705 328/329/329
f 2123/2153/2121 4499/5122/4499 2121/2154/2122
f 2158/2189/2157 310/311/311 2065/2097/2066
f 1585/1603/1585 4786/5383/4786 2034/2063/2034
f 1834/1858/1835 4044/4284/4044 1835/1856/1833
f 309/310/310 1740/1764/1741 1742/1763/1740
f 2627/2677/2627 563/561/561 562/563/563
f 3679/3848/3679 4105/4361/4105 4940/5821/4940
f 1869/1895/1870 1868/1894/1869 2663/2716/2664
f 4907/5709/4907 4591/5012/4591 910/911/910
f 502/503/503 2405/2451/2406 3991/4217/3991
f 3654/3822/3655 3656/3821/3654 3805/3990/3804
f 1411/1426/1411 3434/3556/3434 4237/4521/4237
f 1753/1775/1752 2608/2657/2607 1214/1223/1214
f 1214/1223/1214 1350/1364/1350 1753/1775/1752
f 4554/4959/4554 1988/2016/1989 4530/4923/4530
f 148/148/148 2476/2522/2475 445/446/446
f 1266/1275/1264 404/402/402 1264/1276/1265
f 4541/4939/4541 4655/6307/4655 3089/3169/3089
f 2123/2153/2121 646/647/647 4425/4778/4424
f 4957/6039/4957 648/648/648 411/412/412
f 5000/6266/5000 4689/5850/4689 2776/2834/2775
f 2384/2428/2385 4689/5185/4689 5000/6308/5000
f 3687/3856/3686 3686/3857/3687 4351/4668/4351
f 3754/3939/3754 824/825/825 826/824/824
f 4348/4665/4349 4374/4709/4374 2343/2384/2343
f 4824/5479/4824 2384/2428/2385 5000/6308/5000
f 3099/3179/3099 4774/5361/4774 544/545/545
f 3954/4171/3954 3636/3800/3635 4605/5034/4605
f 1920/1947/1920 3062/3142/3063 2470/2516/2469
f 3186/3277/3186 4943/5829/4942 416/414/414
f 3065/3145/3066 3064/3144/3065 2094/2127/2095
f 946/948/947 4319/4630/4319 4524/4913/4524
f 2845/2905/2845 4324/5404/4324 798/796/796
f 1483/1497/1482 336/334/334 4608/5038/4608
f 4129/4387/4127 3914/4124/3914 4127/4388/4128
f 4082/4330/4082 4869/5598/4869 4967/5923/4967
f 4134/4397/4135 4136/4396/4134 4865/5588/4865
f 4750/5313/4750 3776/3962/3776 1522/1540/1523
f 330/328/328 4538/4936/4538 3400/3516/3398
f 3773/3958/3773 2422/2465/2420 2075/2106/2075
f 1759/1783/1760 4129/4387/4127 4107/4365/4107
f 3408/3529/3408 4123/4384/4124 4122/4383/4123
f 3557/3705/3558 2849/2909/2849 951/952/949
f 3934/4148/3934 1612/1631/1613 970/974/971
f 3536/3681/3536 4592/5013/4592 4843/5525/4843
f 2270/2309/2269 2269/2310/2270 3635/3801/3636
f 3150/3233/3148 3840/4699/3839 434/4224/435
f 2554/2602/2554 3967/4187/3967 4092/4341/4092
f 1530/1545/1528 1529/1547/1530 4920/5744/4920
f 844/845/845 3681/3849/3680 2926/2994/2926
f 2303/2341/2301 4898/5685/4898 2910/2978/2911
f 4920/5744/4920 288/289/289 1530/1545/1528
f 4770/5356/4770 867/865/865 2567/2617/2568
f 4174/4442/4175 3774/3959/3774 1869/1895/1870
f 1141/1146/1139 3359/3470/3359 4730/5277/4730
f 182/183/183 3080/3160/3080 1080/1085/1078
f 2819/2880/2820 4139/4402/4139 991/994/991
f 4922/5747/4922 1145/1153/1146 1512/1530/1513
f 2932/3001/2933 4718/5248/4717 1367/1379/1365
f 4520/4907/4520 3015/3092/3015 2831/2892/2832
f 2662/2714/2662 3914/4124/3914 3427/3550/3428
f 1703/1725/1702 2440/2485/2438 1239/1249/1240
f 3661/3829/3662 4869/5598/4869 4082/4330/4082
f 4089/4339/4090 3917/4126/3916 3035/3112/3035
f 1391/1405/1391 2878/2941/2879 617/618/618
f 4436/4790/4436 1971/1997/1970 4286/4589/4286
f 3910/4121/3908 3712/3886/3713 1630/1649/1630
f 959/5444/957 4980/5983/4980 4763/6172/4763
f 2639/2689/2639 442/443/443 444/442/442
f 1321/1335/1321 1319/1334/1320 2506/2554/2507
f 2013/2039/2011 2137/2169/2137 2767/2826/2767
f 4857/5569/4857 2417/2462/2417 871/872/872
f 1771/1792/1769 3692/3863/3692 3693/3864/3693
f 1639/1658/1639 2848/2906/2846 1640/1659/1640
f 1960/1988/1961 2036/2065/2036 3535/3680/3535
f 1503/1519/1503 2432/2477/2432 4142/4407/4142
f 1053/1060/1053 270/271/271 272/270/270
f 129/127/127 2683/2736/2683 127/128/128
f 2687/2741/2687 2683/2736/2683 129/127/127
f 3308/3412/3308 3299/3403/3299 4630/5078/4630
f 2923/2992/2924 1984/2009/1982 3143/3225/3141
f 4623/5410/4622 4214/4489/4212 4213/4491/4214
f 386/384/384 3291/3395/3291 3296/3400/3296
f 4615/5057/4616 4904/5700/4904 4722/5258/4722
f 2804/2863/2804 355/356/356 3865/4061/3865
f 1782/1806/1783 3303/3407/3303 1783/1804/1781
f 4216/6042/4216 2289/2330/2290 2826/2886/2826
f 477/475/475 4207/4481/4205 4453/4812/4453
f 2022/2304/2020 2021/6309/2022 2518/2566/2519
f 4850/5552/4850 410/408/408 409/410/410
f 2869/2928/2868 2892/2954/2892 2868/2929/2869
f 2554/2602/2554 4092/4341/4092 4298/4605/4298
f 3684/3851/3682 3486/3627/3486 3682/3852/3683
f 1145/1153/1146 1147/1152/1145 3672/3841/3672
f 4423/4777/4423 4307/4616/4307 4721/5253/4721
f 682/683/683 3193/3284/3193 2255/2294/2256
f 2346/2387/2346 381/382/382 3030/3107/3030
f 1944/1971/1944 1868/1894/1869 2861/2920/2860
f 3510/3655/3511 1608/1627/1609 4412/4764/4412
f 2590/2641/2591 248/247/247 1027/1030/1026
f 3016/3094/3017 3293/3398/3294 4758/5328/4758
f 2537/2586/2538 1533/1550/1532 146/147/147
f 3565/3713/3566 3301/3406/3302 3641/3805/3639
f 808/809/809 1002/1005/1001 472/473/473
f 4135/5861/4136 426/424/424 3464/5646/3462
f 1697/1721/1698 3836/4028/3837 2406/2450/2405
f 3464/5646/3462 426/424/424 4493/4865/4493
f 2964/3035/2963 556/557/557 2968/3040/2968
f 2783/2840/2781 3249/3352/3249 4492/4864/4492
f 2193/2227/2194 265/263/263 1285/1298/1285
f 4779/6310/4779 3829/4018/3829 3743/3924/3743
f 2829/2889/2829 142/143/143 144/142/142
f 1247/1418/1248 1246/6311/1247 81/79/79
f 4487/4859/4487 358/359/359 205/206/206
f 3862/4057/3862 2656/2709/2657 3994/4223/3994
f 2645/5730/2646 1166/1174/1167 1165/1173/1166
f 4142/4407/4142 4958/5883/4958 2653/2703/2653
f 1660/1678/1658 4769/5351/4769 2787/2847/2788
f 973/977/974 3103/3181/3101 1575/1594/1576
f 4691/5189/4691 4152/4417/4152 2115/2147/2115
f 3456/3584/3456 1576/1595/1577 4196/4468/4196
f 4133/4395/4133 3202/3293/3201 3201/3295/3202
f 4550/6088/4550 81/79/79 1246/6311/1247
f 1240/1247/1238 3638/3804/3638 4057/4298/4057
f 3967/4187/3967 1522/1540/1523 1524/1539/1522
f 2883/2946/2884 4149/4415/4150 3851/4044/3851
f 2994/3068/2993 4074/4321/4075 4075/4320/4074
f 3560/6312/3559 3558/3704/3557 3557/3705/3558
f 3560/3706/3559 3559/3707/3560 3558/6313/3557
f 1598/1617/1599 3667/3835/3667 3846/4039/3846
f 1549/1567/1549 4676/5167/4676 1207/1214/1206
f 4859/5574/4859 374/372/372 4384/4722/4384
f 4956/5873/4956 2901/2964/2902 52/53/53
f 4627/5074/4627 4918/5737/4918 3731/3910/3732
f 3407/3526/3405 3406/3528/3407 1231/4159/1229
f 1717/1741/1718 4961/5900/4961 1718/1739/1716
f 305/4186/303 3885/5824/3885 2654/2706/2654
f 968/972/969 3227/3326/3227 969/971/968
f 1457/5791/1455 2910/2978/2911 4898/5685/4898
f 2140/3597/2140 829/3596/827 2141/6314/2141
f 3361/3472/3361 287/288/288 2268/2306/2266
f 3361/3472/3361 288/289/289 287/288/288
f 2975/3050/2976 687/688/688 4892/5669/4892
f 4766/5344/4766 1131/1139/1132 2335/4558/2336
f 3005/6315/3005 3245/3349/3246 231/6129/229
f 3005/6315/3005 3246/3350/3247 3245/3349/3246
f 4214/4489/4212 3041/3116/3039 3040/3118/3041
f 4372/4706/4372 4733/5282/4733 3001/3077/3001
f 561/562/562 3843/4034/3843 4904/5700/4904
f 185/186/186 708/708/708 186/187/187
f 1106/1114/1107 4337/4650/4337 3054/3134/3055
f 3247/3348/3245 2660/2711/2659 3245/3349/3246
f 24/22/22 2202/2236/2203 2331/2373/2332
f 1834/1858/1835 3721/3894/3719 4044/4284/4044
f 3094/3175/3095 4009/4242/4010 4776/5366/4776
f 1872/1898/1873 3833/4024/3833 2291/2332/2292
f 5001/6290/5001 1742/1763/1740 1741/1765/1742
f 2096/2128/2096 1693/1714/1691 4186/4457/4187
f 377/375/375 2561/2610/2561 375/376/376
f 1697/1721/1698 4376/4712/4376 3836/4028/3837
f 4442/4798/4442 1549/1567/1549 3577/3729/3577
f 1979/2007/1980 220/221/221 3324/3429/3324
f 4752/5315/4751 1538/1557/1539 4026/4261/4026
f 112/113/113 114/112/112 2284/2325/2285
f 2237/2273/2237 4666/5575/4666 494/495/495
f 975/976/973 974/978/975 4987/6316/4987
f 3907/4116/3907 1040/1045/1041 3599/3758/3600
f 1592/1609/1591 3308/3412/3308 1591/1610/1592
f 3308/3412/3308 4036/4273/4036 1591/1610/1592
f 1044/1051/1045 4512/4893/4512 2791/3519/2791
f 3161/3249/3161 1413/1427/1412 2794/2853/2794
f 864/862/862 4316/4626/4316 3543/3688/3542
f 3548/3694/3548 1379/1394/1380 1381/1393/1379
f 3357/6317/3357 1252/1263/1252 2164/5905/2164
f 4340/4653/4340 3971/4193/3971 567/568/568
f 1351/1365/1351 1887/1913/1888 1625/1644/1625
f 1818/1842/1819 3173/3261/3173 4683/5176/4681
f 1249/1261/1250 1244/1256/1245 2941/3013/2942
f 3510/3655/3511 4412/4764/4412 3610/3767/3608
f 3203/3298/3204 3493/3634/3492 2725/6075/2726
f 271/272/272 270/271/271 4434/4847/4433
f 1523/1541/1524 3776/3962/3776 4312/4621/4311
f 4103/5631/4103 4545/4942/4544 367/2784/368
f 736/734/734 3430/3552/3430 4223/4502/4223
f 168/169/169 255/256/256 2561/2610/2561
f 612/610/610 4522/4911/4522 1516/1531/1514
f 1238/1248/1239 1703/1725/1702 1239/1249/1240
f 3838/4029/3838 3294/3397/3293 3016/3094/3017
f 4288/4591/4288 3469/3604/3470 4289/4592/4289
f 2029/2057/2029 4128/4389/4129 1258/1267/1256
f 2862/2923/2863 4937/5810/4937 3631/3794/3631
f 892/891/890 2651/2702/2652 2652/2701/2651
f 470/6318/471 4232/5346/4232 4947/6185/4947
f 3862/4057/3862 3896/4101/3896 4115/4374/4114
f 921/923/922 920/922/921 520/518/518
f 298/296/296 934/935/934 296/297/297
f 3822/4009/3822 215/216/216 1329/1344/1330
f 1380/1395/1381 1379/1394/1380 4307/4616/4307
f 2086/2118/2087 4813/5435/4813 3838/4029/3838
f 1838/1861/1838 973/977/974 1575/1594/1576
f 1310/1324/1311 4684/5179/4684 4359/4678/4358
f 1741/1765/1742 1760/1784/1761 5001/6290/5001
f 3245/3349/3246 4021/6240/4021 126/6319/124
f 4084/4776/4084 22/23/23 3070/4560/3070
f 1102/1110/1103 3839/4031/3840 1103/1111/1104
f 2644/2692/2642 2643/2694/2644 4000/4232/4000
f 1389/1403/1389 257/258/258 3725/3902/3725
f 3867/4064/3867 2209/2243/2210 3960/4179/3961
f 2964/3035/2963 3598/3756/3598 4538/4936/4538
f 2570/2619/2570 2089/2120/2089 2091/2121/2090
